sample_idx,hit_count,hit_ratio,rmse_hit,angle_mean_deg_hit,cos_mean_hit
0,210,0.1025390625,0.14414465427398682,32.12199020385742,0.8052248954772949
1,192,0.09375,0.15264464914798737,32.34391784667969,0.8053157329559326
2,205,0.10009765625,0.14539390802383423,32.46211242675781,0.7990553975105286
3,234,0.1142578125,0.15819798409938812,30.983474731445312,0.8163959383964539
4,259,0.12646484375,0.18724730610847473,33.456809997558594,0.7864831686019897
5,302,0.1474609375,0.16943596303462982,33.06214904785156,0.7833894491195679
6,349,0.17041015625,0.15297651290893555,32.21834182739258,0.789846658706665
7,331,0.16162109375,0.1492495834827423,32.65010070800781,0.7873079776763916
8,352,0.171875,0.15241174399852753,34.20738983154297,0.7712984681129456
9,356,0.173828125,0.1611046940088272,33.46621322631836,0.7773648500442505
10,392,0.19140625,0.16587384045124054,33.893863677978516,0.7693414688110352
11,457,0.22314453125,0.18502794206142426,35.08273696899414,0.7540456056594849
12,399,0.19482421875,0.18062059581279755,36.54580307006836,0.7443148493766785
13,426,0.2080078125,0.18472221493721008,37.1076774597168,0.736436128616333
14,534,0.2607421875,0.18232208490371704,38.37107849121094,0.7271289825439453
15,655,0.31982421875,0.20303106307983398,42.51304626464844,0.6787838339805603
16,640,0.3125,0.20685292780399323,42.5976676940918,0.678663432598114
17,586,0.2861328125,0.17281511425971985,35.3843994140625,0.7525795102119446
18,547,0.26708984375,0.157912477850914,33.18324661254883,0.7792683243751526
19,536,0.26171875,0.15414847433567047,32.698631286621094,0.7870883345603943
20,470,0.2294921875,0.16933368146419525,34.802486419677734,0.7646555304527283
21,498,0.2431640625,0.17925386130809784,40.741355895996094,0.705843448638916
22,503,0.24560546875,0.17915433645248413,41.66035461425781,0.6967159509658813
23,515,0.25146484375,0.19539442658424377,42.328617095947266,0.6890908479690552
24,544,0.265625,0.19569337368011475,43.46595001220703,0.6719469428062439
25,524,0.255859375,0.1837870478630066,42.34770202636719,0.6894145607948303
26,610,0.2978515625,0.17311252653598785,42.446720123291016,0.6854007840156555
27,600,0.29296875,0.19472762942314148,43.38104248046875,0.6729318499565125
28,759,0.37060546875,0.16749544441699982,43.72660827636719,0.6689174771308899
29,871,0.42529296875,0.1819152534008026,45.72120666503906,0.6430935859680176
30,793,0.38720703125,0.18507255613803864,43.14310836791992,0.6764095425605774
31,721,0.35205078125,0.1785433143377304,42.70454406738281,0.67762291431427
32,680,0.33203125,0.17270825803279877,41.361053466796875,0.6980486512184143
33,568,0.27734375,0.17311301827430725,39.06636047363281,0.728452742099762
34,593,0.28955078125,0.19570155441761017,38.77653503417969,0.7315391302108765
35,636,0.310546875,0.17567585408687592,40.87543869018555,0.7080466747283936
36,561,0.27392578125,0.1756746619939804,40.428070068359375,0.7160366773605347
37,599,0.29248046875,0.17233434319496155,41.25996017456055,0.7047865986824036
38,571,0.27880859375,0.1605585813522339,39.44933319091797,0.7239426970481873
39,664,0.32421875,0.1800728440284729,43.404266357421875,0.6818097233772278
40,475,0.23193359375,0.13137303292751312,32.17138671875,0.7998220324516296
41,415,0.20263671875,0.1337522268295288,29.398921966552734,0.8300548195838928
42,387,0.18896484375,0.1412539929151535,32.91014862060547,0.7904750108718872
43,370,0.1806640625,0.1385246217250824,30.78676414489746,0.8138623833656311
44,368,0.1796875,0.14401565492153168,30.88369369506836,0.8114776015281677
45,411,0.20068359375,0.12939345836639404,29.48746681213379,0.8302660584449768
46,386,0.1884765625,0.1184539720416069,31.512632369995117,0.8114795684814453
47,374,0.1826171875,0.13626033067703247,30.011526107788086,0.8245893716812134
48,365,0.17822265625,0.13648779690265656,30.904603958129883,0.8149434924125671
49,363,0.17724609375,0.15073135495185852,33.97405242919922,0.7842854261398315
50,374,0.1826171875,0.1658238023519516,34.541168212890625,0.7832391858100891
51,352,0.171875,0.18508560955524445,35.40153503417969,0.7735683917999268
52,375,0.18310546875,0.15020626783370972,33.79723358154297,0.7882639169692993
53,406,0.1982421875,0.1343427300453186,33.61072540283203,0.7872796058654785
54,506,0.2470703125,0.12995979189872742,34.24781036376953,0.7782580256462097
55,525,0.25634765625,0.13354942202568054,34.10324478149414,0.7749172449111938
56,521,0.25439453125,0.1528804898262024,33.957759857177734,0.7772449254989624
57,697,0.34033203125,0.17492076754570007,39.97693634033203,0.6984068751335144
58,507,0.24755859375,0.13616886734962463,33.18348693847656,0.7903517484664917
59,581,0.28369140625,0.13006427884101868,35.53706359863281,0.7573890089988708
60,560,0.2734375,0.21332305669784546,40.351600646972656,0.694203794002533
61,664,0.32421875,0.14677338302135468,39.48554229736328,0.7011308073997498
62,694,0.3388671875,0.1800423562526703,41.889060974121094,0.6746838092803955
63,722,0.3525390625,0.16094070672988892,42.778778076171875,0.6610736846923828
64,590,0.2880859375,0.13743874430656433,38.20950698852539,0.7303220629692078
65,587,0.28662109375,0.13617105782032013,35.71894454956055,0.7519223690032959
66,511,0.24951171875,0.17526187002658844,35.60881805419922,0.7556238174438477
67,495,0.24169921875,0.16427868604660034,35.86707305908203,0.757262647151947
68,525,0.25634765625,0.17431879043579102,37.809688568115234,0.7354258298873901
69,515,0.25146484375,0.16648171842098236,36.01146697998047,0.75552898645401
70,577,0.28173828125,0.1460186392068863,36.63047790527344,0.7480525970458984
71,488,0.23828125,0.14847765862941742,31.726726531982422,0.803946316242218
72,411,0.20068359375,0.15472066402435303,30.59640884399414,0.8172665238380432
73,374,0.1826171875,0.14336490631103516,28.78268051147461,0.834989607334137
74,377,0.18408203125,0.13344994187355042,26.955249786376953,0.8532212972640991
75,338,0.1650390625,0.1373736411333084,26.767797470092773,0.8555089235305786
76,355,0.17333984375,0.14442721009254456,27.460737228393555,0.8487572073936462
77,357,0.17431640625,0.1309911161661148,27.45261573791504,0.8480716943740845
78,382,0.1865234375,0.1276167929172516,30.394424438476562,0.8165797591209412
79,374,0.1826171875,0.1177719309926033,29.669795989990234,0.8243485689163208
80,112,0.0546875,0.16336241364479065,35.20090103149414,0.7781749963760376
81,120,0.05859375,0.1731896847486496,34.92359161376953,0.7878204584121704
82,126,0.0615234375,0.17186151444911957,36.778099060058594,0.7635238170623779
83,121,0.05908203125,0.16988904774188995,35.55183792114258,0.7810111045837402
84,124,0.060546875,0.1691214144229889,37.04045104980469,0.7549458742141724
85,123,0.06005859375,0.1633405238389969,38.04376983642578,0.7457059621810913
86,119,0.05810546875,0.1649380475282669,36.034324645996094,0.7723276615142822
87,120,0.05859375,0.1696568727493286,38.380367279052734,0.7479047775268555
88,103,0.05029296875,0.1642441749572754,37.22942352294922,0.761244535446167
89,103,0.05029296875,0.16860327124595642,37.930416107177734,0.7524353861808777
90,95,0.04638671875,0.15597589313983917,36.72276306152344,0.7695170640945435
91,101,0.04931640625,0.15606410801410675,35.514835357666016,0.7768390774726868
92,102,0.0498046875,0.15350522100925446,35.338871002197266,0.7778695225715637
93,104,0.05078125,0.15520703792572021,34.83051300048828,0.7825121283531189
94,98,0.0478515625,0.16205264627933502,34.31734848022461,0.7906000018119812
95,92,0.044921875,0.15335997939109802,33.67695236206055,0.7914327383041382
96,89,0.04345703125,0.14488659799098969,36.6105842590332,0.7623398900032043
97,88,0.04296875,0.14632458984851837,37.144775390625,0.7649931311607361
98,99,0.04833984375,0.1506255567073822,37.24422073364258,0.7664779424667358
99,102,0.0498046875,0.1590828001499176,37.23650360107422,0.7611791491508484
100,97,0.04736328125,0.15821239352226257,39.10978698730469,0.735887885093689
101,95,0.04638671875,0.15106050670146942,36.602638244628906,0.7681806683540344
102,102,0.0498046875,0.15364740788936615,36.3123664855957,0.7676420211791992
103,105,0.05126953125,0.15962523221969604,35.151451110839844,0.7817466855049133
104,115,0.05615234375,0.16784338653087616,35.37493133544922,0.7736719250679016
105,102,0.0498046875,0.15852214395999908,36.19515609741211,0.77129727602005
106,109,0.05322265625,0.16338951885700226,37.20314025878906,0.762299656867981
107,104,0.05078125,0.1675267368555069,37.281715393066406,0.7577669620513916
108,105,0.05126953125,0.1721179187297821,36.74481964111328,0.7597447633743286
109,120,0.05859375,0.1702744960784912,39.03763961791992,0.7319602966308594
110,108,0.052734375,0.17360907793045044,36.24103546142578,0.7681189179420471
111,102,0.0498046875,0.15576231479644775,35.311500549316406,0.7819305062294006
112,99,0.04833984375,0.17369316518306732,35.509063720703125,0.7765535116195679
113,96,0.046875,0.18061834573745728,34.94182205200195,0.7787959575653076
114,89,0.04345703125,0.1711483895778656,34.864967346191406,0.7813554406166077
115,107,0.05224609375,0.18551918864250183,35.38663101196289,0.7783576846122742
116,99,0.04833984375,0.19600287079811096,37.43659973144531,0.7563635110855103
117,85,0.04150390625,0.19922001659870148,35.945220947265625,0.7637754678726196
118,82,0.0400390625,0.2037481963634491,35.04690933227539,0.7677178978919983
119,109,0.05322265625,0.19024676084518433,38.15312194824219,0.7482259273529053
120,45,0.02197265625,0.14295046031475067,38.69192886352539,0.7432113885879517
121,54,0.0263671875,0.12239459902048111,40.829925537109375,0.7226356267929077
122,57,0.02783203125,0.13322310149669647,41.590370178222656,0.7123512625694275
123,65,0.03173828125,0.13058458268642426,42.134727478027344,0.7008369565010071
124,54,0.0263671875,0.12432974576950073,40.87718963623047,0.7155261635780334
125,47,0.02294921875,0.1313692033290863,39.112064361572266,0.7474594712257385
126,41,0.02001953125,0.14281654357910156,37.01927947998047,0.764672040939331
127,41,0.02001953125,0.14541222155094147,40.809326171875,0.7228758931159973
128,31,0.01513671875,0.14720526337623596,37.78986740112305,0.7557380199432373
129,30,0.0146484375,0.16000080108642578,32.49201965332031,0.8069171905517578
130,28,0.013671875,0.1787671446800232,31.114240646362305,0.8293056488037109
131,23,0.01123046875,0.1833079606294632,33.23143768310547,0.8001357316970825
132,23,0.01123046875,0.1821674406528473,31.867033004760742,0.8004798293113708
133,30,0.0146484375,0.16626720130443573,31.716135025024414,0.8153320550918579
134,36,0.017578125,0.16421914100646973,32.3922233581543,0.7978073954582214
135,36,0.017578125,0.16458344459533691,32.8952751159668,0.7963230609893799
136,43,0.02099609375,0.1889391541481018,35.16030502319336,0.7695868015289307
137,48,0.0234375,0.1565711498260498,33.469425201416016,0.7859470248222351
138,42,0.0205078125,0.17069663107395172,34.520729064941406,0.7740024328231812
139,46,0.0224609375,0.15594059228897095,34.966861724853516,0.7707229256629944
140,33,0.01611328125,0.15885818004608154,33.900779724121094,0.7714342474937439
141,27,0.01318359375,0.1460828334093094,33.140281677246094,0.7771644592285156
142,30,0.0146484375,0.16040045022964478,32.97652816772461,0.7975174784660339
143,36,0.017578125,0.15094205737113953,36.12480545043945,0.7600225210189819
144,23,0.01123046875,0.17850752174854279,37.001976013183594,0.740766704082489
145,23,0.01123046875,0.19024382531642914,35.917911529541016,0.7595227360725403
146,29,0.01416015625,0.21287615597248077,36.8953971862793,0.7436483502388
147,33,0.01611328125,0.19127023220062256,40.79742431640625,0.7038366198539734
148,34,0.0166015625,0.18360473215579987,36.440895080566406,0.7585694193840027
149,37,0.01806640625,0.17492017149925232,35.42955017089844,0.7681350111961365
150,40,0.01953125,0.18537397682666779,35.08247756958008,0.771391749382019
151,45,0.02197265625,0.1936255693435669,34.77596664428711,0.7802535891532898
152,30,0.0146484375,0.21101772785186768,35.0517578125,0.7653367519378662
153,30,0.0146484375,0.216603621840477,39.2520751953125,0.7326173186302185
154,27,0.01318359375,0.21501877903938293,37.6823844909668,0.7620134949684143
155,22,0.0107421875,0.2114255279302597,41.051334381103516,0.7028297781944275
156,32,0.015625,0.20521804690361023,35.536705017089844,0.7657468914985657
157,23,0.01123046875,0.21036948263645172,35.92045593261719,0.7591186761856079
158,34,0.0166015625,0.20250669121742249,37.85432434082031,0.7322349548339844
159,40,0.01953125,0.19454367458820343,39.874420166015625,0.7169498801231384
160,171,0.08349609375,0.1441299468278885,38.226768493652344,0.7441718578338623
161,184,0.08984375,0.124754399061203,34.36705017089844,0.7849913835525513
162,178,0.0869140625,0.1315428912639618,35.5102424621582,0.7727866768836975
163,191,0.09326171875,0.12529100477695465,35.92335891723633,0.7669959664344788
164,201,0.09814453125,0.12090448290109634,34.200557708740234,0.7841452360153198
165,219,0.10693359375,0.1400921493768692,38.31595230102539,0.7379112839698792
166,210,0.1025390625,0.12349192053079605,33.655147552490234,0.785598874092102
167,216,0.10546875,0.12871231138706207,33.078609466552734,0.7903952598571777
168,208,0.1015625,0.12178336083889008,32.43488693237305,0.7989379167556763
169,211,0.10302734375,0.1323632299900055,32.40397644042969,0.7996755242347717
170,233,0.11376953125,0.1465073525905609,33.811649322509766,0.7840796709060669
171,206,0.1005859375,0.12403271347284317,30.58527183532715,0.8226325511932373
172,187,0.09130859375,0.1312272548675537,31.97513771057129,0.8091781735420227
173,176,0.0859375,0.13728010654449463,30.76909828186035,0.8248269557952881
174,174,0.0849609375,0.13805513083934784,31.93556022644043,0.8096596598625183
175,179,0.08740234375,0.1312827169895172,31.02579116821289,0.8130467534065247
176,180,0.087890625,0.13189972937107086,30.829296112060547,0.8161032199859619
177,208,0.1015625,0.12536446750164032,32.40116500854492,0.7975947260856628
178,193,0.09423828125,0.12688376009464264,31.569765090942383,0.8101586103439331
179,196,0.095703125,0.13394513726234436,32.59772872924805,0.79836505651474
180,208,0.1015625,0.1318185180425644,32.744205474853516,0.7943562865257263
181,206,0.1005859375,0.13914108276367188,31.67236328125,0.8056936264038086
182,221,0.10791015625,0.1380208283662796,32.306968688964844,0.8001734018325806
183,209,0.10205078125,0.14790432155132294,31.71234703063965,0.8043960332870483
184,197,0.09619140625,0.13670668005943298,30.165719985961914,0.8214642405509949
185,215,0.10498046875,0.12116215378046036,31.51757049560547,0.8089120984077454
186,195,0.09521484375,0.12961548566818237,31.310497283935547,0.8125458359718323
187,194,0.0947265625,0.14599768817424774,32.08357238769531,0.8080121874809265
188,187,0.09130859375,0.13245421648025513,30.527803421020508,0.8212041854858398
189,183,0.08935546875,0.1217869222164154,29.845319747924805,0.8260126709938049
190,185,0.09033203125,0.12641920149326324,31.695579528808594,0.805407702922821
191,196,0.095703125,0.1270754337310791,30.173152923583984,0.8235571980476379
192,192,0.09375,0.12098138779401779,29.053878784179688,0.8325472474098206
193,192,0.09375,0.12924666702747345,28.93257713317871,0.8345407843589783
194,186,0.0908203125,0.1431119590997696,30.688066482543945,0.8162950873374939
195,193,0.09423828125,0.14380057156085968,29.56862449645996,0.8299314379692078
196,209,0.10205078125,0.13408426940441132,30.0511417388916,0.826876699924469
197,200,0.09765625,0.13820117712020874,30.207773208618164,0.8240525722503662
198,182,0.0888671875,0.1415724754333496,29.969898223876953,0.8290760517120361
199,196,0.095703125,0.1476985514163971,31.24859046936035,0.8133140206336975
200,148,0.072265625,0.13701216876506805,37.73332214355469,0.7416995167732239
201,155,0.07568359375,0.139464870095253,37.03586959838867,0.7462692856788635
202,156,0.076171875,0.1390211135149002,36.09990310668945,0.7589204907417297
203,162,0.0791015625,0.13388274610042572,34.13508224487305,0.7776467204093933
204,163,0.07958984375,0.13538281619548798,35.93400573730469,0.7608727812767029
205,167,0.08154296875,0.13803699612617493,36.323211669921875,0.7551692128181458
206,156,0.076171875,0.1412997841835022,36.02768325805664,0.7614502310752869
207,176,0.0859375,0.13447125256061554,34.967926025390625,0.7735682129859924
208,177,0.08642578125,0.13895852863788605,34.49839401245117,0.7810657024383545
209,181,0.08837890625,0.1399940401315689,32.868324279785156,0.8002318739891052
210,179,0.08740234375,0.14267563819885254,34.9084587097168,0.7701715230941772
211,182,0.0888671875,0.14737941324710846,35.08536911010742,0.7689805030822754
212,197,0.09619140625,0.14212851226329803,34.552337646484375,0.7846115827560425
213,196,0.095703125,0.13892363011837006,35.95216369628906,0.7687809467315674
214,197,0.09619140625,0.1437116116285324,35.08393096923828,0.7792304158210754
215,216,0.10546875,0.14141713082790375,36.09386444091797,0.7631815671920776
216,227,0.11083984375,0.13711097836494446,35.372833251953125,0.7727756500244141
217,232,0.11328125,0.1375557780265808,34.84882354736328,0.782774806022644
218,235,0.11474609375,0.13318943977355957,35.150001525878906,0.7752054929733276
219,259,0.12646484375,0.13218997418880463,33.74838638305664,0.7942293882369995
220,274,0.1337890625,0.13130567967891693,33.19819641113281,0.7983326315879822
221,298,0.1455078125,0.13998208940029144,33.53470993041992,0.7884204983711243
222,306,0.1494140625,0.1432039737701416,33.532737731933594,0.7850781679153442
223,278,0.1357421875,0.12711136043071747,33.65718078613281,0.7894859313964844
224,286,0.1396484375,0.13050204515457153,31.584684371948242,0.810174286365509
225,310,0.1513671875,0.13481083512306213,32.94358825683594,0.7913835048675537
226,307,0.14990234375,0.12829963862895966,32.881317138671875,0.7925270795822144
227,271,0.13232421875,0.13830788433551788,31.705196380615234,0.8137263655662537
228,256,0.125,0.1268150508403778,31.78561019897461,0.8054503798484802
229,244,0.119140625,0.12077034264802933,31.469926834106445,0.8130683302879333
230,227,0.11083984375,0.1204574853181839,32.910919189453125,0.797983705997467
231,219,0.10693359375,0.12061411887407303,32.9674186706543,0.7988187074661255
232,232,0.11328125,0.1233060210943222,32.28632736206055,0.8029683828353882
233,259,0.12646484375,0.1323564052581787,31.4310302734375,0.8069112300872803
234,236,0.115234375,0.12239379435777664,30.780826568603516,0.8202145099639893
235,209,0.10205078125,0.1191612035036087,30.68182945251465,0.8183397650718689
236,208,0.1015625,0.12802225351333618,31.871774673461914,0.8073133230209351
237,214,0.1044921875,0.12457720190286636,31.246593475341797,0.8181329369544983
238,193,0.09423828125,0.1215072050690651,35.79739761352539,0.758281409740448
239,202,0.0986328125,0.12551018595695496,31.877180099487305,0.8087387681007385
240,64,0.03125,0.15199014544487,22.750757217407227,0.8906190991401672
241,69,0.03369140625,0.15218962728977203,24.13953399658203,0.872120201587677
242,60,0.029296875,0.15213051438331604,22.928979873657227,0.8822550177574158
243,59,0.02880859375,0.16073091328144073,22.98063087463379,0.8929925560951233
244,60,0.029296875,0.15099208056926727,22.804798126220703,0.889980137348175
245,68,0.033203125,0.14938360452651978,22.987478256225586,0.8844442963600159
246,75,0.03662109375,0.14739596843719482,24.626718521118164,0.8720344305038452
247,83,0.04052734375,0.1486303061246872,27.806310653686523,0.8485611081123352
248,76,0.037109375,0.15390315651893616,26.642501831054688,0.8600530028343201
249,80,0.0390625,0.14999282360076904,28.294330596923828,0.8448663949966431
250,79,0.03857421875,0.1506223976612091,26.053966522216797,0.8571143746376038
251,72,0.03515625,0.1489471048116684,25.943479537963867,0.8510855436325073
252,78,0.0380859375,0.1722763627767563,26.12473487854004,0.8489691615104675
253,77,0.03759765625,0.15463988482952118,27.181339263916016,0.8361960053443909
254,81,0.03955078125,0.15724612772464752,28.32395362854004,0.8353026509284973
255,77,0.03759765625,0.16034440696239471,26.58313751220703,0.8446299433708191
256,72,0.03515625,0.16341787576675415,27.211063385009766,0.844084620475769
257,79,0.03857421875,0.15425258874893188,27.236446380615234,0.8502620458602905
258,74,0.0361328125,0.15701301395893097,25.2440185546875,0.8633965849876404
259,74,0.0361328125,0.15559673309326172,26.90105628967285,0.8408377170562744
260,68,0.033203125,0.15657618641853333,24.597415924072266,0.86328125
261,74,0.0361328125,0.15353348851203918,26.440658569335938,0.845287024974823
262,78,0.0380859375,0.16576232016086578,25.85027313232422,0.851503312587738
263,70,0.0341796875,0.1824682354927063,25.834924697875977,0.8557071089744568
264,61,0.02978515625,0.16191504895687103,25.804725646972656,0.8616257905960083
265,69,0.03369140625,0.15606454014778137,26.21064567565918,0.8541367650032043
266,66,0.0322265625,0.1612052023410797,25.873369216918945,0.8670951128005981
267,74,0.0361328125,0.1551276594400406,26.35622787475586,0.8606433272361755
268,74,0.0361328125,0.1647384613752365,26.645612716674805,0.8590685725212097
269,70,0.0341796875,0.158316507935524,27.661672592163086,0.8450829386711121
270,74,0.0361328125,0.15976186096668243,26.328777313232422,0.854441225528717
271,76,0.037109375,0.16490846872329712,27.093936920166016,0.8530759215354919
272,84,0.041015625,0.16720329225063324,31.90951919555664,0.8016501069068909
273,82,0.0400390625,0.15628868341445923,27.124338150024414,0.8501914143562317
274,79,0.03857421875,0.16885758936405182,26.44801902770996,0.8575056791305542
275,77,0.03759765625,0.15958362817764282,27.811288833618164,0.8383420705795288
276,79,0.03857421875,0.1740395575761795,30.068918228149414,0.8293667435646057
277,71,0.03466796875,0.16572575271129608,27.849863052368164,0.8467453718185425
278,69,0.03369140625,0.16772255301475525,26.832487106323242,0.8601942658424377
279,72,0.03515625,0.17524591088294983,27.65076446533203,0.8501771688461304
280,159,0.07763671875,0.20366252958774567,30.642406463623047,0.8266378045082092
281,164,0.080078125,0.19173404574394226,30.80718231201172,0.8225341439247131
282,160,0.078125,0.20091520249843597,31.302921295166016,0.8180239796638489
283,166,0.0810546875,0.2036648690700531,31.178340911865234,0.8171632885932922
284,165,0.08056640625,0.19194044172763824,31.94662857055664,0.8064558506011963
285,173,0.08447265625,0.20297707617282867,30.732316970825195,0.8256455659866333
286,183,0.08935546875,0.20318330824375153,31.065752029418945,0.8216222524642944
287,180,0.087890625,0.19674934446811676,30.184171676635742,0.8299426436424255
288,177,0.08642578125,0.1986096054315567,30.92457389831543,0.8217914700508118
289,180,0.087890625,0.1990557610988617,29.7300968170166,0.8381873965263367
290,186,0.0908203125,0.18846359848976135,29.062725067138672,0.8442438840866089
291,204,0.099609375,0.1902731955051422,31.283157348632812,0.8181390166282654
292,199,0.09716796875,0.1795646995306015,29.67892837524414,0.8353739976882935
293,187,0.09130859375,0.1744198501110077,30.440387725830078,0.8289142847061157
294,184,0.08984375,0.17636005580425262,29.56020164489746,0.8349664211273193
295,187,0.09130859375,0.18133939802646637,29.497934341430664,0.8388671875
296,180,0.087890625,0.16816499829292297,29.37687110900879,0.8396161198616028
297,187,0.09130859375,0.1457294523715973,30.27867889404297,0.8263484239578247
298,183,0.08935546875,0.15212932229042053,31.919963836669922,0.8079217076301575
299,182,0.0888671875,0.14841505885124207,30.90635108947754,0.8178135752677917
300,182,0.0888671875,0.14801721274852753,32.25125503540039,0.8046217560768127
301,190,0.0927734375,0.14374056458473206,32.341915130615234,0.8026504516601562
302,205,0.10009765625,0.14425094425678253,32.168846130371094,0.8042595982551575
303,201,0.09814453125,0.14030013978481293,32.59149932861328,0.7973155379295349
304,208,0.1015625,0.14881283044815063,31.227304458618164,0.8165768384933472
305,218,0.1064453125,0.14614686369895935,32.65122985839844,0.7987962365150452
306,218,0.1064453125,0.14354316890239716,31.981992721557617,0.8073469400405884
307,225,0.10986328125,0.15194036066532135,32.428226470947266,0.7973220348358154
308,214,0.1044921875,0.1352957785129547,31.524860382080078,0.8117300868034363
309,228,0.111328125,0.14491385221481323,31.69803237915039,0.8059147000312805
310,238,0.1162109375,0.15675783157348633,31.259946823120117,0.8111292719841003
311,247,0.12060546875,0.1585398018360138,34.460880279541016,0.7740349769592285
312,233,0.11376953125,0.1463070511817932,31.269912719726562,0.8142576217651367
313,230,0.1123046875,0.14722199738025665,31.062667846679688,0.8139500617980957
314,251,0.12255859375,0.15877725183963776,34.67771911621094,0.7733066082000732
315,235,0.11474609375,0.14874151349067688,31.58315658569336,0.8112443685531616
316,246,0.1201171875,0.19052894413471222,32.775577545166016,0.8006150722503662
317,243,0.11865234375,0.15404261648654938,31.82834243774414,0.8065400123596191
318,257,0.12548828125,0.18216261267662048,31.534879684448242,0.8115375638008118
319,260,0.126953125,0.1949595957994461,32.156917572021484,0.8015688061714172
320,117,0.05712890625,0.15683774650096893,34.45509338378906,0.7860543131828308
321,126,0.0615234375,0.14205794036388397,31.80569076538086,0.8096868395805359
322,125,0.06103515625,0.15403303503990173,33.35857391357422,0.7941440343856812
323,122,0.0595703125,0.14800120890140533,32.83639144897461,0.795139729976654
324,126,0.0615234375,0.1466541886329651,31.358415603637695,0.815574586391449
325,128,0.0625,0.14485423266887665,31.516511917114258,0.8066315054893494
326,133,0.06494140625,0.14431823790073395,32.691280364990234,0.7946144342422485
327,139,0.06787109375,0.14291249215602875,33.1192512512207,0.7878084182739258
328,139,0.06787109375,0.14592714607715607,33.12861633300781,0.7921682596206665
329,148,0.072265625,0.16244404017925262,34.668128967285156,0.7729892730712891
330,146,0.0712890625,0.15228259563446045,34.288124084472656,0.7765451669692993
331,143,0.06982421875,0.14820878207683563,33.428890228271484,0.7863040566444397
332,131,0.06396484375,0.14363133907318115,31.931535720825195,0.8088957667350769
333,127,0.06201171875,0.1371838003396988,31.34718132019043,0.8149866461753845
334,128,0.0625,0.13533517718315125,31.331666946411133,0.8125522136688232
335,117,0.05712890625,0.12491890788078308,31.03131103515625,0.8200142979621887
336,119,0.05810546875,0.12997891008853912,32.95040512084961,0.7987688779830933
337,109,0.05322265625,0.1252979040145874,31.04110336303711,0.8195352554321289
338,108,0.052734375,0.1326492726802826,31.621713638305664,0.8077534437179565
339,128,0.0625,0.13344736397266388,31.683542251586914,0.8054814338684082
340,127,0.06201171875,0.12970739603042603,31.271018981933594,0.8098586797714233
341,128,0.0625,0.1377916783094406,31.36484146118164,0.8072912096977234
342,120,0.05859375,0.12719114124774933,30.571523666381836,0.8230085968971252
343,126,0.0615234375,0.1269729882478714,31.010339736938477,0.8163759112358093
344,136,0.06640625,0.13411088287830353,31.217788696289062,0.8118661046028137
345,144,0.0703125,0.13988514244556427,32.45826721191406,0.8021243810653687
346,138,0.0673828125,0.1343688815832138,29.370452880859375,0.8353362679481506
347,126,0.0615234375,0.1290925145149231,29.331790924072266,0.8358075618743896
348,142,0.0693359375,0.14154528081417084,32.563655853271484,0.7929209470748901
349,124,0.060546875,0.1213323324918747,31.63754653930664,0.8117935657501221
350,122,0.0595703125,0.12796638906002045,32.067359924316406,0.8078743815422058
351,108,0.052734375,0.1267797201871872,31.138057708740234,0.8147321343421936
352,112,0.0546875,0.13343945145606995,31.686534881591797,0.8064283728599548
353,118,0.0576171875,0.14233332872390747,33.22246551513672,0.7886469960212708
354,113,0.05517578125,0.15014123916625977,31.80455207824707,0.8092490434646606
355,106,0.0517578125,0.13552099466323853,31.499788284301758,0.8136972188949585
356,108,0.052734375,0.14613690972328186,32.824424743652344,0.798583984375
357,109,0.05322265625,0.14201901853084564,36.04191970825195,0.763451874256134
358,118,0.0576171875,0.1444876492023468,36.712825775146484,0.7600060105323792
359,114,0.0556640625,0.14409005641937256,36.72073745727539,0.7664958238601685
360,260,0.126953125,0.1298307627439499,30.554067611694336,0.8060598969459534
361,254,0.1240234375,0.12904061377048492,31.20783233642578,0.8018677234649658
362,229,0.11181640625,0.12929458916187286,30.90532875061035,0.8048037886619568
363,242,0.1181640625,0.13215316832065582,28.57695960998535,0.8334723711013794
364,247,0.12060546875,0.1369716376066208,29.96452522277832,0.819966733455658
365,219,0.10693359375,0.16203245520591736,30.34105682373047,0.8229491114616394
366,206,0.1005859375,0.13682903349399567,28.75057029724121,0.8320785164833069
367,204,0.099609375,0.1301565021276474,30.829919815063477,0.8103334307670593
368,228,0.111328125,0.12050504982471466,29.147464752197266,0.8278108835220337
369,239,0.11669921875,0.1260918229818344,31.46053695678711,0.8018826246261597
370,239,0.11669921875,0.12587350606918335,31.40708351135254,0.7979603409767151
371,253,0.12353515625,0.14372172951698303,29.29706382751465,0.8219614028930664
372,230,0.1123046875,0.14799292385578156,30.98177719116211,0.8051761984825134
373,285,0.13916015625,0.21597571671009064,30.77481460571289,0.8046019077301025
374,303,0.14794921875,0.20567232370376587,32.65872573852539,0.7802271246910095
375,289,0.14111328125,0.18566906452178955,30.9962158203125,0.8040217757225037
376,270,0.1318359375,0.14728130400180817,29.843582153320312,0.818507194519043
377,236,0.115234375,0.12961825728416443,30.603219985961914,0.8145151138305664
378,225,0.10986328125,0.1254327893257141,31.123695373535156,0.8129749894142151
379,239,0.11669921875,0.12734408676624298,31.573326110839844,0.8076892495155334
380,260,0.126953125,0.13565094769001007,30.46144676208496,0.8176625967025757
381,254,0.1240234375,0.12758232653141022,31.552650451660156,0.8079714775085449
382,246,0.1201171875,0.12880289554595947,32.380340576171875,0.8037049174308777
383,263,0.12841796875,0.12986497581005096,30.353715896606445,0.820073127746582
384,266,0.1298828125,0.12392035871744156,29.7632999420166,0.8249984383583069
385,261,0.12744140625,0.1287670135498047,29.868547439575195,0.8234847187995911
386,292,0.142578125,0.14640212059020996,30.819135665893555,0.8118121027946472
387,243,0.11865234375,0.12169381976127625,35.2036018371582,0.7771696448326111
388,265,0.12939453125,0.12949292361736298,32.91758728027344,0.7957756519317627
389,291,0.14208984375,0.13838358223438263,33.29888153076172,0.7868015766143799
390,309,0.15087890625,0.14186562597751617,32.2104377746582,0.7973323464393616
391,335,0.16357421875,0.16895630955696106,30.938276290893555,0.8087934255599976
392,344,0.16796875,0.1599474400281906,32.22062683105469,0.7923715114593506
393,315,0.15380859375,0.1585766077041626,31.652006149291992,0.8022353053092957
394,316,0.154296875,0.1474485844373703,30.863262176513672,0.8062552809715271
395,268,0.130859375,0.14448565244674683,31.13109588623047,0.8045828342437744
396,270,0.1318359375,0.1414821445941925,30.919458389282227,0.8110869526863098
397,353,0.17236328125,0.1923196017742157,31.900423049926758,0.7968700528144836
398,320,0.15625,0.17747138440608978,31.443653106689453,0.8042629957199097
399,279,0.13623046875,0.15410874783992767,32.42167663574219,0.7980989217758179
400,1495,0.72998046875,0.1691719889640808,62.341773986816406,0.42968297004699707
401,694,0.3388671875,0.16332341730594635,41.14065933227539,0.7014828324317932
402,551,0.26904296875,0.1349090337753296,46.681671142578125,0.6409518718719482
403,762,0.3720703125,0.1812625229358673,50.05949783325195,0.5963550209999084
404,705,0.34423828125,0.13503997027873993,44.91972732543945,0.6630309224128723
405,622,0.3037109375,0.14648620784282684,48.53963851928711,0.6188410520553589
406,687,0.33544921875,0.11816380172967911,46.14984893798828,0.641167402267456
407,606,0.2958984375,0.10449299216270447,45.960845947265625,0.6404053568840027
408,1581,0.77197265625,0.11477953940629959,45.142738342285156,0.6522656679153442
409,1702,0.8310546875,0.1261691153049469,52.67441940307617,0.5647999048233032
410,685,0.33447265625,0.1113985925912857,49.560630798339844,0.5912454128265381
411,663,0.32373046875,0.12267078459262848,49.020103454589844,0.599952220916748
412,651,0.31787109375,0.13090963661670685,43.606937408447266,0.6658732295036316
413,654,0.3193359375,0.14220711588859558,45.671112060546875,0.6383638978004456
414,1412,0.689453125,0.10829687863588333,54.633995056152344,0.5357120633125305
415,598,0.2919921875,0.11853374540805817,46.42945098876953,0.6328767538070679
416,576,0.28125,0.11844360828399658,46.65122985839844,0.6342644691467285
417,647,0.31591796875,0.10680808126926422,45.61260986328125,0.6444460153579712
418,1403,0.68505859375,0.10924537479877472,62.170684814453125,0.4357077479362488
419,620,0.302734375,0.10339698195457458,45.559391021728516,0.6406341791152954
420,653,0.31884765625,0.10028344392776489,43.633419036865234,0.6597193479537964
421,570,0.2783203125,0.12341899424791336,42.082767486572266,0.673164963722229
422,1492,0.728515625,0.10087675601243973,45.028934478759766,0.656669020652771
423,959,0.46826171875,0.13048234581947327,47.09104537963867,0.6311479806900024
424,909,0.44384765625,0.142085462808609,44.074562072753906,0.6666017770767212
425,1010,0.4931640625,0.13597694039344788,39.75162887573242,0.7166345119476318
426,1421,0.69384765625,0.11270254105329514,36.831573486328125,0.7390931248664856
427,1287,0.62841796875,0.09943275898694992,38.86899185180664,0.7210105657577515
428,923,0.45068359375,0.1409974992275238,37.87055587768555,0.7301917672157288
429,923,0.45068359375,0.13775181770324707,37.23313903808594,0.7380191087722778
430,1032,0.50390625,0.15890651941299438,44.02505111694336,0.6732297539710999
431,752,0.3671875,0.15840280055999756,35.74761199951172,0.7516570687294006
432,1042,0.5087890625,0.14653198421001434,36.237945556640625,0.742312490940094
433,1541,0.75244140625,0.10602996498346329,40.32100296020508,0.6892728209495544
434,615,0.30029296875,0.1345599889755249,36.59648513793945,0.7270948886871338
435,691,0.33740234375,0.15180552005767822,36.733543395996094,0.7367973327636719
436,670,0.3271484375,0.14799778163433075,36.98397445678711,0.7287951707839966
437,1282,0.6259765625,0.09761764854192734,35.48014831542969,0.7454805970191956
438,605,0.29541015625,0.13005945086479187,36.82501220703125,0.7289970517158508
439,544,0.265625,0.14561060070991516,38.174415588378906,0.7236363887786865
440,97,0.04736328125,0.1263090819120407,37.00930404663086,0.7445216178894043
441,97,0.04736328125,0.12127837538719177,34.93398666381836,0.7713921666145325
442,101,0.04931640625,0.1261182576417923,37.88204574584961,0.7344358563423157
443,99,0.04833984375,0.11221343278884888,36.73582458496094,0.7455580830574036
444,108,0.052734375,0.13397637009620667,35.74245071411133,0.7650566101074219
445,112,0.0546875,0.13426737487316132,36.070987701416016,0.7587185502052307
446,124,0.060546875,0.14236781001091003,37.21389389038086,0.7353970408439636
447,105,0.05126953125,0.1343221217393875,36.32437515258789,0.7549368143081665
448,112,0.0546875,0.14441674947738647,35.587223052978516,0.76164311170578
449,123,0.06005859375,0.14493444561958313,36.220001220703125,0.7515788078308105
450,101,0.04931640625,0.14343930780887604,34.01558303833008,0.7871326208114624
451,105,0.05126953125,0.14160464704036713,35.152488708496094,0.7733466029167175
452,106,0.0517578125,0.12966212630271912,34.31442642211914,0.7810561060905457
453,98,0.0478515625,0.12628279626369476,35.57188034057617,0.7683510184288025
454,93,0.04541015625,0.1107930988073349,34.64131546020508,0.783606231212616
455,93,0.04541015625,0.11031101644039154,37.38957595825195,0.7498427629470825
456,81,0.03955078125,0.1209922581911087,36.317996978759766,0.7735546231269836
457,76,0.037109375,0.13566900789737701,38.49883270263672,0.7493059635162354
458,74,0.0361328125,0.14369383454322815,38.854591369628906,0.7447423934936523
459,73,0.03564453125,0.1277451068162918,38.13548278808594,0.7553500533103943
460,85,0.04150390625,0.11398813128471375,36.37023162841797,0.7719255089759827
461,86,0.0419921875,0.1194380670785904,38.18775177001953,0.7390871047973633
462,75,0.03662109375,0.12602171301841736,36.40391159057617,0.7614182829856873
463,83,0.04052734375,0.13336588442325592,38.8676872253418,0.7358101606369019
464,89,0.04345703125,0.1218319907784462,37.63706588745117,0.7461845874786377
465,84,0.041015625,0.1357807219028473,37.04289627075195,0.7523953318595886
466,87,0.04248046875,0.12013845890760422,37.07184982299805,0.7481380701065063
467,85,0.04150390625,0.11803648620843887,34.3388786315918,0.7752445936203003
468,91,0.04443359375,0.12038787454366684,35.97500991821289,0.7526347637176514
469,99,0.04833984375,0.14556704461574554,35.7990837097168,0.755822479724884
470,90,0.0439453125,0.12384039163589478,36.196250915527344,0.7572391033172607
471,80,0.0390625,0.11480702459812164,38.29853820800781,0.733245849609375
472,85,0.04150390625,0.12073260545730591,35.47886276245117,0.7700781226158142
473,85,0.04150390625,0.11674275994300842,36.30911636352539,0.7551909685134888
474,88,0.04296875,0.10992690175771713,35.74907684326172,0.7657771706581116
475,78,0.0380859375,0.1201314777135849,37.35639572143555,0.7426324486732483
476,70,0.0341796875,0.10776868462562561,38.089271545410156,0.7505283355712891
477,82,0.0400390625,0.10468588024377823,37.89849853515625,0.7487167716026306
478,77,0.03759765625,0.1255379021167755,36.84751510620117,0.7541017532348633
479,76,0.037109375,0.1357511579990387,39.277706146240234,0.7222667336463928
480,46,0.0224609375,0.27870434522628784,38.39531707763672,0.7382161617279053
481,50,0.0244140625,0.27185213565826416,35.623924255371094,0.7723556756973267
482,29,0.01416015625,0.2795921564102173,32.850101470947266,0.8093405365943909
483,37,0.01806640625,0.2873181402683258,36.01040267944336,0.7828273773193359
484,31,0.01513671875,0.28668728470802307,34.49855422973633,0.7931458353996277
485,31,0.01513671875,0.30033037066459656,36.208770751953125,0.7679648995399475
486,33,0.01611328125,0.31429049372673035,37.39764404296875,0.7470399737358093
487,37,0.01806640625,0.3073946535587311,33.565608978271484,0.804881751537323
488,28,0.013671875,0.3393082022666931,30.3869571685791,0.8337241411209106
489,33,0.01611328125,0.3311443030834198,36.65409851074219,0.7690093517303467
490,32,0.015625,0.3311457335948944,37.23893356323242,0.7579411864280701
491,20,0.009765625,0.24858032166957855,28.011093139648438,0.865039050579071
492,16,0.0078125,0.28279244899749756,32.835330963134766,0.8129104375839233
493,21,0.01025390625,0.26578280329704285,29.951637268066406,0.8514705896377563
494,25,0.01220703125,0.3138411343097687,33.587711334228516,0.7917328476905823
495,28,0.013671875,0.2742002308368683,31.121280670166016,0.824690043926239
496,29,0.01416015625,0.26680833101272583,31.88680076599121,0.8229677677154541
497,37,0.01806640625,0.23149394989013672,33.352394104003906,0.8082118630409241
498,48,0.0234375,0.21888411045074463,33.27071762084961,0.8027295470237732
499,53,0.02587890625,0.20256251096725464,34.01966857910156,0.7879406809806824
500,59,0.02880859375,0.1920650750398636,34.75684356689453,0.7883286476135254
501,55,0.02685546875,0.20574738085269928,37.05668640136719,0.7554923295974731
502,50,0.0244140625,0.21282799541950226,34.34833526611328,0.7910613417625427
503,51,0.02490234375,0.20403464138507843,35.158180236816406,0.7807264924049377
504,48,0.0234375,0.17734181880950928,34.25362777709961,0.7902204394340515
505,55,0.02685546875,0.18390482664108276,33.619468688964844,0.7941903471946716
506,64,0.03125,0.18840499222278595,34.18328094482422,0.7908324003219604
507,39,0.01904296875,0.2221526950597763,30.97303581237793,0.8251948952674866
508,34,0.0166015625,0.19983983039855957,34.208099365234375,0.7973982095718384
509,40,0.01953125,0.24372318387031555,30.711267471313477,0.8271415829658508
510,48,0.0234375,0.24654331803321838,30.995668411254883,0.8186460137367249
511,42,0.0205078125,0.27006739377975464,32.56812286376953,0.8058815002441406
512,43,0.02099609375,0.26206058263778687,33.082881927490234,0.8046897053718567
513,44,0.021484375,0.26446881890296936,36.427860260009766,0.7771921753883362
514,52,0.025390625,0.2384650856256485,35.643314361572266,0.7749074697494507
515,54,0.0263671875,0.2253117710351944,36.222801208496094,0.7725558876991272
516,52,0.025390625,0.21753737330436707,33.638668060302734,0.8056288361549377
517,48,0.0234375,0.2214915007352829,33.22187423706055,0.8098025918006897
518,63,0.03076171875,0.18731769919395447,33.32194137573242,0.8062530159950256
519,57,0.02783203125,0.16868801414966583,38.22307586669922,0.7469522356987
520,395,0.19287109375,0.15355031192302704,37.041343688964844,0.7482550144195557
521,484,0.236328125,0.1848047822713852,38.73493194580078,0.7248436808586121
522,409,0.19970703125,0.1609366089105606,38.40525817871094,0.7292181849479675
523,377,0.18408203125,0.14881320297718048,37.608028411865234,0.7349089980125427
524,393,0.19189453125,0.1571582704782486,38.26128005981445,0.7289913892745972
525,407,0.19873046875,0.1813606172800064,37.47554397583008,0.7417952418327332
526,410,0.2001953125,0.17825473845005035,38.301395416259766,0.7288572788238525
527,421,0.20556640625,0.1802443414926529,37.982120513916016,0.7321427464485168
528,415,0.20263671875,0.17046236991882324,37.11005783081055,0.741870105266571
529,445,0.21728515625,0.18548166751861572,36.513084411621094,0.7478236556053162
530,444,0.216796875,0.18734517693519592,36.37727737426758,0.7509909272193909
531,457,0.22314453125,0.19376197457313538,35.863346099853516,0.7520692944526672
532,493,0.24072265625,0.22583413124084473,39.42168045043945,0.7138758897781372
533,422,0.2060546875,0.17065605521202087,36.183250427246094,0.7489022612571716
534,345,0.16845703125,0.13127638399600983,33.04487609863281,0.7840399146080017
535,297,0.14501953125,0.11793152242898941,31.34823226928711,0.8017107248306274
536,295,0.14404296875,0.12429056316614151,32.2446403503418,0.7927966117858887
537,274,0.1337890625,0.11145681142807007,30.48486328125,0.812157154083252
538,259,0.12646484375,0.10947807133197784,30.73606300354004,0.8084411025047302
539,246,0.1201171875,0.1060873419046402,31.150917053222656,0.8105254173278809
540,240,0.1171875,0.11839132755994797,29.428783416748047,0.8219983577728271
541,231,0.11279296875,0.11416123062372208,30.767332077026367,0.8123064637184143
542,213,0.10400390625,0.11864567548036575,31.06988525390625,0.8089314699172974
543,204,0.099609375,0.12168450653553009,31.083166122436523,0.8042833209037781
544,169,0.08251953125,0.1205693930387497,29.851606369018555,0.8205088973045349
545,165,0.08056640625,0.12595216929912567,31.76554298400879,0.7998076677322388
546,152,0.07421875,0.13322612643241882,31.406875610351562,0.8055346012115479
547,142,0.0693359375,0.13493244349956512,33.70381164550781,0.7831661701202393
548,130,0.0634765625,0.13020558655261993,32.651058197021484,0.7970191240310669
549,129,0.06298828125,0.13583607971668243,31.97347068786621,0.8057639598846436
550,140,0.068359375,0.13926798105239868,32.533992767333984,0.8009812235832214
551,133,0.06494140625,0.13885211944580078,33.749656677246094,0.7925418019294739
552,162,0.0791015625,0.1369817703962326,32.160888671875,0.8047066330909729
553,157,0.07666015625,0.14083713293075562,33.630149841308594,0.7914833426475525
554,161,0.07861328125,0.12408391386270523,32.9590950012207,0.7919170260429382
555,169,0.08251953125,0.12263040244579315,32.775054931640625,0.7934807538986206
556,174,0.0849609375,0.13261014223098755,33.88855743408203,0.7789081335067749
557,176,0.0859375,0.11865406483411789,31.7802791595459,0.8035302758216858
558,183,0.08935546875,0.11978060752153397,32.9095458984375,0.7941268086433411
559,198,0.0966796875,0.11963395774364471,32.718299865722656,0.7951900362968445
560,150,0.0732421875,0.14668484032154083,31.173057556152344,0.819464921951294
561,137,0.06689453125,0.13494133949279785,30.02452850341797,0.8285309672355652
562,139,0.06787109375,0.13863803446292877,32.656070709228516,0.7984884977340698
563,136,0.06640625,0.13604459166526794,31.32837677001953,0.8160770535469055
564,130,0.0634765625,0.12852120399475098,32.313716888427734,0.8041993379592896
565,130,0.0634765625,0.12916994094848633,32.89830780029297,0.7954759001731873
566,135,0.06591796875,0.13037700951099396,33.262882232666016,0.7908686399459839
567,127,0.06201171875,0.13130401074886322,32.86766052246094,0.7960852384567261
568,124,0.060546875,0.12426267564296722,30.704341888427734,0.8183364272117615
569,118,0.0576171875,0.13414542376995087,31.07949447631836,0.8188092708587646
570,135,0.06591796875,0.1411367505788803,33.15428161621094,0.7950106859207153
571,113,0.05517578125,0.1298123598098755,30.44048500061035,0.8255402445793152
572,114,0.0556640625,0.12668810784816742,33.013633728027344,0.7924473881721497
573,115,0.05615234375,0.12620466947555542,30.902420043945312,0.8208229541778564
574,116,0.056640625,0.127693772315979,31.59640884399414,0.8114064335823059
575,122,0.0595703125,0.1277126520872116,31.167028427124023,0.8195025324821472
576,117,0.05712890625,0.13257074356079102,30.68992042541504,0.8240575790405273
577,117,0.05712890625,0.13283789157867432,31.512657165527344,0.8094214200973511
578,120,0.05859375,0.13615263998508453,31.838518142700195,0.8074789047241211
579,123,0.06005859375,0.1391708254814148,31.619657516479492,0.8126932978630066
580,113,0.05517578125,0.13636045157909393,31.20062828063965,0.8162333965301514
581,114,0.0556640625,0.1521376520395279,32.04366683959961,0.8024907112121582
582,111,0.05419921875,0.135130375623703,31.035907745361328,0.8158667087554932
583,105,0.05126953125,0.13270039856433868,31.00045394897461,0.822533369064331
584,104,0.05078125,0.149220272898674,32.154701232910156,0.8041667938232422
585,98,0.0478515625,0.14370155334472656,29.299266815185547,0.8396395444869995
586,87,0.04248046875,0.15759339928627014,30.27885627746582,0.8312005400657654
587,96,0.046875,0.15904265642166138,33.04099655151367,0.8004999756813049
588,102,0.0498046875,0.15372295677661896,30.773534774780273,0.8223804235458374
589,94,0.0458984375,0.1522541493177414,31.063840866088867,0.8274902105331421
590,110,0.0537109375,0.15859581530094147,30.394939422607422,0.8208431601524353
591,109,0.05322265625,0.15750162303447723,30.0950870513916,0.8290003538131714
592,107,0.05224609375,0.1419869363307953,30.255685806274414,0.8260513544082642
593,105,0.05126953125,0.1614965796470642,30.840499877929688,0.8179323673248291
594,117,0.05712890625,0.16344092786312103,32.63652801513672,0.8016611933708191
595,110,0.0537109375,0.18183134496212006,32.09649658203125,0.8036496043205261
596,121,0.05908203125,0.16612502932548523,32.35803985595703,0.7997217178344727
597,128,0.0625,0.17111822962760925,34.931941986083984,0.7736800909042358
598,177,0.08642578125,0.20268282294273376,35.630699157714844,0.7624083161354065
599,191,0.09326171875,0.19691719114780426,36.3961296081543,0.7539748549461365
600,155,0.07568359375,0.1370345503091812,29.205652236938477,0.833794355392456
601,158,0.0771484375,0.13344280421733856,29.689428329467773,0.8281269073486328
602,150,0.0732421875,0.13431614637374878,28.11441993713379,0.8454033136367798
603,143,0.06982421875,0.14354391396045685,28.783519744873047,0.8434935808181763
604,138,0.0673828125,0.13887165486812592,28.84313201904297,0.8414346575737
605,139,0.06787109375,0.15436942875385284,29.77712631225586,0.8364077806472778
606,126,0.0615234375,0.1455884575843811,29.346200942993164,0.8409163355827332
607,134,0.0654296875,0.1393701285123825,30.535484313964844,0.829738438129425
608,139,0.06787109375,0.1344091147184372,29.80365753173828,0.8366007208824158
609,129,0.06298828125,0.12742310762405396,31.082677841186523,0.8222970962524414
610,139,0.06787109375,0.1280846893787384,30.94569969177246,0.8240849375724792
611,134,0.0654296875,0.13989727199077606,31.2642765045166,0.8264546394348145
612,132,0.064453125,0.14285647869110107,30.423221588134766,0.828065037727356
613,133,0.06494140625,0.13568492233753204,31.619434356689453,0.8182335495948792
614,136,0.06640625,0.1284782737493515,29.296215057373047,0.838814377784729
615,135,0.06591796875,0.13015584647655487,29.640609741210938,0.8361526727676392
616,133,0.06494140625,0.1292429119348526,30.177152633666992,0.829494833946228
617,142,0.0693359375,0.12017254531383514,31.651580810546875,0.8130917549133301
618,138,0.0673828125,0.13311943411827087,30.709787368774414,0.8251016736030579
619,135,0.06591796875,0.14645938575267792,31.370912551879883,0.8172623515129089
620,142,0.0693359375,0.1445004642009735,31.494915008544922,0.8181697130203247
621,141,0.06884765625,0.1397237628698349,30.24970245361328,0.8323971033096313
622,139,0.06787109375,0.14065425097942352,31.863656997680664,0.8121572732925415
623,142,0.0693359375,0.13584667444229126,32.19891357421875,0.8110025525093079
624,135,0.06591796875,0.13863228261470795,32.15583038330078,0.8092731237411499
625,155,0.07568359375,0.14593636989593506,33.874332427978516,0.7906109094619751
626,146,0.0712890625,0.1458026021718979,31.2020206451416,0.8232190608978271
627,151,0.07373046875,0.135403111577034,32.27904510498047,0.8097731471061707
628,161,0.07861328125,0.1277724951505661,34.54540252685547,0.7895827293395996
629,151,0.07373046875,0.11882027238607407,34.00129318237305,0.7949694991111755
630,155,0.07568359375,0.1296977698802948,33.56296920776367,0.7981735467910767
631,146,0.0712890625,0.12131176143884659,33.56336212158203,0.7978898286819458
632,151,0.07373046875,0.12066947668790817,33.401058197021484,0.8017510771751404
633,148,0.072265625,0.11719240993261337,34.103878021240234,0.7926871180534363
634,160,0.078125,0.12291405349969864,34.773704528808594,0.7873294353485107
635,165,0.08056640625,0.11900892108678818,34.46749496459961,0.7863390445709229
636,159,0.07763671875,0.12792924046516418,33.78622055053711,0.7894388437271118
637,142,0.0693359375,0.13925588130950928,33.23845672607422,0.7979402542114258
638,157,0.07666015625,0.139947310090065,33.688053131103516,0.7917307615280151
639,162,0.0791015625,0.1344965100288391,33.610164642333984,0.7919821739196777
640,467,0.22802734375,0.12447845935821533,37.36294937133789,0.7364775538444519
641,505,0.24658203125,0.11308556795120239,36.56713104248047,0.7372714877128601
642,562,0.2744140625,0.11924944072961807,36.962791442871094,0.7309846878051758
643,633,0.30908203125,0.11576702445745468,38.1895637512207,0.718876838684082
644,1086,0.5302734375,0.10213334113359451,49.16020584106445,0.6029481887817383
645,925,0.45166015625,0.09504791349172592,48.04747009277344,0.6185804009437561
646,1362,0.6650390625,0.14657756686210632,54.7816047668457,0.5328666567802429
647,300,0.146484375,0.1638660430908203,45.215579986572266,0.6606519222259521
648,980,0.478515625,0.14584065973758698,45.748565673828125,0.6504342555999756
649,689,0.33642578125,0.12419837713241577,41.7718620300293,0.6903442144393921
650,854,0.4169921875,0.1322898119688034,46.14256286621094,0.6352007985115051
651,819,0.39990234375,0.1281888633966446,42.12631607055664,0.6774270534515381
652,687,0.33544921875,0.12402045726776123,41.662940979003906,0.6835798621177673
653,693,0.33837890625,0.13406336307525635,41.222965240478516,0.6884540915489197
654,619,0.30224609375,0.16520528495311737,41.251304626464844,0.6987773776054382
655,623,0.30419921875,0.16542059183120728,40.70054626464844,0.699489176273346
656,602,0.2939453125,0.15022170543670654,41.30912399291992,0.6861714124679565
657,507,0.24755859375,0.1308770477771759,39.26824188232422,0.7248266339302063
658,542,0.2646484375,0.11350814998149872,39.1380615234375,0.7196834683418274
659,517,0.25244140625,0.12080955505371094,38.68407440185547,0.7236893773078918
660,616,0.30078125,0.10704724490642548,40.555660247802734,0.6995430588722229
661,711,0.34716796875,0.10958786308765411,41.58113098144531,0.6859253644943237
662,919,0.44873046875,0.14309030771255493,40.55302047729492,0.7066395282745361
663,726,0.3544921875,0.11987714469432831,45.077537536621094,0.6527436971664429
664,711,0.34716796875,0.12127514183521271,41.51900863647461,0.6888969540596008
665,615,0.30029296875,0.11866642534732819,39.90073013305664,0.7109019160270691
666,644,0.314453125,0.12241242080926895,40.56672286987305,0.6983451843261719
667,541,0.26416015625,0.12222158908843994,40.08818054199219,0.7083917260169983
668,540,0.263671875,0.1224018782377243,38.895606994628906,0.7227067947387695
669,647,0.31591796875,0.11849233508110046,38.850101470947266,0.7271512150764465
670,564,0.275390625,0.12479034811258316,36.28828811645508,0.7594073414802551
671,545,0.26611328125,0.12244096398353577,38.23125076293945,0.737196147441864
672,534,0.2607421875,0.13063843548297882,36.670223236083984,0.754780650138855
673,504,0.24609375,0.17139343917369843,32.415740966796875,0.7950226664543152
674,493,0.24072265625,0.16506308317184448,31.89632797241211,0.7989587783813477
675,444,0.216796875,0.178537055850029,31.423770904541016,0.8060555458068848
676,417,0.20361328125,0.17972378432750702,29.49583625793457,0.8263942003250122
677,392,0.19140625,0.20874586701393127,33.8111686706543,0.779766321182251
678,362,0.1767578125,0.24081896245479584,32.84982681274414,0.7945453524589539
679,337,0.16455078125,0.25771239399909973,33.06361389160156,0.7939547300338745
680,942,0.4599609375,0.2293766885995865,52.61574935913086,0.5635650157928467
681,884,0.431640625,0.2120777815580368,44.68915557861328,0.6543092131614685
682,889,0.43408203125,0.1877152919769287,44.6224250793457,0.6568328738212585
683,878,0.4287109375,0.18255497515201569,44.803192138671875,0.6451578736305237
684,909,0.44384765625,0.17752985656261444,42.87726974487305,0.6687293648719788
685,772,0.376953125,0.16751137375831604,44.07878875732422,0.6574694514274597
686,642,0.3134765625,0.15580102801322937,41.342899322509766,0.6879177093505859
687,610,0.2978515625,0.1515074521303177,42.093658447265625,0.67799311876297
688,467,0.22802734375,0.1445939689874649,37.389076232910156,0.7275928258895874
689,519,0.25341796875,0.14659804105758667,37.93936538696289,0.7263607978820801
690,455,0.22216796875,0.1269741654396057,36.456993103027344,0.7437858581542969
691,428,0.208984375,0.1336641162633896,37.65416717529297,0.7322787642478943
692,384,0.1875,0.11901085078716278,35.54904556274414,0.7533968091011047
693,406,0.1982421875,0.13004975020885468,34.980403900146484,0.7594491243362427
694,461,0.22509765625,0.14830757677555084,34.791927337646484,0.7618091106414795
695,450,0.2197265625,0.15654942393302917,34.41400146484375,0.7544021010398865
696,468,0.228515625,0.13675343990325928,35.97907257080078,0.7483974099159241
697,453,0.22119140625,0.12798991799354553,36.97524642944336,0.7363868951797485
698,459,0.22412109375,0.12802967429161072,35.63224792480469,0.754319429397583
699,449,0.21923828125,0.11787697672843933,34.75556945800781,0.7634981274604797
700,352,0.171875,0.11004794389009476,34.33641052246094,0.7731073498725891
701,382,0.1865234375,0.12263620644807816,33.57997512817383,0.7715880870819092
702,367,0.17919921875,0.11606752872467041,30.857730865478516,0.801409900188446
703,388,0.189453125,0.12117069214582443,31.901643753051758,0.7899155020713806
704,396,0.193359375,0.12149544805288315,32.59394836425781,0.7839791774749756
705,414,0.2021484375,0.12596969306468964,31.27117347717285,0.7986839413642883
706,389,0.18994140625,0.1104712262749672,29.37445831298828,0.8160467147827148
707,405,0.19775390625,0.11724086105823517,28.86147117614746,0.8275147080421448
708,387,0.18896484375,0.11385447531938553,30.011234283447266,0.8112031817436218
709,366,0.1787109375,0.1127387136220932,30.697166442871094,0.8132110834121704
710,378,0.1845703125,0.12196224182844162,31.689722061157227,0.8005485534667969
711,381,0.18603515625,0.11619901657104492,28.42551040649414,0.8304063677787781
712,390,0.1904296875,0.10958728939294815,28.529739379882812,0.8236775994300842
713,354,0.1728515625,0.10441822558641434,27.191991806030273,0.839864194393158
714,347,0.16943359375,0.11797735840082169,33.33794021606445,0.774720311164856
715,435,0.21240234375,0.13269394636154175,35.06633758544922,0.7551653981208801
716,484,0.236328125,0.13874565064907074,37.52963638305664,0.727445125579834
717,539,0.26318359375,0.14126591384410858,36.943782806396484,0.7394760251045227
718,480,0.234375,0.12968400120735168,32.82210922241211,0.7816534042358398
719,465,0.22705078125,0.13574348390102386,33.866851806640625,0.7737451195716858
720,183,0.08935546875,0.13411982357501984,32.04788589477539,0.8130384683609009
721,196,0.095703125,0.13377413153648376,32.53508758544922,0.804943859577179
722,186,0.0908203125,0.13287776708602905,31.974645614624023,0.8162347078323364
723,174,0.0849609375,0.12671659886837006,31.32312774658203,0.8197691440582275
724,213,0.10400390625,0.14847451448440552,33.596012115478516,0.7872725129127502
725,192,0.09375,0.13148590922355652,32.53955078125,0.8042688369750977
726,169,0.08251953125,0.12592150270938873,30.81998062133789,0.826533317565918
727,179,0.08740234375,0.13336731493473053,33.321170806884766,0.7929906845092773
728,196,0.095703125,0.14064206182956696,32.638240814208984,0.8024128675460815
729,204,0.099609375,0.13382378220558167,33.734012603759766,0.7857455015182495
730,214,0.1044921875,0.12556128203868866,34.307945251464844,0.7816066741943359
731,199,0.09716796875,0.12441743165254593,32.31126403808594,0.8033795356750488
732,243,0.11865234375,0.1514253169298172,35.096256256103516,0.7671552300453186
733,268,0.130859375,0.1674186885356903,36.15873718261719,0.7577371001243591
734,293,0.14306640625,0.26214322447776794,35.85261535644531,0.7607181072235107
735,275,0.13427734375,0.20459383726119995,36.016971588134766,0.7617216110229492
736,271,0.13232421875,0.14902947843074799,35.73651123046875,0.7656401991844177
737,231,0.11279296875,0.13410444557666779,33.72837448120117,0.7887552380561829
738,224,0.109375,0.12005206942558289,33.40546798706055,0.794216513633728
739,211,0.10302734375,0.11358147114515305,32.8653564453125,0.8010823726654053
740,213,0.10400390625,0.11404222249984741,32.89218521118164,0.8012598156929016
741,250,0.1220703125,0.12757761776447296,35.318782806396484,0.7686570882797241
742,203,0.09912109375,0.125310018658638,32.34548568725586,0.8048717975616455
743,202,0.0986328125,0.13139303028583527,32.64421463012695,0.7956986427307129
744,201,0.09814453125,0.13113565742969513,33.567501068115234,0.7904914617538452
745,186,0.0908203125,0.1352752447128296,33.8486213684082,0.7880098819732666
746,196,0.095703125,0.13554248213768005,33.67967224121094,0.7920202016830444
747,200,0.09765625,0.14704430103302002,33.37575149536133,0.7952556014060974
748,198,0.0966796875,0.14210030436515808,31.968326568603516,0.813112735748291
749,195,0.09521484375,0.13436535000801086,31.853506088256836,0.8125874996185303
750,211,0.10302734375,0.12255335599184036,33.205196380615234,0.7970219254493713
751,209,0.10205078125,0.14024290442466736,34.54135513305664,0.7780206203460693
752,232,0.11328125,0.14690186083316803,34.73935317993164,0.7769133448600769
753,211,0.10302734375,0.1537071317434311,35.909996032714844,0.7670990824699402
754,217,0.10595703125,0.14959949254989624,36.08959197998047,0.7662688493728638
755,207,0.10107421875,0.14271500706672668,35.0667610168457,0.7761572599411011
756,207,0.10107421875,0.14572258293628693,36.53713607788086,0.7603473663330078
757,198,0.0966796875,0.15020407736301422,38.04030227661133,0.7434216141700745
758,196,0.095703125,0.16635429859161377,38.49467468261719,0.7406255602836609
759,193,0.09423828125,0.16253209114074707,36.55789566040039,0.761625349521637
760,265,0.12939453125,0.1620483249425888,35.55415725708008,0.7616227269172668
761,270,0.1318359375,0.1460152119398117,35.4608039855957,0.7587634325027466
762,227,0.11083984375,0.11536263674497604,30.813318252563477,0.8121100068092346
763,199,0.09716796875,0.0998811349272728,30.083728790283203,0.8190564513206482
764,190,0.0927734375,0.11441300809383392,30.098892211914062,0.8166248798370361
765,186,0.0908203125,0.1088944599032402,31.590120315551758,0.8003581762313843
766,181,0.08837890625,0.11216346174478531,31.970617294311523,0.797117292881012
767,200,0.09765625,0.11824849247932434,31.832847595214844,0.8010857105255127
768,221,0.10791015625,0.12436137348413467,34.69761657714844,0.7750277519226074
769,319,0.15576171875,0.1512095332145691,36.75457763671875,0.7612178325653076
770,305,0.14892578125,0.15848016738891602,37.428775787353516,0.7558364868164062
771,310,0.1513671875,0.16103117167949677,38.47299575805664,0.7429023385047913
772,286,0.1396484375,0.1382630318403244,38.14676284790039,0.7483879923820496
773,314,0.1533203125,0.14180205762386322,41.74923324584961,0.7080661058425903
774,272,0.1328125,0.13235196471214294,35.599483489990234,0.7726569771766663
775,251,0.12255859375,0.1596008688211441,37.1903076171875,0.7547090649604797
776,313,0.15283203125,0.18085281550884247,36.61407470703125,0.759941041469574
777,302,0.1474609375,0.1468859314918518,35.4019889831543,0.7681787014007568
778,283,0.13818359375,0.12593846023082733,29.97185516357422,0.8248070478439331
779,265,0.12939453125,0.12220968306064606,27.025928497314453,0.8540499210357666
780,276,0.134765625,0.11834850907325745,28.879127502441406,0.8338376879692078
781,236,0.115234375,0.11033990979194641,27.596174240112305,0.8460195660591125
782,283,0.13818359375,0.16999199986457825,32.57588195800781,0.8028223514556885
783,264,0.12890625,0.13132448494434357,31.472545623779297,0.8139218688011169
784,256,0.125,0.1279308795928955,31.866687774658203,0.8102694749832153
785,265,0.12939453125,0.12003111094236374,29.969749450683594,0.8240612745285034
786,273,0.13330078125,0.12451396137475967,29.81633186340332,0.8284152150154114
787,249,0.12158203125,0.11810468882322311,30.018037796020508,0.821172297000885
788,235,0.11474609375,0.11373589187860489,33.32490158081055,0.7786644697189331
789,264,0.12890625,0.12168090045452118,38.54094314575195,0.725530207157135
790,301,0.14697265625,0.128497913479805,36.537227630615234,0.7535033822059631
791,251,0.12255859375,0.12762300670146942,28.47003936767578,0.8421744108200073
792,240,0.1171875,0.12116366624832153,28.825408935546875,0.8338596224784851
793,258,0.1259765625,0.1343965083360672,29.841964721679688,0.8251858949661255
794,218,0.1064453125,0.12225533276796341,29.890949249267578,0.8234819173812866
795,245,0.11962890625,0.1434110850095749,29.096595764160156,0.8316217064857483
796,295,0.14404296875,0.1699458807706833,30.709875106811523,0.8188877701759338
797,316,0.154296875,0.17452913522720337,31.13902473449707,0.8143349289894104
798,277,0.13525390625,0.15705977380275726,31.028362274169922,0.8182632923126221
799,292,0.142578125,0.18137291073799133,29.6637020111084,0.8266028761863708
800,219,0.10693359375,0.14211837947368622,27.981395721435547,0.8491180539131165
801,185,0.09033203125,0.1335204690694809,27.275135040283203,0.8584837317466736
802,211,0.10302734375,0.1366952359676361,27.89708137512207,0.8522902131080627
803,235,0.11474609375,0.13510558009147644,26.825977325439453,0.8520503640174866
804,234,0.1142578125,0.1350184828042984,24.746822357177734,0.8760746717453003
805,226,0.1103515625,0.13238249719142914,24.660032272338867,0.871587336063385
806,251,0.12255859375,0.14483493566513062,26.332338333129883,0.8574966788291931
807,242,0.1181640625,0.1306045949459076,24.70909309387207,0.8709031343460083
808,239,0.11669921875,0.12188500910997391,23.917396545410156,0.8777968287467957
809,270,0.1318359375,0.13673269748687744,24.854490280151367,0.8692703247070312
810,255,0.12451171875,0.13792240619659424,25.78629493713379,0.8628077507019043
811,253,0.12353515625,0.13893957436084747,29.475997924804688,0.8288429379463196
812,293,0.14306640625,0.13855884969234467,26.87668228149414,0.8550780415534973
813,294,0.1435546875,0.1346535086631775,28.413192749023438,0.8366419076919556
814,247,0.12060546875,0.13336463272571564,26.755970001220703,0.8623763918876648
815,212,0.103515625,0.1098412498831749,25.30677032470703,0.8631013631820679
816,195,0.09521484375,0.10247919708490372,23.144733428955078,0.8848322033882141
817,175,0.08544921875,0.1002960205078125,24.253870010375977,0.8773468732833862
818,188,0.091796875,0.10697455704212189,24.751075744628906,0.8712741136550903
819,194,0.0947265625,0.09890375286340714,26.33570671081543,0.852997362613678
820,202,0.0986328125,0.09990108758211136,26.7337703704834,0.8523731827735901
821,251,0.12255859375,0.10593675076961517,25.89796257019043,0.8625486493110657
822,262,0.1279296875,0.1073572114109993,27.813926696777344,0.8432654738426208
823,256,0.125,0.1134713813662529,29.856647491455078,0.8268147706985474
824,288,0.140625,0.13956701755523682,33.92771911621094,0.7707237005233765
825,271,0.13232421875,0.15288637578487396,35.610904693603516,0.7585695385932922
826,363,0.17724609375,0.13967160880565643,33.88304138183594,0.7838439345359802
827,387,0.18896484375,0.18832343816757202,37.989933013916016,0.7306268811225891
828,377,0.18408203125,0.1684821993112564,35.77085876464844,0.7565469741821289
829,451,0.22021484375,0.19813913106918335,47.988861083984375,0.6110239028930664
830,407,0.19873046875,0.18989665806293488,38.322357177734375,0.721673309803009
831,461,0.22509765625,0.19206473231315613,40.96942901611328,0.6893606185913086
832,430,0.2099609375,0.17766189575195312,37.193973541259766,0.746798038482666
833,362,0.1767578125,0.13662640750408173,30.770339965820312,0.8108927011489868
834,329,0.16064453125,0.1400415003299713,36.03605270385742,0.7632485032081604
835,316,0.154296875,0.1289587765932083,29.33289909362793,0.8224301934242249
836,294,0.1435546875,0.1289663463830948,28.544540405273438,0.8288041353225708
837,423,0.20654296875,0.20604035258293152,35.009376525878906,0.7576289772987366
838,384,0.1875,0.20172646641731262,38.09127426147461,0.7288865447044373
839,274,0.1337890625,0.14213325083255768,33.124454498291016,0.7885465025901794
840,71,0.03466796875,0.1881120204925537,31.149269104003906,0.8303682804107666
841,60,0.029296875,0.18157857656478882,31.36740493774414,0.8178732991218567
842,46,0.0224609375,0.19015133380889893,29.99895668029785,0.8325492143630981
843,48,0.0234375,0.16793404519557953,30.475027084350586,0.8304783701896667
844,73,0.03564453125,0.1585111916065216,31.45366668701172,0.8240104913711548
845,94,0.0458984375,0.1519550234079361,30.970531463623047,0.830405592918396
846,95,0.04638671875,0.15298032760620117,32.256614685058594,0.8107156157493591
847,85,0.04150390625,0.16359500586986542,31.12779998779297,0.827019989490509
848,101,0.04931640625,0.1585378646850586,30.10668182373047,0.8350154161453247
849,100,0.048828125,0.16057947278022766,29.292251586914062,0.8438366651535034
850,86,0.0419921875,0.1697629988193512,30.322853088378906,0.8234180808067322
851,87,0.04248046875,0.16992177069187164,29.837203979492188,0.8385335803031921
852,93,0.04541015625,0.16931882500648499,29.006729125976562,0.8430886268615723
853,81,0.03955078125,0.1718776971101761,29.889896392822266,0.8340088725090027
854,58,0.0283203125,0.19063693284988403,30.97068214416504,0.8262386322021484
855,52,0.025390625,0.20356164872646332,29.434551239013672,0.8469988703727722
856,52,0.025390625,0.19214864075183868,31.792543411254883,0.8192425966262817
857,53,0.02587890625,0.2017439305782318,31.43717384338379,0.825793445110321
858,52,0.025390625,0.20504188537597656,33.68916320800781,0.8034235239028931
859,46,0.0224609375,0.20653870701789856,31.10592269897461,0.8286512494087219
860,47,0.02294921875,0.20581598579883575,30.979881286621094,0.8263148069381714
861,54,0.0263671875,0.17934684455394745,29.992671966552734,0.83796226978302
862,54,0.0263671875,0.17717544734477997,29.894174575805664,0.8385562300682068
863,49,0.02392578125,0.18419411778450012,31.966981887817383,0.8113848567008972
864,52,0.025390625,0.19407819211483002,32.49089050292969,0.8102990388870239
865,55,0.02685546875,0.19593475759029388,31.820878982543945,0.8175302147865295
866,47,0.02294921875,0.19230377674102783,31.669475555419922,0.8193855881690979
867,42,0.0205078125,0.16803698241710663,30.365257263183594,0.836929440498352
868,40,0.01953125,0.15240342915058136,32.89379119873047,0.8000367879867554
869,48,0.0234375,0.1904132068157196,32.79045486450195,0.8015792965888977
870,43,0.02099609375,0.1879095584154129,29.5350341796875,0.8342684507369995
871,45,0.02197265625,0.209483340382576,29.33864974975586,0.840419352054596
872,50,0.0244140625,0.21026964485645294,31.176891326904297,0.8249423503875732
873,63,0.03076171875,0.19371090829372406,32.500892639160156,0.8063902854919434
874,46,0.0224609375,0.20653057098388672,34.15863037109375,0.7884455323219299
875,48,0.0234375,0.2156171202659607,31.405332565307617,0.8228111863136292
876,51,0.02490234375,0.205856591463089,31.082181930541992,0.8235330581665039
877,68,0.033203125,0.19744408130645752,30.188753128051758,0.8318667411804199
878,74,0.0361328125,0.18915170431137085,30.974712371826172,0.8292864561080933
879,74,0.0361328125,0.17979851365089417,34.020538330078125,0.7852070331573486
880,666,0.3251953125,0.13297635316848755,34.408287048339844,0.7655137181282043
881,666,0.3251953125,0.128769651055336,33.85372543334961,0.7698184847831726
882,738,0.3603515625,0.12918636202812195,34.93925857543945,0.7624043822288513
883,695,0.33935546875,0.13033367693424225,34.92987060546875,0.7583460211753845
884,636,0.310546875,0.1333685666322708,34.08512496948242,0.7638962268829346
885,646,0.3154296875,0.12488242238759995,33.78627014160156,0.7668143510818481
886,634,0.3095703125,0.120021753013134,31.856586456298828,0.7867379188537598
887,600,0.29296875,0.13105474412441254,31.888202667236328,0.7862724661827087
888,672,0.328125,0.12440946698188782,33.55192184448242,0.7668510675430298
889,702,0.3427734375,0.12447470426559448,32.93561553955078,0.7762786746025085
890,693,0.33837890625,0.12782958149909973,34.118507385253906,0.7628867626190186
891,602,0.2939453125,0.13491098582744598,32.55503463745117,0.780363142490387
892,701,0.34228515625,0.12338706105947495,32.83052444458008,0.7745735049247742
893,721,0.35205078125,0.1203518956899643,32.97563552856445,0.7737472653388977
894,662,0.3232421875,0.1179787814617157,32.307010650634766,0.7787317633628845
895,711,0.34716796875,0.12325824797153473,34.1895751953125,0.7647567987442017
896,867,0.42333984375,0.12429098039865494,38.06918716430664,0.7220637798309326
897,1080,0.52734375,0.12674947082996368,40.9542121887207,0.688899040222168
898,861,0.42041015625,0.1209966391324997,38.477996826171875,0.7157118320465088
899,661,0.32275390625,0.13055436313152313,34.07392501831055,0.7644314169883728
900,757,0.36962890625,0.13661900162696838,36.69304656982422,0.7343484163284302
901,832,0.40625,0.12908342480659485,35.40602111816406,0.7449547648429871
902,839,0.40966796875,0.1274653822183609,35.638916015625,0.7400668859481812
903,713,0.34814453125,0.1294865906238556,34.80271530151367,0.7535775303840637
904,845,0.41259765625,0.13202407956123352,35.314369201660156,0.7472596168518066
905,1003,0.48974609375,0.13078972697257996,41.3065185546875,0.6839744448661804
906,1398,0.6826171875,0.1413077712059021,43.230224609375,0.6684519648551941
907,1234,0.6025390625,0.13645963370800018,38.96906661987305,0.7162642478942871
908,1006,0.4912109375,0.128212109208107,37.347373962402344,0.7280577421188354
909,1099,0.53662109375,0.13370510935783386,40.19877243041992,0.6993536949157715
910,1036,0.505859375,0.1301783323287964,39.795204162597656,0.7036829590797424
911,1286,0.6279296875,0.13545168936252594,42.015777587890625,0.6762293577194214
912,924,0.451171875,0.1297503411769867,39.40381622314453,0.704279363155365
913,756,0.369140625,0.13341890275478363,37.164798736572266,0.72836834192276
914,662,0.3232421875,0.1352434754371643,34.53715133666992,0.7600611448287964
915,758,0.3701171875,0.12149456888437271,35.98054122924805,0.7378737330436707
916,801,0.39111328125,0.11462083458900452,34.87549591064453,0.7475178837776184
917,730,0.3564453125,0.11806503683328629,34.306278228759766,0.7549033164978027
918,723,0.35302734375,0.11956125497817993,34.148582458496094,0.7570127248764038
919,739,0.36083984375,0.12439112365245819,33.51525115966797,0.762934684753418
920,43,0.02099609375,0.303914874792099,44.803871154785156,0.681587278842926
921,43,0.02099609375,0.29382821917533875,41.81833267211914,0.718683123588562
922,51,0.02490234375,0.2783454954624176,45.0141487121582,0.6660937070846558
923,40,0.01953125,0.2926025390625,40.74180221557617,0.7260684370994568
924,33,0.01611328125,0.3189137578010559,38.77967834472656,0.749481737613678
925,30,0.0146484375,0.3005521893501282,36.64618682861328,0.7767079472541809
926,29,0.01416015625,0.27129167318344116,37.938194274902344,0.7643733024597168
927,21,0.01025390625,0.28253173828125,38.00917434692383,0.7629883885383606
928,17,0.00830078125,0.22128039598464966,39.97869873046875,0.7437806129455566
929,20,0.009765625,0.25084546208381653,37.28913879394531,0.7571381330490112
930,19,0.00927734375,0.2512081563472748,41.680816650390625,0.7169426083564758
931,18,0.0087890625,0.2795693278312683,41.67888641357422,0.7088052034378052
932,19,0.00927734375,0.2879897952079773,44.04549026489258,0.6806791424751282
933,23,0.01123046875,0.30170515179634094,44.494930267333984,0.671024739742279
934,28,0.013671875,0.2780344784259796,40.42622756958008,0.7190628051757812
935,20,0.009765625,0.32339993119239807,37.180694580078125,0.7595113515853882
936,31,0.01513671875,0.2838689386844635,38.4165153503418,0.7348659634590149
937,29,0.01416015625,0.30240634083747864,35.603702545166016,0.7858537435531616
938,22,0.0107421875,0.27252617478370667,33.23854064941406,0.8089603781700134
939,20,0.009765625,0.29775336384773254,33.927669525146484,0.8102231025695801
940,16,0.0078125,0.2406625598669052,33.884437561035156,0.8077689409255981
941,35,0.01708984375,0.23099857568740845,39.15168762207031,0.7423798441886902
942,30,0.0146484375,0.24006158113479614,34.56283187866211,0.8041351437568665
943,38,0.0185546875,0.24873988330364227,40.02543640136719,0.730125904083252
944,24,0.01171875,0.22178015112876892,41.06881332397461,0.7256703972816467
945,20,0.009765625,0.31854546070098877,38.297271728515625,0.7489946484565735
946,23,0.01123046875,0.2761579155921936,36.474098205566406,0.7682446241378784
947,29,0.01416015625,0.2811564803123474,39.49031066894531,0.7217012047767639
948,17,0.00830078125,0.25779351592063904,33.943260192871094,0.794146716594696
949,23,0.01123046875,0.2882917821407318,42.79961395263672,0.6915282011032104
950,26,0.0126953125,0.3112019896507263,45.028141021728516,0.653220534324646
951,24,0.01171875,0.3269915282726288,40.681724548339844,0.7316271662712097
952,17,0.00830078125,0.19732090830802917,35.71636962890625,0.7761728763580322
953,34,0.0166015625,0.2562946081161499,42.48228073120117,0.69109046459198
954,46,0.0224609375,0.23329249024391174,40.79881286621094,0.715985894203186
955,36,0.017578125,0.24874919652938843,39.375,0.7257856130599976
956,51,0.02490234375,0.21855536103248596,37.58250045776367,0.7575334310531616
957,61,0.02978515625,0.19004637002944946,41.4332160949707,0.7227247357368469
958,51,0.02490234375,0.21707797050476074,36.83025360107422,0.770965039730072
959,63,0.03076171875,0.213929682970047,39.939170837402344,0.7170097827911377
960,248,0.12109375,0.1474955826997757,34.83195877075195,0.7690780162811279
961,279,0.13623046875,0.1384006142616272,34.064125061035156,0.7682704329490662
962,262,0.1279296875,0.1296948492527008,32.76070022583008,0.7788285613059998
963,241,0.11767578125,0.12135930359363556,31.83719253540039,0.7911728620529175
964,266,0.1298828125,0.15078754723072052,32.729270935058594,0.7912919521331787
965,291,0.14208984375,0.1687156707048416,35.10715866088867,0.7634806036949158
966,304,0.1484375,0.16175463795661926,34.343074798583984,0.7710302472114563
967,278,0.1357421875,0.1432206630706787,33.42300796508789,0.7769666910171509
968,220,0.107421875,0.1381528079509735,32.991329193115234,0.7805312871932983
969,213,0.10400390625,0.14021024107933044,32.71182632446289,0.7873950600624084
970,227,0.11083984375,0.13436757028102875,33.95821762084961,0.7705936431884766
971,259,0.12646484375,0.13574765622615814,32.833866119384766,0.7850601673126221
972,239,0.11669921875,0.1337805837392807,33.382408142089844,0.7769197225570679
973,233,0.11376953125,0.14012619853019714,33.224735260009766,0.7812976241111755
974,264,0.12890625,0.13916786015033722,34.02783203125,0.7700806260108948
975,257,0.12548828125,0.12693899869918823,33.561500549316406,0.7722291946411133
976,241,0.11767578125,0.11657050251960754,34.904354095458984,0.763189971446991
977,221,0.10791015625,0.10871227830648422,36.940589904785156,0.7482300400733948
978,225,0.10986328125,0.1072937473654747,36.44758605957031,0.7545166015625
979,211,0.10302734375,0.10849092155694962,35.78177261352539,0.7680203914642334
980,192,0.09375,0.11271205544471741,34.97919464111328,0.7795133590698242
981,182,0.0888671875,0.10869040340185165,35.22883987426758,0.7733920812606812
982,177,0.08642578125,0.11985716968774796,33.815834045410156,0.7951727509498596
983,175,0.08544921875,0.11923409253358841,34.67250442504883,0.78402179479599
984,158,0.0771484375,0.11937621980905533,33.8572883605957,0.7895714640617371
985,146,0.0712890625,0.12106321007013321,31.790952682495117,0.8072492480278015
986,151,0.07373046875,0.12235360592603683,33.295738220214844,0.7963286638259888
987,150,0.0732421875,0.12658074498176575,31.2696590423584,0.8119181394577026
988,145,0.07080078125,0.139253169298172,32.122432708740234,0.8040667176246643
989,137,0.06689453125,0.12946739792823792,32.35575485229492,0.8033398389816284
990,137,0.06689453125,0.13170792162418365,30.647703170776367,0.8173321485519409
991,141,0.06884765625,0.13095593452453613,32.657798767089844,0.8005943894386292
992,134,0.0654296875,0.13299797475337982,31.552541732788086,0.8119258284568787
993,130,0.0634765625,0.13416506350040436,31.625551223754883,0.8087338805198669
994,150,0.0732421875,0.14523090422153473,33.89717483520508,0.7888216972351074
995,156,0.076171875,0.14161810278892517,33.70088577270508,0.7935451865196228
996,147,0.07177734375,0.13334999978542328,34.74900817871094,0.7773182392120361
997,134,0.0654296875,0.13494835793972015,33.31667709350586,0.7863916158676147
998,124,0.060546875,0.13143591582775116,32.79311752319336,0.7988335490226746
999,118,0.0576171875,0.1351855844259262,32.64496612548828,0.7964117527008057
1000,124,0.060546875,0.13325135409832,38.355560302734375,0.7534788846969604
1001,138,0.0673828125,0.12406903505325317,39.341712951660156,0.7421252131462097
1002,149,0.07275390625,0.12215588241815567,37.079097747802734,0.7656072378158569
1003,149,0.07275390625,0.11775117367506027,37.361270904541016,0.7601549625396729
1004,161,0.07861328125,0.12306847423315048,36.969261169433594,0.7648026943206787
1005,140,0.068359375,0.12591208517551422,36.58249282836914,0.7660218477249146
1006,132,0.064453125,0.12160623073577881,35.095035552978516,0.784849226474762
1007,133,0.06494140625,0.14163433015346527,34.439308166503906,0.791214108467102
1008,119,0.05810546875,0.12832176685333252,35.452510833740234,0.7752094268798828
1009,127,0.06201171875,0.14390505850315094,34.48019790649414,0.7892136573791504
1010,143,0.06982421875,0.15404532849788666,34.77900314331055,0.7776457667350769
1011,133,0.06494140625,0.14473523199558258,35.13179016113281,0.7753538489341736
1012,151,0.07373046875,0.15275198221206665,35.303497314453125,0.7759312391281128
1013,157,0.07666015625,0.1456514447927475,36.896121978759766,0.7530913352966309
1014,127,0.06201171875,0.14322392642498016,32.79907989501953,0.8043473362922668
1015,123,0.06005859375,0.15957583487033844,32.65007019042969,0.800073504447937
1016,112,0.0546875,0.16767533123493195,32.78519821166992,0.801943838596344
1017,105,0.05126953125,0.15921403467655182,32.77790451049805,0.804172694683075
1018,102,0.0498046875,0.15431064367294312,32.95308303833008,0.7998175621032715
1019,99,0.04833984375,0.14905567467212677,33.805213928222656,0.7855609059333801
1020,99,0.04833984375,0.14462535083293915,31.82891845703125,0.8123471736907959
1021,94,0.0458984375,0.12344157695770264,31.574371337890625,0.8154165148735046
1022,108,0.052734375,0.14144966006278992,29.920780181884766,0.8323677778244019
1023,98,0.0478515625,0.1559428721666336,32.6944694519043,0.8031867742538452
1024,99,0.04833984375,0.14312858879566193,31.245468139648438,0.8191752433776855
1025,102,0.0498046875,0.1318424940109253,32.78751754760742,0.8004098534584045
1026,107,0.05224609375,0.1483401507139206,31.089385986328125,0.8169140815734863
1027,107,0.05224609375,0.15123993158340454,32.21015548706055,0.8048701882362366
1028,120,0.05859375,0.13919852674007416,32.01759719848633,0.8132901787757874
1029,142,0.0693359375,0.18152642250061035,32.79706573486328,0.8056552410125732
1030,135,0.06591796875,0.15819403529167175,32.88557434082031,0.8002322912216187
1031,134,0.0654296875,0.15411809086799622,32.36248016357422,0.80966717004776
1032,122,0.0595703125,0.1524965614080429,33.32767868041992,0.8001903891563416
1033,129,0.06298828125,0.15680986642837524,33.07001495361328,0.8029192686080933
1034,140,0.068359375,0.16868560016155243,32.9696159362793,0.8038241863250732
1035,135,0.06591796875,0.16703543066978455,32.5868034362793,0.8060363531112671
1036,116,0.056640625,0.13419097661972046,30.922910690307617,0.8227110505104065
1037,124,0.060546875,0.13038721680641174,32.209163665771484,0.8111401796340942
1038,119,0.05810546875,0.12598916888237,30.039522171020508,0.8367953896522522
1039,117,0.05712890625,0.15251998603343964,30.802513122558594,0.8176602125167847
1040,531,0.25927734375,0.13137370347976685,38.8880615234375,0.7207010388374329
1041,469,0.22900390625,0.12136410176753998,37.58685302734375,0.7348623871803284
1042,388,0.189453125,0.11753136664628983,40.3939208984375,0.704949140548706
1043,359,0.17529296875,0.1181173250079155,38.775577545166016,0.7220642566680908
1044,429,0.20947265625,0.12357303500175476,38.69390106201172,0.7283653616905212
1045,470,0.2294921875,0.11776623874902725,38.8067741394043,0.7291355729103088
1046,570,0.2783203125,0.11933404207229614,41.88471221923828,0.683918833732605
1047,579,0.28271484375,0.1246030181646347,39.98645782470703,0.7062745094299316
1048,617,0.30126953125,0.1361689269542694,42.114009857177734,0.6827617883682251
1049,644,0.314453125,0.127458393573761,42.45025634765625,0.6767118573188782
1050,693,0.33837890625,0.12843069434165955,43.040283203125,0.6743099093437195
1051,786,0.3837890625,0.13771814107894897,38.25428009033203,0.7324649095535278
1052,755,0.36865234375,0.141451895236969,38.36625671386719,0.7300655245780945
1053,723,0.35302734375,0.14201173186302185,39.09111404418945,0.723518431186676
1054,743,0.36279296875,0.1518068164587021,41.8513069152832,0.6904670000076294
1055,714,0.3486328125,0.13803277909755707,39.56034469604492,0.7170807719230652
1056,695,0.33935546875,0.13587121665477753,36.916439056396484,0.7484042048454285
1057,537,0.26220703125,0.12798207998275757,34.17913818359375,0.7821919322013855
1058,559,0.27294921875,0.12719310820102692,34.99266052246094,0.773430347442627
1059,496,0.2421875,0.13141575455665588,35.945674896240234,0.763189971446991
1060,566,0.2763671875,0.13273388147354126,36.663169860839844,0.752850353717804
1061,669,0.32666015625,0.12845063209533691,36.24959182739258,0.7577465772628784
1062,744,0.36328125,0.12705817818641663,39.41652297973633,0.7178215384483337
1063,598,0.2919921875,0.1312372386455536,36.827491760253906,0.758089542388916
1064,646,0.3154296875,0.1396586000919342,37.69783020019531,0.7444445490837097
1065,607,0.29638671875,0.12171649932861328,35.060752868652344,0.7733006477355957
1066,677,0.33056640625,0.13066159188747406,41.31294631958008,0.7013682126998901
1067,606,0.2958984375,0.13228823244571686,36.915733337402344,0.7513715028762817
1068,683,0.33349609375,0.13381898403167725,39.59706497192383,0.7166822552680969
1069,599,0.29248046875,0.12718278169631958,38.48769760131836,0.7291314601898193
1070,552,0.26953125,0.12787750363349915,38.84294509887695,0.7267332673072815
1071,542,0.2646484375,0.1270630955696106,39.90144348144531,0.7129884362220764
1072,549,0.26806640625,0.1222558319568634,38.99032974243164,0.7234666347503662
1073,629,0.30712890625,0.12512950599193573,39.171142578125,0.7208961844444275
1074,586,0.2861328125,0.12528741359710693,37.70073699951172,0.7419996857643127
1075,591,0.28857421875,0.14545287191867828,41.00921630859375,0.7046316862106323
1076,511,0.24951171875,0.1316440850496292,39.43124008178711,0.720231831073761
1077,538,0.2626953125,0.13766391575336456,40.8143424987793,0.7065427303314209
1078,475,0.23193359375,0.15256576240062714,44.67076873779297,0.6524386405944824
1079,420,0.205078125,0.14907440543174744,40.69382095336914,0.7048655152320862
1080,113,0.05517578125,0.17693716287612915,33.0788459777832,0.8011834025382996
1081,127,0.06201171875,0.1837972104549408,34.4207649230957,0.7818596363067627
1082,132,0.064453125,0.16334135830402374,33.24350357055664,0.8003960847854614
1083,161,0.07861328125,0.14151518046855927,32.66957473754883,0.8040557503700256
1084,182,0.0888671875,0.13976861536502838,32.48006820678711,0.8060973286628723
1085,239,0.11669921875,0.1302962601184845,31.377004623413086,0.8145184516906738
1086,251,0.12255859375,0.14478033781051636,30.30901527404785,0.8257995843887329
1087,235,0.11474609375,0.1373446136713028,30.32334327697754,0.8284732103347778
1088,233,0.11376953125,0.1457975059747696,33.96305465698242,0.7902772426605225
1089,303,0.14794921875,0.13018541038036346,31.17827033996582,0.8122929930686951
1090,371,0.18115234375,0.1423267275094986,26.609464645385742,0.8576276302337646
1091,343,0.16748046875,0.14222405850887299,29.05930519104004,0.8313038945198059
1092,350,0.1708984375,0.13218101859092712,29.225282669067383,0.829382598400116
1093,341,0.16650390625,0.12739121913909912,31.0650691986084,0.8129204511642456
1094,324,0.158203125,0.1288159191608429,28.883056640625,0.836421549320221
1095,321,0.15673828125,0.12182379513978958,30.11949920654297,0.8147335648536682
1096,284,0.138671875,0.1661781370639801,30.359172821044922,0.8176142573356628
1097,271,0.13232421875,0.15634092688560486,31.689983367919922,0.8044494390487671
1098,289,0.14111328125,0.1822839081287384,32.00299072265625,0.7939534187316895
1099,284,0.138671875,0.1660638004541397,31.911775588989258,0.7989848852157593
1100,278,0.1357421875,0.12649382650852203,29.374359130859375,0.8313464522361755
1101,299,0.14599609375,0.1324363648891449,29.462139129638672,0.8352544903755188
1102,320,0.15625,0.14348605275154114,30.24031639099121,0.8258920907974243
1103,261,0.12744140625,0.1502848118543625,29.96721649169922,0.8272480368614197
1104,283,0.13818359375,0.13481472432613373,29.47865104675293,0.8332720398902893
1105,245,0.11962890625,0.13443101942539215,30.357515335083008,0.8244292736053467
1106,226,0.1103515625,0.12891612946987152,31.683427810668945,0.8117305636405945
1107,236,0.115234375,0.1488921046257019,32.73215103149414,0.7958034873008728
1108,252,0.123046875,0.14167450368404388,30.489059448242188,0.8215823769569397
1109,351,0.17138671875,0.15220429003238678,27.488323211669922,0.8406746983528137
1110,290,0.1416015625,0.1622205674648285,31.69125747680664,0.8011777997016907
1111,291,0.14208984375,0.13830609619617462,29.798542022705078,0.8259525895118713
1112,298,0.1455078125,0.1664775162935257,32.63177490234375,0.7939865589141846
1113,277,0.13525390625,0.14527679979801178,31.157400131225586,0.8102134466171265
1114,261,0.12744140625,0.14782197773456573,32.36760711669922,0.8006175756454468
1115,322,0.1572265625,0.14634829759597778,31.444433212280273,0.8104956150054932
1116,386,0.1884765625,0.14207348227500916,26.16282844543457,0.8523433208465576
1117,479,0.23388671875,0.16450543701648712,28.065343856811523,0.8388497829437256
1118,576,0.28125,0.19906021654605865,31.329532623291016,0.8086608052253723
1119,409,0.19970703125,0.2701401710510254,35.2678108215332,0.7577763795852661
1120,85,0.04150390625,0.15384335815906525,33.27310562133789,0.787389874458313
1121,91,0.04443359375,0.14915306866168976,32.23835754394531,0.8027836084365845
1122,97,0.04736328125,0.14196082949638367,30.49544906616211,0.8213520646095276
1123,114,0.0556640625,0.14841923117637634,33.5150146484375,0.779180645942688
1124,112,0.0546875,0.14292378723621368,31.5723819732666,0.8049352765083313
1125,116,0.056640625,0.14144939184188843,31.15185546875,0.811546266078949
1126,123,0.06005859375,0.14212872087955475,33.235931396484375,0.7891881465911865
1127,140,0.068359375,0.13521699607372284,32.726722717285156,0.7933330535888672
1128,131,0.06396484375,0.14616183936595917,31.752403259277344,0.7984281182289124
1129,142,0.0693359375,0.14719758927822113,31.462038040161133,0.8091075420379639
1130,133,0.06494140625,0.15093360841274261,32.120521545410156,0.800629734992981
1131,143,0.06982421875,0.1442587822675705,32.291385650634766,0.7966598868370056
1132,161,0.07861328125,0.13857023417949677,32.259613037109375,0.7995086312294006
1133,158,0.0771484375,0.13345366716384888,32.63922882080078,0.7938723564147949
1134,140,0.068359375,0.12805695831775665,31.872541427612305,0.8076869249343872
1135,138,0.0673828125,0.12953504920005798,30.880353927612305,0.8186009526252747
1136,138,0.0673828125,0.13244986534118652,31.190393447875977,0.8175939917564392
1137,137,0.06689453125,0.12696854770183563,29.95633888244629,0.8315111994743347
1138,148,0.072265625,0.12700772285461426,30.65656089782715,0.8166383504867554
1139,161,0.07861328125,0.12559160590171814,29.103721618652344,0.8394136428833008
1140,169,0.08251953125,0.1265241503715515,30.944503784179688,0.8175339698791504
1141,162,0.0791015625,0.12234994024038315,28.948144912719727,0.8410627841949463
1142,153,0.07470703125,0.13408207893371582,28.90733528137207,0.8404942154884338
1143,162,0.0791015625,0.12164290249347687,30.25726318359375,0.828748345375061
1144,175,0.08544921875,0.12655270099639893,30.835758209228516,0.8227145075798035
1145,183,0.08935546875,0.13271036744117737,30.347490310668945,0.8281587958335876
1146,181,0.08837890625,0.1349269151687622,30.83597183227539,0.8226932287216187
1147,175,0.08544921875,0.1273827701807022,30.76861572265625,0.8240417242050171
1148,177,0.08642578125,0.13449344038963318,30.78929328918457,0.8236000537872314
1149,184,0.08984375,0.1336858868598938,30.724695205688477,0.8241162300109863
1150,174,0.0849609375,0.1309042125940323,30.152076721191406,0.8330034017562866
1151,201,0.09814453125,0.1319703757762909,31.35118865966797,0.8171308636665344
1152,187,0.09130859375,0.1316353678703308,30.942646026611328,0.8236393928527832
1153,188,0.091796875,0.1412077695131302,33.2405891418457,0.7947097420692444
1154,197,0.09619140625,0.13890662789344788,32.42842483520508,0.807076632976532
1155,209,0.10205078125,0.1361711174249649,31.185972213745117,0.823438286781311
1156,231,0.11279296875,0.14630357921123505,31.47406005859375,0.8200722932815552
1157,237,0.11572265625,0.139576256275177,31.07563591003418,0.8286501169204712
1158,259,0.12646484375,0.145521342754364,31.635425567626953,0.8193835616111755
1159,237,0.11572265625,0.1419105976819992,30.157732009887695,0.8337919116020203
1160,743,0.36279296875,0.12330979108810425,49.0902099609375,0.590307354927063
1161,811,0.39599609375,0.12367691099643707,49.367916107177734,0.5865094065666199
1162,834,0.4072265625,0.12261226773262024,50.92757797241211,0.5657008290290833
1163,794,0.3876953125,0.12469618022441864,49.0867919921875,0.5892367959022522
1164,793,0.38720703125,0.12800952792167664,47.376502990722656,0.616112232208252
1165,759,0.37060546875,0.1263870745897293,47.55840301513672,0.6130722761154175
1166,791,0.38623046875,0.13200032711029053,48.54564666748047,0.6027684211730957
1167,690,0.3369140625,0.13210968673229218,45.5173225402832,0.6406550407409668
1168,696,0.33984375,0.12876172363758087,46.238433837890625,0.6292857527732849
1169,541,0.26416015625,0.1360125094652176,44.47106170654297,0.6531644463539124
1170,618,0.3017578125,0.13202887773513794,45.48396682739258,0.6389517784118652
1171,741,0.36181640625,0.11514661461114883,47.47178649902344,0.6108567118644714
1172,723,0.35302734375,0.11304020136594772,48.60871505737305,0.5955776572227478
1173,757,0.36962890625,0.11612153798341751,49.15956115722656,0.5869234800338745
1174,678,0.3310546875,0.13051225244998932,49.00690841674805,0.5960552096366882
1175,641,0.31298828125,0.12467388808727264,50.50616455078125,0.5743750333786011
1176,682,0.3330078125,0.12383666634559631,49.758140563964844,0.5884807705879211
1177,608,0.296875,0.13418512046337128,47.16959762573242,0.6235613226890564
1178,565,0.27587890625,0.1407345086336136,47.301334381103516,0.6241366267204285
1179,564,0.275390625,0.13580574095249176,46.47404098510742,0.6314900517463684
1180,605,0.29541015625,0.12368136644363403,45.89508819580078,0.633109450340271
1181,651,0.31787109375,0.1273375302553177,46.99848937988281,0.6184062361717224
1182,755,0.36865234375,0.12439792603254318,48.98771667480469,0.5923778414726257
1183,706,0.3447265625,0.139853835105896,48.709083557128906,0.6004538536071777
1184,734,0.3583984375,0.11912029981613159,49.277706146240234,0.5854566097259521
1185,800,0.390625,0.12448734790086746,49.481109619140625,0.5869339108467102
1186,771,0.37646484375,0.11545497924089432,48.94758605957031,0.5940549373626709
1187,799,0.39013671875,0.12634769082069397,51.06367492675781,0.5677916407585144
1188,883,0.43115234375,0.11465250700712204,51.62502670288086,0.5644585490226746
1189,856,0.41796875,0.11471467465162277,55.061492919921875,0.5268518328666687
1190,965,0.47119140625,0.11857244372367859,54.6880989074707,0.5295857191085815
1191,959,0.46826171875,0.10628806054592133,48.99915313720703,0.587081253528595
1192,847,0.41357421875,0.10198845714330673,49.088783264160156,0.5900461673736572
1193,674,0.3291015625,0.07788408547639847,45.21723556518555,0.6361918449401855
1194,633,0.30908203125,0.07695785164833069,45.32316207885742,0.6377490758895874
1195,603,0.29443359375,0.08407296985387802,43.982669830322266,0.6501458883285522
1196,491,0.23974609375,0.13444536924362183,41.410404205322266,0.6821549534797668
1197,479,0.23388671875,0.13318659365177155,40.43110656738281,0.6987529993057251
1198,535,0.26123046875,0.11034676432609558,41.822452545166016,0.6781933903694153
1199,636,0.310546875,0.10825534909963608,43.542205810546875,0.6590611934661865
1200,1156,0.564453125,0.12259063869714737,51.71074676513672,0.5646980404853821
1201,1311,0.64013671875,0.1380639672279358,55.53926086425781,0.5137831568717957
1202,544,0.265625,0.12041089683771133,43.97622299194336,0.6704650521278381
1203,627,0.30615234375,0.12718163430690765,45.87425231933594,0.6447287797927856
1204,612,0.298828125,0.11942221969366074,42.901756286621094,0.681337296962738
1205,714,0.3486328125,0.10205846279859543,39.966617584228516,0.7127928733825684
1206,548,0.267578125,0.10642853379249573,40.65446472167969,0.6963443160057068
1207,785,0.38330078125,0.11511654406785965,46.26607131958008,0.6368018984794617
1208,1117,0.54541015625,0.12521322071552277,54.98043441772461,0.5276402831077576
1209,1199,0.58544921875,0.12572966516017914,55.90225601196289,0.514509916305542
1210,1302,0.6357421875,0.13163793087005615,56.10525131225586,0.511641800403595
1211,1285,0.62744140625,0.13703003525733948,59.96662139892578,0.4638594388961792
1212,1343,0.65576171875,0.12728671729564667,57.4442138671875,0.4931970238685608
1213,608,0.296875,0.11115089058876038,46.32715606689453,0.6331217288970947
1214,587,0.28662109375,0.1288459599018097,45.9986457824707,0.6404318809509277
1215,563,0.27490234375,0.12381348013877869,40.521934509277344,0.7066192030906677
1216,518,0.2529296875,0.13369959592819214,44.946224212646484,0.6595648527145386
1217,507,0.24755859375,0.1283777356147766,46.14577865600586,0.6408627033233643
1218,512,0.25,0.12272631376981735,40.864192962646484,0.7062447667121887
1219,493,0.24072265625,0.1119140088558197,40.76216506958008,0.7068361639976501
1220,562,0.2744140625,0.13792704045772552,44.60403823852539,0.659172534942627
1221,642,0.3134765625,0.1598113626241684,54.107337951660156,0.541936457157135
1222,937,0.45751953125,0.14269550144672394,56.68431091308594,0.5085499286651611
1223,790,0.3857421875,0.14593569934368134,54.49293518066406,0.534953773021698
1224,797,0.38916015625,0.11873325705528259,55.37212371826172,0.5251482725143433
1225,791,0.38623046875,0.1373359113931656,57.741092681884766,0.497392475605011
1226,716,0.349609375,0.1391998827457428,52.11466598510742,0.565979540348053
1227,761,0.37158203125,0.13623005151748657,44.47412872314453,0.6591845154762268
1228,730,0.3564453125,0.1253202259540558,43.885963439941406,0.6594015955924988
1229,732,0.357421875,0.12376968562602997,47.039459228515625,0.6199585795402527
1230,777,0.37939453125,0.1290818303823471,45.4184455871582,0.6410998702049255
1231,633,0.30908203125,0.1372019648551941,39.53306579589844,0.7247602343559265
1232,736,0.359375,0.1399727463722229,43.03248596191406,0.6730652451515198
1233,681,0.33251953125,0.14973802864551544,41.09000778198242,0.6915170550346375
1234,625,0.30517578125,0.16766440868377686,39.55607604980469,0.71743243932724
1235,571,0.27880859375,0.17043595016002655,40.03471755981445,0.7125234007835388
1236,593,0.28955078125,0.1951604187488556,41.63798141479492,0.6975059509277344
1237,621,0.30322265625,0.19428157806396484,42.6483039855957,0.6836203932762146
1238,705,0.34423828125,0.2134324312210083,46.448001861572266,0.6418107151985168
1239,730,0.3564453125,0.2079925686120987,46.4816780090332,0.6397729516029358
1240,92,0.044921875,0.12449770420789719,36.673789978027344,0.764187753200531
1241,96,0.046875,0.1295335590839386,35.33882141113281,0.7732794880867004
1242,104,0.05078125,0.1262153685092926,36.80896759033203,0.7558819651603699
1243,105,0.05126953125,0.12151281535625458,36.11478042602539,0.7653199434280396
1244,97,0.04736328125,0.11631020158529282,34.84169006347656,0.7861824631690979
1245,92,0.044921875,0.12052173912525177,36.26371765136719,0.7670432925224304
1246,102,0.0498046875,0.12224189937114716,34.708526611328125,0.786692202091217
1247,96,0.046875,0.11426590383052826,38.63339614868164,0.7383604049682617
1248,104,0.05078125,0.1176319569349289,36.83138656616211,0.7627685070037842
1249,98,0.0478515625,0.11358878016471863,36.53384780883789,0.7679392099380493
1250,91,0.04443359375,0.12175236642360687,36.48289489746094,0.7610018253326416
1251,96,0.046875,0.12337028980255127,37.519222259521484,0.7472362518310547
1252,101,0.04931640625,0.1199081763625145,36.853946685791016,0.7540797591209412
1253,100,0.048828125,0.12274467200040817,35.68170166015625,0.7653424143791199
1254,96,0.046875,0.12450962513685226,36.11751174926758,0.7644786834716797
1255,86,0.0419921875,0.12780633568763733,36.54607391357422,0.7449215650558472
1256,87,0.04248046875,0.12544311583042145,37.29957580566406,0.7366276979446411
1257,83,0.04052734375,0.1146656945347786,35.565120697021484,0.7670645713806152
1258,87,0.04248046875,0.11153188347816467,37.049346923828125,0.7526218891143799
1259,85,0.04150390625,0.11793429404497147,35.36699676513672,0.7658116817474365
1260,77,0.03759765625,0.11451435834169388,36.12018585205078,0.7620596289634705
1261,76,0.037109375,0.1078106239438057,35.60828399658203,0.7717714309692383
1262,65,0.03173828125,0.11067966371774673,34.79277420043945,0.7834184169769287
1263,66,0.0322265625,0.11665110290050507,34.73561096191406,0.7841654419898987
1264,60,0.029296875,0.11799225211143494,36.5066032409668,0.7658334374427795
1265,57,0.02783203125,0.11888806521892548,36.13473892211914,0.7616401314735413
1266,51,0.02490234375,0.11878710985183716,35.35221481323242,0.7723277807235718
1267,48,0.0234375,0.13852627575397491,33.49893569946289,0.8005425333976746
1268,44,0.021484375,0.1267962008714676,34.06937026977539,0.7859712839126587
1269,46,0.0224609375,0.14191189408302307,34.735111236572266,0.7845456600189209
1270,27,0.01318359375,0.15263299643993378,27.992794036865234,0.8437270522117615
1271,14,0.0068359375,0.175457164645195,23.993000030517578,0.8954976201057434
1272,14,0.0068359375,0.17835430800914764,23.541637420654297,0.8999773263931274
1273,7,0.00341796875,0.1601218581199646,21.04887580871582,0.919178307056427
1274,22,0.0107421875,0.1537678986787796,27.388824462890625,0.8427934050559998
1275,15,0.00732421875,0.166121244430542,35.388038635253906,0.7585265040397644
1276,14,0.0068359375,0.1352578103542328,33.39075469970703,0.7930017113685608
1277,11,0.00537109375,0.15475738048553467,41.76227951049805,0.7117016315460205
1278,8,0.00390625,0.14202994108200073,39.734127044677734,0.7275026440620422
1279,13,0.00634765625,0.14521732926368713,41.770328521728516,0.705906867980957
1280,99,0.04833984375,0.12372054159641266,32.10786437988281,0.7969818115234375
1281,110,0.0537109375,0.11953018605709076,30.538732528686523,0.824703574180603
1282,113,0.05517578125,0.1292671263217926,31.201059341430664,0.8116164207458496
1283,94,0.0458984375,0.12376980483531952,32.21232604980469,0.7991178631782532
1284,103,0.05029296875,0.11029084771871567,32.85307693481445,0.7905606031417847
1285,95,0.04638671875,0.11856939643621445,32.43843078613281,0.8024861216545105
1286,87,0.04248046875,0.11675099283456802,32.97331237792969,0.7938040494918823
1287,93,0.04541015625,0.11301344633102417,33.25746154785156,0.7810972332954407
1288,92,0.044921875,0.11766669154167175,30.94746208190918,0.8087295293807983
1289,93,0.04541015625,0.11708541959524155,30.294921875,0.8202434778213501
1290,95,0.04638671875,0.14003761112689972,36.81069564819336,0.7429900169372559
1291,96,0.046875,0.11559811979532242,32.20535659790039,0.8016569018363953
1292,89,0.04345703125,0.11664173752069473,32.796810150146484,0.7935665845870972
1293,94,0.0458984375,0.11140581220388412,32.611202239990234,0.8030462265014648
1294,88,0.04296875,0.10889293253421783,34.66468048095703,0.7738544344902039
1295,76,0.037109375,0.10975133627653122,32.291229248046875,0.8011905550956726
1296,68,0.033203125,0.11584243178367615,33.261451721191406,0.8081761598587036
1297,60,0.029296875,0.12251316756010056,35.531593322753906,0.7762482762336731
1298,59,0.02880859375,0.13029450178146362,38.51591491699219,0.7297531366348267
1299,71,0.03466796875,0.1221478059887886,32.63115692138672,0.8026518821716309
1300,69,0.03369140625,0.12177016586065292,30.710559844970703,0.8181579113006592
1301,82,0.0400390625,0.10593470185995102,33.61656188964844,0.7855700254440308
1302,98,0.0478515625,0.10301520675420761,34.510589599609375,0.7742296457290649
1303,119,0.05810546875,0.13236162066459656,33.34677505493164,0.7966262698173523
1304,104,0.05078125,0.11623337119817734,34.162254333496094,0.7881568074226379
1305,111,0.05419921875,0.11712896078824997,34.2588005065918,0.7896933555603027
1306,133,0.06494140625,0.1252829134464264,34.8131217956543,0.7838113903999329
1307,129,0.06298828125,0.11600460857152939,33.397159576416016,0.7999191284179688
1308,139,0.06787109375,0.11832723021507263,32.626625061035156,0.8031297922134399
1309,169,0.08251953125,0.13855449855327606,33.64918899536133,0.7915321588516235
1310,154,0.0751953125,0.1163710281252861,32.94997787475586,0.7984027862548828
1311,174,0.0849609375,0.12970785796642303,32.54705047607422,0.799206554889679
1312,145,0.07080078125,0.11554961651563644,31.24567222595215,0.8197056651115417
1313,152,0.07421875,0.12460038810968399,32.6229362487793,0.8031702637672424
1314,163,0.07958984375,0.12245489656925201,33.18709945678711,0.7970257997512817
1315,140,0.068359375,0.10921185463666916,32.59547424316406,0.8091530799865723
1316,138,0.0673828125,0.11436010152101517,32.43747329711914,0.8067912459373474
1317,143,0.06982421875,0.12119374424219131,32.493858337402344,0.8028634786605835
1318,154,0.0751953125,0.14016041159629822,31.154207229614258,0.8176665902137756
1319,145,0.07080078125,0.13857130706310272,32.253135681152344,0.8035145998001099
1320,479,0.23388671875,0.12277244031429291,42.33579635620117,0.6705224514007568
1321,533,0.26025390625,0.1285472810268402,41.68171691894531,0.6725878119468689
1322,491,0.23974609375,0.12363742291927338,41.26354217529297,0.6844969987869263
1323,453,0.22119140625,0.11956732720136642,40.78990936279297,0.6883072853088379
1324,377,0.18408203125,0.12459882348775864,37.88835525512695,0.7312247157096863
1325,372,0.181640625,0.12447328120470047,37.776493072509766,0.7352279424667358
1326,384,0.1875,0.11364427208900452,36.56479263305664,0.7493934631347656
1327,385,0.18798828125,0.12036888301372528,37.52198791503906,0.7411045432090759
1328,402,0.1962890625,0.12276102602481842,39.12227249145508,0.72503662109375
1329,426,0.2080078125,0.11916980892419815,40.08992004394531,0.7105830311775208
1330,468,0.228515625,0.12609051167964935,41.729652404785156,0.6861525177955627
1331,482,0.2353515625,0.1207420751452446,41.367122650146484,0.6901077628135681
1332,560,0.2734375,0.12611061334609985,43.325016021728516,0.6657959222793579
1333,503,0.24560546875,0.1140744537115097,40.165531158447266,0.6946853995323181
1334,549,0.26806640625,0.1144704818725586,40.92270278930664,0.6824270486831665
1335,606,0.2958984375,0.12023361772298813,41.85742950439453,0.672341525554657
1336,717,0.35009765625,0.13681262731552124,45.56338882446289,0.6346220970153809
1337,876,0.427734375,0.15231895446777344,52.32200241088867,0.5655314922332764
1338,868,0.423828125,0.13282714784145355,47.28205871582031,0.6140977144241333
1339,737,0.35986328125,0.12715275585651398,43.391483306884766,0.6529520750045776
1340,633,0.30908203125,0.13030225038528442,40.47056579589844,0.6821638941764832
1341,619,0.30224609375,0.13054853677749634,39.926910400390625,0.6912301182746887
1342,722,0.3525390625,0.13563834130764008,43.359046936035156,0.6501398682594299
1343,884,0.431640625,0.12946467101573944,44.585304260253906,0.638967752456665
1344,959,0.46826171875,0.1254168450832367,45.82949447631836,0.6255488991737366
1345,1068,0.521484375,0.13203813135623932,49.29710388183594,0.5924683809280396
1346,915,0.44677734375,0.13339322805404663,63.86634063720703,0.4110484719276428
1347,1413,0.68994140625,0.08387547731399536,51.10647201538086,0.5740783214569092
1348,1572,0.767578125,0.08967431634664536,54.989479064941406,0.5250598788261414
1349,912,0.4453125,0.1572752147912979,47.16667556762695,0.6202872395515442
1350,1195,0.58349609375,0.0799299106001854,49.59305953979492,0.5931835770606995
1351,1041,0.50830078125,0.09884396195411682,48.56258773803711,0.6024401187896729
1352,1346,0.6572265625,0.10952935367822647,50.335994720458984,0.5896151065826416
1353,1589,0.77587890625,0.09899064153432846,53.440269470214844,0.5449398756027222
1354,1028,0.501953125,0.11424008011817932,48.628604888916016,0.6089668273925781
1355,897,0.43798828125,0.08786603808403015,48.328617095947266,0.6126692891120911
1356,1153,0.56298828125,0.09066379815340042,50.95277786254883,0.579685628414154
1357,1134,0.5537109375,0.10016575455665588,49.006534576416016,0.6006211042404175
1358,770,0.3759765625,0.1687619537115097,45.584102630615234,0.6427001357078552
1359,576,0.28125,0.19681799411773682,48.74061584472656,0.6087192893028259
1360,885,0.43212890625,0.17082610726356506,59.55839538574219,0.46608778834342957
1361,1619,0.79052734375,0.12476656585931778,49.904502868652344,0.5890715718269348
1362,1135,0.55419921875,0.10760127007961273,50.11431121826172,0.5879290103912354
1363,1207,0.58935546875,0.10640013217926025,51.13941955566406,0.5733850598335266
1364,1332,0.650390625,0.09618020057678223,55.13297653198242,0.5252006649971008
1365,1487,0.72607421875,0.11663605272769928,55.653297424316406,0.5187692046165466
1366,1476,0.720703125,0.12088225781917572,53.969764709472656,0.539326012134552
1367,1117,0.54541015625,0.09565594792366028,43.968727111816406,0.6669802069664001
1368,633,0.30908203125,0.08993534743785858,48.3714714050293,0.6064485311508179
1369,1178,0.5751953125,0.10202975571155548,47.8380241394043,0.6269940137863159
1370,931,0.45458984375,0.11188775300979614,49.558349609375,0.5934332609176636
1371,843,0.41162109375,0.10326545685529709,48.47369384765625,0.6060193777084351
1372,576,0.28125,0.0980757623910904,51.777801513671875,0.5641942620277405
1373,1316,0.642578125,0.11016397178173065,53.993309020996094,0.5461295247077942
1374,938,0.4580078125,0.10268189758062363,50.26879119873047,0.5952064990997314
1375,923,0.45068359375,0.08862532675266266,45.0692253112793,0.658570408821106
1376,945,0.46142578125,0.08513867110013962,39.3928337097168,0.7189680337905884
1377,706,0.3447265625,0.09616248309612274,30.282617568969727,0.8123109340667725
1378,707,0.34521484375,0.10556568205356598,31.560548782348633,0.7999691367149353
1379,877,0.42822265625,0.09865564852952957,36.9974479675293,0.74688321352005
1380,661,0.32275390625,0.11659169942140579,31.13148307800293,0.8058599829673767
1381,741,0.36181640625,0.09966836124658585,32.13764572143555,0.7930880784988403
1382,945,0.46142578125,0.09199929982423782,35.97938919067383,0.7497572898864746
1383,851,0.41552734375,0.09883544594049454,33.15165328979492,0.7811614274978638
1384,722,0.3525390625,0.10593117773532867,29.753097534179688,0.8177154660224915
1385,649,0.31689453125,0.10572686046361923,30.012739181518555,0.8134252429008484
1386,565,0.27587890625,0.11952566355466843,31.664308547973633,0.8014017343521118
1387,649,0.31689453125,0.10857267677783966,31.204509735107422,0.8044812679290771
1388,662,0.3232421875,0.11253491789102554,31.61185646057129,0.7983667850494385
1389,655,0.31982421875,0.11629556864500046,30.90448760986328,0.80743408203125
1390,558,0.2724609375,0.12567654252052307,31.01821517944336,0.8094713091850281
1391,460,0.224609375,0.1320813149213791,30.5954532623291,0.8176622986793518
1392,519,0.25341796875,0.13908880949020386,28.64411735534668,0.8318980932235718
1393,452,0.220703125,0.1268325299024582,27.006269454956055,0.8506062030792236
1394,489,0.23876953125,0.13450317084789276,28.54305648803711,0.8332841992378235
1395,350,0.1708984375,0.1324499398469925,27.947416305541992,0.8501580953598022
1396,322,0.1572265625,0.1376061588525772,30.55366325378418,0.8237470388412476
1397,317,0.15478515625,0.13054078817367554,28.289243698120117,0.846254289150238
1398,303,0.14794921875,0.12886764109134674,29.12942886352539,0.8394351005554199
1399,333,0.16259765625,0.13690054416656494,29.119741439819336,0.8367723822593689
1400,281,0.13720703125,0.14312560856342316,36.386688232421875,0.7568933963775635
1401,280,0.13671875,0.1435781717300415,35.630126953125,0.7676817774772644
1402,267,0.13037109375,0.11145049333572388,33.387237548828125,0.7931442856788635
1403,249,0.12158203125,0.10909147560596466,32.4229736328125,0.8034513592720032
1404,248,0.12109375,0.11667139828205109,34.20145034790039,0.7843940258026123
1405,262,0.1279296875,0.11275655031204224,33.94282531738281,0.7855274677276611
1406,255,0.12451171875,0.10472558438777924,33.5965690612793,0.7904093265533447
1407,280,0.13671875,0.11499850451946259,32.03300857543945,0.8048813939094543
1408,284,0.138671875,0.1466444730758667,34.568626403808594,0.7734699249267578
1409,270,0.1318359375,0.15055808424949646,34.53331756591797,0.7760297656059265
1410,256,0.125,0.10924158990383148,33.10513687133789,0.8001034259796143
1411,225,0.10986328125,0.10902354121208191,33.238929748535156,0.7918519973754883
1412,209,0.10205078125,0.10401890426874161,33.15974807739258,0.7960613965988159
1413,206,0.1005859375,0.10753370076417923,33.946231842041016,0.7916965484619141
1414,208,0.1015625,0.111996591091156,32.92510986328125,0.8032508492469788
1415,218,0.1064453125,0.1076328307390213,34.058963775634766,0.7868006229400635
1416,234,0.1142578125,0.11813972890377045,34.462100982666016,0.7842445969581604
1417,210,0.1025390625,0.10820869356393814,31.79800033569336,0.8198370337486267
1418,213,0.10400390625,0.11190659552812576,33.590911865234375,0.8001161813735962
1419,224,0.109375,0.10305288434028625,32.07906723022461,0.8153578639030457
1420,265,0.12939453125,0.14218740165233612,34.871910095214844,0.7805884480476379
1421,254,0.1240234375,0.11851653456687927,32.90810012817383,0.8028014898300171
1422,249,0.12158203125,0.10021001845598221,32.6051025390625,0.8052133321762085
1423,221,0.10791015625,0.10340547561645508,32.970672607421875,0.8028870820999146
1424,229,0.11181640625,0.1457722783088684,33.74872589111328,0.7922587990760803
1425,248,0.12109375,0.11916851252317429,33.872501373291016,0.7884821891784668
1426,218,0.1064453125,0.11980386823415756,35.211124420166016,0.77256840467453
1427,181,0.08837890625,0.1195654422044754,33.68559265136719,0.792885959148407
1428,169,0.08251953125,0.12709049880504608,33.57099914550781,0.795217752456665
1429,178,0.0869140625,0.13216587901115417,33.44367980957031,0.7929227352142334
1430,176,0.0859375,0.1268492192029953,32.769474029541016,0.8015912771224976
1431,155,0.07568359375,0.11783649772405624,32.093441009521484,0.8060552477836609
1432,151,0.07373046875,0.12117477506399155,34.28044891357422,0.7835873365402222
1433,162,0.0791015625,0.11226147413253784,32.98667526245117,0.8008432984352112
1434,176,0.0859375,0.1125725507736206,33.666385650634766,0.7943174839019775
1435,172,0.083984375,0.11580284684896469,34.594017028808594,0.7848936319351196
1436,197,0.09619140625,0.11031854897737503,33.123313903808594,0.7982050180435181
1437,202,0.0986328125,0.10640580952167511,33.51324462890625,0.7936676144599915
1438,189,0.09228515625,0.10395534336566925,32.320716857910156,0.8086119890213013
1439,179,0.08740234375,0.10326459258794785,31.802227020263672,0.8183140158653259
1440,225,0.10986328125,0.15670453011989594,35.470420837402344,0.7705575227737427
1441,279,0.13623046875,0.15468184649944305,34.24480438232422,0.7836787104606628
1442,312,0.15234375,0.1823682337999344,33.056209564208984,0.7937448024749756
1443,301,0.14697265625,0.16578492522239685,34.52706527709961,0.7799409031867981
1444,289,0.14111328125,0.15936991572380066,33.964195251464844,0.7861756086349487
1445,287,0.14013671875,0.17815712094306946,33.56382751464844,0.7924332618713379
1446,322,0.1572265625,0.20016014575958252,33.020442962646484,0.7963889241218567
1447,360,0.17578125,0.215877503156662,34.788063049316406,0.7719166874885559
1448,341,0.16650390625,0.2203328013420105,32.70072555541992,0.7978593707084656
1449,366,0.1787109375,0.21194496750831604,32.4741325378418,0.796097993850708
1450,333,0.16259765625,0.20167659223079681,32.495601654052734,0.7979414463043213
1451,320,0.15625,0.20317387580871582,33.56153869628906,0.7876746654510498
1452,257,0.12548828125,0.11604095250368118,33.54996871948242,0.7890782356262207
1453,268,0.130859375,0.11325828731060028,32.92920684814453,0.8008220791816711
1454,302,0.1474609375,0.13542018830776215,31.675512313842773,0.8077671527862549
1455,349,0.17041015625,0.19291530549526215,31.14514923095703,0.8151554465293884
1456,350,0.1708984375,0.1486978530883789,31.679174423217773,0.8088265657424927
1457,381,0.18603515625,0.1541305035352707,32.16220474243164,0.7920525670051575
1458,348,0.169921875,0.13390721380710602,31.118467330932617,0.8040281534194946
1459,366,0.1787109375,0.12819793820381165,30.970951080322266,0.8057906627655029
1460,324,0.158203125,0.1141512393951416,30.337736129760742,0.8240278363227844
1461,334,0.1630859375,0.11576683819293976,31.051679611206055,0.8146346807479858
1462,334,0.1630859375,0.11522093415260315,29.65580177307129,0.8313761353492737
1463,353,0.17236328125,0.1538083255290985,31.479660034179688,0.8047682642936707
1464,355,0.17333984375,0.18763644993305206,32.9786491394043,0.7824422717094421
1465,316,0.154296875,0.21387451887130737,33.08955001831055,0.7877041697502136
1466,293,0.14306640625,0.20153996348381042,32.702144622802734,0.7888622879981995
1467,369,0.18017578125,0.2112843543291092,35.11025619506836,0.7589653730392456
1468,352,0.171875,0.1931256353855133,32.66809844970703,0.7849925756454468
1469,322,0.1572265625,0.1808445155620575,31.635902404785156,0.8027145862579346
1470,297,0.14501953125,0.15406878292560577,32.06373977661133,0.7983262538909912
1471,324,0.158203125,0.14310352504253387,30.96343231201172,0.8109272122383118
1472,369,0.18017578125,0.16776017844676971,32.799251556396484,0.7898687720298767
1473,396,0.193359375,0.17530418932437897,36.326438903808594,0.7531941533088684
1474,357,0.17431640625,0.15050028264522552,34.36021041870117,0.7779495120048523
1475,317,0.15478515625,0.13610705733299255,33.448726654052734,0.7911269068717957
1476,343,0.16748046875,0.14150337874889374,31.36775779724121,0.8102619647979736
1477,320,0.15625,0.14076106250286102,31.41057777404785,0.8082612156867981
1478,321,0.15673828125,0.1498534232378006,32.35271072387695,0.7937920689582825
1479,256,0.125,0.12255077809095383,33.27079391479492,0.7920737266540527
1480,219,0.10693359375,0.17633995413780212,26.509628295898438,0.8561050295829773
1481,226,0.1103515625,0.16914072632789612,25.837814331054688,0.8610985279083252
1482,253,0.12353515625,0.18346662819385529,24.518407821655273,0.8713487982749939
1483,242,0.1181640625,0.16734202206134796,23.943742752075195,0.874378502368927
1484,303,0.14794921875,0.16767160594463348,23.049110412597656,0.8799267411231995
1485,310,0.1513671875,0.14484450221061707,23.43120765686035,0.8762508034706116
1486,331,0.16162109375,0.1817733198404312,22.954235076904297,0.8826282024383545
1487,353,0.17236328125,0.17906635999679565,23.140567779541016,0.8782796263694763
1488,401,0.19580078125,0.19044393301010132,24.91525650024414,0.8582485914230347
1489,347,0.16943359375,0.16802749037742615,22.878076553344727,0.8806676268577576
1490,418,0.2041015625,0.16549229621887207,25.149370193481445,0.8588918447494507
1491,312,0.15234375,0.16110695898532867,24.35138511657715,0.8685960173606873
1492,338,0.1650390625,0.1706041395664215,23.258514404296875,0.8776050806045532
1493,330,0.1611328125,0.17475561797618866,23.4376163482666,0.8783177137374878
1494,322,0.1572265625,0.18340277671813965,24.493820190429688,0.8721806406974792
1495,295,0.14404296875,0.1798926442861557,25.102909088134766,0.8668066263198853
1496,313,0.15283203125,0.19238893687725067,26.527074813842773,0.8594038486480713
1497,346,0.1689453125,0.18977010250091553,26.62476921081543,0.8585267066955566
1498,375,0.18310546875,0.19371891021728516,26.336135864257812,0.8577941656112671
1499,411,0.20068359375,0.20445500314235687,27.931900024414062,0.8386229276657104
1500,360,0.17578125,0.20568116009235382,29.828126907348633,0.8267432451248169
1501,375,0.18310546875,0.2046375870704651,29.369916915893555,0.8285807371139526
1502,331,0.16162109375,0.2001093477010727,27.499893188476562,0.8463928699493408
1503,298,0.1455078125,0.1932041198015213,27.961156845092773,0.8480875492095947
1504,300,0.146484375,0.19439803063869476,26.95615577697754,0.8553645610809326
1505,259,0.12646484375,0.20181891322135925,30.239273071289062,0.8268264532089233
1506,292,0.142578125,0.20440006256103516,29.442991256713867,0.8352601528167725
1507,323,0.15771484375,0.22254186868667603,30.822647094726562,0.8197889924049377
1508,323,0.15771484375,0.22361251711845398,31.573925018310547,0.8135033845901489
1509,271,0.13232421875,0.20921935141086578,31.159038543701172,0.8228055238723755
1510,301,0.14697265625,0.21604613959789276,32.627750396728516,0.8048056960105896
1511,283,0.13818359375,0.22520197927951813,33.051490783691406,0.8018914461135864
1512,293,0.14306640625,0.2281433790922165,32.53849411010742,0.8078950643539429
1513,248,0.12109375,0.2104104906320572,33.953433990478516,0.7942380309104919
1514,227,0.11083984375,0.20701618492603302,33.88942337036133,0.7915863990783691
1515,243,0.11865234375,0.22326533496379852,33.8375129699707,0.7933627963066101
1516,285,0.13916015625,0.2580179274082184,35.40212631225586,0.7741439938545227
1517,267,0.13037109375,0.2365008294582367,36.094791412353516,0.7648975253105164
1518,303,0.14794921875,0.33547836542129517,37.90684127807617,0.7404674291610718
1519,284,0.138671875,0.3162671625614166,37.76881790161133,0.7436176538467407
1520,309,0.15087890625,0.1476103812456131,30.853540420532227,0.8111032843589783
1521,303,0.14794921875,0.1814076006412506,28.98536491394043,0.828922688961029
1522,359,0.17529296875,0.20448602735996246,30.135379791259766,0.8061890602111816
1523,337,0.16455078125,0.20758883655071259,29.85344886779785,0.8043599724769592
1524,359,0.17529296875,0.202438086271286,29.046314239501953,0.8194499611854553
1525,312,0.15234375,0.20648448169231415,28.641660690307617,0.8276130557060242
1526,288,0.140625,0.16122309863567352,29.163259506225586,0.8182885050773621
1527,286,0.1396484375,0.20476381480693817,29.059232711791992,0.8219805359840393
1528,249,0.12158203125,0.15027788281440735,30.471088409423828,0.818394124507904
1529,246,0.1201171875,0.15380845963954926,32.46516418457031,0.7983442544937134
1530,249,0.12158203125,0.15049739181995392,29.60527801513672,0.8281403183937073
1531,273,0.13330078125,0.14861971139907837,29.80614471435547,0.8254937529563904
1532,292,0.142578125,0.1965004801750183,30.089200973510742,0.8239762187004089
1533,322,0.1572265625,0.1968075931072235,29.504968643188477,0.8288060426712036
1534,313,0.15283203125,0.18866729736328125,30.015098571777344,0.8201109766960144
1535,354,0.1728515625,0.18983201682567596,30.019376754760742,0.817095935344696
1536,336,0.1640625,0.15957631170749664,31.76906967163086,0.8015195727348328
1537,304,0.1484375,0.1575031727552414,31.10301399230957,0.8119189143180847
1538,303,0.14794921875,0.1984504610300064,30.50175666809082,0.8161565661430359
1539,311,0.15185546875,0.1916559338569641,30.696603775024414,0.8140395283699036
1540,300,0.146484375,0.1928386390209198,30.800453186035156,0.8129914402961731
1541,293,0.14306640625,0.15769727528095245,29.569246292114258,0.8270401358604431
1542,282,0.1376953125,0.1449267566204071,29.687583923339844,0.8304526209831238
1543,288,0.140625,0.1393992155790329,29.584821701049805,0.829775333404541
1544,318,0.1552734375,0.15583841502666473,31.390880584716797,0.8064428567886353
1545,286,0.1396484375,0.14340588450431824,30.165210723876953,0.8269584774971008
1546,308,0.150390625,0.14179304242134094,30.939401626586914,0.8190206289291382
1547,295,0.14404296875,0.14019595086574554,31.215538024902344,0.8165737390518188
1548,298,0.1455078125,0.14322486519813538,30.6031494140625,0.8204118609428406
1549,306,0.1494140625,0.14030715823173523,30.212472915649414,0.8243977427482605
1550,298,0.1455078125,0.14149338006973267,30.597824096679688,0.8206838369369507
1551,266,0.1298828125,0.13209886848926544,30.78878402709961,0.8239486217498779
1552,277,0.13525390625,0.1274370402097702,30.201316833496094,0.8296744227409363
1553,234,0.1142578125,0.12379415333271027,31.164884567260742,0.8180510401725769
1554,259,0.12646484375,0.12992480397224426,29.790424346923828,0.8288748264312744
1555,264,0.12890625,0.13688385486602783,31.508193969726562,0.8112755417823792
1556,282,0.1376953125,0.13788460195064545,29.886445999145508,0.8305836319923401
1557,286,0.1396484375,0.19694659113883972,32.03740692138672,0.8110859990119934
1558,302,0.1474609375,0.20174111425876617,32.42808532714844,0.8038849830627441
1559,321,0.15673828125,0.1874808669090271,33.92867660522461,0.7836582064628601
1560,1069,0.52197265625,0.09261760115623474,45.674434661865234,0.6330634355545044
1561,1055,0.51513671875,0.10744216293096542,47.418949127197266,0.6150151491165161
1562,965,0.47119140625,0.11852993816137314,49.011192321777344,0.5963550209999084
1563,1201,0.58642578125,0.11358516663312912,45.890838623046875,0.6326420903205872
1564,959,0.46826171875,0.10734383016824722,46.677791595458984,0.6222448348999023
1565,1054,0.5146484375,0.10277333110570908,45.579498291015625,0.6349983215332031
1566,987,0.48193359375,0.09250926971435547,44.36960220336914,0.6460316777229309
1567,911,0.44482421875,0.12252848595380783,45.62101364135742,0.6340946555137634
1568,1230,0.6005859375,0.11051212251186371,45.71332550048828,0.6355361342430115
1569,1490,0.7275390625,0.11421480029821396,46.886146545410156,0.6239631175994873
1570,1221,0.59619140625,0.0856531411409378,45.39735794067383,0.6434401869773865
1571,1550,0.7568359375,0.11909469217061996,46.89605712890625,0.6253828406333923
1572,178,0.0869140625,0.275233656167984,50.48977279663086,0.579465389251709
1573,180,0.087890625,0.2635476589202881,52.43096160888672,0.558428168296814
1574,179,0.08740234375,0.2589496076107025,46.767677307128906,0.6191163063049316
1575,1745,0.85205078125,0.12535689771175385,56.70701599121094,0.5052651762962341
1576,171,0.08349609375,0.27232059836387634,46.646305084228516,0.6120590567588806
1577,1722,0.8408203125,0.12568506598472595,56.64409637451172,0.5054018497467041
1578,159,0.07763671875,0.27505943179130554,49.74748229980469,0.5939914584159851
1579,752,0.3671875,0.141370952129364,51.80132293701172,0.5736507773399353
1580,975,0.47607421875,0.140622079372406,45.1523323059082,0.6633312106132507
1581,748,0.365234375,0.15677063167095184,36.99166488647461,0.739123523235321
1582,648,0.31640625,0.162358358502388,34.12263107299805,0.7647871971130371
1583,674,0.3291015625,0.16280589997768402,36.18309783935547,0.74310302734375
1584,657,0.32080078125,0.15874527394771576,35.44392776489258,0.7539326548576355
1585,648,0.31640625,0.1527995616197586,36.492820739746094,0.7377801537513733
1586,707,0.34521484375,0.15842458605766296,38.21250915527344,0.723562479019165
1587,569,0.27783203125,0.15691091120243073,37.76640319824219,0.7250752449035645
1588,611,0.29833984375,0.16091769933700562,37.80717468261719,0.7261146306991577
1589,530,0.2587890625,0.16036930680274963,36.98694610595703,0.7354987263679504
1590,549,0.26806640625,0.16892880201339722,36.774574279785156,0.7344646453857422
1591,528,0.2578125,0.15782193839550018,37.5509147644043,0.7261618971824646
1592,496,0.2421875,0.1538163274526596,38.065223693847656,0.7234322428703308
1593,505,0.24658203125,0.15988731384277344,37.540592193603516,0.7293696403503418
1594,526,0.2568359375,0.17785096168518066,39.990116119384766,0.7068443298339844
1595,545,0.26611328125,0.1800675243139267,41.56298065185547,0.6814937591552734
1596,576,0.28125,0.20799311995506287,47.63631057739258,0.6169938445091248
1597,609,0.29736328125,0.20785672962665558,41.360408782958984,0.6855125427246094
1598,543,0.26513671875,0.163401797413826,40.01951217651367,0.7037575840950012
1599,578,0.2822265625,0.1650029867887497,39.590782165527344,0.7083473205566406
1600,164,0.080078125,0.18583452701568604,35.065338134765625,0.7817243337631226
1601,175,0.08544921875,0.1759185791015625,33.711605072021484,0.7966784834861755
1602,173,0.08447265625,0.16431419551372528,34.114013671875,0.7836652994155884
1603,165,0.08056640625,0.17362555861473083,34.08641815185547,0.7868902087211609
1604,169,0.08251953125,0.17949941754341125,32.96686935424805,0.796034038066864
1605,177,0.08642578125,0.1700940579175949,31.64109992980957,0.8081413507461548
1606,169,0.08251953125,0.17281001806259155,31.554485321044922,0.8115816116333008
1607,185,0.09033203125,0.14556553959846497,30.447471618652344,0.820918083190918
1608,177,0.08642578125,0.1400022804737091,29.82792091369629,0.8315155506134033
1609,187,0.09130859375,0.14068637788295746,30.501060485839844,0.821459174156189
1610,181,0.08837890625,0.1529822051525116,30.364009857177734,0.8270155191421509
1611,171,0.08349609375,0.16346979141235352,31.261775970458984,0.8111356496810913
1612,178,0.0869140625,0.16834978759288788,30.386751174926758,0.8191092610359192
1613,165,0.08056640625,0.16739147901535034,32.44919967651367,0.7960442900657654
1614,178,0.0869140625,0.17280852794647217,32.463409423828125,0.7978538870811462
1615,200,0.09765625,0.1953163594007492,31.672929763793945,0.8068961501121521
1616,199,0.09716796875,0.17406928539276123,32.9000244140625,0.7954615354537964
1617,194,0.0947265625,0.15845243632793427,29.934452056884766,0.8220153450965881
1618,187,0.09130859375,0.16461406648159027,31.892261505126953,0.8025183081626892
1619,193,0.09423828125,0.15357820689678192,30.15477752685547,0.8211750388145447
1620,192,0.09375,0.12955479323863983,27.653451919555664,0.8536899089813232
1621,190,0.0927734375,0.12897765636444092,27.3438663482666,0.8551029562950134
1622,185,0.09033203125,0.13178060948848724,28.082321166992188,0.8494574427604675
1623,201,0.09814453125,0.13579832017421722,27.286087036132812,0.8533175587654114
1624,228,0.111328125,0.13472837209701538,27.753047943115234,0.8492214679718018
1625,297,0.14501953125,0.13969548046588898,28.622982025146484,0.8332104682922363
1626,313,0.15283203125,0.1446756273508072,29.877445220947266,0.8203033208847046
1627,309,0.15087890625,0.14764218032360077,29.906780242919922,0.8187423348426819
1628,304,0.1484375,0.1548975706100464,32.075279235839844,0.7982943654060364
1629,278,0.1357421875,0.12805390357971191,27.99530601501465,0.8458890914916992
1630,304,0.1484375,0.1238749772310257,27.911155700683594,0.8429275155067444
1631,276,0.134765625,0.12491176277399063,26.198490142822266,0.8638437986373901
1632,288,0.140625,0.11687123775482178,27.40125274658203,0.8491154909133911
1633,338,0.1650390625,0.11717047542333603,30.336809158325195,0.8143792748451233
1634,300,0.146484375,0.11359404027462006,28.888654708862305,0.8408637642860413
1635,304,0.1484375,0.11324659734964371,28.426559448242188,0.8439403176307678
1636,288,0.140625,0.12224899232387543,28.734331130981445,0.8448204398155212
1637,298,0.1455078125,0.11476998031139374,27.19888687133789,0.8540334701538086
1638,274,0.1337890625,0.1230306476354599,26.715606689453125,0.8561053276062012
1639,261,0.12744140625,0.12414419651031494,28.092477798461914,0.8472362756729126
1640,231,0.11279296875,0.12310654670000076,35.22460174560547,0.7652711272239685
1641,214,0.1044921875,0.13158361613750458,38.437339782714844,0.7398386597633362
1642,248,0.12109375,0.13882312178611755,37.88576889038086,0.7456147074699402
1643,245,0.11962890625,0.12673531472682953,36.231407165527344,0.7573723196983337
1644,240,0.1171875,0.12460687756538391,32.87294006347656,0.795559823513031
1645,253,0.12353515625,0.12991441786289215,34.05757522583008,0.7833957076072693
1646,295,0.14404296875,0.11897800862789154,34.16170883178711,0.7798811793327332
1647,299,0.14599609375,0.1261914074420929,32.367183685302734,0.7971078157424927
1648,250,0.1220703125,0.12294220179319382,32.063289642333984,0.8005220890045166
1649,247,0.12060546875,0.11814402788877487,33.45908737182617,0.7828916311264038
1650,269,0.13134765625,0.12092367559671402,32.827850341796875,0.7881705164909363
1651,255,0.12451171875,0.12700752913951874,34.37081527709961,0.7796608805656433
1652,221,0.10791015625,0.12362148612737656,34.9051399230957,0.7777794003486633
1653,218,0.1064453125,0.1255054920911789,34.68144226074219,0.776082456111908
1654,219,0.10693359375,0.12420652061700821,33.358299255371094,0.7864042520523071
1655,199,0.09716796875,0.11628082394599915,33.300628662109375,0.789156436920166
1656,189,0.09228515625,0.11107403039932251,31.100250244140625,0.8125163316726685
1657,192,0.09375,0.1112554743885994,32.220882415771484,0.7990787029266357
1658,204,0.099609375,0.10610558837652206,29.60068702697754,0.8234079480171204
1659,224,0.109375,0.10858616232872009,29.10052490234375,0.8289442658424377
1660,189,0.09228515625,0.10727094113826752,30.13078498840332,0.8149645924568176
1661,176,0.0859375,0.10389402508735657,30.84375,0.8070504665374756
1662,169,0.08251953125,0.0974583551287651,31.267179489135742,0.805515468120575
1663,176,0.0859375,0.09690506011247635,29.38572883605957,0.8258304595947266
1664,202,0.0986328125,0.10084618628025055,30.525432586669922,0.8182944059371948
1665,213,0.10400390625,0.09644334018230438,30.347431182861328,0.8150275349617004
1666,190,0.0927734375,0.09317272156476974,28.964574813842773,0.832530677318573
1667,185,0.09033203125,0.08896525949239731,29.940208435058594,0.8188586235046387
1668,194,0.0947265625,0.09361415356397629,29.212862014770508,0.8258971571922302
1669,189,0.09228515625,0.09385231882333755,27.00575065612793,0.8502408266067505
1670,206,0.1005859375,0.09603642672300339,28.837072372436523,0.8341194987297058
1671,192,0.09375,0.10406257212162018,28.111238479614258,0.841149628162384
1672,187,0.09130859375,0.09751562029123306,27.807666778564453,0.8423197269439697
1673,187,0.09130859375,0.10169648379087448,29.00156593322754,0.8329253792762756
1674,178,0.0869140625,0.09563092142343521,26.92422866821289,0.8495597243309021
1675,189,0.09228515625,0.09864206612110138,28.308032989501953,0.8385617136955261
1676,175,0.08544921875,0.09466905146837234,27.904382705688477,0.8431558012962341
1677,188,0.091796875,0.10296066850423813,29.93247413635254,0.8219847083091736
1678,169,0.08251953125,0.0986848920583725,27.772857666015625,0.8424365520477295
1679,176,0.0859375,0.09842289984226227,27.53564453125,0.8491637706756592
1680,581,0.28369140625,0.18831051886081696,39.62313461303711,0.7208641171455383
1681,511,0.24951171875,0.18038547039031982,38.45123291015625,0.7293826341629028
1682,541,0.26416015625,0.18935377895832062,40.04237365722656,0.7098077535629272
1683,544,0.265625,0.19565042853355408,40.02235794067383,0.7122974395751953
1684,514,0.2509765625,0.1835346817970276,39.50340270996094,0.716906726360321
1685,433,0.21142578125,0.1749625951051712,39.261566162109375,0.725998044013977
1686,420,0.205078125,0.1746056079864502,38.934268951416016,0.7351009845733643
1687,389,0.18994140625,0.15682782232761383,37.76436233520508,0.7479159235954285
1688,401,0.19580078125,0.16069760918617249,36.92890167236328,0.7569514513015747
1689,409,0.19970703125,0.15939739346504211,37.02633285522461,0.7505931258201599
1690,396,0.193359375,0.15525084733963013,36.64381790161133,0.759006917476654
1691,350,0.1708984375,0.14959722757339478,38.67768478393555,0.7345274090766907
1692,363,0.17724609375,0.15563476085662842,38.77597427368164,0.7364993095397949
1693,408,0.19921875,0.14958110451698303,39.593605041503906,0.7162231206893921
1694,473,0.23095703125,0.16469286382198334,40.628334045410156,0.706116795539856
1695,425,0.20751953125,0.14583225548267365,39.994232177734375,0.7116996645927429
1696,424,0.20703125,0.15388764441013336,39.466922760009766,0.7150972485542297
1697,410,0.2001953125,0.1515592783689499,39.60094451904297,0.7167194485664368
1698,386,0.1884765625,0.16072869300842285,39.511932373046875,0.7218286991119385
1699,390,0.1904296875,0.1568497270345688,38.056854248046875,0.7381945252418518
1700,378,0.1845703125,0.15778683125972748,38.14228057861328,0.7363556623458862
1701,354,0.1728515625,0.16468894481658936,39.82890701293945,0.7171304225921631
1702,416,0.203125,0.1574355512857437,38.98405456542969,0.7202341556549072
1703,449,0.21923828125,0.15547867119312286,38.59370040893555,0.7220852971076965
1704,426,0.2080078125,0.163223996758461,39.056949615478516,0.7239587903022766
1705,473,0.23095703125,0.15912079811096191,39.27287673950195,0.71662437915802
1706,482,0.2353515625,0.15987272560596466,40.26750946044922,0.7065558433532715
1707,510,0.2490234375,0.14817066490650177,39.43793487548828,0.7141896486282349
1708,496,0.2421875,0.15095208585262299,39.279884338378906,0.7173850536346436
1709,560,0.2734375,0.15478608012199402,39.940040588378906,0.7064562439918518
1710,610,0.2978515625,0.15933704376220703,39.71696472167969,0.7050609588623047
1711,685,0.33447265625,0.17115601897239685,39.02361297607422,0.7147434949874878
1712,741,0.36181640625,0.19358083605766296,38.638458251953125,0.718578040599823
1713,789,0.38525390625,0.21016699075698853,40.607452392578125,0.6944903135299683
1714,847,0.41357421875,0.22998739778995514,48.8470573425293,0.6157788038253784
1715,743,0.36279296875,0.22310888767242432,45.22102737426758,0.6466326713562012
1716,707,0.34521484375,0.21507568657398224,44.0606803894043,0.6627514362335205
1717,1120,0.546875,0.22829852998256683,45.027740478515625,0.6528565287590027
1718,1185,0.57861328125,0.21817195415496826,40.93394088745117,0.6896857023239136
1719,675,0.32958984375,0.19327425956726074,40.51223373413086,0.7040724158287048
1720,202,0.0986328125,0.11171413958072662,28.87384605407715,0.8358868956565857
1721,195,0.09521484375,0.10779110342264175,30.367368698120117,0.8180001974105835
1722,198,0.0966796875,0.10670627653598785,28.90177345275879,0.8298242092132568
1723,204,0.099609375,0.10575097054243088,28.014190673828125,0.8438943028450012
1724,209,0.10205078125,0.11049976944923401,28.46584129333496,0.835823118686676
1725,200,0.09765625,0.107345350086689,29.5076904296875,0.8280012011528015
1726,208,0.1015625,0.106782928109169,29.51700782775879,0.8261944055557251
1727,196,0.095703125,0.1124129369854927,29.176124572753906,0.8321011662483215
1728,193,0.09423828125,0.11674555391073227,30.215953826904297,0.8187870383262634
1729,191,0.09326171875,0.12035145610570908,28.497474670410156,0.8394078612327576
1730,195,0.09521484375,0.12990005314350128,30.396020889282227,0.8202521800994873
1731,180,0.087890625,0.12848447263240814,28.70022964477539,0.8355832695960999
1732,172,0.083984375,0.12656375765800476,28.915241241455078,0.8321433067321777
1733,160,0.078125,0.11649612337350845,28.2918643951416,0.8386025428771973
1734,165,0.08056640625,0.11125876009464264,28.11467170715332,0.8376336097717285
1735,154,0.0751953125,0.10674970597028732,27.336505889892578,0.8500188589096069
1736,145,0.07080078125,0.10752325505018234,27.699583053588867,0.8394100069999695
1737,131,0.06396484375,0.11163858324289322,26.10700225830078,0.8640521168708801
1738,135,0.06591796875,0.10747833549976349,26.408628463745117,0.8482881784439087
1739,137,0.06689453125,0.1049070879817009,25.29802894592285,0.8631496429443359
1740,136,0.06640625,0.10753482580184937,26.084354400634766,0.8500137329101562
1741,138,0.0673828125,0.10513206571340561,25.905895233154297,0.851828396320343
1742,150,0.0732421875,0.10125603526830673,25.962093353271484,0.8504593372344971
1743,164,0.080078125,0.11173214018344879,27.72174835205078,0.8335564732551575
1744,165,0.08056640625,0.11280660331249237,27.059646606445312,0.8473671674728394
1745,151,0.07373046875,0.11946322023868561,27.214876174926758,0.8415957689285278
1746,157,0.07666015625,0.11627822369337082,28.324317932128906,0.8231884241104126
1747,152,0.07421875,0.1096111387014389,28.964075088500977,0.8258471488952637
1748,165,0.08056640625,0.12277735769748688,28.019010543823242,0.8377277851104736
1749,153,0.07470703125,0.11629606783390045,27.238229751586914,0.8498783707618713
1750,160,0.078125,0.11347853392362595,28.450977325439453,0.8299927711486816
1751,131,0.06396484375,0.1073022112250328,27.78614616394043,0.8433519601821899
1752,132,0.064453125,0.10764525085687637,28.47327423095703,0.8329197764396667
1753,136,0.06640625,0.10356588661670685,27.25275421142578,0.8470553159713745
1754,142,0.0693359375,0.104515440762043,27.346759796142578,0.8466709852218628
1755,144,0.0703125,0.11250070482492447,27.141319274902344,0.849674642086029
1756,145,0.07080078125,0.11181420832872391,27.161006927490234,0.8454533815383911
1757,142,0.0693359375,0.10764531046152115,27.971908569335938,0.8383191227912903
1758,136,0.06640625,0.12342266738414764,28.68383026123047,0.8265237212181091
1759,149,0.07275390625,0.1217288076877594,29.221174240112305,0.8230505585670471
1760,383,0.18701171875,0.12154422700405121,34.99708938598633,0.7692230343818665
1761,349,0.17041015625,0.11662935465574265,35.13384246826172,0.7700000405311584
1762,317,0.15478515625,0.10771237313747406,35.81317901611328,0.7681028246879578
1763,337,0.16455078125,0.11634805053472519,36.956180572509766,0.7556310296058655
1764,321,0.15673828125,0.1089511513710022,37.118995666503906,0.7563490271568298
1765,326,0.1591796875,0.11237439513206482,38.962745666503906,0.7328387498855591
1766,315,0.15380859375,0.11740969866514206,36.98228454589844,0.7551324963569641
1767,358,0.1748046875,0.10611478984355927,37.019248962402344,0.7554546594619751
1768,372,0.181640625,0.10253351181745529,38.001495361328125,0.7443670630455017
1769,365,0.17822265625,0.11929065734148026,33.451168060302734,0.7894164323806763
1770,341,0.16650390625,0.14606136083602905,34.95914077758789,0.7725865244865417
1771,369,0.18017578125,0.14759965240955353,34.35712432861328,0.7756772637367249
1772,367,0.17919921875,0.14185239374637604,34.77791213989258,0.7685104608535767
1773,343,0.16748046875,0.1453084647655487,37.278038024902344,0.7445553541183472
1774,410,0.2001953125,0.15620777010917664,38.5845832824707,0.7275887727737427
1775,355,0.17333984375,0.15669091045856476,37.55990982055664,0.7436179518699646
1776,345,0.16845703125,0.15132847428321838,37.574649810791016,0.7391176223754883
1777,418,0.2041015625,0.1558201014995575,39.10636520385742,0.7217267155647278
1778,495,0.24169921875,0.1464526355266571,40.3332633972168,0.705909788608551
1779,482,0.2353515625,0.15491923689842224,39.05902862548828,0.7189792990684509
1780,424,0.20703125,0.1560785472393036,39.527069091796875,0.717207133769989
1781,418,0.2041015625,0.16454169154167175,40.04914093017578,0.7135226726531982
1782,573,0.27978515625,0.1786058396100998,42.499488830566406,0.6765759587287903
1783,706,0.3447265625,0.1696384996175766,43.67417907714844,0.6618848443031311
1784,949,0.46337890625,0.22508034110069275,44.88932800292969,0.6493134498596191
1785,728,0.35546875,0.19285891950130463,43.39734649658203,0.6671514511108398
1786,777,0.37939453125,0.18925249576568604,43.45252990722656,0.6666398048400879
1787,592,0.2890625,0.16359712183475494,40.84804916381836,0.6916139721870422
1788,569,0.27783203125,0.15492674708366394,40.47179412841797,0.6928858160972595
1789,538,0.2626953125,0.13660754263401031,39.85771179199219,0.704620361328125
1790,588,0.287109375,0.1388029158115387,38.929752349853516,0.7178151607513428
1791,611,0.29833984375,0.1350022256374359,37.97874450683594,0.7265710830688477
1792,613,0.29931640625,0.12404921650886536,38.0524787902832,0.7275853753089905
1793,546,0.2666015625,0.11463499069213867,39.8613166809082,0.7122905850410461
1794,618,0.3017578125,0.12011752277612686,41.298030853271484,0.6897040009498596
1795,584,0.28515625,0.1358676254749298,39.29636001586914,0.7111469507217407
1796,614,0.2998046875,0.14914852380752563,38.550907135009766,0.7198730111122131
1797,619,0.30224609375,0.1358100175857544,44.84654235839844,0.6582920551300049
1798,624,0.3046875,0.15338663756847382,38.4836311340332,0.724055826663971
1799,608,0.296875,0.17128653824329376,40.1427116394043,0.7111820578575134
1800,588,0.287109375,0.21627791225910187,50.320133209228516,0.5797337889671326
1801,1128,0.55078125,0.14815428853034973,44.339847564697266,0.6644405126571655
1802,1075,0.52490234375,0.1548416018486023,40.56659698486328,0.700029730796814
1803,1082,0.5283203125,0.15946215391159058,41.07144546508789,0.6910039186477661
1804,1060,0.517578125,0.1588851511478424,40.89510726928711,0.6901124715805054
1805,1048,0.51171875,0.15856331586837769,40.82085037231445,0.6918182373046875
1806,924,0.451171875,0.15382660925388336,42.377750396728516,0.6743996143341064
1807,953,0.46533203125,0.16585010290145874,42.809173583984375,0.6775650382041931
1808,899,0.43896484375,0.1612611562013626,44.404720306396484,0.6575286388397217
1809,872,0.42578125,0.16339506208896637,44.768653869628906,0.6549822688102722
1810,959,0.46826171875,0.15222744643688202,44.16351318359375,0.6548088192939758
1811,1169,0.57080078125,0.12307108938694,51.55882263183594,0.5810692310333252
1812,1345,0.65673828125,0.1239485964179039,51.92852020263672,0.5790402293205261
1813,1063,0.51904296875,0.15581649541854858,44.792144775390625,0.6510423421859741
1814,1034,0.5048828125,0.172469362616539,44.7991943359375,0.6504115462303162
1815,1097,0.53564453125,0.1678832322359085,44.19954299926758,0.6585842967033386
1816,981,0.47900390625,0.15831774473190308,44.21157455444336,0.6545600295066833
1817,936,0.45703125,0.15807944536209106,45.096473693847656,0.6478100419044495
1818,974,0.4755859375,0.16254334151744843,45.43490219116211,0.6448599696159363
1819,1054,0.5146484375,0.16320961713790894,45.38733673095703,0.6419286131858826
1820,804,0.392578125,0.16357779502868652,44.26397705078125,0.6570165157318115
1821,709,0.34619140625,0.16290165483951569,45.51716613769531,0.6463848948478699
1822,589,0.28759765625,0.16626672446727753,46.37323760986328,0.6368040442466736
1823,736,0.359375,0.1583959311246872,44.66606521606445,0.6528031826019287
1824,748,0.365234375,0.1599041223526001,44.68773651123047,0.655525267124176
1825,852,0.416015625,0.16361665725708008,44.13079071044922,0.6601167321205139
1826,878,0.4287109375,0.16504089534282684,44.27926254272461,0.6560235619544983
1827,898,0.4384765625,0.1675330400466919,45.77676773071289,0.6390931606292725
1828,794,0.3876953125,0.16738776862621307,45.98868942260742,0.6373928189277649
1829,1003,0.48974609375,0.16766951978206635,47.25408935546875,0.6203906536102295
1830,813,0.39697265625,0.16497047245502472,46.41160202026367,0.6335126161575317
1831,764,0.373046875,0.1660311371088028,47.48013687133789,0.6213297247886658
1832,691,0.33740234375,0.16302335262298584,45.782249450683594,0.638904869556427
1833,629,0.30712890625,0.15649725496768951,45.002403259277344,0.6508087515830994
1834,883,0.43115234375,0.16050781309604645,47.916934967041016,0.6125739216804504
1835,952,0.46484375,0.15782655775547028,46.938350677490234,0.6208463311195374
1836,1125,0.54931640625,0.16141247749328613,47.575191497802734,0.6179019808769226
1837,1111,0.54248046875,0.16481207311153412,48.11764144897461,0.6086632609367371
1838,1021,0.49853515625,0.16740261018276215,47.339534759521484,0.6216188669204712
1839,946,0.4619140625,0.16864429414272308,47.06401062011719,0.62136310338974
1840,76,0.037109375,0.15945808589458466,32.64954376220703,0.8167991638183594
1841,81,0.03955078125,0.15395323932170868,34.57212829589844,0.7962504029273987
1842,77,0.03759765625,0.15746837854385376,34.445472717285156,0.8014334440231323
1843,65,0.03173828125,0.16163551807403564,35.42552185058594,0.7832726240158081
1844,81,0.03955078125,0.16021686792373657,37.007179260253906,0.7593539953231812
1845,83,0.04052734375,0.15506942570209503,38.569149017333984,0.7446619868278503
1846,66,0.0322265625,0.16154171526432037,35.147186279296875,0.7912673950195312
1847,47,0.02294921875,0.15314121544361115,37.513145446777344,0.7541429400444031
1848,47,0.02294921875,0.17250508069992065,32.78472900390625,0.8177604675292969
1849,65,0.03173828125,0.1592024564743042,33.798912048339844,0.802870512008667
1850,56,0.02734375,0.16838739812374115,34.140960693359375,0.7982483506202698
1851,55,0.02685546875,0.17300230264663696,34.53786849975586,0.790520429611206
1852,47,0.02294921875,0.15707050263881683,31.4307861328125,0.8261246085166931
1853,53,0.02587890625,0.1694864183664322,30.354013442993164,0.8302266597747803
1854,51,0.02490234375,0.15018431842327118,31.035890579223633,0.8253259658813477
1855,64,0.03125,0.15869466960430145,32.01343536376953,0.8181859850883484
1856,79,0.03857421875,0.15077385306358337,32.79647445678711,0.8048584461212158
1857,72,0.03515625,0.1554427295923233,33.16790771484375,0.8010791540145874
1858,87,0.04248046875,0.14744873344898224,33.66878128051758,0.7943174839019775
1859,96,0.046875,0.1467679888010025,33.775394439697266,0.7841565608978271
1860,86,0.0419921875,0.14920902252197266,34.967491149902344,0.7707421779632568
1861,96,0.046875,0.14985094964504242,35.564266204833984,0.7691053748130798
1862,94,0.0458984375,0.16193673014640808,34.475467681884766,0.7792562246322632
1863,110,0.0537109375,0.15445497632026672,35.810325622558594,0.7652722597122192
1864,107,0.05224609375,0.14794449508190155,35.57502365112305,0.7676432728767395
1865,107,0.05224609375,0.14115773141384125,35.09754180908203,0.769929051399231
1866,107,0.05224609375,0.15238064527511597,34.26336669921875,0.7799603939056396
1867,104,0.05078125,0.14502966403961182,34.61214828491211,0.7796779870986938
1868,92,0.044921875,0.14220580458641052,33.43671798706055,0.7919309735298157
1869,107,0.05224609375,0.14139075577259064,32.90013885498047,0.7988055944442749
1870,92,0.044921875,0.14290034770965576,31.52776336669922,0.8133769035339355
1871,102,0.0498046875,0.14147354662418365,31.933359146118164,0.8103373050689697
1872,102,0.0498046875,0.1376837193965912,32.914283752441406,0.7924007177352905
1873,117,0.05712890625,0.14070634543895721,32.88547134399414,0.8040771484375
1874,116,0.056640625,0.14334210753440857,34.69363021850586,0.7841987609863281
1875,113,0.05517578125,0.144626647233963,34.025089263916016,0.7907416820526123
1876,117,0.05712890625,0.14296384155750275,35.35810470581055,0.7811404466629028
1877,113,0.05517578125,0.16413363814353943,35.585227966308594,0.7768278121948242
1878,116,0.056640625,0.148971289396286,35.871185302734375,0.7722790241241455
1879,114,0.0556640625,0.14246611297130585,37.43450927734375,0.7545314431190491
1880,413,0.20166015625,0.1606023907661438,34.497920989990234,0.7769944071769714
1881,487,0.23779296875,0.1709788292646408,41.823143005371094,0.6887161135673523
1882,397,0.19384765625,0.16150228679180145,34.927833557128906,0.7745127081871033
1883,346,0.1689453125,0.15957233309745789,32.62397766113281,0.8030778169631958
1884,339,0.16552734375,0.15785622596740723,29.96756935119629,0.8285390734672546
1885,338,0.1650390625,0.15233950316905975,27.429391860961914,0.8527464270591736
1886,334,0.1630859375,0.16099156439304352,28.80267906188965,0.8352630734443665
1887,361,0.17626953125,0.1537635326385498,28.846593856811523,0.8356372117996216
1888,353,0.17236328125,0.15427222847938538,27.833707809448242,0.846865713596344
1889,368,0.1796875,0.15742070972919464,28.102340698242188,0.8419066071510315
1890,422,0.2060546875,0.15052226185798645,29.487018585205078,0.8302275538444519
1891,486,0.2373046875,0.13260769844055176,27.861806869506836,0.8401899933815002
1892,472,0.23046875,0.14193452894687653,28.968555450439453,0.8309233784675598
1893,429,0.20947265625,0.14774352312088013,26.871171951293945,0.8519637584686279
1894,436,0.212890625,0.1477670967578888,27.40102195739746,0.8466348648071289
1895,439,0.21435546875,0.1475500762462616,28.43805694580078,0.8384745121002197
1896,519,0.25341796875,0.1404876559972763,31.654176712036133,0.7978761792182922
1897,501,0.24462890625,0.1429402381181717,27.147153854370117,0.8486077785491943
1898,568,0.27734375,0.13823309540748596,28.013294219970703,0.8335363268852234
1899,509,0.24853515625,0.14769181609153748,26.628177642822266,0.8470486402511597
1900,479,0.23388671875,0.1564921736717224,28.562210083007812,0.835394561290741
1901,488,0.23828125,0.17082612216472626,30.605802536010742,0.8163004517555237
1902,515,0.25146484375,0.16913223266601562,29.67972183227539,0.8223264813423157
1903,502,0.2451171875,0.1733381599187851,29.78904914855957,0.8217059373855591
1904,511,0.24951171875,0.170230433344841,29.11264419555664,0.8270663619041443
1905,495,0.24169921875,0.1645200550556183,29.96812629699707,0.8168175220489502
1906,459,0.22412109375,0.15934635698795319,29.917034149169922,0.8195001482963562
1907,503,0.24560546875,0.17647989094257355,33.71759033203125,0.7807119488716125
1908,471,0.22998046875,0.1630895882844925,33.02949905395508,0.791885495185852
1909,444,0.216796875,0.17409896850585938,33.850120544433594,0.7846204042434692
1910,436,0.212890625,0.17513476312160492,27.552719116210938,0.8462328314781189
1911,434,0.2119140625,0.16072922945022583,28.227781295776367,0.8396340012550354
1912,451,0.22021484375,0.16582255065441132,26.709848403930664,0.8521513342857361
1913,388,0.189453125,0.18110954761505127,27.21958351135254,0.8492127060890198
1914,435,0.21240234375,0.17048536241054535,26.551719665527344,0.8473301529884338
1915,412,0.201171875,0.18440409004688263,27.495729446411133,0.8478159308433533
1916,419,0.20458984375,0.17909693717956543,26.740447998046875,0.8530492782592773
1917,489,0.23876953125,0.16243921220302582,26.152957916259766,0.8563957810401917
1918,476,0.232421875,0.17771276831626892,25.320018768310547,0.8656131625175476
1919,440,0.21484375,0.19561618566513062,26.90215492248535,0.8524573445320129
1920,125,0.06103515625,0.1203678548336029,34.25054931640625,0.7861016392707825
1921,136,0.06640625,0.12091223150491714,32.39047622680664,0.8069843053817749
1922,138,0.0673828125,0.11751106381416321,32.576560974121094,0.8035321235656738
1923,161,0.07861328125,0.10435722768306732,30.613670349121094,0.8198897838592529
1924,157,0.07666015625,0.10872841626405716,31.304119110107422,0.8111551403999329
1925,169,0.08251953125,0.10786523669958115,30.469079971313477,0.8187869191169739
1926,178,0.0869140625,0.1173350065946579,31.683704376220703,0.8061114549636841
1927,179,0.08740234375,0.11153741925954819,32.04766845703125,0.8016952276229858
1928,165,0.08056640625,0.10626978427171707,30.18798828125,0.8178897500038147
1929,169,0.08251953125,0.09842702746391296,30.3028564453125,0.8155001997947693
1930,152,0.07421875,0.09821569174528122,28.017742156982422,0.8397870659828186
1931,148,0.072265625,0.09819748997688293,28.86686134338379,0.83089280128479
1932,160,0.078125,0.0899064764380455,30.571796417236328,0.8188210725784302
1933,147,0.07177734375,0.09223184734582901,30.72963523864746,0.8120686411857605
1934,169,0.08251953125,0.10407738387584686,32.833251953125,0.7938043475151062
1935,143,0.06982421875,0.09711375087499619,30.30843734741211,0.8247268199920654
1936,151,0.07373046875,0.09204664826393127,31.051130294799805,0.8097714781761169
1937,152,0.07421875,0.09221621602773666,30.538869857788086,0.8223141431808472
1938,172,0.083984375,0.1025821790099144,30.46355438232422,0.8203262686729431
1939,193,0.09423828125,0.11896626651287079,31.849824905395508,0.8046000599861145
1940,176,0.0859375,0.11395986378192902,31.001989364624023,0.8126398324966431
1941,172,0.083984375,0.11237432807683945,31.48482894897461,0.8115256428718567
1942,168,0.08203125,0.11013869941234589,29.64676284790039,0.8327605724334717
1943,181,0.08837890625,0.11308255046606064,30.46157455444336,0.822485625743866
1944,181,0.08837890625,0.11585545539855957,31.236602783203125,0.8158022165298462
1945,172,0.083984375,0.09882467985153198,32.4150505065918,0.7972643375396729
1946,168,0.08203125,0.09955646842718124,30.228666305541992,0.8232511878013611
1947,156,0.076171875,0.10331137478351593,31.152042388916016,0.8133519291877747
1948,191,0.09326171875,0.1329059898853302,33.339534759521484,0.7911727428436279
1949,164,0.080078125,0.10078684985637665,30.03281593322754,0.8239777684211731
1950,153,0.07470703125,0.10282301157712936,30.814855575561523,0.8115549683570862
1951,145,0.07080078125,0.0973815768957138,29.874345779418945,0.8265055418014526
1952,131,0.06396484375,0.10566158592700958,29.615535736083984,0.8287443518638611
1953,140,0.068359375,0.10106700658798218,28.602466583251953,0.8384839296340942
1954,132,0.064453125,0.11840628832578659,29.761491775512695,0.8212598562240601
1955,139,0.06787109375,0.11486323177814484,29.65899085998535,0.8250786066055298
1956,174,0.0849609375,0.11740953475236893,32.413082122802734,0.7916572690010071
1957,158,0.0771484375,0.10596399754285812,29.441041946411133,0.8306013941764832
1958,167,0.08154296875,0.11540235579013824,30.459476470947266,0.8162456154823303
1959,177,0.08642578125,0.12060899287462234,31.12932777404785,0.8091166019439697
1960,204,0.099609375,0.1576257348060608,35.05908203125,0.7696629166603088
1961,188,0.091796875,0.16439685225486755,31.834400177001953,0.8011598587036133
1962,206,0.1005859375,0.15972192585468292,33.20402526855469,0.788358211517334
1963,240,0.1171875,0.14511054754257202,34.37507247924805,0.7780240178108215
1964,232,0.11328125,0.14076314866542816,32.753173828125,0.7992914319038391
1965,193,0.09423828125,0.1545000821352005,31.343727111816406,0.8063474893569946
1966,185,0.09033203125,0.1474124640226364,30.766836166381836,0.8141638040542603
1967,183,0.08935546875,0.14788860082626343,32.348209381103516,0.8037997484207153
1968,167,0.08154296875,0.15589919686317444,31.32230567932129,0.809764564037323
1969,160,0.078125,0.15515312552452087,32.04697036743164,0.8040618896484375
1970,162,0.0791015625,0.1571759730577469,33.851341247558594,0.7866506576538086
1971,160,0.078125,0.15048597753047943,32.08882141113281,0.8033732175827026
1972,162,0.0791015625,0.1365017145872116,32.09584045410156,0.8001381158828735
1973,147,0.07177734375,0.1557260900735855,33.838802337646484,0.7753461003303528
1974,161,0.07861328125,0.14537109434604645,32.0943603515625,0.8009724020957947
1975,160,0.078125,0.14307163655757904,32.21727752685547,0.7955980896949768
1976,161,0.07861328125,0.1450272649526596,32.23445129394531,0.7934526205062866
1977,153,0.07470703125,0.14349323511123657,31.731468200683594,0.8015379905700684
1978,145,0.07080078125,0.14469432830810547,30.996726989746094,0.8145723342895508
1979,150,0.0732421875,0.13940298557281494,29.718626022338867,0.8309723734855652
1980,152,0.07421875,0.13998955488204956,29.781089782714844,0.8276874423027039
1981,129,0.06298828125,0.1381485015153885,29.87635040283203,0.8254238367080688
1982,130,0.0634765625,0.14033234119415283,30.778932571411133,0.816050112247467
1983,130,0.0634765625,0.14497706294059753,33.75823974609375,0.7835299968719482
1984,135,0.06591796875,0.16546207666397095,34.56686019897461,0.7746975421905518
1985,141,0.06884765625,0.16601312160491943,35.523284912109375,0.7658409476280212
1986,141,0.06884765625,0.1793668568134308,33.98456954956055,0.7836001515388489
1987,143,0.06982421875,0.1802317202091217,34.72301483154297,0.7752345204353333
1988,132,0.064453125,0.17987163364887238,34.1949462890625,0.7833383083343506
1989,143,0.06982421875,0.17794016003608704,35.58189010620117,0.767288863658905
1990,124,0.060546875,0.17349417507648468,31.441883087158203,0.8192812204360962
1991,120,0.05859375,0.1755473017692566,31.397554397583008,0.81680828332901
1992,108,0.052734375,0.157168909907341,30.169313430786133,0.8341866135597229
1993,114,0.0556640625,0.16872738301753998,31.413267135620117,0.8174503445625305
1994,131,0.06396484375,0.17616719007492065,32.19482421875,0.8059087991714478
1995,133,0.06494140625,0.17575451731681824,31.24964714050293,0.8146672248840332
1996,122,0.0595703125,0.16204406321048737,28.195039749145508,0.8493121266365051
1997,125,0.06103515625,0.1595771163702011,28.50164794921875,0.8451216816902161
1998,135,0.06591796875,0.16170868277549744,28.262554168701172,0.8489253520965576
1999,131,0.06396484375,0.14477786421775818,28.57207679748535,0.8438208103179932
2000,1090,0.5322265625,0.15590128302574158,54.204463958740234,0.5441042184829712
2001,1017,0.49658203125,0.15386360883712769,53.54604721069336,0.5505748987197876
2002,1007,0.49169921875,0.15894027054309845,48.675270080566406,0.6079959273338318
2003,906,0.4423828125,0.15168705582618713,45.479984283447266,0.6454684138298035
2004,823,0.40185546875,0.18015003204345703,44.739444732666016,0.6499341726303101
2005,770,0.3759765625,0.17151020467281342,43.00284194946289,0.6715835928916931
2006,752,0.3671875,0.16367004811763763,42.52922821044922,0.6779025197029114
2007,705,0.34423828125,0.1590174287557602,40.79364013671875,0.6987540125846863
2008,633,0.30908203125,0.13694025576114655,39.956424713134766,0.7057763934135437
2009,617,0.30126953125,0.1507384330034256,38.41603469848633,0.7255820035934448
2010,612,0.298828125,0.16117747128009796,37.629703521728516,0.7344537973403931
2011,648,0.31640625,0.15813514590263367,38.319881439208984,0.7244569063186646
2012,748,0.365234375,0.1668602079153061,39.616539001464844,0.7138577103614807
2013,708,0.345703125,0.16008234024047852,37.25829315185547,0.7432679533958435
2014,549,0.26806640625,0.14021146297454834,37.33792495727539,0.7462579011917114
2015,688,0.3359375,0.14651192724704742,38.547176361083984,0.728560745716095
2016,642,0.3134765625,0.15080593526363373,36.77540969848633,0.7505553960800171
2017,624,0.3046875,0.14144201576709747,35.97879409790039,0.7562530636787415
2018,626,0.3056640625,0.13827116787433624,36.836891174316406,0.7491140365600586
2019,609,0.29736328125,0.15178285539150238,37.25887680053711,0.7399155497550964
2020,464,0.2265625,0.14890408515930176,36.70490264892578,0.7501224875450134
2021,383,0.18701171875,0.15744924545288086,39.259273529052734,0.7203617691993713
2022,334,0.1630859375,0.16164334118366241,39.08115768432617,0.7260875701904297
2023,350,0.1708984375,0.15649671852588654,39.84580993652344,0.7135299444198608
2024,405,0.19775390625,0.1426016092300415,37.940940856933594,0.7356436252593994
2025,387,0.18896484375,0.16065938770771027,37.54301834106445,0.7403481602668762
2026,470,0.2294921875,0.1603182703256607,37.16241455078125,0.7437543272972107
2027,416,0.203125,0.14283423125743866,36.347923278808594,0.7511457204818726
2028,467,0.22802734375,0.14721336960792542,34.929466247558594,0.7670633792877197
2029,573,0.27978515625,0.13805104792118073,35.57780075073242,0.757729709148407
2030,662,0.3232421875,0.1390916407108307,35.44963836669922,0.758307933807373
2031,652,0.318359375,0.1311047524213791,34.01624298095703,0.7800171971321106
2032,679,0.33154296875,0.12421061843633652,34.96620559692383,0.7709143757820129
2033,646,0.3154296875,0.1283426582813263,35.38655090332031,0.7683587074279785
2034,613,0.29931640625,0.13242043554782867,36.06354522705078,0.7606695890426636
2035,671,0.32763671875,0.13437490165233612,39.30106735229492,0.7261587381362915
2036,600,0.29296875,0.12186020612716675,37.539310455322266,0.7444847226142883
2037,785,0.38330078125,0.12403900921344757,37.80354690551758,0.7398325800895691
2038,744,0.36328125,0.12466268986463547,38.24915313720703,0.7293775081634521
2039,675,0.32958984375,0.12620586156845093,35.840965270996094,0.7600924372673035
2040,182,0.0888671875,0.13762295246124268,36.356773376464844,0.7641071081161499
2041,203,0.09912109375,0.1347201019525528,35.78492736816406,0.7691799402236938
2042,207,0.10107421875,0.13395336270332336,35.32072448730469,0.774861216545105
2043,190,0.0927734375,0.11970236897468567,33.201908111572266,0.7990213632583618
2044,190,0.0927734375,0.11779027432203293,35.60830307006836,0.7758315205574036
2045,186,0.0908203125,0.11480884253978729,35.719993591308594,0.7695341110229492
2046,176,0.0859375,0.11465849727392197,33.946128845214844,0.7888979315757751
2047,175,0.08544921875,0.11361214518547058,32.62641906738281,0.8020700216293335
2048,171,0.08349609375,0.10979748517274857,33.00596237182617,0.7978485226631165
2049,179,0.08740234375,0.11722444742918015,36.16435241699219,0.7576611638069153
2050,166,0.0810546875,0.11688828468322754,34.65991973876953,0.7805870771408081
2051,161,0.07861328125,0.1160363033413887,32.752891540527344,0.8009423613548279
2052,148,0.072265625,0.11284080892801285,33.67983627319336,0.7846134901046753
2053,167,0.08154296875,0.11376374214887619,35.001888275146484,0.7724416851997375
2054,172,0.083984375,0.1252535581588745,34.950843811035156,0.7778124213218689
2055,168,0.08203125,0.1282917708158493,34.75227355957031,0.7820167541503906
2056,143,0.06982421875,0.13372616469860077,33.31458282470703,0.8025270700454712
2057,142,0.0693359375,0.1337975710630417,34.20857238769531,0.7904947400093079
2058,133,0.06494140625,0.1430327594280243,33.89152908325195,0.7895808219909668
2059,123,0.06005859375,0.14511162042617798,32.317596435546875,0.8081936836242676
2060,122,0.0595703125,0.15275698900222778,32.32774353027344,0.8110184073448181
2061,118,0.0576171875,0.153364896774292,30.341630935668945,0.834171712398529
2062,123,0.06005859375,0.14948828518390656,32.4859619140625,0.8057942986488342
2063,142,0.0693359375,0.13712617754936218,32.40219497680664,0.803974986076355
2064,140,0.068359375,0.14087897539138794,31.661760330200195,0.8138545751571655
2065,145,0.07080078125,0.14638350903987885,31.888015747070312,0.8112144470214844
2066,120,0.05859375,0.15683087706565857,33.1538200378418,0.8033426403999329
2067,123,0.06005859375,0.15653398633003235,35.23530960083008,0.7786617279052734
2068,123,0.06005859375,0.16227975487709045,36.30636978149414,0.7676454186439514
2069,105,0.05126953125,0.16294394433498383,34.53248596191406,0.7914300560951233
2070,105,0.05126953125,0.16086655855178833,35.835147857666016,0.7799884676933289
2071,107,0.05224609375,0.16570362448692322,35.386051177978516,0.782233715057373
2072,96,0.046875,0.16879384219646454,34.2464599609375,0.7906772494316101
2073,104,0.05078125,0.15862128138542175,35.236812591552734,0.7851067185401917
2074,107,0.05224609375,0.15877024829387665,33.93305587768555,0.7954134941101074
2075,107,0.05224609375,0.15964491665363312,32.543495178222656,0.8149762153625488
2076,120,0.05859375,0.15767692029476166,33.738319396972656,0.7997610569000244
2077,122,0.0595703125,0.162232905626297,35.604801177978516,0.7751997709274292
2078,121,0.05908203125,0.16495728492736816,34.6939811706543,0.7870954871177673
2079,123,0.06005859375,0.16342568397521973,35.01983642578125,0.7823798656463623
2080,351,0.17138671875,0.1543482095003128,35.28269577026367,0.7493796348571777
2081,353,0.17236328125,0.15233255922794342,35.78413009643555,0.7455824613571167
2082,375,0.18310546875,0.1587773710489273,36.65369415283203,0.734075129032135
2083,420,0.205078125,0.15343928337097168,37.824974060058594,0.7207176685333252
2084,382,0.1865234375,0.16247881948947906,38.140377044677734,0.7217031717300415
2085,466,0.2275390625,0.16824878752231598,39.42790222167969,0.7054443955421448
2086,497,0.24267578125,0.16303786635398865,40.97175216674805,0.6896968483924866
2087,527,0.25732421875,0.1542178988456726,40.2480583190918,0.6971969604492188
2088,618,0.3017578125,0.1337486207485199,39.76942825317383,0.7002774477005005
2089,669,0.32666015625,0.11770696938037872,39.55204391479492,0.7070034742355347
2090,646,0.3154296875,0.1327846497297287,41.21379470825195,0.6915326118469238
2091,746,0.3642578125,0.12148947268724442,43.896427154541016,0.6648746132850647
2092,771,0.37646484375,0.11115749180316925,40.959354400634766,0.6958866119384766
2093,795,0.38818359375,0.10690117627382278,40.72625732421875,0.6954340934753418
2094,1049,0.51220703125,0.12249233573675156,42.07061004638672,0.679445207118988
2095,575,0.28076171875,0.13235613703727722,65.11316680908203,0.3922845721244812
2096,1144,0.55859375,0.13448064029216766,44.20568084716797,0.6481460332870483
2097,1237,0.60400390625,0.12518617510795593,44.72861099243164,0.641686737537384
2098,1226,0.5986328125,0.12299219518899918,44.2087516784668,0.6486189365386963
2099,1009,0.49267578125,0.1336304247379303,43.81544876098633,0.6520244479179382
2100,997,0.48681640625,0.13062308728694916,44.75516891479492,0.6461758613586426
2101,1046,0.5107421875,0.13409002125263214,44.7610969543457,0.6475641131401062
2102,677,0.33056640625,0.14442040026187897,45.10844039916992,0.641379714012146
2103,778,0.3798828125,0.1377301961183548,44.912235260009766,0.6441560387611389
2104,743,0.36279296875,0.1368464231491089,43.10697937011719,0.6650753021240234
2105,648,0.31640625,0.1561582088470459,44.702880859375,0.6519948840141296
2106,752,0.3671875,0.1436772346496582,45.632713317871094,0.6334680318832397
2107,823,0.40185546875,0.1397802233695984,44.87675476074219,0.6433765292167664
2108,811,0.39599609375,0.13849255442619324,45.66960144042969,0.6373516917228699
2109,902,0.4404296875,0.15031717717647552,45.04887390136719,0.6440870761871338
2110,843,0.41162109375,0.1445375233888626,45.74394226074219,0.6352092623710632
2111,805,0.39306640625,0.14245913922786713,44.94614791870117,0.6452489495277405
2112,713,0.34814453125,0.13792555034160614,46.870243072509766,0.6267514228820801
2113,749,0.36572265625,0.1322792023420334,47.03555679321289,0.628852128982544
2114,639,0.31201171875,0.13232959806919098,45.149269104003906,0.6476738452911377
2115,588,0.287109375,0.146561399102211,45.799163818359375,0.6411682963371277
2116,597,0.29150390625,0.13678808510303497,47.33652877807617,0.6249740123748779
2117,755,0.36865234375,0.1341315656900406,47.54164505004883,0.6203892230987549
2118,690,0.3369140625,0.13256369531154633,43.9847297668457,0.6591918468475342
2119,606,0.2958984375,0.14942198991775513,44.456565856933594,0.6571300029754639
2120,873,0.42626953125,0.15130303800106049,48.13216018676758,0.6083415746688843
2121,840,0.41015625,0.15026696026325226,49.18223571777344,0.5946143865585327
2122,873,0.42626953125,0.14811767637729645,49.34914016723633,0.5911477208137512
2123,911,0.44482421875,0.12970659136772156,50.01205825805664,0.587986171245575
2124,871,0.42529296875,0.13393305242061615,49.2276611328125,0.5897385478019714
2125,769,0.37548828125,0.1314859390258789,53.06975555419922,0.5498942136764526
2126,802,0.3916015625,0.13434366881847382,51.38254928588867,0.5679944157600403
2127,745,0.36376953125,0.13919517397880554,54.602569580078125,0.5334036946296692
2128,713,0.34814453125,0.12122433632612228,51.580623626708984,0.5678458213806152
2129,867,0.42333984375,0.11745484918355942,50.27092361450195,0.5835879445075989
2130,1061,0.51806640625,0.10634059458971024,50.08788299560547,0.5871208310127258
2131,921,0.44970703125,0.09799255430698395,50.06011962890625,0.5861565470695496
2132,755,0.36865234375,0.09558309614658356,58.457210540771484,0.49276503920555115
2133,1188,0.580078125,0.10437476634979248,48.83631134033203,0.6078521609306335
2134,1026,0.5009765625,0.09507255256175995,51.41547775268555,0.5714784264564514
2135,1103,0.53857421875,0.11045218259096146,53.22673797607422,0.5521405339241028
2136,1265,0.61767578125,0.10736215859651566,52.49074172973633,0.5604925155639648
2137,1143,0.55810546875,0.11410712450742722,53.66720962524414,0.5432760715484619
2138,987,0.48193359375,0.10540623962879181,37.460018157958984,0.7324070930480957
2139,388,0.189453125,0.09195978939533234,43.139488220214844,0.6680570840835571
2140,387,0.18896484375,0.09516790509223938,40.49296951293945,0.6885176301002502
2141,798,0.3896484375,0.09550197422504425,35.528541564941406,0.7534050345420837
2142,1055,0.51513671875,0.10345668345689774,39.40673828125,0.7112324833869934
2143,683,0.33349609375,0.08774442970752716,38.15001678466797,0.7226376533508301
2144,368,0.1796875,0.07864165306091309,37.841739654541016,0.7201979160308838
2145,770,0.3759765625,0.09273034334182739,34.930213928222656,0.7584302425384521
2146,750,0.3662109375,0.09898176789283752,39.4996452331543,0.700746476650238
2147,775,0.37841796875,0.09738652408123016,36.076805114746094,0.7397066950798035
2148,870,0.4248046875,0.10302349179983139,41.039344787597656,0.6917867660522461
2149,784,0.3828125,0.1218748390674591,47.71034622192383,0.6226943731307983
2150,715,0.34912109375,0.13373403251171112,45.331024169921875,0.6486204862594604
2151,705,0.34423828125,0.13726702332496643,45.18160629272461,0.6460931301116943
2152,768,0.375,0.14054836332798004,44.08475875854492,0.6613916158676147
2153,827,0.40380859375,0.14029371738433838,42.68248748779297,0.674871027469635
2154,416,0.203125,0.16490438580513,49.82981491088867,0.5867509841918945
2155,786,0.3837890625,0.12262823432683945,55.15279006958008,0.519059419631958
2156,944,0.4609375,0.10579677671194077,49.85694885253906,0.5967158079147339
2157,1568,0.765625,0.08844221383333206,59.079689025878906,0.47097915410995483
2158,1063,0.51904296875,0.1048610508441925,55.7238883972168,0.5171220898628235
2159,1244,0.607421875,0.09241335093975067,48.46533203125,0.6196728348731995
2160,158,0.0771484375,0.1662038266658783,36.37652587890625,0.7642524242401123
2161,158,0.0771484375,0.16838830709457397,36.32069778442383,0.7554741501808167
2162,152,0.07421875,0.16842320561408997,36.571495056152344,0.7511020302772522
2163,152,0.07421875,0.16891013085842133,35.197452545166016,0.7702524065971375
2164,166,0.0810546875,0.1586952805519104,34.03764343261719,0.7855216264724731
2165,158,0.0771484375,0.16155381500720978,33.29061508178711,0.7908825278282166
2166,152,0.07421875,0.17296703159809113,31.707345962524414,0.8125640749931335
2167,141,0.06884765625,0.1808607131242752,32.13636016845703,0.8073442578315735
2168,137,0.06689453125,0.16476769745349884,29.799354553222656,0.8385446071624756
2169,137,0.06689453125,0.15723970532417297,30.59718132019043,0.8282593488693237
2170,117,0.05712890625,0.14947474002838135,28.498167037963867,0.8506662845611572
2171,122,0.0595703125,0.14975577592849731,29.20884895324707,0.8413692712783813
2172,136,0.06640625,0.14915838837623596,30.997005462646484,0.8238036036491394
2173,138,0.0673828125,0.15135715901851654,30.484983444213867,0.8285359144210815
2174,131,0.06396484375,0.13306018710136414,29.484750747680664,0.8416498303413391
2175,129,0.06298828125,0.14184148609638214,28.11859893798828,0.8571641445159912
2176,162,0.0791015625,0.1428595334291458,29.314027786254883,0.8393165469169617
2177,170,0.0830078125,0.13115562498569489,27.349977493286133,0.8537649512290955
2178,176,0.0859375,0.12030334770679474,27.65800666809082,0.8573830127716064
2179,202,0.0986328125,0.13360020518302917,28.41488265991211,0.8478832244873047
2180,230,0.1123046875,0.12721867859363556,29.3211727142334,0.8359702229499817
2181,228,0.111328125,0.1327570229768753,27.76713752746582,0.8520923256874084
2182,264,0.12890625,0.12242598086595535,28.083972930908203,0.847565770149231
2183,287,0.14013671875,0.12485776841640472,28.7401180267334,0.8449011445045471
2184,318,0.1552734375,0.1075448989868164,29.150022506713867,0.834456741809845
2185,282,0.1376953125,0.10341203957796097,35.02110290527344,0.7821723818778992
2186,245,0.11962890625,0.10803864151239395,29.6652889251709,0.8368946313858032
2187,256,0.125,0.10167419910430908,30.35215187072754,0.8241038918495178
2188,258,0.1259765625,0.11343572288751602,33.74283981323242,0.7977879047393799
2189,265,0.12939453125,0.12202252447605133,36.19149398803711,0.7715772986412048
2190,279,0.13623046875,0.10877284407615662,36.20950698852539,0.770767331123352
2191,296,0.14453125,0.12003500014543533,37.72614288330078,0.7564144730567932
2192,288,0.140625,0.1348937451839447,38.584930419921875,0.7426122426986694
2193,314,0.1533203125,0.1277117282152176,38.05223846435547,0.7499758005142212
2194,309,0.15087890625,0.1388821005821228,40.85435485839844,0.7132437229156494
2195,310,0.1513671875,0.11615593731403351,37.52130889892578,0.7569942474365234
2196,359,0.17529296875,0.10280723869800568,35.21274948120117,0.7807896137237549
2197,362,0.1767578125,0.10065723210573196,32.450103759765625,0.8097455501556396
2198,381,0.18603515625,0.11281329393386841,34.93693542480469,0.780075192451477
2199,306,0.1494140625,0.11357991397380829,35.08749771118164,0.7811371088027954
2200,155,0.07568359375,0.18741993606090546,38.11091232299805,0.7383209466934204
2201,150,0.0732421875,0.1770036220550537,33.06936264038086,0.7934357523918152
2202,152,0.07421875,0.17038343846797943,34.403011322021484,0.7808858752250671
2203,181,0.08837890625,0.18156032264232635,34.86901092529297,0.7794238924980164
2204,184,0.08984375,0.18600845336914062,33.694942474365234,0.7855870723724365
2205,174,0.0849609375,0.1915414035320282,32.027442932128906,0.8048806190490723
2206,169,0.08251953125,0.16872695088386536,30.975147247314453,0.8133335709571838
2207,160,0.078125,0.16807948052883148,31.984060287475586,0.7999839186668396
2208,148,0.072265625,0.15422603487968445,31.338029861450195,0.8080015182495117
2209,146,0.0712890625,0.15713554620742798,31.092458724975586,0.8089033961296082
2210,174,0.0849609375,0.17080216109752655,35.546085357666016,0.7622519135475159
2211,149,0.07275390625,0.15086641907691956,31.605710983276367,0.8070273399353027
2212,159,0.07763671875,0.15901169180870056,33.528778076171875,0.7818118929862976
2213,153,0.07470703125,0.1463450938463211,33.864051818847656,0.7797732949256897
2214,154,0.0751953125,0.16411660611629486,33.88612747192383,0.7716277241706848
2215,157,0.07666015625,0.16114822030067444,31.501813888549805,0.7970346808433533
2216,179,0.08740234375,0.1655004322528839,30.992734909057617,0.8037553429603577
2217,173,0.08447265625,0.17526760697364807,31.177581787109375,0.8030607104301453
2218,173,0.08447265625,0.1719113439321518,30.22452163696289,0.8107807040214539
2219,185,0.09033203125,0.17465044558048248,30.704557418823242,0.8106073141098022
2220,175,0.08544921875,0.1730622500181198,32.31916046142578,0.8016267418861389
2221,182,0.0888671875,0.17415060102939606,31.117841720581055,0.811168909072876
2222,191,0.09326171875,0.17864511907100677,31.593578338623047,0.809155285358429
2223,191,0.09326171875,0.17612269520759583,31.047700881958008,0.8051612377166748
2224,189,0.09228515625,0.16786974668502808,33.57798385620117,0.7805192470550537
2225,194,0.0947265625,0.17640265822410583,31.22528648376465,0.8078625202178955
2226,190,0.0927734375,0.17173080146312714,30.88396644592285,0.810431957244873
2227,189,0.09228515625,0.15749503672122955,32.20949172973633,0.7991026043891907
2228,201,0.09814453125,0.163873553276062,31.565731048583984,0.8032112121582031
2229,180,0.087890625,0.173502579331398,31.08370590209961,0.8138652443885803
2230,180,0.087890625,0.16771170496940613,30.420209884643555,0.8163052797317505
2231,172,0.083984375,0.16903255879878998,30.545001983642578,0.8167266845703125
2232,167,0.08154296875,0.171929270029068,33.634033203125,0.7872849702835083
2233,174,0.0849609375,0.16708040237426758,33.68242645263672,0.7816595435142517
2234,163,0.07958984375,0.16998174786567688,33.14006805419922,0.7814493179321289
2235,170,0.0830078125,0.17852862179279327,31.76857566833496,0.7976354956626892
2236,152,0.07421875,0.18352651596069336,28.07232093811035,0.8352323174476624
2237,149,0.07275390625,0.19605155289173126,28.792804718017578,0.829088032245636
2238,161,0.07861328125,0.1936132311820984,28.598785400390625,0.8337699174880981
2239,170,0.0830078125,0.19348831474781036,31.39240837097168,0.8055700659751892
2240,63,0.03076171875,0.1596013605594635,36.31586456298828,0.7667977213859558
2241,70,0.0341796875,0.181573286652565,37.789730072021484,0.7539806365966797
2242,78,0.0380859375,0.1805613487958908,35.28049087524414,0.7769988179206848
2243,94,0.0458984375,0.20394115149974823,33.38683319091797,0.7958434820175171
2244,98,0.0478515625,0.19891197979450226,33.95351791381836,0.7947380542755127
2245,97,0.04736328125,0.19419705867767334,33.544639587402344,0.7947041392326355
2246,95,0.04638671875,0.19045688211917877,34.124122619628906,0.7876065969467163
2247,95,0.04638671875,0.20213250815868378,33.86097717285156,0.79712975025177
2248,93,0.04541015625,0.19258980453014374,35.9059944152832,0.7727838158607483
2249,89,0.04345703125,0.18669943511486053,37.09348678588867,0.7632004618644714
2250,81,0.03955078125,0.1744670420885086,35.858245849609375,0.7783306241035461
2251,82,0.0400390625,0.15492668747901917,34.84859085083008,0.7888011336326599
2252,79,0.03857421875,0.1571228802204132,34.80645751953125,0.7909452319145203
2253,81,0.03955078125,0.166092187166214,35.286441802978516,0.7830862402915955
2254,73,0.03564453125,0.1738002598285675,35.732521057128906,0.7813427448272705
2255,73,0.03564453125,0.18652115762233734,36.421321868896484,0.7673502564430237
2256,55,0.02685546875,0.18681080639362335,35.447139739990234,0.7825571894645691
2257,57,0.02783203125,0.1887279450893402,34.03528594970703,0.7983168363571167
2258,61,0.02978515625,0.17896166443824768,36.7701530456543,0.7654217481613159
2259,64,0.03125,0.18560270965099335,36.4401969909668,0.7717455625534058
2260,55,0.02685546875,0.1873456835746765,35.92667770385742,0.7711566090583801
2261,59,0.02880859375,0.20268362760543823,33.73429870605469,0.7969351410865784
2262,68,0.033203125,0.18244145810604095,34.91838836669922,0.7872050404548645
2263,69,0.03369140625,0.19128596782684326,36.08119201660156,0.7689107060432434
2264,71,0.03466796875,0.17122642695903778,35.35329055786133,0.7761669754981995
2265,81,0.03955078125,0.17902213335037231,35.08113098144531,0.7793753147125244
2266,77,0.03759765625,0.16479189693927765,35.0467414855957,0.7878178954124451
2267,84,0.041015625,0.15975306928157806,34.922786712646484,0.7906008362770081
2268,89,0.04345703125,0.17641718685626984,33.708709716796875,0.7951584458351135
2269,81,0.03955078125,0.17963336408138275,36.417728424072266,0.7727075815200806
2270,90,0.0439453125,0.1733262538909912,35.75382995605469,0.7766619920730591
2271,99,0.04833984375,0.1716282069683075,36.534454345703125,0.7644709348678589
2272,99,0.04833984375,0.16109861433506012,36.816368103027344,0.7583578824996948
2273,102,0.0498046875,0.17735129594802856,36.87495803833008,0.7570574283599854
2274,103,0.05029296875,0.15260902047157288,35.878089904785156,0.7721566557884216
2275,109,0.05322265625,0.1581737995147705,36.56014633178711,0.7628836631774902
2276,107,0.05224609375,0.13979990780353546,37.10493469238281,0.7523457407951355
2277,115,0.05615234375,0.14948208630084991,35.8323860168457,0.7672701478004456
2278,125,0.06103515625,0.1580122411251068,37.02959060668945,0.7598485946655273
2279,128,0.0625,0.14892718195915222,36.5650634765625,0.7644293308258057
2280,1538,0.7509765625,0.12511487305164337,53.61418533325195,0.5448970198631287
2281,1354,0.6611328125,0.1296030580997467,52.0306510925293,0.5642353892326355
2282,1702,0.8310546875,0.14012594521045685,52.379695892333984,0.5590791702270508
2283,1452,0.708984375,0.1266545206308365,54.518741607666016,0.5331478714942932
2284,1573,0.76806640625,0.1269780993461609,53.67544937133789,0.5431617498397827
2285,1456,0.7109375,0.12173805385828018,54.108436584472656,0.5387616157531738
2286,1546,0.7548828125,0.1229444071650505,55.44799041748047,0.5223101377487183
2287,1357,0.66259765625,0.11954522132873535,54.80049133300781,0.5306466817855835
2288,1008,0.4921875,0.13398513197898865,55.172706604003906,0.5254460573196411
2289,1115,0.54443359375,0.1255870908498764,54.65692138671875,0.5322316288948059
2290,1547,0.75537109375,0.12676896154880524,54.21902084350586,0.5369393229484558
2291,1004,0.490234375,0.1235223114490509,54.806724548339844,0.5302518606185913
2292,1244,0.607421875,0.12675589323043823,58.05713653564453,0.4883088171482086
2293,1177,0.57470703125,0.1283940076828003,57.671382904052734,0.49440810084342957
2294,1367,0.66748046875,0.12169402837753296,50.89796829223633,0.5821582078933716
2295,1507,0.73583984375,0.12655635178089142,49.983455657958984,0.5912967324256897
2296,1232,0.6015625,0.12977060675621033,50.689613342285156,0.5795212984085083
2297,1035,0.50537109375,0.14378251135349274,49.021087646484375,0.588599681854248
2298,1045,0.51025390625,0.14237840473651886,48.28607177734375,0.6011478304862976
2299,1003,0.48974609375,0.13886752724647522,48.19331741333008,0.6016852855682373
2300,1069,0.52197265625,0.14672544598579407,46.01426696777344,0.6294314861297607
2301,1154,0.5634765625,0.13687917590141296,46.38920211791992,0.6237159371376038
2302,1205,0.58837890625,0.14020954072475433,47.47870635986328,0.6099543571472168
2303,929,0.45361328125,0.14409707486629486,48.5618896484375,0.5977413058280945
2304,961,0.46923828125,0.151123046875,47.79536056518555,0.610405683517456
2305,933,0.45556640625,0.17287148535251617,48.46454620361328,0.6015087366104126
2306,1047,0.51123046875,0.1522294133901596,49.50074005126953,0.5912390947341919
2307,1120,0.546875,0.14266802370548248,49.14841079711914,0.5934871435165405
2308,1191,0.58154296875,0.15488432347774506,51.55630111694336,0.5680017471313477
2309,1164,0.568359375,0.15378743410110474,49.140281677246094,0.6043522357940674
2310,1176,0.57421875,0.15206539630889893,50.053184509277344,0.5959964990615845
2311,1193,0.58251953125,0.14572326838970184,53.045440673828125,0.5568434000015259
2312,1214,0.5927734375,0.14344418048858643,51.06421661376953,0.5813496708869934
2313,1169,0.57080078125,0.1372370570898056,49.25160217285156,0.5995014309883118
2314,1076,0.525390625,0.13625697791576385,49.67797088623047,0.5958846211433411
2315,1137,0.55517578125,0.14130716025829315,49.690792083740234,0.5877376198768616
2316,939,0.45849609375,0.13985513150691986,49.08594512939453,0.595247745513916
2317,1048,0.51171875,0.14157907664775848,48.67536926269531,0.5984664559364319
2318,998,0.4873046875,0.13985420763492584,50.10283279418945,0.5875481963157654
2319,1101,0.53759765625,0.1666301190853119,56.45777893066406,0.5100318193435669
2320,151,0.07373046875,0.11258978396654129,28.961240768432617,0.8377420902252197
2321,172,0.083984375,0.11995258927345276,30.085355758666992,0.8223779201507568
2322,152,0.07421875,0.11092373728752136,30.106868743896484,0.8286086916923523
2323,161,0.07861328125,0.10647538304328918,29.350086212158203,0.8341966867446899
2324,173,0.08447265625,0.10510646551847458,29.920120239257812,0.8249446153640747
2325,202,0.0986328125,0.1360723227262497,28.001861572265625,0.8409415483474731
2326,214,0.1044921875,0.14749817550182343,28.635784149169922,0.8353554010391235
2327,233,0.11376953125,0.16499178111553192,30.1803035736084,0.8182570934295654
2328,207,0.10107421875,0.13556037843227386,28.605253219604492,0.8343393802642822
2329,207,0.10107421875,0.1510997712612152,28.858394622802734,0.8294192552566528
2330,227,0.11083984375,0.1430576592683792,28.198701858520508,0.8371986746788025
2331,254,0.1240234375,0.1446397751569748,29.327091217041016,0.8260509967803955
2332,299,0.14599609375,0.14404554665088654,29.96047019958496,0.8196441531181335
2333,295,0.14404296875,0.14768679440021515,30.047182083129883,0.8213812708854675
2334,289,0.14111328125,0.16839052736759186,33.20893859863281,0.7866203784942627
2335,310,0.1513671875,0.17239253222942352,33.974727630615234,0.7802090644836426
2336,303,0.14794921875,0.16674773395061493,32.094093322753906,0.795951247215271
2337,355,0.17333984375,0.15998604893684387,32.51254653930664,0.7994850873947144
2338,394,0.1923828125,0.16212181746959686,32.575035095214844,0.7975738644599915
2339,341,0.16650390625,0.14628513157367706,30.4293155670166,0.8188719153404236
2340,328,0.16015625,0.13511638343334198,29.86872673034668,0.8207921385765076
2341,362,0.1767578125,0.1492263823747635,31.787155151367188,0.8014420866966248
2342,326,0.1591796875,0.15305520594120026,31.358266830444336,0.8104062676429749
2343,321,0.15673828125,0.13024654984474182,31.57581329345703,0.8085950016975403
2344,327,0.15966796875,0.12574604153633118,30.464252471923828,0.8180411458015442
2345,326,0.1591796875,0.12859463691711426,32.64997482299805,0.7906056046485901
2346,314,0.1533203125,0.14046946167945862,33.760231018066406,0.7825872302055359
2347,336,0.1640625,0.14580784738063812,33.25307083129883,0.7923095226287842
2348,378,0.1845703125,0.1701134294271469,30.691139221191406,0.8159136176109314
2349,382,0.1865234375,0.17219744622707367,31.93166160583496,0.8065067529678345
2350,412,0.201171875,0.168520987033844,32.09678268432617,0.8000533580780029
2351,406,0.1982421875,0.16758865118026733,32.28820037841797,0.7993369102478027
2352,424,0.20703125,0.1768476814031601,32.83648681640625,0.7937870621681213
2353,454,0.2216796875,0.23220889270305634,36.49814987182617,0.7525464296340942
2354,470,0.2294921875,0.21439920365810394,35.36741638183594,0.7632071375846863
2355,448,0.21875,0.2121862918138504,34.66755676269531,0.7732530832290649
2356,389,0.18994140625,0.17335323989391327,32.4583625793457,0.7983626127243042
2357,383,0.18701171875,0.1669244021177292,33.07440948486328,0.7936704754829407
2358,413,0.20166015625,0.2014087736606598,34.549110412597656,0.7782287001609802
2359,390,0.1904296875,0.1947837918996811,32.32915115356445,0.8046354651451111
2360,181,0.08837890625,0.11632339656352997,33.361297607421875,0.7861284017562866
2361,165,0.08056640625,0.11309406906366348,32.68204116821289,0.793456494808197
2362,161,0.07861328125,0.12967760860919952,34.79524230957031,0.7670645117759705
2363,161,0.07861328125,0.11925984919071198,32.055397033691406,0.7986589670181274
2364,161,0.07861328125,0.10857619345188141,32.62626647949219,0.7909169793128967
2365,150,0.0732421875,0.11704911291599274,37.24775695800781,0.7426357269287109
2366,173,0.08447265625,0.1542959064245224,34.43840789794922,0.7734867334365845
2367,156,0.076171875,0.13949142396450043,36.33256149291992,0.7474237084388733
2368,161,0.07861328125,0.12448524683713913,36.228050231933594,0.7489595413208008
2369,154,0.0751953125,0.12709276378154755,34.27040100097656,0.7846785187721252
2370,137,0.06689453125,0.13698892295360565,34.284122467041016,0.7899423837661743
2371,139,0.06787109375,0.149996817111969,35.1053352355957,0.7794118523597717
2372,144,0.0703125,0.15167336165905,36.342994689941406,0.7644230723381042
2373,149,0.07275390625,0.17530451714992523,36.89845657348633,0.7689191699028015
2374,170,0.0830078125,0.14232100546360016,34.16132736206055,0.7944362759590149
2375,188,0.091796875,0.16622522473335266,34.089073181152344,0.7946826219558716
2376,235,0.11474609375,0.17704415321350098,33.22681427001953,0.7982884049415588
2377,269,0.13134765625,0.17985385656356812,33.17770004272461,0.7974240779876709
2378,251,0.12255859375,0.1605599820613861,35.59939193725586,0.7739171981811523
2379,214,0.1044921875,0.13024690747261047,38.636234283447266,0.7405508160591125
2380,203,0.09912109375,0.11821745336055756,34.218116760253906,0.7894434332847595
2381,225,0.10986328125,0.12390490621328354,38.29948806762695,0.7396042346954346
2382,213,0.10400390625,0.12118738889694214,29.56162452697754,0.8255261778831482
2383,245,0.11962890625,0.15723583102226257,32.16633224487305,0.7994623780250549
2384,258,0.1259765625,0.14853481948375702,30.121395111083984,0.8168191313743591
2385,275,0.13427734375,0.1699737310409546,29.911094665527344,0.8130871653556824
2386,303,0.14794921875,0.16915729641914368,30.751041412353516,0.8051596283912659
2387,297,0.14501953125,0.1655249297618866,37.46015930175781,0.7444891333580017
2388,394,0.1923828125,0.20804323256015778,32.148353576660156,0.7951588034629822
2389,354,0.1728515625,0.2070644199848175,33.92696762084961,0.776599109172821
2390,259,0.12646484375,0.1933186650276184,29.351171493530273,0.8294965624809265
2391,302,0.1474609375,0.17632625997066498,29.799898147583008,0.8137815594673157
2392,261,0.12744140625,0.191584050655365,28.37260627746582,0.8355377912521362
2393,273,0.13330078125,0.1989666372537613,28.880666732788086,0.831957221031189
2394,220,0.107421875,0.15877322852611542,32.17823791503906,0.8009606599807739
2395,219,0.10693359375,0.1674375832080841,31.517850875854492,0.8087117075920105
2396,202,0.0986328125,0.14587372541427612,31.208589553833008,0.8174870014190674
2397,190,0.0927734375,0.1329297572374344,35.35113525390625,0.7791585922241211
2398,190,0.0927734375,0.16021837294101715,37.615379333496094,0.7424069046974182
2399,221,0.10791015625,0.1782323718070984,36.5902214050293,0.7672192454338074
2400,135,0.06591796875,0.18627366423606873,29.455169677734375,0.8292728066444397
2401,131,0.06396484375,0.18467748165130615,29.34283447265625,0.8300884366035461
2402,131,0.06396484375,0.18719612061977386,27.501667022705078,0.8504481911659241
2403,131,0.06396484375,0.2130558043718338,28.33783721923828,0.8377575874328613
2404,130,0.0634765625,0.21523456275463104,30.167882919311523,0.824939489364624
2405,126,0.0615234375,0.1848732978105545,28.316125869750977,0.83758145570755
2406,122,0.0595703125,0.18002508580684662,27.240842819213867,0.8497953414916992
2407,125,0.06103515625,0.17519491910934448,26.63935661315918,0.8538936972618103
2408,132,0.064453125,0.1798705905675888,26.460861206054688,0.850261390209198
2409,134,0.0654296875,0.19758692383766174,28.146224975585938,0.8359226584434509
2410,125,0.06103515625,0.17232367396354675,26.664093017578125,0.852328360080719
2411,126,0.0615234375,0.18601666390895844,27.300065994262695,0.8487588763237
2412,130,0.0634765625,0.17590591311454773,27.51205062866211,0.841826319694519
2413,140,0.068359375,0.18129469454288483,25.891311645507812,0.8593829274177551
2414,132,0.064453125,0.18446169793605804,26.45939064025879,0.8541650772094727
2415,134,0.0654296875,0.20003806054592133,29.385896682739258,0.8282830715179443
2416,142,0.0693359375,0.1668020784854889,24.97768783569336,0.8699515461921692
2417,150,0.0732421875,0.16371101140975952,26.2287654876709,0.8583182692527771
2418,157,0.07666015625,0.16365677118301392,26.729373931884766,0.8508887887001038
2419,167,0.08154296875,0.16829240322113037,27.44120979309082,0.852212131023407
2420,155,0.07568359375,0.1665942221879959,26.145015716552734,0.8676049113273621
2421,155,0.07568359375,0.1705056130886078,27.015413284301758,0.8548715710639954
2422,159,0.07763671875,0.14683301746845245,26.63298988342285,0.8584884405136108
2423,145,0.07080078125,0.1580648571252823,25.667631149291992,0.866969108581543
2424,145,0.07080078125,0.1631934642791748,27.071008682250977,0.8549718260765076
2425,136,0.06640625,0.17310911417007446,28.33491325378418,0.8393441438674927
2426,121,0.05908203125,0.18016357719898224,25.854248046875,0.8657408356666565
2427,128,0.0625,0.1851927787065506,27.242507934570312,0.8503090143203735
2428,132,0.064453125,0.1791139394044876,28.183273315429688,0.8414739966392517
2429,128,0.0625,0.18282827734947205,27.330448150634766,0.8518561720848083
2430,129,0.06298828125,0.19157786667346954,29.785926818847656,0.8248062133789062
2431,127,0.06201171875,0.17673401534557343,26.97723388671875,0.8524763584136963
2432,135,0.06591796875,0.19387787580490112,27.179885864257812,0.8492829203605652
2433,138,0.0673828125,0.17119933664798737,28.0871639251709,0.8431054949760437
2434,138,0.0673828125,0.160206601023674,26.395788192749023,0.861111044883728
2435,154,0.0751953125,0.1516149342060089,28.71976089477539,0.8418195843696594
2436,147,0.07177734375,0.17622718214988708,25.552093505859375,0.8680118918418884
2437,170,0.0830078125,0.16746851801872253,29.831634521484375,0.8352883458137512
2438,184,0.08984375,0.17409148812294006,31.395017623901367,0.8160892724990845
2439,186,0.0908203125,0.17658492922782898,30.81879234313965,0.822481632232666
2440,662,0.3232421875,0.13133160769939423,37.404693603515625,0.7299601435661316
2441,696,0.33984375,0.13664044439792633,42.91827392578125,0.6730852127075195
2442,670,0.3271484375,0.13668127357959747,45.0486946105957,0.6461657881736755
2443,638,0.3115234375,0.12519937753677368,38.350914001464844,0.7221007943153381
2444,655,0.31982421875,0.1293855607509613,41.14535903930664,0.6902477145195007
2445,609,0.29736328125,0.13048899173736572,36.632781982421875,0.7448036670684814
2446,603,0.29443359375,0.13414841890335083,37.10890197753906,0.7416920065879822
2447,558,0.2724609375,0.14297135174274445,37.23038864135742,0.7490570545196533
2448,575,0.28076171875,0.15840478241443634,37.160831451416016,0.7496446967124939
2449,490,0.2392578125,0.12863118946552277,36.3135986328125,0.7552320957183838
2450,444,0.216796875,0.13600941002368927,36.93733596801758,0.7401476502418518
2451,453,0.22119140625,0.12701216340065002,37.67908477783203,0.7340949773788452
2452,474,0.2314453125,0.12492326647043228,34.61134719848633,0.7723370790481567
2453,539,0.26318359375,0.14358475804328918,36.80866622924805,0.7477372884750366
2454,603,0.29443359375,0.15865859389305115,40.70231628417969,0.7009676098823547
2455,587,0.28662109375,0.1447124481201172,42.38038635253906,0.6818536520004272
2456,602,0.2939453125,0.15170776844024658,44.35075759887695,0.6582083106040955
2457,463,0.22607421875,0.1678605079650879,45.619102478027344,0.6532349586486816
2458,481,0.23486328125,0.17006057500839233,45.04353332519531,0.6552914381027222
2459,494,0.2412109375,0.148593932390213,39.22251892089844,0.7168563008308411
2460,452,0.220703125,0.11852584779262543,34.19415283203125,0.7814686298370361
2461,446,0.2177734375,0.11751165986061096,34.83995056152344,0.7733141779899597
2462,412,0.201171875,0.12773045897483826,38.798828125,0.7289751172065735
2463,449,0.21923828125,0.1335747241973877,38.12567901611328,0.7330355048179626
2464,406,0.1982421875,0.1334446221590042,39.41731262207031,0.7181711196899414
2465,388,0.189453125,0.1707366555929184,33.095882415771484,0.7888292074203491
2466,413,0.20166015625,0.1720481812953949,30.12451934814453,0.8144123554229736
2467,428,0.208984375,0.17623494565486908,27.55413246154785,0.8369532227516174
2468,434,0.2119140625,0.17865391075611115,31.26885223388672,0.8050537705421448
2469,414,0.2021484375,0.1842857152223587,32.25870132446289,0.7960547208786011
2470,408,0.19921875,0.16628699004650116,31.895977020263672,0.7975813746452332
2471,327,0.15966796875,0.19617176055908203,33.307559967041016,0.7785736918449402
2472,317,0.15478515625,0.20664994418621063,33.16362762451172,0.7853644490242004
2473,307,0.14990234375,0.21172749996185303,32.77056121826172,0.7859047055244446
2474,356,0.173828125,0.20125100016593933,30.578659057617188,0.8121775984764099
2475,381,0.18603515625,0.18619517982006073,29.398237228393555,0.8265786170959473
2476,341,0.16650390625,0.19358289241790771,31.851886749267578,0.7999253273010254
2477,308,0.150390625,0.18955916166305542,32.59714126586914,0.7908840179443359
2478,351,0.17138671875,0.1959405392408371,35.92003631591797,0.7577419877052307
2479,331,0.16162109375,0.21441355347633362,33.9842414855957,0.7797765731811523
2480,306,0.1494140625,0.1990414410829544,43.48698425292969,0.676201343536377
2481,297,0.14501953125,0.18892404437065125,43.81555938720703,0.6703424453735352
2482,377,0.18408203125,0.17782874405384064,40.10688781738281,0.7164375185966492
2483,580,0.283203125,0.22004471719264984,41.68026351928711,0.6958914995193481
2484,403,0.19677734375,0.16989101469516754,36.579097747802734,0.7553889155387878
2485,312,0.15234375,0.13125307857990265,32.04800033569336,0.802372932434082
2486,327,0.15966796875,0.15056799352169037,33.755958557128906,0.7873790860176086
2487,323,0.15771484375,0.15000854432582855,34.521827697753906,0.7813536524772644
2488,423,0.20654296875,0.15930145978927612,35.73340606689453,0.750302791595459
2489,536,0.26171875,0.17748962342739105,38.684364318847656,0.7233327031135559
2490,537,0.26220703125,0.18988098204135895,41.21257019042969,0.6895689964294434
2491,534,0.2607421875,0.15107698738574982,39.8185920715332,0.7085665464401245
2492,586,0.2861328125,0.15997467935085297,39.15729904174805,0.7170805931091309
2493,539,0.26318359375,0.1592036634683609,39.680763244628906,0.7160582542419434
2494,727,0.35498046875,0.1715596616268158,40.63116455078125,0.6989486217498779
2495,643,0.31396484375,0.15549519658088684,41.61222457885742,0.6857261657714844
2496,680,0.33203125,0.15795095264911652,40.94243621826172,0.693210244178772
2497,484,0.236328125,0.1452874094247818,38.05134582519531,0.7272276878356934
2498,399,0.19482421875,0.1180414929986,34.69668197631836,0.7681851387023926
2499,479,0.23388671875,0.14405618607997894,40.69425964355469,0.7030404210090637
2500,493,0.24072265625,0.16219675540924072,40.28776931762695,0.7021839022636414
2501,694,0.3388671875,0.15818288922309875,45.15703582763672,0.6501169800758362
2502,558,0.2724609375,0.15470966696739197,37.63170623779297,0.7392593622207642
2503,838,0.4091796875,0.17545677721500397,42.470237731933594,0.6844334602355957
2504,765,0.37353515625,0.16915148496627808,39.631065368652344,0.7133417129516602
2505,743,0.36279296875,0.17097169160842896,42.712913513183594,0.6834205389022827
2506,871,0.42529296875,0.21595723927021027,48.672969818115234,0.6105594038963318
2507,627,0.30615234375,0.16346636414527893,44.238460540771484,0.6666529178619385
2508,491,0.23974609375,0.14726880192756653,37.08179473876953,0.7414923906326294
2509,378,0.1845703125,0.13486310839653015,35.84288787841797,0.7544037103652954
2510,413,0.20166015625,0.14109164476394653,34.08510971069336,0.7769908308982849
2511,342,0.1669921875,0.14201146364212036,33.731422424316406,0.7840346097946167
2512,239,0.11669921875,0.1354789286851883,31.49283790588379,0.8137800097465515
2513,175,0.08544921875,0.13529613614082336,30.8118839263916,0.8196735382080078
2514,177,0.08642578125,0.13608671724796295,28.753570556640625,0.8415141701698303
2515,149,0.07275390625,0.1461445391178131,29.228593826293945,0.8290081024169922
2516,154,0.0751953125,0.13734766840934753,28.858287811279297,0.8344002962112427
2517,214,0.1044921875,0.1416821926832199,30.485151290893555,0.8193968534469604
2518,269,0.13134765625,0.15596739947795868,32.4599494934082,0.8018965721130371
2519,254,0.1240234375,0.14319290220737457,33.898345947265625,0.7899070382118225
2520,175,0.08544921875,0.11371679604053497,31.53023910522461,0.8064273595809937
2521,173,0.08447265625,0.1133093386888504,30.10382080078125,0.8188236951828003
2522,194,0.0947265625,0.11759892851114273,31.416580200195312,0.8024897575378418
2523,173,0.08447265625,0.10651031881570816,29.53093910217285,0.8270859718322754
2524,182,0.0888671875,0.10961800813674927,30.952783584594727,0.8092421889305115
2525,181,0.08837890625,0.11899157613515854,33.012298583984375,0.7906762957572937
2526,181,0.08837890625,0.10820663720369339,31.345867156982422,0.8048976063728333
2527,174,0.0849609375,0.09920557588338852,30.429187774658203,0.8207085132598877
2528,179,0.08740234375,0.10237440466880798,29.950408935546875,0.8235632181167603
2529,177,0.08642578125,0.09887642413377762,30.4464168548584,0.8187921643257141
2530,201,0.09814453125,0.10403730720281601,30.127145767211914,0.8232659697532654
2531,198,0.0966796875,0.10538507252931595,29.79447364807129,0.8254607915878296
2532,201,0.09814453125,0.10755756497383118,30.981664657592773,0.8140767216682434
2533,194,0.0947265625,0.10998672246932983,31.92759132385254,0.8010399341583252
2534,188,0.091796875,0.10826579481363297,30.85979652404785,0.8114826083183289
2535,171,0.08349609375,0.12601064145565033,33.48443603515625,0.7858585715293884
2536,184,0.08984375,0.1248108372092247,34.308372497558594,0.7748674154281616
2537,181,0.08837890625,0.10316282510757446,31.174360275268555,0.8095798492431641
2538,177,0.08642578125,0.1034887507557869,30.95387077331543,0.8122673034667969
2539,186,0.0908203125,0.10149640589952469,28.511943817138672,0.8337786197662354
2540,186,0.0908203125,0.10317109525203705,28.925378799438477,0.8352992534637451
2541,193,0.09423828125,0.11270482838153839,28.990211486816406,0.8369184136390686
2542,173,0.08447265625,0.10782814770936966,28.903974533081055,0.8356431126594543
2543,189,0.09228515625,0.11327213793992996,30.528879165649414,0.815071165561676
2544,189,0.09228515625,0.13750262558460236,32.55776596069336,0.7985002398490906
2545,206,0.1005859375,0.11357762664556503,28.35171890258789,0.8364416360855103
2546,202,0.0986328125,0.11927235126495361,29.699920654296875,0.8270357251167297
2547,182,0.0888671875,0.11380739510059357,29.71699333190918,0.8254580497741699
2548,206,0.1005859375,0.11361488699913025,27.985078811645508,0.8440669775009155
2549,220,0.107421875,0.10119453817605972,28.562984466552734,0.8395696878433228
2550,232,0.11328125,0.10634947568178177,27.91965675354004,0.8451624512672424
2551,234,0.1142578125,0.10019244253635406,27.310426712036133,0.8497374653816223
2552,242,0.1181640625,0.1097160056233406,27.55950164794922,0.8489538431167603
2553,229,0.11181640625,0.10295084863901138,27.65625,0.8496865630149841
2554,249,0.12158203125,0.11596257984638214,28.332443237304688,0.8395348787307739
2555,235,0.11474609375,0.11093413084745407,29.22343635559082,0.8320367932319641
2556,224,0.109375,0.10523495823144913,28.294828414916992,0.838471531867981
2557,234,0.1142578125,0.09800159186124802,26.420705795288086,0.8568607568740845
2558,254,0.1240234375,0.11636793613433838,28.707185745239258,0.8355073928833008
2559,229,0.11181640625,0.10574442148208618,26.76322364807129,0.8603578209877014
2560,556,0.271484375,0.13964377343654633,40.95585632324219,0.704522967338562
2561,748,0.365234375,0.1368066370487213,42.45699691772461,0.6780589818954468
2562,761,0.37158203125,0.13236857950687408,42.715457916259766,0.672052264213562
2563,830,0.4052734375,0.13821221888065338,42.7311897277832,0.6664296984672546
2564,756,0.369140625,0.1404952108860016,40.66382598876953,0.6925117373466492
2565,815,0.39794921875,0.14645540714263916,42.353843688964844,0.6745051145553589
2566,583,0.28466796875,0.14777621626853943,37.65166473388672,0.7332352995872498
2567,470,0.2294921875,0.1584276705980301,36.403934478759766,0.7437261939048767
2568,555,0.27099609375,0.1726198047399521,38.12456130981445,0.7276687026023865
2569,401,0.19580078125,0.15276536345481873,35.182228088378906,0.7681584358215332
2570,519,0.25341796875,0.15776902437210083,36.07921600341797,0.7517820000648499
2571,668,0.326171875,0.16653482615947723,38.808223724365234,0.714718759059906
2572,633,0.30908203125,0.1887580007314682,41.64472198486328,0.689048171043396
2573,667,0.32568359375,0.18517138063907623,41.53369140625,0.6864726543426514
2574,674,0.3291015625,0.166110560297966,44.29969787597656,0.6565002202987671
2575,889,0.43408203125,0.1726452112197876,46.93536376953125,0.6184760928153992
2576,895,0.43701171875,0.16372789442539215,46.67581558227539,0.6167708039283752
2577,934,0.4560546875,0.161541149020195,46.61623001098633,0.615902841091156
2578,861,0.42041015625,0.16237616539001465,47.05630111694336,0.6166639924049377
2579,901,0.43994140625,0.16547244787216187,48.014305114746094,0.6071733236312866
2580,1002,0.4892578125,0.16981083154678345,47.216209411621094,0.6169975996017456
2581,1068,0.521484375,0.16766631603240967,48.462764739990234,0.603294312953949
2582,1129,0.55126953125,0.180766299366951,46.90692901611328,0.620693564414978
2583,1088,0.53125,0.17244867980480194,46.260623931884766,0.6305954456329346
2584,1166,0.5693359375,0.17559590935707092,45.95454025268555,0.6348806023597717
2585,1268,0.619140625,0.1572326421737671,46.59560775756836,0.6263753175735474
2586,1186,0.5791015625,0.16524946689605713,45.99202346801758,0.6316136121749878
2587,1069,0.52197265625,0.1676795333623886,48.02259063720703,0.6132809519767761
2588,1111,0.54248046875,0.16940082609653473,46.92390441894531,0.6192641854286194
2589,893,0.43603515625,0.17957670986652374,45.918212890625,0.636017918586731
2590,946,0.4619140625,0.1843995749950409,47.53083801269531,0.6203550696372986
2591,829,0.40478515625,0.19689542055130005,45.714839935302734,0.6407476663589478
2592,803,0.39208984375,0.18706510961055756,44.910884857177734,0.6485252380371094
2593,730,0.3564453125,0.17519044876098633,49.20927429199219,0.6038267016410828
2594,806,0.3935546875,0.1903058886528015,46.53298568725586,0.6313297748565674
2595,901,0.43994140625,0.23381222784519196,45.3665885925293,0.6485610604286194
2596,1093,0.53369140625,0.26067546010017395,47.124900817871094,0.6256576776504517
2597,667,0.32568359375,0.23431016504764557,46.17279052734375,0.6452596783638
2598,745,0.36376953125,0.24681133031845093,45.31041717529297,0.6535031199455261
2599,772,0.376953125,0.2961241602897644,47.71000671386719,0.6245302557945251
2600,244,0.119140625,0.11022526025772095,27.80331802368164,0.8469482660293579
2601,226,0.1103515625,0.11510427296161652,26.405569076538086,0.8555383086204529
2602,245,0.11962890625,0.11432219296693802,28.779327392578125,0.8354556560516357
2603,295,0.14404296875,0.11246201395988464,29.850540161132812,0.8207926750183105
2604,278,0.1357421875,0.11176878958940506,28.204757690429688,0.8379678726196289
2605,281,0.13720703125,0.11810384690761566,28.86205291748047,0.8375498056411743
2606,265,0.12939453125,0.1140689104795456,28.821367263793945,0.8388040661811829
2607,273,0.13330078125,0.12223075330257416,31.859832763671875,0.8061008453369141
2608,264,0.12890625,0.11962097138166428,31.67172622680664,0.809551477432251
2609,264,0.12890625,0.12164835631847382,31.19841194152832,0.8115223050117493
2610,239,0.11669921875,0.12699250876903534,34.67829895019531,0.776013195514679
2611,261,0.12744140625,0.12178696691989899,32.12516403198242,0.8039321899414062
2612,227,0.11083984375,0.11297968775033951,31.273645401000977,0.8167098164558411
2613,211,0.10302734375,0.1063586100935936,30.088001251220703,0.8289214372634888
2614,231,0.11279296875,0.11555271595716476,29.98401641845703,0.8292773365974426
2615,230,0.1123046875,0.11567284166812897,28.616865158081055,0.8394792079925537
2616,235,0.11474609375,0.12331852316856384,32.07423782348633,0.8046455979347229
2617,258,0.1259765625,0.12638187408447266,30.76622200012207,0.8138052225112915
2618,298,0.1455078125,0.1287570744752884,34.90901565551758,0.7697376012802124
2619,295,0.14404296875,0.12995293736457825,34.817813873291016,0.7691291570663452
2620,306,0.1494140625,0.15838053822517395,37.63735580444336,0.7402375340461731
2621,255,0.12451171875,0.14521381258964539,31.99609375,0.805667519569397
2622,268,0.130859375,0.14155781269073486,33.76833724975586,0.7808573842048645
2623,258,0.1259765625,0.13988997042179108,31.462106704711914,0.8069502115249634
2624,268,0.130859375,0.14960137009620667,31.827680587768555,0.8085129261016846
2625,256,0.125,0.14675922691822052,33.08721160888672,0.795578122138977
2626,273,0.13330078125,0.1400946080684662,33.07988739013672,0.7947622537612915
2627,285,0.13916015625,0.13579131662845612,30.99970245361328,0.8128857016563416
2628,275,0.13427734375,0.11937933415174484,31.428537368774414,0.8124182224273682
2629,262,0.1279296875,0.11736225336790085,31.503753662109375,0.811099648475647
2630,295,0.14404296875,0.1189461350440979,34.386898040771484,0.7888888120651245
2631,306,0.1494140625,0.13180261850357056,35.18342590332031,0.7788505554199219
2632,300,0.146484375,0.1257169097661972,33.707401275634766,0.7927698493003845
2633,267,0.13037109375,0.12463409453630447,33.208675384521484,0.8022961020469666
2634,319,0.15576171875,0.1202772706747055,34.427188873291016,0.7820812463760376
2635,303,0.14794921875,0.13052180409431458,35.000038146972656,0.7807317972183228
2636,298,0.1455078125,0.12010125070810318,32.925331115722656,0.8034350275993347
2637,276,0.134765625,0.12250988185405731,33.92255401611328,0.7919822931289673
2638,267,0.13037109375,0.12046819180250168,33.52352523803711,0.7938412427902222
2639,253,0.12353515625,0.12484106421470642,33.91413116455078,0.7952496409416199
2640,138,0.0673828125,0.17554828524589539,33.232513427734375,0.7958995699882507
2641,142,0.0693359375,0.1689167469739914,30.363601684570312,0.8248274922370911
2642,147,0.07177734375,0.16881278157234192,31.975990295410156,0.8070791363716125
2643,161,0.07861328125,0.16010038554668427,29.86593246459961,0.8292964100837708
2644,162,0.0791015625,0.15922778844833374,31.061914443969727,0.8171246647834778
2645,157,0.07666015625,0.1455521434545517,30.427772521972656,0.8197135329246521
2646,145,0.07080078125,0.15825268626213074,31.684032440185547,0.807182788848877
2647,152,0.07421875,0.16588637232780457,34.62265396118164,0.7809094190597534
2648,148,0.072265625,0.17137296497821808,33.54698181152344,0.7942796945571899
2649,148,0.072265625,0.16431261599063873,32.65039825439453,0.8002830147743225
2650,142,0.0693359375,0.16842500865459442,31.752967834472656,0.8117743134498596
2651,132,0.064453125,0.1722581833600998,31.18377113342285,0.819495439529419
2652,138,0.0673828125,0.1774650663137436,32.430240631103516,0.8030000329017639
2653,146,0.0712890625,0.17399321496486664,31.86997413635254,0.8145368099212646
2654,146,0.0712890625,0.15084365010261536,33.16868209838867,0.7977836728096008
2655,153,0.07470703125,0.14959943294525146,34.258399963378906,0.7840668559074402
2656,173,0.08447265625,0.14888884127140045,33.98224639892578,0.7889525890350342
2657,176,0.0859375,0.15977442264556885,34.322391510009766,0.7831558585166931
2658,171,0.08349609375,0.16045521199703217,34.567039489746094,0.7816984057426453
2659,177,0.08642578125,0.17101015150547028,34.3387336730957,0.7832024097442627
2660,191,0.09326171875,0.15843144059181213,36.526634216308594,0.7556434869766235
2661,192,0.09375,0.15259672701358795,35.20211410522461,0.7701852917671204
2662,196,0.095703125,0.1454036831855774,36.26045227050781,0.7594799399375916
2663,201,0.09814453125,0.1475827842950821,35.5716667175293,0.7700234055519104
2664,202,0.0986328125,0.15006719529628754,36.63076400756836,0.7565461993217468
2665,205,0.10009765625,0.16213053464889526,35.545326232910156,0.7720329761505127
2666,213,0.10400390625,0.1450386643409729,36.19843292236328,0.7659361958503723
2667,205,0.10009765625,0.14500102400779724,34.5062255859375,0.7807193398475647
2668,193,0.09423828125,0.1520988643169403,33.88218688964844,0.7831922173500061
2669,214,0.1044921875,0.1474805325269699,34.057926177978516,0.7801570296287537
2670,212,0.103515625,0.14551571011543274,33.53549575805664,0.789219856262207
2671,230,0.1123046875,0.14938853681087494,35.23240661621094,0.7640009522438049
2672,221,0.10791015625,0.1496894657611847,33.63270568847656,0.7874897122383118
2673,220,0.107421875,0.154389426112175,34.1481819152832,0.7839499115943909
2674,210,0.1025390625,0.15197372436523438,33.542877197265625,0.7853371500968933
2675,214,0.1044921875,0.1540454626083374,33.905303955078125,0.7810475826263428
2676,208,0.1015625,0.16356447339057922,33.684852600097656,0.7861801981925964
2677,220,0.107421875,0.15825636684894562,34.043087005615234,0.7832658886909485
2678,197,0.09619140625,0.1645619124174118,33.03361892700195,0.7928664088249207
2679,212,0.103515625,0.1563246250152588,35.00823974609375,0.7709248661994934
2680,306,0.1494140625,0.12751945853233337,30.190671920776367,0.8186097741127014
2681,272,0.1328125,0.1148127019405365,30.514875411987305,0.8209280967712402
2682,265,0.12939453125,0.1179860532283783,29.74744987487793,0.824491560459137
2683,294,0.1435546875,0.12408505380153656,30.4442195892334,0.8152978420257568
2684,307,0.14990234375,0.143607959151268,30.578248977661133,0.8154250383377075
2685,296,0.14453125,0.12988699972629547,29.360565185546875,0.8253352642059326
2686,269,0.13134765625,0.12425526231527328,27.873598098754883,0.8459810614585876
2687,255,0.12451171875,0.12251301854848862,28.12395477294922,0.8408758640289307
2688,249,0.12158203125,0.13334053754806519,30.649478912353516,0.8150801658630371
2689,282,0.1376953125,0.13633163273334503,28.043350219726562,0.8385080099105835
2690,276,0.134765625,0.13631974160671234,27.247804641723633,0.8500957489013672
2691,270,0.1318359375,0.13494035601615906,28.243669509887695,0.844238817691803
2692,272,0.1328125,0.14727871119976044,29.531665802001953,0.8366522789001465
2693,301,0.14697265625,0.14329533278942108,29.87672996520996,0.8236287236213684
2694,308,0.150390625,0.15351487696170807,29.728883743286133,0.8312705159187317
2695,284,0.138671875,0.13993105292320251,32.46987533569336,0.8000907301902771
2696,278,0.1357421875,0.12418156117200851,29.48847770690918,0.8266306519508362
2697,278,0.1357421875,0.10709316283464432,29.982677459716797,0.821707546710968
2698,291,0.14208984375,0.10794629156589508,29.90842056274414,0.8272284269332886
2699,300,0.146484375,0.10569842159748077,31.658153533935547,0.8107894062995911
2700,361,0.17626953125,0.14696592092514038,32.614158630371094,0.7951136231422424
2701,383,0.18701171875,0.18750357627868652,34.16391372680664,0.7783157825469971
2702,363,0.17724609375,0.15464559197425842,32.81865692138672,0.7887861728668213
2703,332,0.162109375,0.14795534312725067,31.910991668701172,0.8024945259094238
2704,343,0.16748046875,0.14302515983581543,33.595951080322266,0.7785729169845581
2705,329,0.16064453125,0.1456485092639923,32.6766242980957,0.7911765575408936
2706,345,0.16845703125,0.15698888897895813,31.35297203063965,0.8009289503097534
2707,311,0.15185546875,0.1547670215368271,29.73166847229004,0.8186457753181458
2708,314,0.1533203125,0.15747563540935516,30.496423721313477,0.8096296191215515
2709,365,0.17822265625,0.16627411544322968,32.64139938354492,0.7904157042503357
2710,333,0.16259765625,0.1660102903842926,31.319599151611328,0.8087143301963806
2711,317,0.15478515625,0.1635463982820511,31.94817352294922,0.8043496608734131
2712,372,0.181640625,0.17414569854736328,39.738441467285156,0.7187864780426025
2713,362,0.1767578125,0.17008042335510254,33.861759185791016,0.781640887260437
2714,383,0.18701171875,0.17541776597499847,39.381385803222656,0.7242446541786194
2715,361,0.17626953125,0.1608499437570572,36.01673889160156,0.7642894387245178
2716,395,0.19287109375,0.16818685829639435,37.13459396362305,0.744725227355957
2717,505,0.24658203125,0.17335520684719086,39.00177764892578,0.7289744019508362
2718,499,0.24365234375,0.17587441205978394,41.49906539916992,0.6980218887329102
2719,497,0.24267578125,0.17190584540367126,42.957763671875,0.6812463402748108
2720,90,0.0439453125,0.13314436376094818,29.232934951782227,0.8343018293380737
2721,95,0.04638671875,0.13993042707443237,31.411096572875977,0.81095290184021
2722,117,0.05712890625,0.13489297032356262,33.27345657348633,0.793228268623352
2723,126,0.0615234375,0.1303623914718628,32.4475212097168,0.801889955997467
2724,121,0.05908203125,0.13059094548225403,32.05125045776367,0.8025768399238586
2725,117,0.05712890625,0.1307820975780487,31.898542404174805,0.8074823617935181
2726,118,0.0576171875,0.12714892625808716,33.07696533203125,0.788567841053009
2727,128,0.0625,0.12907668948173523,29.276615142822266,0.8422829508781433
2728,112,0.0546875,0.13720327615737915,32.400535583496094,0.805145263671875
2729,149,0.07275390625,0.13164885342121124,32.904842376708984,0.7974624037742615
2730,146,0.0712890625,0.12435593456029892,31.135103225708008,0.8216478824615479
2731,137,0.06689453125,0.12948325276374817,31.52684211730957,0.8198921084403992
2732,180,0.087890625,0.12803944945335388,33.109981536865234,0.800640881061554
2733,168,0.08203125,0.11771034449338913,32.72100067138672,0.8053438067436218
2734,185,0.09033203125,0.13663311302661896,35.46710205078125,0.7753387689590454
2735,169,0.08251953125,0.12698949873447418,39.21279525756836,0.7260794639587402
2736,170,0.0830078125,0.11600147187709808,37.51130294799805,0.749229907989502
2737,187,0.09130859375,0.13736891746520996,31.184215545654297,0.8187569379806519
2738,175,0.08544921875,0.13588444888591766,34.5567741394043,0.7843273878097534
2739,200,0.09765625,0.14152762293815613,32.54459762573242,0.8061040639877319
2740,208,0.1015625,0.13087771832942963,32.25359344482422,0.802338719367981
2741,266,0.1298828125,0.15973782539367676,31.7767276763916,0.8137101531028748
2742,287,0.14013671875,0.16200043261051178,33.333290100097656,0.800403892993927
2743,376,0.18359375,0.2277209311723709,34.26507568359375,0.7840452790260315
2744,324,0.158203125,0.17160741984844208,35.80463790893555,0.7705010771751404
2745,327,0.15966796875,0.19060371816158295,34.933170318603516,0.7851796746253967
2746,295,0.14404296875,0.1725555658340454,38.4593620300293,0.7479619383811951
2747,284,0.138671875,0.15728837251663208,37.38542938232422,0.7630438208580017
2748,272,0.1328125,0.13734060525894165,36.51583480834961,0.7698749303817749
2749,273,0.13330078125,0.15261735022068024,35.16733932495117,0.7835415601730347
2750,263,0.12841796875,0.1655990332365036,33.13455581665039,0.8014597296714783
2751,272,0.1328125,0.22970186173915863,31.576156616210938,0.8141201138496399
2752,323,0.15771484375,0.2287549525499344,33.745460510253906,0.7891892194747925
2753,303,0.14794921875,0.16557839512825012,33.475093841552734,0.7883196473121643
2754,270,0.1318359375,0.16394856572151184,30.848608016967773,0.8170995712280273
2755,235,0.11474609375,0.14715127646923065,32.2737922668457,0.8002117872238159
2756,238,0.1162109375,0.1570419818162918,33.92454528808594,0.7974342703819275
2757,212,0.103515625,0.14813268184661865,34.385780334472656,0.7900941967964172
2758,198,0.0966796875,0.13027429580688477,35.098140716552734,0.7665842175483704
2759,173,0.08447265625,0.1298716813325882,31.716779708862305,0.8004569411277771
2760,391,0.19091796875,0.14377696812152863,35.03452682495117,0.760819673538208
2761,399,0.19482421875,0.15740244090557098,33.51121520996094,0.7705785036087036
2762,396,0.193359375,0.14127787947654724,33.383323669433594,0.7739717960357666
2763,382,0.1865234375,0.1390535980463028,32.890907287597656,0.7790635228157043
2764,378,0.1845703125,0.1364886462688446,34.14291763305664,0.7689382433891296
2765,382,0.1865234375,0.13251452147960663,33.46043014526367,0.777691662311554
2766,337,0.16455078125,0.13121306896209717,32.95124435424805,0.7808277606964111
2767,299,0.14599609375,0.1470688432455063,34.59484100341797,0.7707939147949219
2768,383,0.18701171875,0.13021664321422577,32.0501594543457,0.7912481427192688
2769,424,0.20703125,0.14756576716899872,33.319461822509766,0.7687235474586487
2770,394,0.1923828125,0.13894037902355194,31.272748947143555,0.7996212840080261
2771,446,0.2177734375,0.15420109033584595,32.89460754394531,0.7790590524673462
2772,447,0.21826171875,0.15502914786338806,31.97646713256836,0.7957977652549744
2773,389,0.18994140625,0.14192833006381989,33.06193161010742,0.7882111668586731
2774,321,0.15673828125,0.1412142515182495,33.36396408081055,0.7985242605209351
2775,292,0.142578125,0.12687426805496216,32.374244689941406,0.8120136260986328
2776,287,0.14013671875,0.1400747150182724,31.777170181274414,0.81714928150177
2777,317,0.15478515625,0.1377793401479721,32.852054595947266,0.8019936680793762
2778,279,0.13623046875,0.1230454072356224,32.03969192504883,0.8162944912910461
2779,258,0.1259765625,0.13387364149093628,32.85953903198242,0.807515561580658
2780,260,0.126953125,0.15346814692020416,33.78446578979492,0.7957592010498047
2781,314,0.1533203125,0.1403605341911316,33.61530303955078,0.7934727072715759
2782,370,0.1806640625,0.14758646488189697,32.84329605102539,0.7960912585258484
2783,343,0.16748046875,0.1517474353313446,32.233036041259766,0.8102251291275024
2784,348,0.169921875,0.15731175243854523,31.042261123657227,0.8159535527229309
2785,347,0.16943359375,0.1486322432756424,30.684755325317383,0.8174483180046082
2786,313,0.15283203125,0.1553587168455124,30.015893936157227,0.822758674621582
2787,399,0.19482421875,0.16559284925460815,31.324399948120117,0.8100806474685669
2788,427,0.20849609375,0.1469692885875702,31.752580642700195,0.8036133050918579
2789,465,0.22705078125,0.14351773262023926,31.335418701171875,0.8066521286964417
2790,498,0.2431640625,0.1323160082101822,30.812501907348633,0.8092762231826782
2791,570,0.2783203125,0.13392572104930878,32.37647247314453,0.7893044948577881
2792,583,0.28466796875,0.1388988494873047,33.522430419921875,0.7782226204872131
2793,511,0.24951171875,0.13021956384181976,33.347984313964844,0.7810834050178528
2794,440,0.21484375,0.14978308975696564,33.832550048828125,0.7792667746543884
2795,476,0.232421875,0.15920297801494598,33.431026458740234,0.7847460508346558
2796,480,0.234375,0.16609227657318115,34.68303680419922,0.7738544344902039
2797,491,0.23974609375,0.1630915403366089,33.412960052490234,0.7882416844367981
2798,536,0.26171875,0.16039538383483887,32.52809143066406,0.7894458770751953
2799,565,0.27587890625,0.17470955848693848,32.68096160888672,0.7869547605514526
2800,261,0.12744140625,0.11450661718845367,30.28716278076172,0.8296343684196472
2801,259,0.12646484375,0.11620128154754639,30.958080291748047,0.8134859800338745
2802,270,0.1318359375,0.1253812462091446,30.52669334411621,0.8197733759880066
2803,254,0.1240234375,0.12202785164117813,30.77149772644043,0.82135009765625
2804,248,0.12109375,0.12290644645690918,30.108787536621094,0.8266763091087341
2805,236,0.115234375,0.12138212472200394,29.7541446685791,0.8328855037689209
2806,228,0.111328125,0.1192048117518425,31.60215950012207,0.8195128440856934
2807,234,0.1142578125,0.12829671800136566,34.39234924316406,0.7846037149429321
2808,250,0.1220703125,0.11833655834197998,31.624378204345703,0.8174024820327759
2809,251,0.12255859375,0.1183774322271347,31.16792869567871,0.8179343938827515
2810,252,0.123046875,0.11619588732719421,30.794471740722656,0.8193479180335999
2811,239,0.11669921875,0.11993654817342758,31.142009735107422,0.8213443756103516
2812,253,0.12353515625,0.11636851727962494,29.907546997070312,0.8315093517303467
2813,243,0.11865234375,0.1353137195110321,30.95159339904785,0.8155755400657654
2814,245,0.11962890625,0.16331884264945984,32.772804260253906,0.7948026657104492
2815,247,0.12060546875,0.15223944187164307,32.27845764160156,0.7993527054786682
2816,247,0.12060546875,0.1312198042869568,29.66694450378418,0.830274224281311
2817,241,0.11767578125,0.12244778126478195,29.112924575805664,0.8382887840270996
2818,249,0.12158203125,0.10287042707204819,30.528432846069336,0.8228872418403625
2819,236,0.115234375,0.11141450703144073,30.20510482788086,0.8265632390975952
2820,237,0.11572265625,0.10550940781831741,30.365312576293945,0.8275156021118164
2821,247,0.12060546875,0.11082135140895844,30.4173641204834,0.8299879431724548
2822,249,0.12158203125,0.11105585098266602,31.75678062438965,0.8168822526931763
2823,248,0.12109375,0.11422020196914673,30.690210342407227,0.8240311741828918
2824,252,0.123046875,0.12157542258501053,32.03611755371094,0.8087096810340881
2825,247,0.12060546875,0.12648150324821472,32.556602478027344,0.7997164726257324
2826,228,0.111328125,0.10737213492393494,30.809343338012695,0.820559024810791
2827,225,0.10986328125,0.11385565251111984,30.97014808654785,0.8197011947631836
2828,230,0.1123046875,0.12490126490592957,31.449880599975586,0.8119228482246399
2829,214,0.1044921875,0.12193188071250916,31.437313079833984,0.8110895156860352
2830,217,0.10595703125,0.12303633242845535,33.725765228271484,0.7919507622718811
2831,226,0.1103515625,0.13557098805904388,34.630184173583984,0.7808617353439331
2832,223,0.10888671875,0.2500249743461609,35.439632415771484,0.7753281593322754
2833,222,0.1083984375,0.2670643925666809,34.5810661315918,0.7836123108863831
2834,209,0.10205078125,0.1816771924495697,33.33412170410156,0.7983083128929138
2835,188,0.091796875,0.1323607712984085,34.277347564697266,0.7890658974647522
2836,191,0.09326171875,0.12800730764865875,36.2075080871582,0.7614713907241821
2837,191,0.09326171875,0.1309060901403427,36.73885726928711,0.7557930946350098
2838,183,0.08935546875,0.1320754587650299,35.18289566040039,0.7791730761528015
2839,202,0.0986328125,0.1390647441148758,36.650428771972656,0.7605417966842651
2840,255,0.12451171875,0.1547439694404602,40.657310485839844,0.7071585059165955
2841,264,0.12890625,0.1572469025850296,39.20732498168945,0.7259430885314941
2842,257,0.12548828125,0.1515803337097168,37.11903381347656,0.7487133741378784
2843,275,0.13427734375,0.16801029443740845,41.12806701660156,0.6996180415153503
2844,352,0.171875,0.16697360575199127,40.313045501708984,0.7086722254753113
2845,410,0.2001953125,0.15102171897888184,38.21023178100586,0.7322952151298523
2846,505,0.24658203125,0.1506844162940979,37.35514450073242,0.7416049838066101
2847,657,0.32080078125,0.17972418665885925,39.9185905456543,0.7050891518592834
2848,662,0.3232421875,0.14774033427238464,40.383697509765625,0.7065355181694031
2849,594,0.2900390625,0.16687653958797455,42.870399475097656,0.6718243956565857
2850,568,0.27734375,0.16044215857982635,38.50823974609375,0.722793459892273
2851,553,0.27001953125,0.13977819681167603,37.97581100463867,0.7316260933876038
2852,444,0.216796875,0.1375877559185028,41.026588439941406,0.6974971294403076
2853,585,0.28564453125,0.14034460484981537,39.19905471801758,0.7144110202789307
2854,466,0.2275390625,0.13762040436267853,41.618499755859375,0.6913624405860901
2855,692,0.337890625,0.1441485732793808,43.147727966308594,0.6762685775756836
2856,593,0.28955078125,0.13864265382289886,41.027313232421875,0.6976233720779419
2857,673,0.32861328125,0.14293882250785828,42.48168182373047,0.684598445892334
2858,761,0.37158203125,0.15482015907764435,41.89715576171875,0.6891966462135315
2859,465,0.22705078125,0.13967770338058472,38.08820724487305,0.7278191447257996
2860,399,0.19482421875,0.1441478282213211,37.21095657348633,0.7367608547210693
2861,312,0.15234375,0.15350233018398285,37.9283332824707,0.730384111404419
2862,317,0.15478515625,0.1442112922668457,37.26801681518555,0.7386747002601624
2863,305,0.14892578125,0.14627696573734283,36.46985626220703,0.7464404106140137
2864,360,0.17578125,0.1441032737493515,38.201446533203125,0.7270686030387878
2865,319,0.15576171875,0.14945171773433685,37.41907501220703,0.7356228828430176
2866,412,0.201171875,0.14938679337501526,34.91165542602539,0.7639338374137878
2867,410,0.2001953125,0.153112530708313,35.341129302978516,0.7623870372772217
2868,383,0.18701171875,0.14533008635044098,36.527992248535156,0.7491195201873779
2869,442,0.2158203125,0.15810775756835938,39.79743957519531,0.713363766670227
2870,451,0.22021484375,0.16737449169158936,37.49928665161133,0.735565185546875
2871,401,0.19580078125,0.17296043038368225,36.830142974853516,0.7457336783409119
2872,482,0.2353515625,0.16251979768276215,35.80924987792969,0.7478564977645874
2873,626,0.3056640625,0.15644335746765137,38.99742889404297,0.7096802592277527
2874,444,0.216796875,0.15702636539936066,36.459693908691406,0.7482321262359619
2875,529,0.25830078125,0.1273292452096939,39.5645637512207,0.7164674401283264
2876,719,0.35107421875,0.11762098222970963,51.17100524902344,0.5817879438400269
2877,575,0.28076171875,0.12474821507930756,45.54433822631836,0.6494919657707214
2878,519,0.25341796875,0.13426846265792847,49.26025390625,0.603418231010437
2879,466,0.2275390625,0.12569373846054077,50.16489791870117,0.589983344078064
2880,119,0.05810546875,0.1712466925382614,32.00507736206055,0.813382625579834
2881,121,0.05908203125,0.1705956906080246,32.581825256347656,0.8017359972000122
2882,110,0.0537109375,0.16554056107997894,32.951778411865234,0.7926983833312988
2883,110,0.0537109375,0.1763177216053009,33.19865417480469,0.7938928008079529
2884,101,0.04931640625,0.16579125821590424,33.50621032714844,0.792170524597168
2885,100,0.048828125,0.17753876745700836,34.266963958740234,0.7945147752761841
2886,88,0.04296875,0.17172831296920776,31.27399444580078,0.8171985745429993
2887,79,0.03857421875,0.168023943901062,33.45131301879883,0.7912720441818237
2888,81,0.03955078125,0.17532660067081451,30.804777145385742,0.8300865292549133
2889,76,0.037109375,0.15870541334152222,32.08304977416992,0.8067454695701599
2890,74,0.0361328125,0.18254902958869934,32.037784576416016,0.8082121014595032
2891,73,0.03564453125,0.17488886415958405,28.56354331970215,0.8405169248580933
2892,83,0.04052734375,0.17390963435173035,33.57236862182617,0.7976321578025818
2893,80,0.0390625,0.16248555481433868,32.856605529785156,0.8005737066268921
2894,79,0.03857421875,0.18084707856178284,31.527259826660156,0.8113077878952026
2895,60,0.029296875,0.18467600643634796,35.665565490722656,0.771694540977478
2896,58,0.0283203125,0.24133014678955078,37.461669921875,0.7579614520072937
2897,55,0.02685546875,0.19501960277557373,35.01427459716797,0.7848551869392395
2898,42,0.0205078125,0.21451567113399506,35.03333282470703,0.7923200726509094
2899,41,0.02001953125,0.278408408164978,39.10334396362305,0.7530599236488342
2900,36,0.017578125,0.2903229892253876,40.04191970825195,0.7405858635902405
2901,36,0.017578125,0.22288735210895538,38.13262176513672,0.7555005550384521
2902,43,0.02099609375,0.2719481885433197,40.00253677368164,0.7355247139930725
2903,38,0.0185546875,0.26618221402168274,40.87461471557617,0.7285544872283936
2904,50,0.0244140625,0.24867571890354156,41.1312370300293,0.7247801423072815
2905,70,0.0341796875,0.2403632402420044,40.80712127685547,0.7202403545379639
2906,66,0.0322265625,0.22660166025161743,40.11729431152344,0.734862208366394
2907,78,0.0380859375,0.21694770455360413,40.08963394165039,0.728117823600769
2908,71,0.03466796875,0.21699227392673492,41.34970474243164,0.7139686346054077
2909,77,0.03759765625,0.20770147442817688,38.535621643066406,0.7474684119224548
2910,88,0.04296875,0.2043287456035614,37.594600677490234,0.7513238787651062
2911,75,0.03662109375,0.20728331804275513,38.92862319946289,0.7398800253868103
2912,67,0.03271484375,0.21385298669338226,39.574092864990234,0.7278707027435303
2913,72,0.03515625,0.21663053333759308,40.51226043701172,0.7167209982872009
2914,89,0.04345703125,0.19983313977718353,36.818756103515625,0.7601607441902161
2915,83,0.04052734375,0.20990607142448425,36.30169677734375,0.7727810740470886
2916,89,0.04345703125,0.2011747658252716,36.409690856933594,0.7661136388778687
2917,80,0.0390625,0.18865740299224854,34.83098602294922,0.7855314016342163
2918,84,0.041015625,0.20205023884773254,34.693050384521484,0.7835735082626343
2919,79,0.03857421875,0.2044549435377121,35.220829010009766,0.7739711999893188
2920,377,0.18408203125,0.14659638702869415,35.6491584777832,0.7589936256408691
2921,387,0.18896484375,0.1544366478919983,34.57969284057617,0.7686793804168701
2922,387,0.18896484375,0.1666231006383896,38.67598342895508,0.7267495393753052
2923,369,0.18017578125,0.14968954026699066,35.7191276550293,0.7594314217567444
2924,471,0.22998046875,0.1580202728509903,37.79411697387695,0.7296944260597229
2925,513,0.25048828125,0.16775445640087128,45.57115936279297,0.6427479386329651
2926,464,0.2265625,0.15671402215957642,39.357051849365234,0.7172754406929016
2927,460,0.224609375,0.16826558113098145,36.17803955078125,0.7463019490242004
2928,468,0.228515625,0.17170915007591248,37.22214889526367,0.7372367978096008
2929,436,0.212890625,0.15769889950752258,36.0574951171875,0.7531142830848694
2930,429,0.20947265625,0.1598082184791565,37.59136962890625,0.7328832149505615
2931,413,0.20166015625,0.15201714634895325,39.05181121826172,0.7150210738182068
2932,348,0.169921875,0.16243164241313934,36.10270309448242,0.7544524073600769
2933,286,0.1396484375,0.15476185083389282,36.857147216796875,0.7478891015052795
2934,242,0.1181640625,0.1660475879907608,36.878761291503906,0.7399502396583557
2935,272,0.1328125,0.1708366721868515,38.0186767578125,0.7291587591171265
2936,287,0.14013671875,0.15094056725502014,36.218807220458984,0.7448701858520508
2937,306,0.1494140625,0.13944074511528015,33.509033203125,0.7748849391937256
2938,262,0.1279296875,0.11324773728847504,30.17032241821289,0.8131005167961121
2939,280,0.13671875,0.12135518342256546,30.84005355834961,0.8049964904785156
2940,236,0.115234375,0.11060946434736252,28.433788299560547,0.8285205364227295
2941,219,0.10693359375,0.11116255819797516,28.547727584838867,0.8252028226852417
2942,228,0.111328125,0.11493383347988129,29.62467384338379,0.8118354678153992
2943,229,0.11181640625,0.11127450317144394,28.927431106567383,0.8195298314094543
2944,213,0.10400390625,0.11812689155340195,28.808685302734375,0.8255264163017273
2945,200,0.09765625,0.11962080746889114,29.21904945373535,0.8244606852531433
2946,209,0.10205078125,0.11227378249168396,29.045650482177734,0.8234198093414307
2947,229,0.11181640625,0.12109234184026718,30.02956771850586,0.813275933265686
2948,219,0.10693359375,0.22367602586746216,43.41868209838867,0.675558865070343
2949,250,0.1220703125,0.23945622146129608,47.46788787841797,0.6273764967918396
2950,228,0.111328125,0.12313614785671234,30.717296600341797,0.8101464509963989
2951,276,0.134765625,0.11774742603302002,31.51701545715332,0.7918375134468079
2952,263,0.12841796875,0.11983563750982285,31.167858123779297,0.8047840595245361
2953,285,0.13916015625,0.11029928177595139,33.14421463012695,0.7834330797195435
2954,335,0.16357421875,0.11311143636703491,33.806617736816406,0.7708656191825867
2955,324,0.158203125,0.11330165714025497,32.745147705078125,0.7873122096061707
2956,334,0.1630859375,0.11496058106422424,34.542640686035156,0.7658765316009521
2957,263,0.12841796875,0.11013627052307129,32.14426803588867,0.7939264178276062
2958,302,0.1474609375,0.12950381636619568,32.15472412109375,0.7964096069335938
2959,279,0.13623046875,0.1299094557762146,33.56005096435547,0.7868831753730774
2960,384,0.1875,0.17307890951633453,33.345890045166016,0.7894435524940491
2961,444,0.216796875,0.1875418722629547,35.502201080322266,0.7590193152427673
2962,410,0.2001953125,0.1636088490486145,32.562965393066406,0.7926648855209351
2963,443,0.21630859375,0.1762017011642456,33.6772346496582,0.7794650197029114
2964,424,0.20703125,0.15554380416870117,32.447566986083984,0.7968697547912598
2965,441,0.21533203125,0.16165928542613983,32.53010177612305,0.7916260957717896
2966,377,0.18408203125,0.15440130233764648,32.1794319152832,0.7900329232215881
2967,376,0.18359375,0.16426865756511688,33.40651321411133,0.7759612202644348
2968,406,0.1982421875,0.172132208943367,33.023338317871094,0.7843177914619446
2969,403,0.19677734375,0.1599891483783722,34.200706481933594,0.765934407711029
2970,421,0.20556640625,0.1520570069551468,33.57991027832031,0.7752302289009094
2971,410,0.2001953125,0.14065103232860565,31.630611419677734,0.7979126572608948
2972,416,0.203125,0.13883042335510254,32.43284606933594,0.7903255820274353
2973,412,0.201171875,0.15579712390899658,34.67070007324219,0.7654914259910583
2974,422,0.2060546875,0.15304531157016754,34.03977584838867,0.7735369801521301
2975,445,0.21728515625,0.15076853334903717,33.17604446411133,0.7776126265525818
2976,448,0.21875,0.16982100903987885,36.073665618896484,0.7441350221633911
2977,475,0.23193359375,0.20164094865322113,39.55300521850586,0.7046094536781311
2978,455,0.22216796875,0.19419918954372406,39.672523498535156,0.7031831741333008
2979,449,0.21923828125,0.1507466435432434,35.74361801147461,0.7493960857391357
2980,483,0.23583984375,0.15808279812335968,37.62150573730469,0.7231752872467041
2981,540,0.263671875,0.1501535177230835,38.31119918823242,0.7195224165916443
2982,493,0.24072265625,0.14242559671401978,37.21697998046875,0.7412751913070679
2983,471,0.22998046875,0.1486421376466751,35.26531982421875,0.7602410912513733
2984,437,0.21337890625,0.14392800629138947,36.4769172668457,0.747261643409729
2985,461,0.22509765625,0.15279902517795563,33.62289047241211,0.7797024250030518
2986,463,0.22607421875,0.14212439954280853,38.29241943359375,0.7253044247627258
2987,511,0.24951171875,0.15803569555282593,36.246795654296875,0.7465208768844604
2988,460,0.224609375,0.13517127931118011,38.32374572753906,0.7264730930328369
2989,408,0.19921875,0.13364295661449432,40.54182434082031,0.6987844705581665
2990,387,0.18896484375,0.13225601613521576,37.84112548828125,0.7341396808624268
2991,426,0.2080078125,0.1303931176662445,36.34943389892578,0.7509810924530029
2992,448,0.21875,0.1436898410320282,36.16859817504883,0.7509703636169434
2993,466,0.2275390625,0.1532614678144455,36.18674850463867,0.7512272596359253
2994,459,0.22412109375,0.16427300870418549,35.89872741699219,0.7557878494262695
2995,452,0.220703125,0.16522562503814697,34.852195739746094,0.7679927349090576
2996,406,0.1982421875,0.1588868796825409,34.551395416259766,0.7737150192260742
2997,386,0.1884765625,0.16020815074443817,34.35947036743164,0.7805347442626953
2998,448,0.21875,0.17223212122917175,35.272884368896484,0.7644752860069275
2999,374,0.1826171875,0.1457514464855194,37.43805694580078,0.7449139952659607
3000,485,0.23681640625,0.17010946571826935,33.596500396728516,0.7819849848747253
3001,577,0.28173828125,0.14957785606384277,32.26291275024414,0.7873009443283081
3002,621,0.30322265625,0.12815898656845093,30.36910057067871,0.8085405230522156
3003,733,0.35791015625,0.11119993031024933,30.758562088012695,0.8050442337989807
3004,765,0.37353515625,0.11160153150558472,35.285850524902344,0.7574113607406616
3005,747,0.36474609375,0.10798701643943787,33.35685348510742,0.7775171995162964
3006,648,0.31640625,0.12185481190681458,31.382307052612305,0.8033189177513123
3007,596,0.291015625,0.13972675800323486,31.575769424438477,0.800106406211853
3008,595,0.29052734375,0.13946349918842316,31.502548217773438,0.8009182810783386
3009,611,0.29833984375,0.1405044049024582,30.71528434753418,0.8074480891227722
3010,595,0.29052734375,0.13817235827445984,30.269102096557617,0.8104252219200134
3011,535,0.26123046875,0.1467871069908142,30.673049926757812,0.8124130964279175
3012,485,0.23681640625,0.1611303687095642,33.071937561035156,0.7886775135993958
3013,543,0.26513671875,0.1502475142478943,32.157291412353516,0.7975501418113708
3014,555,0.27099609375,0.16074076294898987,33.77933883666992,0.7832837700843811
3015,546,0.2666015625,0.16483072936534882,34.28341293334961,0.7783271074295044
3016,593,0.28955078125,0.14698389172554016,33.103248596191406,0.7863000631332397
3017,626,0.3056640625,0.13829411566257477,32.40834045410156,0.7897146940231323
3018,552,0.26953125,0.1275835484266281,30.683792114257812,0.8114185333251953
3019,511,0.24951171875,0.13592034578323364,31.720355987548828,0.8025155663490295
3020,504,0.24609375,0.1365147978067398,32.62020492553711,0.7914476990699768
3021,569,0.27783203125,0.124368816614151,31.795557022094727,0.8025457859039307
3022,526,0.2568359375,0.1301131397485733,31.974597930908203,0.803296685218811
3023,567,0.27685546875,0.11589421331882477,32.05367660522461,0.7983949184417725
3024,586,0.2861328125,0.11260044574737549,30.55683135986328,0.81255704164505
3025,662,0.3232421875,0.11361705511808395,34.49229431152344,0.7630292773246765
3026,745,0.36376953125,0.11758465319871902,34.52153396606445,0.756260097026825
3027,681,0.33251953125,0.1094101145863533,32.23063659667969,0.7812680006027222
3028,590,0.2880859375,0.10855194181203842,31.5905818939209,0.7950533032417297
3029,524,0.255859375,0.11783601343631744,31.08147621154785,0.8096185922622681
3030,501,0.24462890625,0.11607307940721512,31.60831069946289,0.80190509557724
3031,447,0.21826171875,0.13993531465530396,33.37822341918945,0.7889512777328491
3032,477,0.23291015625,0.13383859395980835,32.71302795410156,0.7955551743507385
3033,499,0.24365234375,0.1259106546640396,30.736427307128906,0.8125407695770264
3034,577,0.28173828125,0.11489921808242798,29.67574691772461,0.8158959746360779
3035,651,0.31787109375,0.10467261075973511,31.44976806640625,0.7908834218978882
3036,620,0.302734375,0.11583717912435532,34.820068359375,0.7580050230026245
3037,611,0.29833984375,0.1254822164773941,31.845361709594727,0.7965015172958374
3038,660,0.322265625,0.11808714270591736,31.94207000732422,0.7909022569656372
3039,569,0.27783203125,0.1481645554304123,31.818307876586914,0.8068132400512695
3040,686,0.3349609375,0.17656104266643524,51.1688346862793,0.5713546872138977
3041,654,0.3193359375,0.16356521844863892,51.58902359008789,0.5733084678649902
3042,803,0.39208984375,0.16881297528743744,42.06086730957031,0.6828619837760925
3043,709,0.34619140625,0.16272062063217163,46.71396255493164,0.6279585361480713
3044,544,0.265625,0.1625428944826126,48.63380813598633,0.6100916862487793
3045,566,0.2763671875,0.16240817308425903,48.90511703491211,0.602837860584259
3046,532,0.259765625,0.1618538200855255,50.127967834472656,0.5971654653549194
3047,656,0.3203125,0.15644297003746033,53.673988342285156,0.548262357711792
3048,850,0.4150390625,0.15794813632965088,38.94297409057617,0.7126801013946533
3049,852,0.416015625,0.15870629251003265,34.08903121948242,0.7639089822769165
3050,838,0.4091796875,0.16158784925937653,35.03339385986328,0.750769853591919
3051,800,0.390625,0.17106874287128448,35.62925720214844,0.7499037384986877
3052,776,0.37890625,0.17735138535499573,34.21382522583008,0.7622085809707642
3053,834,0.4072265625,0.15103387832641602,34.48489761352539,0.7584987878799438
3054,792,0.38671875,0.1530226618051529,32.86159896850586,0.7806380391120911
3055,755,0.36865234375,0.14159998297691345,35.938758850097656,0.756778359413147
3056,812,0.396484375,0.17136713862419128,33.500709533691406,0.7770915627479553
3057,597,0.29150390625,0.2308988869190216,34.07112503051758,0.7576459646224976
3058,546,0.2666015625,0.26591992378234863,37.48147201538086,0.7259523868560791
3059,665,0.32470703125,0.21384380757808685,33.122901916503906,0.7683946490287781
3060,723,0.35302734375,0.18721245229244232,36.652069091796875,0.739615261554718
3061,671,0.32763671875,0.17368541657924652,37.880104064941406,0.7274946570396423
3062,659,0.32177734375,0.1851707100868225,40.05265426635742,0.7037762403488159
3063,640,0.3125,0.16729095578193665,37.830020904541016,0.7345971465110779
3064,496,0.2421875,0.16519492864608765,37.764041900634766,0.7411551475524902
3065,479,0.23388671875,0.18702463805675507,38.6226921081543,0.7301878333091736
3066,570,0.2783203125,0.17253327369689941,34.314117431640625,0.7753486037254333
3067,599,0.29248046875,0.16667677462100983,31.874296188354492,0.7987619042396545
3068,565,0.27587890625,0.1778467744588852,33.847530364990234,0.7788434624671936
3069,493,0.24072265625,0.20136594772338867,39.76362991333008,0.7140829563140869
3070,467,0.22802734375,0.15302874147891998,33.59071731567383,0.7794488668441772
3071,500,0.244140625,0.14937752485275269,33.414817810058594,0.7795640826225281
3072,467,0.22802734375,0.1417977660894394,32.785606384277344,0.787408173084259
3073,462,0.2255859375,0.1421554535627365,32.656925201416016,0.7898176312446594
3074,443,0.21630859375,0.14482338726520538,32.186866760253906,0.796935498714447
3075,433,0.21142578125,0.21873988211154938,39.810333251953125,0.7153401970863342
3076,415,0.20263671875,0.1504865139722824,33.66270065307617,0.786348283290863
3077,425,0.20751953125,0.15239916741847992,39.347686767578125,0.726888120174408
3078,426,0.2080078125,0.1450059860944748,32.64081573486328,0.7909556031227112
3079,430,0.2099609375,0.1454179435968399,32.30436325073242,0.8008970022201538
3080,453,0.22119140625,0.1577633172273636,39.32391357421875,0.7272854447364807
3081,536,0.26171875,0.16282427310943604,36.19506072998047,0.761681079864502
3082,568,0.27734375,0.1494571715593338,38.29767990112305,0.7446866035461426
3083,732,0.357421875,0.17504346370697021,52.98353576660156,0.5661711096763611
3084,672,0.328125,0.15685202181339264,51.90569305419922,0.573543131351471
3085,551,0.26904296875,0.15221774578094482,41.55397415161133,0.700147807598114
3086,621,0.30322265625,0.14448213577270508,33.18470764160156,0.786198616027832
3087,745,0.36376953125,0.16613587737083435,35.7772102355957,0.7485868334770203
3088,852,0.416015625,0.18396790325641632,34.833709716796875,0.7564643621444702
3089,800,0.390625,0.16730202734470367,56.050262451171875,0.5168506503105164
3090,849,0.41455078125,0.16173163056373596,33.45167541503906,0.7725707292556763
3091,685,0.33447265625,0.15518461167812347,31.44202423095703,0.7897969484329224
3092,466,0.2275390625,0.14899222552776337,33.13159942626953,0.7943601012229919
3093,411,0.20068359375,0.15275272727012634,38.4986457824707,0.7413967251777649
3094,488,0.23828125,0.1451306939125061,42.75798797607422,0.6877120733261108
3095,501,0.24462890625,0.1408018171787262,42.21481704711914,0.6930392384529114
3096,422,0.2060546875,0.13647376000881195,37.746917724609375,0.7520820498466492
3097,417,0.20361328125,0.13703122735023499,37.8121452331543,0.751420795917511
3098,412,0.201171875,0.12964625656604767,38.75369644165039,0.7425269484519958
3099,454,0.2216796875,0.130534365773201,37.566471099853516,0.7518475651741028
3100,471,0.22998046875,0.15508803725242615,40.59648132324219,0.7097642421722412
3101,466,0.2275390625,0.1357894241809845,38.97083282470703,0.7299233675003052
3102,495,0.24169921875,0.1370425522327423,39.51872634887695,0.7204071879386902
3103,475,0.23193359375,0.12784838676452637,38.811317443847656,0.733264148235321
3104,480,0.234375,0.13189800083637238,38.32972717285156,0.7349526286125183
3105,456,0.22265625,0.12341339141130447,36.80210876464844,0.7573660016059875
3106,450,0.2197265625,0.12388429045677185,37.608543395996094,0.7498636245727539
3107,402,0.1962890625,0.12763574719429016,35.45047378540039,0.7615331411361694
3108,393,0.19189453125,0.16443195939064026,34.915470123291016,0.7574198246002197
3109,404,0.197265625,0.14534856379032135,34.08538818359375,0.772939920425415
3110,384,0.1875,0.11614025384187698,35.611289978027344,0.7697929739952087
3111,358,0.1748046875,0.12389176338911057,34.90781784057617,0.7796146869659424
3112,305,0.14892578125,0.146064892411232,34.86444091796875,0.780574381351471
3113,263,0.12841796875,0.14077159762382507,34.720603942871094,0.7842863202095032
3114,291,0.14208984375,0.13524121046066284,33.7995719909668,0.7911409735679626
3115,304,0.1484375,0.13264475762844086,33.586551666259766,0.7931773066520691
3116,324,0.158203125,0.1332106590270996,34.842124938964844,0.7786023020744324
3117,311,0.15185546875,0.13933366537094116,34.57976531982422,0.7853558659553528
3118,321,0.15673828125,0.14232724905014038,41.32001495361328,0.7057071924209595
3119,316,0.154296875,0.14728622138500214,40.64388656616211,0.7141602635383606
3120,768,0.375,0.18388043344020844,47.818790435791016,0.6150437593460083
3121,699,0.34130859375,0.16995695233345032,52.002906799316406,0.5628846883773804
3122,768,0.375,0.19522541761398315,46.34767532348633,0.6270513534545898
3123,791,0.38623046875,0.21276748180389404,44.76844024658203,0.6556300520896912
3124,797,0.38916015625,0.18264350295066833,44.04008865356445,0.6607813239097595
3125,846,0.4130859375,0.16027313470840454,43.780216217041016,0.655306339263916
3126,862,0.4208984375,0.17402872443199158,45.34680938720703,0.6442050933837891
3127,928,0.453125,0.16504573822021484,45.72650909423828,0.6393440961837769
3128,899,0.43896484375,0.17951670289039612,44.41188049316406,0.6531859040260315
3129,955,0.46630859375,0.17495912313461304,44.90275192260742,0.6477006077766418
3130,947,0.46240234375,0.16396108269691467,43.69951629638672,0.6627078056335449
3131,895,0.43701171875,0.16752661764621735,47.02216339111328,0.625997006893158
3132,984,0.48046875,0.15440583229064941,43.2900276184082,0.6672500967979431
3133,937,0.45751953125,0.14312843978405,41.329227447509766,0.6840581893920898
3134,744,0.36328125,0.13974116742610931,48.672157287597656,0.6077899932861328
3135,965,0.47119140625,0.140548974275589,42.722816467285156,0.6739344000816345
3136,980,0.478515625,0.129422128200531,42.2946662902832,0.6752926707267761
3137,1080,0.52734375,0.12045319378376007,39.72140121459961,0.7070052027702332
3138,1048,0.51171875,0.1143764853477478,39.44612503051758,0.7080799341201782
3139,998,0.4873046875,0.11824338883161545,38.245391845703125,0.7178909778594971
3140,1021,0.49853515625,0.12457792460918427,48.17537307739258,0.6110497713088989
3141,1100,0.537109375,0.1219734251499176,51.257869720458984,0.5728153586387634
3142,1016,0.49609375,0.11529459059238434,37.783077239990234,0.720977246761322
3143,1153,0.56298828125,0.12853018939495087,38.57168960571289,0.7106196284294128
3144,385,0.18798828125,0.1370847225189209,43.65382385253906,0.6692330241203308
3145,1225,0.59814453125,0.18159911036491394,63.18675994873047,0.4254013001918793
3146,977,0.47705078125,0.13000135123729706,44.893497467041016,0.653120756149292
3147,306,0.1494140625,0.10548562556505203,35.443145751953125,0.7607236504554749
3148,318,0.1552734375,0.1273108869791031,38.275875091552734,0.729196310043335
3149,348,0.169921875,0.11174825578927994,36.916595458984375,0.7439689040184021
3150,1081,0.52783203125,0.1372525542974472,39.502891540527344,0.6989576816558838
3151,748,0.365234375,0.1181853711605072,36.65580749511719,0.7281706929206848
3152,589,0.28759765625,0.1386067420244217,35.23612594604492,0.7443641424179077
3153,571,0.27880859375,0.14118200540542603,37.843048095703125,0.7266502976417542
3154,560,0.2734375,0.14491580426692963,36.65602493286133,0.7371785044670105
3155,598,0.2919921875,0.14021006226539612,35.731353759765625,0.7453827857971191
3156,753,0.36767578125,0.1338815987110138,38.50355529785156,0.7115744948387146
3157,611,0.29833984375,0.13523109257221222,39.83193588256836,0.7031831741333008
3158,558,0.2724609375,0.14808323979377747,41.876461029052734,0.6837906241416931
3159,494,0.2412109375,0.1546008288860321,42.26358413696289,0.6807889342308044
3160,383,0.18701171875,0.11469466239213943,33.23096466064453,0.7845599055290222
3161,403,0.19677734375,0.1168191060423851,31.629793167114258,0.8025834560394287
3162,466,0.2275390625,0.12269913405179977,32.95014190673828,0.7866628766059875
3163,347,0.16943359375,0.10808713734149933,28.066299438476562,0.8443834781646729
3164,311,0.15185546875,0.10588150471448898,28.10348129272461,0.85023033618927
3165,298,0.1455078125,0.10237621515989304,28.749164581298828,0.8436725735664368
3166,301,0.14697265625,0.10676195472478867,27.942659378051758,0.8518760800361633
3167,270,0.1318359375,0.11235246062278748,28.6001033782959,0.8468154072761536
3168,281,0.13720703125,0.10759816318750381,27.927629470825195,0.851665735244751
3169,314,0.1533203125,0.10072469711303711,27.93653678894043,0.8421428799629211
3170,342,0.1669921875,0.10366888344287872,29.991268157958984,0.8265432715415955
3171,358,0.1748046875,0.10825154185295105,28.01677131652832,0.8428062796592712
3172,317,0.15478515625,0.09785963594913483,27.131704330444336,0.8571751117706299
3173,290,0.1416015625,0.0996844694018364,27.813539505004883,0.850389838218689
3174,287,0.14013671875,0.10142820328474045,26.59739112854004,0.8599210977554321
3175,280,0.13671875,0.09998184442520142,27.754432678222656,0.8484598398208618
3176,286,0.1396484375,0.09708964824676514,26.345163345336914,0.8631478548049927
3177,261,0.12744140625,0.09725145250558853,28.2934513092041,0.848375141620636
3178,280,0.13671875,0.09801275283098221,27.657821655273438,0.8525288701057434
3179,301,0.14697265625,0.09862810373306274,27.542043685913086,0.8503201603889465
3180,296,0.14453125,0.10976053029298782,26.777996063232422,0.8584656715393066
3181,308,0.150390625,0.11123394221067429,27.700607299804688,0.8504151105880737
3182,319,0.15576171875,0.11638002097606659,28.440738677978516,0.8431684374809265
3183,295,0.14404296875,0.11338921636343002,27.040889739990234,0.8548144698143005
3184,308,0.150390625,0.11198720335960388,26.665254592895508,0.8580358028411865
3185,329,0.16064453125,0.12129543721675873,27.558349609375,0.8471167683601379
3186,327,0.15966796875,0.11398297548294067,27.17525863647461,0.8502101302146912
3187,355,0.17333984375,0.12489524483680725,28.452659606933594,0.8391677141189575
3188,373,0.18212890625,0.12296484410762787,29.709516525268555,0.8230331540107727
3189,355,0.17333984375,0.12157157063484192,29.250402450561523,0.8287458419799805
3190,335,0.16357421875,0.12262081354856491,28.400043487548828,0.837531328201294
3191,320,0.15625,0.12563644349575043,27.030227661132812,0.8534297943115234
3192,349,0.17041015625,0.13640522956848145,29.228858947753906,0.8292499780654907
3193,310,0.1513671875,0.12641797959804535,27.637859344482422,0.8455519080162048
3194,302,0.1474609375,0.14076386392116547,30.6989688873291,0.8240262866020203
3195,349,0.17041015625,0.14760950207710266,32.49401092529297,0.8032243847846985
3196,352,0.171875,0.1659090667963028,35.87324523925781,0.7683643698692322
3197,365,0.17822265625,0.15988150238990784,31.543720245361328,0.8105080723762512
3198,353,0.17236328125,0.17127034068107605,33.14408493041992,0.799523651599884
3199,395,0.19287109375,0.16107361018657684,32.716552734375,0.7983093857765198
3200,102,0.0498046875,0.1304122656583786,30.663652420043945,0.8218452334403992
3201,102,0.0498046875,0.13059203326702118,29.15283203125,0.8387966752052307
3202,91,0.04443359375,0.13220886886119843,31.661420822143555,0.8130515217781067
3203,95,0.04638671875,0.12841132283210754,30.36354637145996,0.8249405026435852
3204,98,0.0478515625,0.12754584848880768,33.023231506347656,0.7986164689064026
3205,113,0.05517578125,0.1317240446805954,32.352989196777344,0.8093644976615906
3206,117,0.05712890625,0.13605941832065582,32.87909698486328,0.7992050051689148
3207,131,0.06396484375,0.15384124219417572,33.84238052368164,0.7890809178352356
3208,124,0.060546875,0.13123053312301636,31.32302474975586,0.8176326751708984
3209,117,0.05712890625,0.13278821110725403,31.39247703552246,0.8175076246261597
3210,122,0.0595703125,0.13796885311603546,33.16593933105469,0.7988103032112122
3211,115,0.05615234375,0.12928204238414764,33.239112854003906,0.8003177046775818
3212,109,0.05322265625,0.11546112596988678,30.725204467773438,0.8220555782318115
3213,115,0.05615234375,0.12543505430221558,31.81793975830078,0.8133845329284668
3214,108,0.052734375,0.11937108635902405,30.22198486328125,0.8293899297714233
3215,108,0.052734375,0.11922717839479446,31.084083557128906,0.8198699951171875
3216,107,0.05224609375,0.1271056830883026,31.331388473510742,0.8270292282104492
3217,106,0.0517578125,0.12858916819095612,30.474557876586914,0.8281838893890381
3218,101,0.04931640625,0.13093365728855133,30.03822135925293,0.830800473690033
3219,107,0.05224609375,0.13218042254447937,29.241254806518555,0.839731752872467
3220,116,0.056640625,0.13622035086154938,29.51397705078125,0.8309646844863892
3221,129,0.06298828125,0.14932823181152344,29.52467918395996,0.8339579105377197
3222,119,0.05810546875,0.14151328802108765,29.729557037353516,0.8341516256332397
3223,106,0.0517578125,0.14535126090049744,30.085174560546875,0.826389729976654
3224,109,0.05322265625,0.13949982821941376,29.89520263671875,0.8331727385520935
3225,107,0.05224609375,0.1392536461353302,30.320919036865234,0.8309861421585083
3226,111,0.05419921875,0.13264977931976318,30.388893127441406,0.8250328302383423
3227,118,0.0576171875,0.14563803374767303,31.31731414794922,0.819109320640564
3228,138,0.0673828125,0.15817366540431976,31.496814727783203,0.8171774744987488
3229,144,0.0703125,0.16326197981834412,31.179880142211914,0.8221685886383057
3230,136,0.06640625,0.16051317751407623,32.27079391479492,0.8089281916618347
3231,138,0.0673828125,0.16002333164215088,31.287734985351562,0.8214934468269348
3232,123,0.06005859375,0.1539035439491272,30.431636810302734,0.832066535949707
3233,92,0.044921875,0.14895875751972198,29.49790382385254,0.8339701294898987
3234,95,0.04638671875,0.15355098247528076,32.37926483154297,0.8060696125030518
3235,88,0.04296875,0.1564752757549286,31.363189697265625,0.8135578036308289
3236,68,0.033203125,0.16167911887168884,31.796110153198242,0.8193354606628418
3237,78,0.0380859375,0.18987764418125153,32.75650405883789,0.7949783205986023
3238,75,0.03662109375,0.26894035935401917,33.9279670715332,0.7850475907325745
3239,64,0.03125,0.28043821454048157,34.05648422241211,0.7842684388160706
3240,271,0.13232421875,0.12466713041067123,29.557987213134766,0.8281903862953186
3241,279,0.13623046875,0.11329766362905502,27.07625389099121,0.8521467447280884
3242,281,0.13720703125,0.1141982153058052,27.66295623779297,0.8440706729888916
3243,294,0.1435546875,0.11316068470478058,28.436111450195312,0.8370339274406433
3244,294,0.1435546875,0.11595476418733597,27.4321231842041,0.8535323143005371
3245,281,0.13720703125,0.11780057102441788,29.705280303955078,0.8275215029716492
3246,261,0.12744140625,0.11879092454910278,26.383602142333984,0.8596603274345398
3247,284,0.138671875,0.11528564244508743,26.962343215942383,0.8493446707725525
3248,304,0.1484375,0.11638904362916946,29.381135940551758,0.8235328197479248
3249,283,0.13818359375,0.11780225485563278,28.784828186035156,0.8301014304161072
3250,300,0.146484375,0.11714603006839752,30.787630081176758,0.811638593673706
3251,332,0.162109375,0.10859771817922592,31.48708724975586,0.8044440150260925
3252,364,0.177734375,0.11464344710111618,31.541976928710938,0.8096901178359985
3253,418,0.2041015625,0.1371554285287857,32.89036560058594,0.7923734188079834
3254,416,0.203125,0.1310422271490097,32.66996383666992,0.7959295511245728
3255,378,0.1845703125,0.11581072211265564,31.361539840698242,0.8115035891532898
3256,344,0.16796875,0.111348457634449,30.927099227905273,0.8163614273071289
3257,333,0.16259765625,0.11739702522754669,30.755041122436523,0.8172339200973511
3258,344,0.16796875,0.12171667814254761,32.60955047607422,0.7984092831611633
3259,316,0.154296875,0.11453323066234589,31.232187271118164,0.8125186562538147
3260,296,0.14453125,0.11301185935735703,30.679420471191406,0.817263126373291
3261,287,0.14013671875,0.11423981934785843,31.32367706298828,0.8128993511199951
3262,303,0.14794921875,0.11839789152145386,31.112253189086914,0.8136412501335144
3263,273,0.13330078125,0.1139129027724266,31.51511001586914,0.8132613301277161
3264,255,0.12451171875,0.11907368153333664,33.09424591064453,0.7872330546379089
3265,237,0.11572265625,0.12219127267599106,30.580795288085938,0.8154852986335754
3266,247,0.12060546875,0.12475066632032394,32.34684753417969,0.793469250202179
3267,240,0.1171875,0.12492162734270096,32.69163131713867,0.791083037853241
3268,235,0.11474609375,0.12533284723758698,29.5416259765625,0.82636958360672
3269,229,0.11181640625,0.134077250957489,29.8599910736084,0.822166919708252
3270,206,0.1005859375,0.15065577626228333,30.927831649780273,0.8177801966667175
3271,177,0.08642578125,0.15014797449111938,30.921140670776367,0.8145623207092285
3272,164,0.080078125,0.14739584922790527,30.270015716552734,0.8267561793327332
3273,155,0.07568359375,0.1566210836172104,31.37340545654297,0.8115769028663635
3274,168,0.08203125,0.15955975651741028,30.583181381225586,0.8203936219215393
3275,172,0.083984375,0.15907186269760132,30.217674255371094,0.823023796081543
3276,168,0.08203125,0.15357185900211334,30.564725875854492,0.8251959681510925
3277,148,0.072265625,0.1635150909423828,30.150522232055664,0.8303149342536926
3278,167,0.08154296875,0.14918556809425354,31.762222290039062,0.8091715574264526
3279,190,0.0927734375,0.13956478238105774,32.79230499267578,0.7977632880210876
3280,68,0.033203125,0.1298644095659256,34.93426513671875,0.7885149717330933
3281,84,0.041015625,0.1467120498418808,36.90088653564453,0.7590575814247131
3282,89,0.04345703125,0.1346559226512909,33.964168548583984,0.7902347445487976
3283,94,0.0458984375,0.13774935901165009,32.54047393798828,0.807137668132782
3284,99,0.04833984375,0.141338050365448,32.2075309753418,0.8092483878135681
3285,114,0.0556640625,0.1745765507221222,33.940269470214844,0.7861253023147583
3286,112,0.0546875,0.16175828874111176,33.44135665893555,0.7921839952468872
3287,96,0.046875,0.1553003489971161,33.179229736328125,0.7990307807922363
3288,100,0.048828125,0.16011257469654083,33.861793518066406,0.7928940057754517
3289,97,0.04736328125,0.1489347219467163,32.65285110473633,0.809384822845459
3290,95,0.04638671875,0.15038715302944183,31.66152000427246,0.8213276267051697
3291,107,0.05224609375,0.14753709733486176,31.71066665649414,0.8113327622413635
3292,107,0.05224609375,0.15136981010437012,32.74333572387695,0.7989509105682373
3293,107,0.05224609375,0.1498713344335556,32.27580261230469,0.8056292533874512
3294,118,0.0576171875,0.16063936054706573,31.749467849731445,0.8105517029762268
3295,113,0.05517578125,0.15656757354736328,30.274789810180664,0.8272791504859924
3296,118,0.0576171875,0.1513274908065796,30.833131790161133,0.8164461851119995
3297,106,0.0517578125,0.15694405138492584,32.88091278076172,0.795759379863739
3298,108,0.052734375,0.16084282100200653,31.909982681274414,0.8085682392120361
3299,112,0.0546875,0.15472982823848724,29.54654312133789,0.8338965177536011
3300,111,0.05419921875,0.16592387855052948,30.554119110107422,0.8236032724380493
3301,111,0.05419921875,0.16443419456481934,28.97129249572754,0.8402129411697388
3302,112,0.0546875,0.16733290255069733,30.456771850585938,0.8205851912498474
3303,112,0.0546875,0.17050571739673615,31.13347816467285,0.8146765828132629
3304,110,0.0537109375,0.1623031049966812,30.241836547851562,0.8285865187644958
3305,111,0.05419921875,0.16959090530872345,31.36217498779297,0.8130528330802917
3306,121,0.05908203125,0.16791917383670807,31.70863914489746,0.8069806098937988
3307,105,0.05126953125,0.16883012652397156,30.613630294799805,0.8234949707984924
3308,111,0.05419921875,0.16551437973976135,30.806385040283203,0.8218168616294861
3309,107,0.05224609375,0.16781610250473022,30.483394622802734,0.8254370093345642
3310,119,0.05810546875,0.16531884670257568,31.2762393951416,0.8163543343544006
3311,117,0.05712890625,0.16375906765460968,31.457822799682617,0.814265787601471
3312,116,0.056640625,0.15419445931911469,32.182518005371094,0.802756667137146
3313,109,0.05322265625,0.16028735041618347,33.804840087890625,0.786222517490387
3314,101,0.04931640625,0.16199269890785217,30.412084579467773,0.8291780948638916
3315,110,0.0537109375,0.16846579313278198,32.11363220214844,0.807708740234375
3316,122,0.0595703125,0.1643485277891159,32.923641204833984,0.802058219909668
3317,116,0.056640625,0.16826185584068298,30.327022552490234,0.8251559734344482
3318,126,0.0615234375,0.17602774500846863,32.61923599243164,0.7997877597808838
3319,119,0.05810546875,0.1651434749364853,31.78683853149414,0.8105507493019104
3320,273,0.13330078125,0.10199732333421707,29.18914794921875,0.8277512192726135
3321,302,0.1474609375,0.10300568491220474,28.696622848510742,0.8327694535255432
3322,299,0.14599609375,0.10701650381088257,26.77008056640625,0.8455085158348083
3323,272,0.1328125,0.11296619474887848,26.395832061767578,0.8519046902656555
3324,329,0.16064453125,0.13345932960510254,32.11715316772461,0.7921149730682373
3325,291,0.14208984375,0.10536469519138336,26.448692321777344,0.848781168460846
3326,295,0.14404296875,0.11177172511816025,27.07285499572754,0.8433213233947754
3327,277,0.13525390625,0.1170758530497551,30.76533317565918,0.8068860769271851
3328,219,0.10693359375,0.11597605049610138,29.014705657958984,0.8248993158340454
3329,217,0.10595703125,0.11298088729381561,28.41657066345215,0.8297192454338074
3330,207,0.10107421875,0.12113983184099197,28.781478881835938,0.8307543992996216
3331,195,0.09521484375,0.11618589609861374,27.79513931274414,0.8399092555046082
3332,169,0.08251953125,0.11480399966239929,29.52096939086914,0.829649806022644
3333,173,0.08447265625,0.11033832281827927,30.228673934936523,0.8134536147117615
3334,172,0.083984375,0.10413101315498352,30.08296012878418,0.8188160061836243
3335,173,0.08447265625,0.10876378417015076,30.440319061279297,0.8201229572296143
3336,196,0.095703125,0.12153105437755585,31.26349449157715,0.805608868598938
3337,198,0.0966796875,0.11177732050418854,29.749956130981445,0.8244861364364624
3338,174,0.0849609375,0.11535218358039856,31.122390747070312,0.8123697638511658
3339,162,0.0791015625,0.11788039654493332,30.557445526123047,0.8217393755912781
3340,169,0.08251953125,0.10961412638425827,30.349124908447266,0.817844569683075
3341,180,0.087890625,0.1132345199584961,31.96462631225586,0.8095435500144958
3342,201,0.09814453125,0.10384650528430939,32.23563766479492,0.807030200958252
3343,239,0.11669921875,0.10540405660867691,33.174781799316406,0.7939993143081665
3344,236,0.115234375,0.09804372489452362,30.592670440673828,0.8170982003211975
3345,295,0.14404296875,0.11027229577302933,28.17294692993164,0.83428955078125
3346,359,0.17529296875,0.1428522765636444,30.670686721801758,0.8032761216163635
3347,333,0.16259765625,0.1353893280029297,28.404890060424805,0.8246480822563171
3348,342,0.1669921875,0.1398879736661911,33.81976318359375,0.7757734060287476
3349,327,0.15966796875,0.16290730237960815,45.2152214050293,0.6523785591125488
3350,460,0.224609375,0.18301604688167572,42.845149993896484,0.669279932975769
3351,383,0.18701171875,0.16158300638198853,38.170284271240234,0.7209214568138123
3352,313,0.15283203125,0.12092822790145874,30.490901947021484,0.8089110851287842
3353,436,0.212890625,0.1625262051820755,32.53583526611328,0.7850133776664734
3354,466,0.2275390625,0.17887116968631744,34.19502639770508,0.7652711272239685
3355,366,0.1787109375,0.1471269577741623,31.163612365722656,0.8075660467147827
3356,258,0.1259765625,0.11040182411670685,30.282257080078125,0.8193249106407166
3357,231,0.11279296875,0.10371393710374832,29.794219970703125,0.8233351707458496
3358,238,0.1162109375,0.11112719029188156,31.37432098388672,0.8076220154762268
3359,185,0.09033203125,0.11118637025356293,32.03830337524414,0.7993219494819641
3360,352,0.171875,0.14605224132537842,36.90016555786133,0.7468204498291016
3361,322,0.1572265625,0.1344996690750122,35.80609893798828,0.7583573460578918
3362,335,0.16357421875,0.1257343739271164,34.581443786621094,0.7752833962440491
3363,406,0.1982421875,0.12557145953178406,36.96630859375,0.7426487803459167
3364,396,0.193359375,0.12075343728065491,37.23052215576172,0.7491878271102905
3365,517,0.25244140625,0.13064584136009216,38.38361358642578,0.7285552620887756
3366,329,0.16064453125,0.09914057701826096,37.8140869140625,0.7417179346084595
3367,311,0.15185546875,0.10966993123292923,37.38889694213867,0.7502875328063965
3368,357,0.17431640625,0.10626664012670517,37.437522888183594,0.7440938949584961
3369,503,0.24560546875,0.10909056663513184,39.543235778808594,0.7272348999977112
3370,380,0.185546875,0.10845118761062622,39.074623107910156,0.7323768138885498
3371,563,0.27490234375,0.1778867393732071,45.83776092529297,0.6510804295539856
3372,480,0.234375,0.17686916887760162,46.32210922241211,0.6448787450790405
3373,694,0.3388671875,0.15949746966362,43.1011848449707,0.6818031668663025
3374,551,0.26904296875,0.12317696958780289,38.950172424316406,0.7282829284667969
3375,494,0.2412109375,0.1420537233352661,38.428836822509766,0.7306419014930725
3376,457,0.22314453125,0.11148380488157272,38.40092468261719,0.7379420399665833
3377,396,0.193359375,0.1191076934337616,41.76166534423828,0.7033283114433289
3378,265,0.12939453125,0.10445332527160645,39.59143829345703,0.7267305850982666
3379,293,0.14306640625,0.11311043053865433,40.48423385620117,0.714775025844574
3380,237,0.11572265625,0.10496781021356583,38.643211364746094,0.7368965148925781
3381,158,0.0771484375,0.11483146995306015,32.34210205078125,0.7987244129180908
3382,159,0.07763671875,0.12113913893699646,36.38389205932617,0.7636705040931702
3383,167,0.08154296875,0.1170249953866005,35.99488830566406,0.7645763754844666
3384,140,0.068359375,0.122698575258255,30.750139236450195,0.8175418376922607
3385,155,0.07568359375,0.1515459269285202,30.656723022460938,0.8144752383232117
3386,155,0.07568359375,0.14960455894470215,31.880752563476562,0.8075197339057922
3387,221,0.10791015625,0.11113709211349487,35.47300720214844,0.7660322785377502
3388,214,0.1044921875,0.11413952708244324,36.4449577331543,0.7615745663642883
3389,182,0.0888671875,0.1417001634836197,31.201499938964844,0.8108147382736206
3390,181,0.08837890625,0.13142046332359314,29.741668701171875,0.8305879831314087
3391,189,0.09228515625,0.15686006844043732,30.567977905273438,0.8220868706703186
3392,185,0.09033203125,0.17183822393417358,30.589078903198242,0.8242844939231873
3393,177,0.08642578125,0.13978880643844604,30.863170623779297,0.8127043843269348
3394,145,0.07080078125,0.17424194514751434,31.57276725769043,0.8098334074020386
3395,131,0.06396484375,0.20124271512031555,36.384490966796875,0.757563591003418
3396,141,0.06884765625,0.2174939662218094,37.12627029418945,0.7521311640739441
3397,127,0.06201171875,0.1883809119462967,35.14136505126953,0.7717829942703247
3398,121,0.05908203125,0.18997631967067719,37.4012336730957,0.7414548993110657
3399,152,0.07421875,0.17979101836681366,40.82862854003906,0.7091323733329773
3400,218,0.1064453125,0.2542128264904022,33.45320510864258,0.7922885417938232
3401,179,0.08740234375,0.17387276887893677,32.38529586791992,0.8010931611061096
3402,228,0.111328125,0.25579002499580383,34.2148323059082,0.7803407907485962
3403,197,0.09619140625,0.13600780069828033,32.75657653808594,0.8022024631500244
3404,215,0.10498046875,0.23554307222366333,33.56708908081055,0.789416491985321
3405,181,0.08837890625,0.16975535452365875,33.11865234375,0.7949766516685486
3406,226,0.1103515625,0.22531548142433167,35.741241455078125,0.7696106433868408
3407,233,0.11376953125,0.16197901964187622,36.404178619384766,0.7607784867286682
3408,261,0.12744140625,0.22114849090576172,35.56557846069336,0.7697277665138245
3409,261,0.12744140625,0.14671720564365387,35.804771423339844,0.7579879760742188
3410,260,0.126953125,0.1482536494731903,37.693721771240234,0.7370485067367554
3411,277,0.13525390625,0.16482441127300262,34.58094787597656,0.7791846990585327
3412,274,0.1337890625,0.15837252140045166,33.800048828125,0.7894338965415955
3413,254,0.1240234375,0.12999014556407928,33.5975456237793,0.7928637862205505
3414,264,0.12890625,0.1363806575536728,35.992530822753906,0.7609673738479614
3415,271,0.13232421875,0.1274440437555313,36.37294387817383,0.7588127851486206
3416,300,0.146484375,0.1488887220621109,37.217472076416016,0.75406813621521
3417,276,0.134765625,0.1433659791946411,33.450477600097656,0.7891659736633301
3418,268,0.130859375,0.142535001039505,33.30820083618164,0.7940723896026611
3419,269,0.13134765625,0.15530285239219666,34.52910232543945,0.7790877223014832
3420,290,0.1416015625,0.1578429937362671,34.870540618896484,0.7760106921195984
3421,280,0.13671875,0.1579262912273407,34.2388801574707,0.7847833633422852
3422,263,0.12841796875,0.14458143711090088,33.547691345214844,0.7875322699546814
3423,283,0.13818359375,0.1332804411649704,33.887901306152344,0.784229040145874
3424,366,0.1787109375,0.18963535130023956,34.763572692871094,0.770862877368927
3425,378,0.1845703125,0.18915797770023346,35.0221061706543,0.7626699805259705
3426,361,0.17626953125,0.17017488181591034,34.0267219543457,0.7770236730575562
3427,340,0.166015625,0.16958291828632355,32.90997314453125,0.789088249206543
3428,355,0.17333984375,0.17068372666835785,31.563718795776367,0.8036614060401917
3429,357,0.17431640625,0.16950248181819916,29.98524284362793,0.8177286982536316
3430,336,0.1640625,0.16808100044727325,30.754837036132812,0.8115523457527161
3431,312,0.15234375,0.1614624410867691,32.509952545166016,0.797207236289978
3432,312,0.15234375,0.14952678978443146,32.23524856567383,0.7983137369155884
3433,307,0.14990234375,0.14446686208248138,31.54695701599121,0.8058297038078308
3434,319,0.15576171875,0.14828374981880188,32.33095169067383,0.7961431741714478
3435,278,0.1357421875,0.14670543372631073,31.63679313659668,0.8123089075088501
3436,261,0.12744140625,0.14770610630512238,32.01003646850586,0.8111423254013062
3437,260,0.126953125,0.14816175401210785,32.28617858886719,0.8046389222145081
3438,264,0.12890625,0.1659371703863144,32.79912567138672,0.7960956692695618
3439,274,0.1337890625,0.18035762012004852,30.452865600585938,0.81828773021698
3440,127,0.06201171875,0.14040321111679077,29.281614303588867,0.82550048828125
3441,124,0.060546875,0.15589047968387604,28.2736873626709,0.8414958715438843
3442,109,0.05322265625,0.15306062996387482,26.714113235473633,0.8553515076637268
3443,119,0.05810546875,0.1505015790462494,28.728113174438477,0.8325669765472412
3444,116,0.056640625,0.14764729142189026,26.874263763427734,0.8522137403488159
3445,104,0.05078125,0.15036602318286896,26.39061164855957,0.857140302658081
3446,96,0.046875,0.1536620408296585,26.77370262145996,0.8532771468162537
3447,78,0.0380859375,0.1537863165140152,28.50906753540039,0.8419283628463745
3448,66,0.0322265625,0.15400481224060059,31.291263580322266,0.8199343681335449
3449,69,0.03369140625,0.15048465132713318,30.70766830444336,0.8226353526115417
3450,68,0.033203125,0.14717194437980652,30.47702980041504,0.8209336996078491
3451,70,0.0341796875,0.1461561620235443,31.341569900512695,0.8173934817314148
3452,70,0.0341796875,0.15838073194026947,31.9862060546875,0.8104456067085266
3453,79,0.03857421875,0.16046260297298431,31.381132125854492,0.8167045712471008
3454,85,0.04150390625,0.1601877063512802,30.65579605102539,0.8272739052772522
3455,79,0.03857421875,0.15626844763755798,30.958391189575195,0.8197119832038879
3456,81,0.03955078125,0.164348766207695,31.478412628173828,0.8175815343856812
3457,83,0.04052734375,0.16493922472000122,30.463226318359375,0.8320758938789368
3458,74,0.0361328125,0.17160651087760925,30.204864501953125,0.8326511979103088
3459,74,0.0361328125,0.17015276849269867,31.059877395629883,0.8234584927558899
3460,81,0.03955078125,0.14630542695522308,30.216184616088867,0.8292984366416931
3461,99,0.04833984375,0.1455523669719696,30.653446197509766,0.823117196559906
3462,93,0.04541015625,0.15176965296268463,28.808856964111328,0.8416602611541748
3463,91,0.04443359375,0.15881413221359253,28.2197208404541,0.8449273705482483
3464,83,0.04052734375,0.15449820458889008,26.850297927856445,0.8630164265632629
3465,93,0.04541015625,0.16349107027053833,28.677560806274414,0.842433750629425
3466,109,0.05322265625,0.15857523679733276,27.689693450927734,0.8510646820068359
3467,129,0.06298828125,0.1519593745470047,27.84210205078125,0.842972993850708
3468,141,0.06884765625,0.14623181521892548,26.801511764526367,0.8581693172454834
3469,123,0.06005859375,0.15863795578479767,31.715221405029297,0.812749445438385
3470,89,0.04345703125,0.14992377161979675,28.64625358581543,0.8390325307846069
3471,78,0.0380859375,0.16451381146907806,29.484926223754883,0.8376320004463196
3472,68,0.033203125,0.18795020878314972,30.09578514099121,0.8271313905715942
3473,66,0.0322265625,0.16908840835094452,32.36700439453125,0.8021156191825867
3474,63,0.03076171875,0.1529216468334198,31.254465103149414,0.8160925507545471
3475,61,0.02978515625,0.17243368923664093,28.08869743347168,0.8474785685539246
3476,84,0.041015625,0.14818915724754333,31.332252502441406,0.8186390995979309
3477,80,0.0390625,0.17161068320274353,29.181833267211914,0.8406400680541992
3478,74,0.0361328125,0.17369532585144043,32.082332611083984,0.8105210661888123
3479,82,0.0400390625,0.16649575531482697,31.542917251586914,0.8104938268661499
3480,723,0.35302734375,0.15302275121212006,56.4425048828125,0.5049813985824585
3481,1090,0.5322265625,0.1470361202955246,60.38560104370117,0.4577662944793701
3482,653,0.31884765625,0.1528588831424713,56.02465057373047,0.5142645239830017
3483,855,0.41748046875,0.13491636514663696,56.15957260131836,0.5095909237861633
3484,1280,0.625,0.09083103388547897,52.827476501464844,0.5569392442703247
3485,780,0.380859375,0.079521045088768,46.9600830078125,0.625600278377533
3486,1414,0.6904296875,0.09443839639425278,55.066871643066406,0.529297411441803
3487,704,0.34375,0.12153930962085724,50.17951965332031,0.5870779752731323
3488,762,0.3720703125,0.0728241577744484,47.589168548583984,0.6158173680305481
3489,570,0.2783203125,0.12142106145620346,51.543373107910156,0.568287193775177
3490,857,0.41845703125,0.07546351104974747,53.02339553833008,0.5519911050796509
3491,1545,0.75439453125,0.06634876132011414,56.758758544921875,0.5113039016723633
3492,1751,0.85498046875,0.06005346029996872,56.62570571899414,0.5107799172401428
3493,1648,0.8046875,0.06319012492895126,56.90351867675781,0.5079480409622192
3494,1607,0.78466796875,0.062879778444767,56.04345703125,0.5187591910362244
3495,1040,0.5078125,0.10015998780727386,56.35598373413086,0.5199955105781555
3496,956,0.466796875,0.11013346165418625,56.56754684448242,0.5165332555770874
3497,1151,0.56201171875,0.05880900099873543,52.488250732421875,0.5647895336151123
3498,625,0.30517578125,0.15705092251300812,50.00717544555664,0.605416476726532
3499,885,0.43212890625,0.13253064453601837,38.42477798461914,0.727689802646637
3500,854,0.4169921875,0.13276153802871704,42.020729064941406,0.6902734041213989
3501,1127,0.55029296875,0.11653660237789154,45.48370361328125,0.6496641039848328
3502,974,0.4755859375,0.11139298230409622,42.27397155761719,0.6864896416664124
3503,522,0.2548828125,0.13303889334201813,39.88806915283203,0.7321817278862
3504,511,0.24951171875,0.14289748668670654,44.843936920166016,0.6634995937347412
3505,1473,0.71923828125,0.10802730172872543,54.6424560546875,0.5395851135253906
3506,586,0.2861328125,0.13429628312587738,43.37818145751953,0.6754032969474792
3507,599,0.29248046875,0.11560595035552979,49.26264572143555,0.6003402471542358
3508,1061,0.51806640625,0.11447998136281967,53.54279708862305,0.5416632294654846
3509,1071,0.52294921875,0.11766321212053299,51.213619232177734,0.5798466801643372
3510,1030,0.5029296875,0.12446748465299606,51.96682357788086,0.5693111419677734
3511,1045,0.51025390625,0.1188448891043663,50.67768859863281,0.5757452249526978
3512,777,0.37939453125,0.13054108619689941,48.05265808105469,0.6026325225830078
3513,719,0.35107421875,0.13664747774600983,47.75292205810547,0.6151807308197021
3514,1183,0.57763671875,0.11693879961967468,49.12395477294922,0.6002771854400635
3515,1310,0.6396484375,0.1065836176276207,50.30690002441406,0.5792838931083679
3516,1603,0.78271484375,0.11162609606981277,52.51642990112305,0.5537174940109253
3517,1593,0.77783203125,0.10375148802995682,51.37839889526367,0.5806627869606018
3518,822,0.4013671875,0.12316636741161346,47.68387985229492,0.6201947331428528
3519,1171,0.57177734375,0.09469812363386154,59.33708572387695,0.4726816713809967
3520,70,0.0341796875,0.2348143756389618,37.36696243286133,0.7519807815551758
3521,66,0.0322265625,0.23488029837608337,37.76142501831055,0.7549466490745544
3522,69,0.03369140625,0.23735706508159637,37.21821212768555,0.7502820491790771
3523,71,0.03466796875,0.24839900434017181,34.814945220947266,0.7817655205726624
3524,74,0.0361328125,0.21987371146678925,36.273963928222656,0.7614555358886719
3525,73,0.03564453125,0.21604789793491364,33.12680435180664,0.7996459603309631
3526,75,0.03662109375,0.1963934302330017,32.061946868896484,0.8139151334762573
3527,72,0.03515625,0.21168792247772217,34.55673599243164,0.7791181206703186
3528,76,0.037109375,0.20718786120414734,31.100284576416016,0.827370285987854
3529,77,0.03759765625,0.18424154818058014,30.36268424987793,0.8279584050178528
3530,81,0.03955078125,0.21523654460906982,33.463321685791016,0.7893667221069336
3531,87,0.04248046875,0.20947112143039703,34.576087951660156,0.7823032736778259
3532,91,0.04443359375,0.2420455664396286,37.27873992919922,0.7488498091697693
3533,81,0.03955078125,0.19179071485996246,33.316043853759766,0.799268364906311
3534,80,0.0390625,0.21066240966320038,34.40294647216797,0.789126992225647
3535,76,0.037109375,0.20623372495174408,31.913475036621094,0.8146158456802368
3536,73,0.03564453125,0.2035783976316452,32.82528305053711,0.8021678328514099
3537,75,0.03662109375,0.11731354892253876,30.457984924316406,0.8234958648681641
3538,76,0.037109375,0.11254077404737473,29.527381896972656,0.8339603543281555
3539,75,0.03662109375,0.11673372238874435,30.67035484313965,0.8143972158432007
3540,84,0.041015625,0.10975242406129837,30.75893783569336,0.8105655908584595
3541,78,0.0380859375,0.13246624171733856,29.059282302856445,0.8277283906936646
3542,76,0.037109375,0.10933993011713028,27.376907348632812,0.8466815948486328
3543,72,0.03515625,0.13554885983467102,31.77992820739746,0.8068011403083801
3544,72,0.03515625,0.12245765328407288,30.95203971862793,0.8165891170501709
3545,77,0.03759765625,0.10686763375997543,31.019460678100586,0.8143039345741272
3546,80,0.0390625,0.13150180876255035,29.503198623657227,0.8291398882865906
3547,74,0.0361328125,0.12416116148233414,30.75347137451172,0.8254925012588501
3548,81,0.03955078125,0.11071572452783585,31.774906158447266,0.8058872818946838
3549,85,0.04150390625,0.10773400217294693,32.345157623291016,0.8022980690002441
3550,89,0.04345703125,0.1679665744304657,35.27643966674805,0.7729493975639343
3551,83,0.04052734375,0.11497458070516586,31.52044677734375,0.8141546845436096
3552,82,0.0400390625,0.11285167932510376,30.991413116455078,0.8085546493530273
3553,80,0.0390625,0.1195102259516716,30.35910987854004,0.8211880922317505
3554,86,0.0419921875,0.13430888950824738,30.8187198638916,0.8245989084243774
3555,84,0.041015625,0.11189617961645126,31.7586727142334,0.8094573020935059
3556,91,0.04443359375,0.11764154583215714,32.26064682006836,0.8077730536460876
3557,79,0.03857421875,0.11234316974878311,31.786540985107422,0.810190737247467
3558,81,0.03955078125,0.19141840934753418,34.342681884765625,0.7902296781539917
3559,75,0.03662109375,0.13785210251808167,34.28826141357422,0.7781661748886108
3560,254,0.1240234375,0.12732625007629395,29.11908531188965,0.8206971287727356
3561,247,0.12060546875,0.11819280683994293,29.253896713256836,0.8231205344200134
3562,231,0.11279296875,0.12068391591310501,27.724145889282227,0.8375597596168518
3563,196,0.095703125,0.12123243510723114,27.858985900878906,0.8394060134887695
3564,208,0.1015625,0.12126314640045166,28.711057662963867,0.8376869559288025
3565,218,0.1064453125,0.125814288854599,27.956161499023438,0.8411021828651428
3566,225,0.10986328125,0.12320640683174133,29.37691879272461,0.8272691369056702
3567,228,0.111328125,0.12867064774036407,29.7486515045166,0.8200907111167908
3568,228,0.111328125,0.13728873431682587,32.79032897949219,0.7943410873413086
3569,272,0.1328125,0.15437732636928558,30.617578506469727,0.8111123442649841
3570,240,0.1171875,0.12439904361963272,27.560768127441406,0.8377323150634766
3571,227,0.11083984375,0.11645155400037766,27.5019588470459,0.8414174318313599
3572,221,0.10791015625,0.1227312833070755,28.244338989257812,0.8395933508872986
3573,204,0.099609375,0.11123307049274445,26.4685001373291,0.8579726219177246
3574,226,0.1103515625,0.11606741696596146,27.98994255065918,0.8332212567329407
3575,240,0.1171875,0.11937946826219559,27.332256317138672,0.84352707862854
3576,214,0.1044921875,0.11444223672151566,26.664621353149414,0.850024402141571
3577,238,0.1162109375,0.11791668087244034,27.598007202148438,0.837998628616333
3578,255,0.12451171875,0.13673588633537292,30.01012420654297,0.807837724685669
3579,229,0.11181640625,0.11655209958553314,28.051498413085938,0.8351476788520813
3580,237,0.11572265625,0.11681240051984787,27.10633659362793,0.8464000225067139
3581,226,0.1103515625,0.11869744956493378,26.508224487304688,0.8519313335418701
3582,255,0.12451171875,0.12398520112037659,28.054637908935547,0.836562991142273
3583,249,0.12158203125,0.13041876256465912,28.41611099243164,0.8305520415306091
3584,240,0.1171875,0.11871261149644852,26.9633731842041,0.8554165363311768
3585,235,0.11474609375,0.11917030811309814,27.6140079498291,0.840174674987793
3586,219,0.10693359375,0.12579445540905,27.37139892578125,0.8473597764968872
3587,215,0.10498046875,0.11448366194963455,26.782310485839844,0.8574684858322144
3588,205,0.10009765625,0.12177364528179169,28.37408447265625,0.8376984596252441
3589,207,0.10107421875,0.12597890198230743,28.788219451904297,0.835858941078186
3590,191,0.09326171875,0.12206945568323135,28.747587203979492,0.8360609412193298
3591,196,0.095703125,0.12872576713562012,28.092634201049805,0.8393970131874084
3592,198,0.0966796875,0.13163433969020844,29.078582763671875,0.8300137519836426
3593,190,0.0927734375,0.1261250227689743,29.4373722076416,0.8292869925498962
3594,200,0.09765625,0.12440943717956543,29.24789810180664,0.8358076214790344
3595,212,0.103515625,0.13097037374973297,30.299081802368164,0.8298049569129944
3596,160,0.078125,0.1298140585422516,30.054927825927734,0.8295621871948242
3597,179,0.08740234375,0.12727013230323792,30.588329315185547,0.8175381422042847
3598,181,0.08837890625,0.12134753167629242,30.198598861694336,0.8225063681602478
3599,162,0.0791015625,0.1187933012843132,30.484821319580078,0.8184112906455994
3600,177,0.08642578125,0.14203807711601257,33.23329544067383,0.7934319376945496
3601,173,0.08447265625,0.13788138329982758,33.79640197753906,0.7882278561592102
3602,185,0.09033203125,0.13929349184036255,33.17308044433594,0.7919250726699829
3603,184,0.08984375,0.133284330368042,32.572723388671875,0.7958306074142456
3604,184,0.08984375,0.1429794430732727,33.246978759765625,0.7962625026702881
3605,168,0.08203125,0.13437585532665253,33.16931915283203,0.7896170020103455
3606,159,0.07763671875,0.12341763079166412,32.83266830444336,0.7995986938476562
3607,160,0.078125,0.13628016412258148,32.742164611816406,0.7930853962898254
3608,165,0.08056640625,0.1341840773820877,32.357513427734375,0.7987112402915955
3609,173,0.08447265625,0.13157513737678528,31.47528648376465,0.8124286532402039
3610,187,0.09130859375,0.13833864033222198,33.297096252441406,0.7836816906929016
3611,199,0.09716796875,0.14085039496421814,34.027610778808594,0.7831295728683472
3612,186,0.0908203125,0.13392527401447296,33.08100891113281,0.7924045324325562
3613,165,0.08056640625,0.13029946386814117,31.720752716064453,0.8057728409767151
3614,168,0.08203125,0.1304229497909546,32.58579635620117,0.7969109416007996
3615,154,0.0751953125,0.12525717914104462,32.296302795410156,0.7992801666259766
3616,154,0.0751953125,0.12197457998991013,33.249332427978516,0.790543258190155
3617,152,0.07421875,0.12570641934871674,34.09037399291992,0.7824275493621826
3618,141,0.06884765625,0.11445104330778122,32.75984191894531,0.7993983030319214
3619,149,0.07275390625,0.11994952708482742,33.73244857788086,0.7910692691802979
3620,148,0.072265625,0.11540341377258301,34.48469543457031,0.7871432304382324
3621,142,0.0693359375,0.11718956381082535,34.80974197387695,0.779723584651947
3622,141,0.06884765625,0.11675520241260529,35.38083267211914,0.7734543681144714
3623,132,0.064453125,0.11531662195920944,34.74436569213867,0.7831058502197266
3624,131,0.06396484375,0.11828836053609848,34.36288833618164,0.7868422865867615
3625,123,0.06005859375,0.12452265620231628,33.643402099609375,0.7994526028633118
3626,119,0.05810546875,0.11992179602384567,35.31209945678711,0.7802299857139587
3627,115,0.05615234375,0.12069138884544373,36.30116653442383,0.7679386734962463
3628,119,0.05810546875,0.118919238448143,31.998889923095703,0.813598096370697
3629,117,0.05712890625,0.12100861966609955,34.32367706298828,0.7868313193321228
3630,121,0.05908203125,0.11519831418991089,33.71479034423828,0.7963922619819641
3631,121,0.05908203125,0.12049132585525513,33.1575813293457,0.7990490794181824
3632,133,0.06494140625,0.11387809365987778,31.040416717529297,0.8259156346321106
3633,139,0.06787109375,0.11995700001716614,33.22003173828125,0.796589195728302
3634,136,0.06640625,0.12625430524349213,32.2183723449707,0.8058664798736572
3635,129,0.06298828125,0.12277483940124512,31.24306297302246,0.8158137202262878
3636,125,0.06103515625,0.13672931492328644,32.61864471435547,0.8030762672424316
3637,121,0.05908203125,0.1268327832221985,31.861536026000977,0.8134616017341614
3638,124,0.060546875,0.13301953673362732,32.48834228515625,0.7996032238006592
3639,113,0.05517578125,0.13413727283477783,31.248703002929688,0.8143386244773865
3640,397,0.19384765625,0.15696251392364502,37.633567810058594,0.7498839497566223
3641,438,0.2138671875,0.16614004969596863,36.71929931640625,0.7641066312789917
3642,501,0.24462890625,0.16525986790657043,35.850276947021484,0.7706548571586609
3643,627,0.30615234375,0.17640122771263123,33.1042366027832,0.7978956699371338
3644,538,0.2626953125,0.1947411596775055,34.378055572509766,0.78328937292099
3645,658,0.3212890625,0.17708854377269745,31.34290313720703,0.811159610748291
3646,605,0.29541015625,0.1773912012577057,32.96344757080078,0.7987872958183289
3647,566,0.2763671875,0.18340465426445007,34.72624206542969,0.778562068939209
3648,602,0.2939453125,0.1969938427209854,32.62614059448242,0.8024954795837402
3649,540,0.263671875,0.22054310142993927,33.579288482666016,0.7904565334320068
3650,568,0.27734375,0.20852763950824738,31.614856719970703,0.8079615831375122
3651,649,0.31689453125,0.1793821156024933,31.59100914001465,0.8081759214401245
3652,778,0.3798828125,0.1673116683959961,30.425214767456055,0.8113604187965393
3653,727,0.35498046875,0.17520956695079803,28.48223114013672,0.8288451433181763
3654,679,0.33154296875,0.16857922077178955,31.766237258911133,0.8038408160209656
3655,622,0.3037109375,0.18805426359176636,30.533124923706055,0.8159059286117554
3656,573,0.27978515625,0.19115251302719116,32.07274627685547,0.8026699423789978
3657,611,0.29833984375,0.17305272817611694,30.957408905029297,0.8175941705703735
3658,547,0.26708984375,0.20055747032165527,30.66836929321289,0.818790078163147
3659,558,0.2724609375,0.1789531707763672,29.903337478637695,0.8242926597595215
3660,534,0.2607421875,0.1698097139596939,34.13052749633789,0.7869079113006592
3661,534,0.2607421875,0.16189832985401154,34.41838455200195,0.7836500406265259
3662,519,0.25341796875,0.16552530229091644,33.92134475708008,0.7903280258178711
3663,589,0.28759765625,0.15919843316078186,36.20823669433594,0.7619268894195557
3664,767,0.37451171875,0.13212184607982635,34.15516662597656,0.7779444456100464
3665,1068,0.521484375,0.12481342256069183,34.25392150878906,0.7711594700813293
3666,773,0.37744140625,0.11922481656074524,31.641651153564453,0.8034106492996216
3667,860,0.419921875,0.10693582892417908,32.806495666503906,0.7903538942337036
3668,1304,0.63671875,0.10346433520317078,37.543617248535156,0.737522542476654
3669,970,0.4736328125,0.1006167083978653,35.417938232421875,0.7636095285415649
3670,828,0.404296875,0.1027752235531807,33.03824996948242,0.7924755811691284
3671,1105,0.53955078125,0.10269764810800552,35.6494140625,0.7575531601905823
3672,491,0.23974609375,0.16629940271377563,45.61021041870117,0.6342198252677917
3673,1606,0.7841796875,0.16980519890785217,46.69184875488281,0.6399760842323303
3674,494,0.2412109375,0.1645459234714508,45.275115966796875,0.6416760683059692
3675,431,0.21044921875,0.18814468383789062,42.12321090698242,0.6738746166229248
3676,460,0.224609375,0.17690862715244293,40.65182876586914,0.6914072036743164
3677,1579,0.77099609375,0.14354431629180908,45.3282356262207,0.6542571187019348
3678,1585,0.77392578125,0.17353390157222748,50.70916748046875,0.5899168252944946
3679,1167,0.56982421875,0.21534442901611328,56.84639358520508,0.5106289982795715
3680,29,0.01416015625,0.19301539659500122,37.523624420166016,0.7661513686180115
3681,30,0.0146484375,0.20375944674015045,33.46620559692383,0.8040869832038879
3682,29,0.01416015625,0.19745494425296783,26.75440216064453,0.8685908913612366
3683,29,0.01416015625,0.1927952915430069,31.132457733154297,0.8176506757736206
3684,27,0.01318359375,0.18913725018501282,30.878372192382812,0.8287397027015686
3685,32,0.015625,0.16704775393009186,39.696128845214844,0.7276780605316162
3686,31,0.01513671875,0.17443735897541046,41.821224212646484,0.695925772190094
3687,31,0.01513671875,0.1643630415201187,44.94574737548828,0.6738699078559875
3688,22,0.0107421875,0.16769281029701233,40.2635383605957,0.7349949479103088
3689,26,0.0126953125,0.1614561676979065,40.94384765625,0.7380104064941406
3690,31,0.01513671875,0.1513800472021103,38.65714645385742,0.7599867582321167
3691,23,0.01123046875,0.15599456429481506,37.96538543701172,0.759586751461029
3692,23,0.01123046875,0.16352443397045135,37.63160705566406,0.7746915221214294
3693,25,0.01220703125,0.15840142965316772,39.6703987121582,0.7440717816352844
3694,22,0.0107421875,0.15529532730579376,37.79216766357422,0.7651483416557312
3695,28,0.013671875,0.1507268100976944,38.10770034790039,0.7635802030563354
3696,23,0.01123046875,0.15995551645755768,36.759090423583984,0.7701331973075867
3697,19,0.00927734375,0.1584181785583496,36.793155670166016,0.7714455127716064
3698,20,0.009765625,0.16431410610675812,37.62510299682617,0.7599214315414429
3699,20,0.009765625,0.16588518023490906,40.49888229370117,0.729138970375061
3700,15,0.00732421875,0.17636500298976898,34.84907150268555,0.797580361366272
3701,14,0.0068359375,0.18646776676177979,34.75611877441406,0.7979370951652527
3702,17,0.00830078125,0.1812770813703537,33.03971862792969,0.8115847110748291
3703,24,0.01171875,0.16867628693580627,35.228328704833984,0.7950677871704102
3704,24,0.01171875,0.16889387369155884,36.27629089355469,0.7820051312446594
3705,22,0.0107421875,0.1665646880865097,32.60946273803711,0.818996250629425
3706,20,0.009765625,0.14038746058940887,35.150413513183594,0.7864114046096802
3707,22,0.0107421875,0.15845173597335815,35.52157211303711,0.7810174822807312
3708,20,0.009765625,0.13960370421409607,35.190940856933594,0.7806974649429321
3709,18,0.0087890625,0.1887281835079193,33.06318283081055,0.8072770833969116
3710,25,0.01220703125,0.1991148442029953,35.788021087646484,0.7881913185119629
3711,24,0.01171875,0.2163761407136917,38.284629821777344,0.7487118244171143
3712,38,0.0185546875,0.18284808099269867,39.47980880737305,0.7411344647407532
3713,35,0.01708984375,0.1883377730846405,35.941925048828125,0.7845618724822998
3714,42,0.0205078125,0.1932193487882614,38.26860046386719,0.7533078193664551
3715,45,0.02197265625,0.1874123364686966,39.379737854003906,0.7393168807029724
3716,49,0.02392578125,0.18435421586036682,39.127620697021484,0.7360628247261047
3717,48,0.0234375,0.17398414015769958,39.38010787963867,0.7354581952095032
3718,51,0.02490234375,0.15809957683086395,40.2216796875,0.7325533628463745
3719,55,0.02685546875,0.14959947764873505,40.00334548950195,0.7329475283622742
3720,350,0.1708984375,0.1672787368297577,28.286104202270508,0.83307945728302
3721,379,0.18505859375,0.17210248112678528,30.660120010375977,0.8072707056999207
3722,387,0.18896484375,0.17327962815761566,30.256103515625,0.811129629611969
3723,397,0.19384765625,0.17065662145614624,30.896907806396484,0.802229642868042
3724,392,0.19140625,0.1704539805650711,30.6779727935791,0.8037610054016113
3725,398,0.1943359375,0.1691274791955948,30.170162200927734,0.8070228695869446
3726,409,0.19970703125,0.16501563787460327,30.40013313293457,0.8074778318405151
3727,351,0.17138671875,0.16585613787174225,31.048627853393555,0.8069865107536316
3728,365,0.17822265625,0.15311387181282043,31.459142684936523,0.799843966960907
3729,377,0.18408203125,0.15183211863040924,31.125694274902344,0.7979965209960938
3730,415,0.20263671875,0.16162888705730438,32.791236877441406,0.7774409651756287
3731,359,0.17529296875,0.15336376428604126,31.2363224029541,0.8000212907791138
3732,393,0.19189453125,0.16035036742687225,30.846603393554688,0.8012535572052002
3733,337,0.16455078125,0.16009420156478882,29.681446075439453,0.8141399621963501
3734,377,0.18408203125,0.1607057750225067,30.94672203063965,0.7978394031524658
3735,453,0.22119140625,0.1622770130634308,35.118385314941406,0.7577672004699707
3736,491,0.23974609375,0.16105405986309052,37.09034729003906,0.7391129732131958
3737,547,0.26708984375,0.16118207573890686,37.824371337890625,0.7297869324684143
3738,480,0.234375,0.16178905963897705,34.94002914428711,0.7580251693725586
3739,488,0.23828125,0.15475961565971375,34.77857971191406,0.7584452629089355
3740,423,0.20654296875,0.15612438321113586,32.02608871459961,0.7864837050437927
3741,413,0.20166015625,0.15514874458312988,30.314085006713867,0.8030124306678772
3742,373,0.18212890625,0.15099482238292694,29.454172134399414,0.8140407800674438
3743,412,0.201171875,0.15484613180160522,30.095062255859375,0.8074643015861511
3744,384,0.1875,0.14550244808197021,34.36435317993164,0.7654623985290527
3745,474,0.2314453125,0.1498924046754837,34.8977165222168,0.7549288272857666
3746,507,0.24755859375,0.15349918603897095,34.478538513183594,0.7589111328125
3747,513,0.25048828125,0.15627485513687134,34.61002731323242,0.7618513107299805
3748,496,0.2421875,0.15366137027740479,32.95368194580078,0.7794402241706848
3749,493,0.24072265625,0.1500598043203354,33.05481719970703,0.7836343050003052
3750,484,0.236328125,0.16209998726844788,33.618831634521484,0.7805328369140625
3751,578,0.2822265625,0.16223375499248505,39.11415481567383,0.7203999161720276
3752,617,0.30126953125,0.1849423348903656,43.3624267578125,0.6726296544075012
3753,650,0.3173828125,0.18400558829307556,44.81562042236328,0.6561974287033081
3754,674,0.3291015625,0.1853986233472824,46.315338134765625,0.6392281651496887
3755,738,0.3603515625,0.19154171645641327,46.53083801269531,0.6362698078155518
3756,912,0.4453125,0.19140459597110748,46.6164665222168,0.6354867815971375
3757,715,0.34912109375,0.188340961933136,49.69369125366211,0.6008591055870056
3758,714,0.3486328125,0.18804308772087097,49.847164154052734,0.5969061255455017
3759,746,0.3642578125,0.1907707154750824,50.014835357666016,0.5933558344841003
3760,109,0.05322265625,0.14171425998210907,32.61416244506836,0.7995256185531616
3761,103,0.05029296875,0.13179920613765717,30.69216537475586,0.8249611258506775
3762,93,0.04541015625,0.13352978229522705,30.189746856689453,0.8256521821022034
3763,94,0.0458984375,0.1361875981092453,31.694334030151367,0.8082489371299744
3764,102,0.0498046875,0.13237085938453674,32.0551872253418,0.8036423325538635
3765,99,0.04833984375,0.141007661819458,32.504852294921875,0.8068425059318542
3766,103,0.05029296875,0.1333256959915161,30.983488082885742,0.8203469514846802
3767,92,0.044921875,0.13527362048625946,32.254329681396484,0.8047345280647278
3768,90,0.0439453125,0.12684771418571472,31.443893432617188,0.8126649856567383
3769,108,0.052734375,0.12284015119075775,32.76807403564453,0.799282431602478
3770,117,0.05712890625,0.1255611777305603,32.722251892089844,0.7998990416526794
3771,125,0.06103515625,0.1258113980293274,32.38396072387695,0.8040509223937988
3772,128,0.0625,0.1216866672039032,31.92607879638672,0.8107283115386963
3773,134,0.0654296875,0.1227540597319603,33.75827407836914,0.7870489954948425
3774,121,0.05908203125,0.14390519261360168,33.53565979003906,0.792061984539032
3775,119,0.05810546875,0.1320958137512207,32.518489837646484,0.8061462044715881
3776,121,0.05908203125,0.1268278807401657,33.059844970703125,0.7990884780883789
3777,133,0.06494140625,0.12299208343029022,33.371089935302734,0.7931948304176331
3778,136,0.06640625,0.12409217655658722,32.583045959472656,0.8025487661361694
3779,132,0.064453125,0.11432469636201859,32.865821838378906,0.7995783686637878
3780,130,0.0634765625,0.13238564133644104,33.279090881347656,0.7938946485519409
3781,124,0.060546875,0.11679167300462723,33.77802276611328,0.7889819145202637
3782,120,0.05859375,0.12523290514945984,32.448585510253906,0.8078460693359375
3783,116,0.056640625,0.12219244241714478,31.575843811035156,0.8157235383987427
3784,113,0.05517578125,0.13676896691322327,32.717037200927734,0.8062286376953125
3785,112,0.0546875,0.13197292387485504,33.54823684692383,0.7966814041137695
3786,102,0.0498046875,0.1350976973772049,31.051774978637695,0.8222960829734802
3787,108,0.052734375,0.13440221548080444,31.716453552246094,0.812777042388916
3788,106,0.0517578125,0.13809047639369965,31.391847610473633,0.8165366649627686
3789,115,0.05615234375,0.13985589146614075,31.75912857055664,0.8157761693000793
3790,110,0.0537109375,0.14280706644058228,32.03092956542969,0.818142831325531
3791,109,0.05322265625,0.13673929870128632,31.118104934692383,0.826102077960968
3792,100,0.048828125,0.142414391040802,31.732280731201172,0.8192844986915588
3793,109,0.05322265625,0.14126913249492645,33.81355667114258,0.7945054173469543
3794,92,0.044921875,0.14623335003852844,34.548240661621094,0.7820731401443481
3795,90,0.0439453125,0.14377368986606598,32.28593063354492,0.8099318742752075
3796,90,0.0439453125,0.14269916713237762,32.694664001464844,0.8047353029251099
3797,114,0.0556640625,0.14510071277618408,35.757564544677734,0.7752963900566101
3798,103,0.05029296875,0.15084844827651978,34.42321014404297,0.7885497808456421
3799,109,0.05322265625,0.15407587587833405,35.789859771728516,0.761934220790863
3800,221,0.10791015625,0.1458321064710617,31.98874282836914,0.8116377592086792
3801,219,0.10693359375,0.14574556052684784,32.20331573486328,0.8077186346054077
3802,217,0.10595703125,0.1412656158208847,32.52132797241211,0.8004141449928284
3803,250,0.1220703125,0.13873876631259918,32.09790802001953,0.8052468299865723
3804,242,0.1181640625,0.13099552690982819,33.56912612915039,0.7906914353370667
3805,227,0.11083984375,0.13465170562267303,33.02408218383789,0.7986189126968384
3806,253,0.12353515625,0.129512220621109,32.895015716552734,0.7954995632171631
3807,268,0.130859375,0.14180226624011993,33.43766784667969,0.7885687351226807
3808,293,0.14306640625,0.1384168118238449,33.74045181274414,0.7832526564598083
3809,307,0.14990234375,0.14274917542934418,33.53619384765625,0.783918023109436
3810,284,0.138671875,0.13973116874694824,32.774024963378906,0.7937465310096741
3811,310,0.1513671875,0.14420470595359802,33.74249267578125,0.7847028970718384
3812,321,0.15673828125,0.1501801460981369,34.79851531982422,0.7790673971176147
3813,293,0.14306640625,0.13963067531585693,35.00545120239258,0.7778109908103943
3814,317,0.15478515625,0.14883050322532654,34.27687072753906,0.7856155633926392
3815,347,0.16943359375,0.1646789014339447,34.37678909301758,0.7824504971504211
3816,305,0.14892578125,0.1396075040102005,34.7259407043457,0.7804991006851196
3817,282,0.1376953125,0.13482104241847992,33.71359634399414,0.7884789705276489
3818,268,0.130859375,0.1402408331632614,33.7497444152832,0.7870332598686218
3819,271,0.13232421875,0.12951166927814484,34.260498046875,0.7764567136764526
3820,359,0.17529296875,0.17575061321258545,33.27821731567383,0.7903966903686523
3821,376,0.18359375,0.178592249751091,33.275447845458984,0.7868762612342834
3822,449,0.21923828125,0.20095159113407135,35.511043548583984,0.7603724598884583
3823,415,0.20263671875,0.1883840560913086,32.739078521728516,0.7947611212730408
3824,448,0.21875,0.20784442126750946,36.06092071533203,0.7582640647888184
3825,456,0.22265625,0.19906191527843475,35.458702087402344,0.7658883929252625
3826,413,0.20166015625,0.18504375219345093,34.59657287597656,0.7742463946342468
3827,400,0.1953125,0.17508535087108612,33.607398986816406,0.7811737060546875
3828,446,0.2177734375,0.198176309466362,34.915382385253906,0.7696986198425293
3829,484,0.236328125,0.18875956535339355,34.78229522705078,0.7696813941001892
3830,567,0.27685546875,0.20109786093235016,35.01529312133789,0.7674823999404907
3831,571,0.27880859375,0.20328383147716522,35.062198638916016,0.7673439383506775
3832,562,0.2744140625,0.2050178200006485,34.60863494873047,0.7741717100143433
3833,435,0.21240234375,0.20372924208641052,34.712059020996094,0.769361138343811
3834,378,0.1845703125,0.1756579726934433,33.79585266113281,0.7807908058166504
3835,466,0.2275390625,0.19640257954597473,33.5382080078125,0.785598874092102
3836,453,0.22119140625,0.1897900402545929,35.652462005615234,0.7628664970397949
3837,473,0.23095703125,0.1989409178495407,35.3828239440918,0.7641071081161499
3838,548,0.267578125,0.210685133934021,34.773067474365234,0.7724263072013855
3839,512,0.25,0.20280338823795319,35.56494140625,0.7645310163497925
3840,438,0.2138671875,0.2296338975429535,38.41154861450195,0.7290706634521484
3841,352,0.171875,0.206918403506279,37.59968566894531,0.7433577179908752
3842,383,0.18701171875,0.21516960859298706,37.67377853393555,0.737698495388031
3843,418,0.2041015625,0.2139001041650772,38.62929153442383,0.7272820472717285
3844,472,0.23046875,0.2097330093383789,37.961727142333984,0.7365000247955322
3845,503,0.24560546875,0.20021995902061462,36.531070709228516,0.7529712915420532
3846,517,0.25244140625,0.21315598487854004,37.077823638916016,0.7504518032073975
3847,465,0.22705078125,0.20071116089820862,35.857147216796875,0.759982705116272
3848,445,0.21728515625,0.19501632452011108,36.65913009643555,0.7526010870933533
3849,412,0.201171875,0.18617630004882812,36.29792022705078,0.7578176259994507
3850,413,0.20166015625,0.184157595038414,36.47959518432617,0.7577534317970276
3851,430,0.2099609375,0.18504303693771362,35.4693489074707,0.7688392996788025
3852,405,0.19775390625,0.18765343725681305,34.711090087890625,0.7780958414077759
3853,393,0.19189453125,0.1858276128768921,35.07734298706055,0.771780252456665
3854,421,0.20556640625,0.19296805560588837,35.231510162353516,0.7750119566917419
3855,374,0.1826171875,0.18406718969345093,34.517120361328125,0.78083336353302
3856,375,0.18310546875,0.20247125625610352,36.2164421081543,0.7544330358505249
3857,382,0.1865234375,0.20369777083396912,35.62154006958008,0.7606637477874756
3858,359,0.17529296875,0.2066686600446701,34.34116744995117,0.7741501927375793
3859,327,0.15966796875,0.1970696896314621,37.21857833862305,0.7417454123497009
3860,405,0.19775390625,0.21243920922279358,35.2972297668457,0.7616338133811951
3861,414,0.2021484375,0.21246524155139923,35.33726501464844,0.7580311894416809
3862,411,0.20068359375,0.1746426224708557,36.976558685302734,0.751576840877533
3863,418,0.2041015625,0.1891998052597046,37.58069610595703,0.7424975037574768
3864,430,0.2099609375,0.18611463904380798,37.99652862548828,0.7384639382362366
3865,405,0.19775390625,0.16986976563930511,38.118621826171875,0.7336325645446777
3866,373,0.18212890625,0.16974177956581116,36.192161560058594,0.7552727460861206
3867,408,0.19921875,0.18532463908195496,35.246524810791016,0.7688276171684265
3868,388,0.189453125,0.1949663907289505,36.23582077026367,0.7552792429924011
3869,384,0.1875,0.17111939191818237,35.36977767944336,0.7691041827201843
3870,377,0.18408203125,0.17588534951210022,36.9549446105957,0.7452743649482727
3871,414,0.2021484375,0.19345316290855408,36.9046745300293,0.7489359378814697
3872,407,0.19873046875,0.17431291937828064,35.224853515625,0.7674878239631653
3873,384,0.1875,0.15988776087760925,37.38070297241211,0.7460419535636902
3874,397,0.19384765625,0.1691552847623825,36.403873443603516,0.7566236853599548
3875,374,0.1826171875,0.18629351258277893,37.17715835571289,0.7472069263458252
3876,341,0.16650390625,0.18181286752223969,36.06876754760742,0.7617743015289307
3877,361,0.17626953125,0.24096441268920898,36.635711669921875,0.7546576261520386
3878,324,0.158203125,0.26816117763519287,37.23937225341797,0.7425861954689026
3879,334,0.1630859375,0.2541162669658661,37.25144577026367,0.7465734481811523
3880,115,0.05615234375,0.18711934983730316,39.80918884277344,0.7194981575012207
3881,107,0.05224609375,0.18302856385707855,38.58034133911133,0.7350286245346069
3882,84,0.041015625,0.17621874809265137,34.13850402832031,0.7840837836265564
3883,86,0.0419921875,0.1896481066942215,34.04998779296875,0.7843159437179565
3884,86,0.0419921875,0.19294121861457825,33.451656341552734,0.7929350137710571
3885,91,0.04443359375,0.1759139895439148,36.28355026245117,0.763397216796875
3886,95,0.04638671875,0.17750424146652222,36.64341354370117,0.7649976015090942
3887,96,0.046875,0.1790282279253006,35.06303024291992,0.7850356698036194
3888,82,0.0400390625,0.19552315771579742,36.698760986328125,0.7643669843673706
3889,85,0.04150390625,0.18347547948360443,36.133296966552734,0.7722116708755493
3890,78,0.0380859375,0.191571906208992,36.58100509643555,0.7656620144844055
3891,75,0.03662109375,0.18354690074920654,36.21246337890625,0.774479866027832
3892,87,0.04248046875,0.18504007160663605,36.33945083618164,0.7720900774002075
3893,80,0.0390625,0.189985454082489,36.84727096557617,0.7632032036781311
3894,88,0.04296875,0.17610155045986176,38.56622314453125,0.7440340518951416
3895,80,0.0390625,0.1866934895515442,35.997920989990234,0.7773975729942322
3896,80,0.0390625,0.2034134417772293,37.958778381347656,0.7498849630355835
3897,89,0.04345703125,0.19673803448677063,37.491878509521484,0.7558257579803467
3898,79,0.03857421875,0.19072428345680237,35.32551193237305,0.7842764258384705
3899,83,0.04052734375,0.1956448256969452,36.554840087890625,0.7670305371284485
3900,85,0.04150390625,0.19041526317596436,36.384578704833984,0.7680771946907043
3901,87,0.04248046875,0.19646884500980377,36.41108322143555,0.7656986713409424
3902,92,0.044921875,0.18463876843452454,34.886966705322266,0.7825201153755188
3903,90,0.0439453125,0.18622595071792603,35.71039962768555,0.7767966985702515
3904,96,0.046875,0.17982754111289978,35.95828628540039,0.7720687389373779
3905,113,0.05517578125,0.17031769454479218,36.176536560058594,0.7731553316116333
3906,106,0.0517578125,0.17278331518173218,36.09123992919922,0.770841121673584
3907,112,0.0546875,0.17056450247764587,35.34661102294922,0.7810034155845642
3908,115,0.05615234375,0.16945919394493103,33.21318435668945,0.8063492774963379
3909,118,0.0576171875,0.16708159446716309,33.873748779296875,0.7961625456809998
3910,132,0.064453125,0.1649990826845169,34.426292419433594,0.7882293462753296
3911,129,0.06298828125,0.16837795078754425,33.54640197753906,0.7987533211708069
3912,125,0.06103515625,0.16425378620624542,33.073577880859375,0.8051234483718872
3913,127,0.06201171875,0.16732633113861084,33.56206130981445,0.8015041351318359
3914,121,0.05908203125,0.18039074540138245,33.04049301147461,0.8038719892501831
3915,121,0.05908203125,0.1821640282869339,33.20729064941406,0.7990427613258362
3916,126,0.0615234375,0.18199662864208221,33.57550811767578,0.7948114275932312
3917,117,0.05712890625,0.18052470684051514,32.0333137512207,0.8165216445922852
3918,110,0.0537109375,0.18078482151031494,34.12371826171875,0.793586015701294
3919,116,0.056640625,0.18485598266124725,33.322410583496094,0.7992330193519592
3920,104,0.05078125,0.19299949705600739,38.695308685302734,0.719666600227356
3921,87,0.04248046875,0.17994508147239685,34.84693908691406,0.7612847685813904
3922,88,0.04296875,0.16125845909118652,32.920902252197266,0.7896072268486023
3923,92,0.044921875,0.15832924842834473,33.2982177734375,0.7870311141014099
3924,91,0.04443359375,0.21255920827388763,33.41130447387695,0.7866011261940002
3925,84,0.041015625,0.21085721254348755,31.851411819458008,0.8056087493896484
3926,84,0.041015625,0.21539680659770966,32.7039909362793,0.7878629565238953
3927,80,0.0390625,0.16832223534584045,33.85835647583008,0.7814104557037354
3928,73,0.03564453125,0.15432237088680267,29.95008087158203,0.8164290189743042
3929,78,0.0380859375,0.15537460148334503,31.101139068603516,0.8080700039863586
3930,78,0.0380859375,0.16064485907554626,34.80290222167969,0.7612265348434448
3931,75,0.03662109375,0.14900600910186768,31.915943145751953,0.7888851165771484
3932,85,0.04150390625,0.14346346259117126,31.49831199645996,0.8128260970115662
3933,82,0.0400390625,0.1375734508037567,31.65458869934082,0.8096410036087036
3934,97,0.04736328125,0.14329873025417328,32.380069732666016,0.79744553565979
3935,89,0.04345703125,0.13654957711696625,32.982181549072266,0.7992974519729614
3936,92,0.044921875,0.1352199763059616,32.29161071777344,0.8089610934257507
3937,88,0.04296875,0.12934112548828125,31.708784103393555,0.816769003868103
3938,94,0.0458984375,0.13354772329330444,34.880889892578125,0.7744950652122498
3939,90,0.0439453125,0.1299515664577484,33.68805694580078,0.7859092950820923
3940,94,0.0458984375,0.13481324911117554,33.165611267089844,0.799327552318573
3941,89,0.04345703125,0.131168931722641,33.99461364746094,0.7909757494926453
3942,102,0.0498046875,0.14690464735031128,35.77410888671875,0.7695448398590088
3943,101,0.04931640625,0.12792375683784485,37.07264709472656,0.7501228451728821
3944,107,0.05224609375,0.14973796904087067,36.141448974609375,0.7586971521377563
3945,121,0.05908203125,0.14551322162151337,36.60591506958008,0.7608643770217896
3946,113,0.05517578125,0.14621414244174957,36.06184387207031,0.765052080154419
3947,118,0.0576171875,0.13209925591945648,36.49828338623047,0.7626425623893738
3948,111,0.05419921875,0.1253892481327057,35.456329345703125,0.7752054333686829
3949,113,0.05517578125,0.14105874300003052,34.910865783691406,0.786870002746582
3950,123,0.06005859375,0.14119286835193634,36.349403381347656,0.7673933506011963
3951,119,0.05810546875,0.12717394530773163,36.65891647338867,0.7625486254692078
3952,121,0.05908203125,0.14835308492183685,35.41036605834961,0.7795032858848572
3953,124,0.060546875,0.15356920659542084,35.450782775878906,0.7764241695404053
3954,135,0.06591796875,0.1507943719625473,34.619754791259766,0.7858827114105225
3955,128,0.0625,0.15002751350402832,34.92047119140625,0.782694935798645
3956,118,0.0576171875,0.12998761236667633,34.83442306518555,0.779534637928009
3957,123,0.06005859375,0.1234557256102562,36.1990852355957,0.7576749920845032
3958,125,0.06103515625,0.12446022033691406,36.62001419067383,0.7523933053016663
3959,145,0.07080078125,0.15160371363162994,35.530120849609375,0.7698882222175598
3960,48,0.0234375,0.1746557503938675,41.26218032836914,0.7007415890693665
3961,44,0.021484375,0.1580875664949417,34.342552185058594,0.7910564541816711
3962,47,0.02294921875,0.14237941801548004,31.604448318481445,0.8218551278114319
3963,52,0.025390625,0.1366388350725174,32.78029251098633,0.7965986728668213
3964,57,0.02783203125,0.131447434425354,32.67329025268555,0.7857664823532104
3965,58,0.0283203125,0.13612332940101624,28.648086547851562,0.8334895372390747
3966,59,0.02880859375,0.1407293975353241,29.104738235473633,0.8305405378341675
3967,52,0.025390625,0.12969081103801727,28.06107521057129,0.8506306409835815
3968,53,0.02587890625,0.13413913547992706,28.80007553100586,0.8388171195983887
3969,58,0.0283203125,0.1313181221485138,29.548137664794922,0.8330044150352478
3970,54,0.0263671875,0.13185349106788635,29.68634033203125,0.8300086259841919
3971,47,0.02294921875,0.12923243641853333,29.85333824157715,0.8198655247688293
3972,51,0.02490234375,0.12698425352573395,29.47298240661621,0.8273959159851074
3973,50,0.0244140625,0.13733680546283722,30.56511878967285,0.8119447827339172
3974,43,0.02099609375,0.13375340402126312,26.969440460205078,0.8617526888847351
3975,45,0.02197265625,0.1355496644973755,27.054410934448242,0.8583930730819702
3976,53,0.02587890625,0.1252737045288086,30.154804229736328,0.8245776891708374
3977,56,0.02734375,0.14418281614780426,29.35604476928711,0.8321071267127991
3978,51,0.02490234375,0.1298571228981018,28.780376434326172,0.8354202508926392
3979,57,0.02783203125,0.14512985944747925,29.973026275634766,0.8237878680229187
3980,56,0.02734375,0.12861911952495575,31.21698570251465,0.8006574511528015
3981,62,0.0302734375,0.14761143922805786,31.320629119873047,0.8066006302833557
3982,63,0.03076171875,0.14835308492183685,32.346553802490234,0.7942778468132019
3983,70,0.0341796875,0.1728557050228119,34.133689880371094,0.7748106122016907
3984,72,0.03515625,0.1924927830696106,33.63236999511719,0.7788129448890686
3985,76,0.037109375,0.1630193442106247,34.68947219848633,0.7657846212387085
3986,77,0.03759765625,0.164254292845726,35.193809509277344,0.7529626488685608
3987,69,0.03369140625,0.14520743489265442,34.6612434387207,0.7701181173324585
3988,66,0.0322265625,0.14797580242156982,33.36162567138672,0.7891978621482849
3989,59,0.02880859375,0.15371383726596832,34.19575119018555,0.7828017473220825
3990,65,0.03173828125,0.16498132050037384,35.769107818603516,0.7740951776504517
3991,71,0.03466796875,0.15566697716712952,34.20018768310547,0.7805337309837341
3992,72,0.03515625,0.15744389593601227,35.04902648925781,0.7774688005447388
3993,82,0.0400390625,0.16858729720115662,35.17850875854492,0.7662625312805176
3994,80,0.0390625,0.16651758551597595,34.680641174316406,0.7712551355361938
3995,88,0.04296875,0.17980355024337769,35.23935317993164,0.7635186910629272
3996,104,0.05078125,0.23935148119926453,34.64628982543945,0.7738780379295349
3997,102,0.0498046875,0.24084579944610596,32.182979583740234,0.8027180433273315
3998,110,0.0537109375,0.23566538095474243,34.02617263793945,0.7815337181091309
3999,105,0.05126953125,0.23456789553165436,34.69869613647461,0.7788054943084717
4000,214,0.1044921875,0.16431701183319092,29.027576446533203,0.8278473615646362
4001,203,0.09912109375,0.1602933406829834,28.857690811157227,0.827869713306427
4002,185,0.09033203125,0.167720764875412,31.894819259643555,0.8070355653762817
4003,220,0.107421875,0.16248641908168793,28.038814544677734,0.8388818502426147
4004,203,0.09912109375,0.1598866581916809,27.111042022705078,0.8499021530151367
4005,229,0.11181640625,0.16411195695400238,27.899166107177734,0.8406291007995605
4006,224,0.109375,0.16394612193107605,27.1213321685791,0.849542498588562
4007,198,0.0966796875,0.18519674241542816,28.97865867614746,0.8287809491157532
4008,208,0.1015625,0.17522715032100677,28.421451568603516,0.8329709768295288
4009,206,0.1005859375,0.1700231432914734,27.24544334411621,0.8452785611152649
4010,207,0.10107421875,0.16338731348514557,28.939990997314453,0.8296661376953125
4011,212,0.103515625,0.15792180597782135,29.177623748779297,0.8303190469741821
4012,229,0.11181640625,0.15564969182014465,27.94655418395996,0.8414350748062134
4013,224,0.109375,0.15389440953731537,27.081539154052734,0.8507083058357239
4014,224,0.109375,0.1618495136499405,27.81808090209961,0.8397472500801086
4015,217,0.10595703125,0.17028872668743134,27.784900665283203,0.8372462391853333
4016,258,0.1259765625,0.1543406993150711,27.1888427734375,0.852588951587677
4017,264,0.12890625,0.15567058324813843,28.084577560424805,0.8412947058677673
4018,228,0.111328125,0.16381260752677917,29.917930603027344,0.8240134119987488
4019,235,0.11474609375,0.1715063452720642,30.247018814086914,0.8164214491844177
4020,240,0.1171875,0.16619673371315002,29.8720645904541,0.8201950788497925
4021,234,0.1142578125,0.16282446682453156,28.478967666625977,0.8305765986442566
4022,196,0.095703125,0.16868463158607483,29.355255126953125,0.8260509967803955
4023,195,0.09521484375,0.1760607361793518,30.498441696166992,0.8118910789489746
4024,200,0.09765625,0.1671479344367981,29.960920333862305,0.8158420324325562
4025,219,0.10693359375,0.1625121831893921,30.691024780273438,0.808716356754303
4026,236,0.115234375,0.15941177308559418,29.888530731201172,0.8132205009460449
4027,241,0.11767578125,0.15637272596359253,30.239912033081055,0.810500979423523
4028,268,0.130859375,0.15354876220226288,30.069076538085938,0.817057728767395
4029,252,0.123046875,0.17035029828548431,31.86158561706543,0.8024678826332092
4030,276,0.134765625,0.1638549119234085,30.607189178466797,0.8185329437255859
4031,270,0.1318359375,0.15955764055252075,30.826478958129883,0.8158917427062988
4032,268,0.130859375,0.1539727747440338,31.89413833618164,0.8037779331207275
4033,322,0.1572265625,0.15703590214252472,30.926584243774414,0.8108021020889282
4034,302,0.1474609375,0.157025545835495,31.072818756103516,0.8049197196960449
4035,361,0.17626953125,0.1747857630252838,33.70940017700195,0.7742812633514404
4036,384,0.1875,0.19666191935539246,39.44724655151367,0.7158158421516418
4037,311,0.15185546875,0.16079427301883698,31.921855926513672,0.7907918691635132
4038,319,0.15576171875,0.15957453846931458,32.509796142578125,0.7871328592300415
4039,363,0.17724609375,0.17409099638462067,35.69073486328125,0.7541614770889282
4040,324,0.158203125,0.10599187016487122,34.94761276245117,0.7713431119918823
4041,309,0.15087890625,0.11256648600101471,34.25743865966797,0.780450165271759
4042,278,0.1357421875,0.10954597592353821,34.41161346435547,0.7818732857704163
4043,282,0.1376953125,0.10920523852109909,34.119205474853516,0.7839193940162659
4044,308,0.150390625,0.10758689790964127,34.20098876953125,0.7838402986526489
4045,270,0.1318359375,0.11017460376024246,35.314308166503906,0.7750685811042786
4046,308,0.150390625,0.10050822049379349,34.16325378417969,0.7906693816184998
4047,340,0.166015625,0.11009617149829865,36.52800750732422,0.7580429315567017
4048,346,0.1689453125,0.1064915582537651,36.044612884521484,0.7586984038352966
4049,420,0.205078125,0.16321837902069092,37.415863037109375,0.7389371395111084
4050,379,0.18505859375,0.15972696244716644,39.019866943359375,0.7269120216369629
4051,382,0.1865234375,0.15366874635219574,36.01152038574219,0.7599592208862305
4052,387,0.18896484375,0.16010300815105438,35.73798751831055,0.7610098123550415
4053,369,0.18017578125,0.14606957137584686,34.51910400390625,0.7758652567863464
4054,366,0.1787109375,0.14539286494255066,34.425682067871094,0.7769568562507629
4055,355,0.17333984375,0.13026918470859528,31.430252075195312,0.811729907989502
4056,323,0.15771484375,0.10638545453548431,33.108970642089844,0.7959586381912231
4057,336,0.1640625,0.11434619873762131,32.54575729370117,0.7984446287155151
4058,440,0.21484375,0.15753671526908875,33.7318115234375,0.783625602722168
4059,390,0.1904296875,0.12224680930376053,30.139894485473633,0.8222103714942932
4060,370,0.1806640625,0.1129046306014061,29.83103370666504,0.8250401020050049
4061,304,0.1484375,0.09145918488502502,30.604835510253906,0.8168111443519592
4062,346,0.1689453125,0.09945394843816757,31.576358795166016,0.803380012512207
4063,369,0.18017578125,0.11364826560020447,34.84949493408203,0.7684661149978638
4064,409,0.19970703125,0.11293836683034897,30.930307388305664,0.8090828657150269
4065,351,0.17138671875,0.11416763067245483,33.63190460205078,0.7823874950408936
4066,386,0.1884765625,0.11195593327283859,31.688508987426758,0.8034839034080505
4067,360,0.17578125,0.09599393606185913,30.15163230895996,0.8156138062477112
4068,379,0.18505859375,0.10105607658624649,29.309036254882812,0.8281803131103516
4069,283,0.13818359375,0.08896195143461227,30.60104751586914,0.8141855597496033
4070,331,0.16162109375,0.11126294732093811,30.161840438842773,0.8247101902961731
4071,323,0.15771484375,0.10614315420389175,31.513944625854492,0.8100199699401855
4072,371,0.18115234375,0.11931748688220978,30.795650482177734,0.8185778260231018
4073,317,0.15478515625,0.09954218566417694,32.54177474975586,0.803485095500946
4074,360,0.17578125,0.11123032867908478,30.62685203552246,0.8201920390129089
4075,335,0.16357421875,0.11742731183767319,31.607189178466797,0.8118384480476379
4076,268,0.130859375,0.10109304636716843,32.47356414794922,0.8020398616790771
4077,257,0.12548828125,0.10554127395153046,32.67729187011719,0.8009524941444397
4078,231,0.11279296875,0.10247504711151123,30.295040130615234,0.8220109343528748
4079,266,0.1298828125,0.10247529298067093,29.375606536865234,0.8325043320655823
4080,122,0.0595703125,0.14124135673046112,27.647138595581055,0.8465825319290161
4081,133,0.06494140625,0.13387924432754517,27.165250778198242,0.8557708263397217
4082,137,0.06689453125,0.14730378985404968,30.772268295288086,0.8168049454689026
4083,148,0.072265625,0.135677307844162,26.78580665588379,0.8582364916801453
4084,149,0.07275390625,0.1308511644601822,26.52273941040039,0.8595564961433411
4085,173,0.08447265625,0.13817182183265686,26.868906021118164,0.8552915453910828
4086,172,0.083984375,0.14085686206817627,26.034399032592773,0.8639649748802185
4087,171,0.08349609375,0.14468422532081604,28.315631866455078,0.8457785248756409
4088,168,0.08203125,0.1438388228416443,28.900569915771484,0.8418566584587097
4089,179,0.08740234375,0.14281900227069855,27.086572647094727,0.8505082130432129
4090,180,0.087890625,0.1438051164150238,26.150781631469727,0.8610390424728394
4091,185,0.09033203125,0.1392357051372528,25.248014450073242,0.8687857985496521
4092,190,0.0927734375,0.14433059096336365,25.903549194335938,0.8647817373275757
4093,215,0.10498046875,0.15617306530475616,26.799924850463867,0.860255777835846
4094,203,0.09912109375,0.14961707592010498,26.828596115112305,0.8567454814910889
4095,199,0.09716796875,0.15186308324337006,26.0979061126709,0.8613287210464478
4096,208,0.1015625,0.1469036340713501,26.57149314880371,0.8602035045623779
4097,215,0.10498046875,0.1579848676919937,27.86566734313965,0.8417357206344604
4098,198,0.0966796875,0.1458461433649063,26.11471176147461,0.8627483248710632
4099,176,0.0859375,0.14336137473583221,25.40513801574707,0.8684576153755188
4100,174,0.0849609375,0.14403130114078522,25.660886764526367,0.8707814812660217
4101,176,0.0859375,0.14907768368721008,25.327667236328125,0.8725200891494751
4102,181,0.08837890625,0.14152702689170837,25.099483489990234,0.8715254068374634
4103,174,0.0849609375,0.13656428456306458,26.31155776977539,0.8633961081504822
4104,190,0.0927734375,0.13731971383094788,27.8761043548584,0.8481478095054626
4105,197,0.09619140625,0.1561058610677719,32.100196838378906,0.804149329662323
4106,189,0.09228515625,0.15393152832984924,33.764286041259766,0.7856825590133667
4107,200,0.09765625,0.13667377829551697,29.133682250976562,0.837249219417572
4108,194,0.0947265625,0.14408160746097565,28.54725456237793,0.8454965949058533
4109,197,0.09619140625,0.14115223288536072,26.877138137817383,0.8584123849868774
4110,214,0.1044921875,0.15078933537006378,29.898067474365234,0.8278377652168274
4111,237,0.11572265625,0.15753203630447388,31.215599060058594,0.8119072914123535
4112,210,0.1025390625,0.1459776759147644,26.255126953125,0.8638265132904053
4113,206,0.1005859375,0.14600840210914612,26.210487365722656,0.860443115234375
4114,194,0.0947265625,0.13912269473075867,25.882295608520508,0.8651717901229858
4115,185,0.09033203125,0.1385410875082016,25.906455993652344,0.8640516996383667
4116,193,0.09423828125,0.14475511014461517,24.985315322875977,0.8751095533370972
4117,193,0.09423828125,0.13758841156959534,25.44939422607422,0.8704599142074585
4118,189,0.09228515625,0.1454271823167801,25.859529495239258,0.8672221899032593
4119,176,0.0859375,0.1467418223619461,27.111549377441406,0.8587092757225037
4120,95,0.04638671875,0.1690625548362732,34.90801239013672,0.764793872833252
4121,86,0.0419921875,0.16120755672454834,35.16180419921875,0.763714611530304
4122,78,0.0380859375,0.16378183662891388,33.21645736694336,0.7932844161987305
4123,79,0.03857421875,0.16492077708244324,35.506378173828125,0.7656543850898743
4124,63,0.03076171875,0.18306486308574677,32.485801696777344,0.8021064400672913
4125,70,0.0341796875,0.1805463284254074,31.959346771240234,0.8017195463180542
4126,63,0.03076171875,0.17965872585773468,33.34526062011719,0.7886039614677429
4127,50,0.0244140625,0.19863255321979523,30.691099166870117,0.8215740919113159
4128,58,0.0283203125,0.1937316656112671,29.5488224029541,0.8339157700538635
4129,63,0.03076171875,0.19328361749649048,31.543275833129883,0.8152390718460083
4130,71,0.03466796875,0.1709226816892624,32.1873779296875,0.8091435432434082
4131,63,0.03076171875,0.18806949257850647,30.904150009155273,0.8279417157173157
4132,55,0.02685546875,0.19018884003162384,31.055673599243164,0.8230405449867249
4133,71,0.03466796875,0.18849679827690125,30.11036491394043,0.8305262327194214
4134,66,0.0322265625,0.18507547676563263,30.687667846679688,0.8226348161697388
4135,73,0.03564453125,0.18760205805301666,29.463245391845703,0.8372610211372375
4136,84,0.041015625,0.1800498217344284,32.18761444091797,0.8055427074432373
4137,86,0.0419921875,0.17422926425933838,31.876243591308594,0.8078935146331787
4138,89,0.04345703125,0.17258013784885406,31.640460968017578,0.8048253655433655
4139,80,0.0390625,0.18612699210643768,33.63691329956055,0.796678900718689
4140,80,0.0390625,0.1730782687664032,33.181461334228516,0.8061960935592651
4141,93,0.04541015625,0.16608181595802307,33.403316497802734,0.8019578456878662
4142,83,0.04052734375,0.16920609772205353,32.01091766357422,0.8131855130195618
4143,97,0.04736328125,0.15170766413211823,32.99331283569336,0.8078431487083435
4144,98,0.0478515625,0.15956313908100128,30.852235794067383,0.8273832201957703
4145,104,0.05078125,0.15969009697437286,31.654218673706055,0.8131140470504761
4146,128,0.0625,0.14901527762413025,32.97480392456055,0.8005834817886353
4147,129,0.06298828125,0.1527220904827118,30.878711700439453,0.8248142004013062
4148,138,0.0673828125,0.1504434496164322,33.18302917480469,0.7962666153907776
4149,119,0.05810546875,0.1594047248363495,31.256763458251953,0.8198705911636353
4150,114,0.0556640625,0.14834529161453247,32.32722091674805,0.8087373971939087
4151,118,0.0576171875,0.1583322435617447,30.62105941772461,0.8227531313896179
4152,116,0.056640625,0.15109094977378845,31.55197525024414,0.8180402517318726
4153,125,0.06103515625,0.13912567496299744,31.439435958862305,0.815111517906189
4154,148,0.072265625,0.1513611078262329,36.49489212036133,0.7555278539657593
4155,143,0.06982421875,0.13810710608959198,33.45479965209961,0.8002029061317444
4156,153,0.07470703125,0.1428842842578888,31.740840911865234,0.8141801357269287
4157,157,0.07666015625,0.14308592677116394,32.801063537597656,0.7991513013839722
4158,146,0.0712890625,0.13929243385791779,32.28071594238281,0.8080587983131409
4159,126,0.0615234375,0.14099395275115967,30.875043869018555,0.8165834546089172
4160,135,0.06591796875,0.2398422509431839,37.41904830932617,0.7568159699440002
4161,114,0.0556640625,0.18235240876674652,36.66147994995117,0.7576192021369934
4162,112,0.0546875,0.1809154748916626,36.330501556396484,0.7695452570915222
4163,101,0.04931640625,0.17951716482639313,33.87030029296875,0.7904713153839111
4164,100,0.048828125,0.1650625765323639,35.503868103027344,0.7734082937240601
4165,104,0.05078125,0.17377880215644836,33.713172912597656,0.7918908596038818
4166,101,0.04931640625,0.17151448130607605,32.86518859863281,0.8030592203140259
4167,89,0.04345703125,0.16767461597919464,33.44419479370117,0.8018618822097778
4168,91,0.04443359375,0.17039775848388672,36.67047119140625,0.7656857967376709
4169,66,0.0322265625,0.2124706357717514,33.9632453918457,0.7928527593612671
4170,43,0.02099609375,0.2407120168209076,38.82516860961914,0.7308239340782166
4171,32,0.015625,0.2812914252281189,36.76435089111328,0.7575125098228455
4172,33,0.01611328125,0.29301613569259644,38.657466888427734,0.7279630303382874
4173,45,0.02197265625,0.2499419003725052,35.137428283691406,0.7792924642562866
4174,40,0.01953125,0.269591748714447,35.445472717285156,0.7710917592048645
4175,35,0.01708984375,0.2899584174156189,39.424503326416016,0.7208388447761536
4176,31,0.01513671875,0.3121339678764343,41.416038513183594,0.7213466167449951
4177,45,0.02197265625,0.28001371026039124,40.98353958129883,0.7157570123672485
4178,42,0.0205078125,0.2881470322608948,40.109893798828125,0.715169370174408
4179,36,0.017578125,0.3198311924934387,42.07820129394531,0.6964552402496338
4180,32,0.015625,0.29498666524887085,41.74349594116211,0.7097026109695435
4181,43,0.02099609375,0.27195844054222107,36.550296783447266,0.7527880072593689
4182,50,0.0244140625,0.24059632420539856,38.387611389160156,0.7382442951202393
4183,46,0.0224609375,0.28395092487335205,38.2525749206543,0.7492303252220154
4184,39,0.01904296875,0.2694471776485443,37.80295181274414,0.7512934803962708
4185,32,0.015625,0.34792250394821167,36.97100067138672,0.769107460975647
4186,28,0.013671875,0.3479030728340149,37.903018951416016,0.7325554490089417
4187,36,0.017578125,0.3434221148490906,34.0739860534668,0.7907993793487549
4188,40,0.01953125,0.3225652873516083,36.81270217895508,0.7579637169837952
4189,38,0.0185546875,0.34189143776893616,37.39902114868164,0.7567540407180786
4190,44,0.021484375,0.34391912817955017,33.356468200683594,0.7993283867835999
4191,54,0.0263671875,0.31362029910087585,35.30573272705078,0.7803736925125122
4192,44,0.021484375,0.34945404529571533,34.98265075683594,0.7882997393608093
4193,42,0.0205078125,0.32153111696243286,36.27703857421875,0.7594812512397766
4194,61,0.02978515625,0.28514763712882996,35.418663024902344,0.776222825050354
4195,77,0.03759765625,0.25306981801986694,33.28434753417969,0.7974374890327454
4196,87,0.04248046875,0.2403796911239624,32.47776412963867,0.7979958057403564
4197,78,0.0380859375,0.24483239650726318,35.321441650390625,0.7701918482780457
4198,66,0.0322265625,0.24316196143627167,34.40729522705078,0.7844330072402954
4199,69,0.03369140625,0.25812774896621704,33.599708557128906,0.7864137887954712
4200,354,0.1728515625,0.14570941030979156,32.23280715942383,0.7996455430984497
4201,360,0.17578125,0.134880930185318,29.847545623779297,0.8290817141532898
4202,301,0.14697265625,0.12743234634399414,29.45041275024414,0.8270354270935059
4203,318,0.1552734375,0.1275174915790558,28.335237503051758,0.8425126075744629
4204,334,0.1630859375,0.13960734009742737,29.031644821166992,0.83232182264328
4205,295,0.14404296875,0.13344793021678925,28.760196685791016,0.841082751750946
4206,270,0.1318359375,0.129363551735878,27.937820434570312,0.8518824577331543
4207,257,0.12548828125,0.1314607411623001,29.500577926635742,0.8357958197593689
4208,229,0.11181640625,0.12211523205041885,28.071701049804688,0.8499863147735596
4209,209,0.10205078125,0.11815181374549866,27.146377563476562,0.865121066570282
4210,185,0.09033203125,0.11629564315080643,27.495359420776367,0.8535403609275818
4211,184,0.08984375,0.12259846180677414,27.457500457763672,0.8506048321723938
4212,162,0.0791015625,0.13489317893981934,26.946388244628906,0.8576726317405701
4213,154,0.0751953125,0.11885038763284683,26.11736488342285,0.8600040078163147
4214,151,0.07373046875,0.12082652747631073,26.647985458374023,0.8517143726348877
4215,153,0.07470703125,0.12291006743907928,25.27958106994629,0.8660327196121216
4216,152,0.07421875,0.12335427105426788,25.443655014038086,0.8661530017852783
4217,159,0.07763671875,0.12246984988451004,25.751955032348633,0.8648006319999695
4218,153,0.07470703125,0.12251798063516617,25.866928100585938,0.8613823652267456
4219,136,0.06640625,0.11750973761081696,26.06585121154785,0.8577887415885925
4220,133,0.06494140625,0.11717167496681213,26.724193572998047,0.8555554747581482
4221,141,0.06884765625,0.11478319764137268,25.396547317504883,0.8641639351844788
4222,166,0.0810546875,0.11784353107213974,29.138639450073242,0.8238049149513245
4223,172,0.083984375,0.10875757783651352,27.80542755126953,0.836941123008728
4224,166,0.0810546875,0.11604704707860947,28.239948272705078,0.8336502313613892
4225,154,0.0751953125,0.11853364109992981,25.74049949645996,0.8579228520393372
4226,165,0.08056640625,0.11203445494174957,24.719873428344727,0.8670122623443604
4227,160,0.078125,0.10407155752182007,24.753774642944336,0.8684587478637695
4228,156,0.076171875,0.1203942596912384,25.924802780151367,0.8549705743789673
4229,150,0.0732421875,0.11635994166135788,25.6840877532959,0.8554528951644897
4230,149,0.07275390625,0.11003872752189636,25.946088790893555,0.8580825328826904
4231,162,0.0791015625,0.10053648054599762,25.791250228881836,0.8660055994987488
4232,156,0.076171875,0.10164991766214371,25.014419555664062,0.8697633743286133
4233,149,0.07275390625,0.10150950402021408,23.570125579833984,0.8859817385673523
4234,142,0.0693359375,0.10091369599103928,23.771018981933594,0.8884996175765991
4235,175,0.08544921875,0.1042247861623764,26.19188117980957,0.8645076155662537
4236,166,0.0810546875,0.1022152230143547,27.191200256347656,0.8562805652618408
4237,185,0.09033203125,0.1062493696808815,27.517066955566406,0.8554770946502686
4238,179,0.08740234375,0.10936325788497925,27.196752548217773,0.8573731184005737
4239,190,0.0927734375,0.11387217044830322,27.23744773864746,0.8544088006019592
4240,25,0.01220703125,0.11388928443193436,23.176359176635742,0.9053311944007874
4241,33,0.01611328125,0.12796346843242645,25.831436157226562,0.8553503155708313
4242,34,0.0166015625,0.1246049627661705,27.429279327392578,0.848031222820282
4243,36,0.017578125,0.13360248506069183,24.704086303710938,0.8752893805503845
4244,40,0.01953125,0.13594117760658264,27.831058502197266,0.8482983708381653
4245,37,0.01806640625,0.13603909313678741,28.535476684570312,0.8479343056678772
4246,41,0.02001953125,0.13464465737342834,27.88813018798828,0.8506741523742676
4247,43,0.02099609375,0.15558351576328278,29.617252349853516,0.8290435671806335
4248,44,0.021484375,0.15251481533050537,28.820323944091797,0.8235214352607727
4249,51,0.02490234375,0.14784419536590576,26.931169509887695,0.8565507531166077
4250,53,0.02587890625,0.156614288687706,27.9600830078125,0.8360967040061951
4251,44,0.021484375,0.13729985058307648,25.162534713745117,0.8734219074249268
4252,40,0.01953125,0.12609121203422546,27.51926040649414,0.8524020910263062
4253,37,0.01806640625,0.11955566704273224,25.869579315185547,0.8725274801254272
4254,38,0.0185546875,0.1479780077934265,30.192752838134766,0.8358824253082275
4255,48,0.0234375,0.16082298755645752,33.107696533203125,0.7969810366630554
4256,53,0.02587890625,0.17110411822795868,33.28211975097656,0.7962938547134399
4257,45,0.02197265625,0.14474424719810486,30.855398178100586,0.8282302618026733
4258,53,0.02587890625,0.1449795812368393,27.49300193786621,0.8538292050361633
4259,52,0.025390625,0.1456940472126007,31.126222610473633,0.8177105784416199
4260,52,0.025390625,0.15887591242790222,30.957414627075195,0.8121799230575562
4261,55,0.02685546875,0.15396741032600403,29.672273635864258,0.8425241708755493
4262,58,0.0283203125,0.14691302180290222,28.459793090820312,0.8519138693809509
4263,65,0.03173828125,0.1557001918554306,29.968738555908203,0.8373108506202698
4264,62,0.0302734375,0.1527024656534195,28.242515563964844,0.850452721118927
4265,60,0.029296875,0.15800952911376953,28.39777183532715,0.84568190574646
4266,57,0.02783203125,0.1544094979763031,26.74312973022461,0.859155535697937
4267,62,0.0302734375,0.1448225975036621,28.53418731689453,0.8412423729896545
4268,55,0.02685546875,0.14402665197849274,27.69097137451172,0.8530248403549194
4269,61,0.02978515625,0.15486931800842285,27.13502311706543,0.8566460013389587
4270,58,0.0283203125,0.14523093402385712,29.84868812561035,0.8338347673416138
4271,51,0.02490234375,0.16363191604614258,26.3732967376709,0.8727100491523743
4272,51,0.02490234375,0.1761915385723114,26.505651473999023,0.8726522326469421
4273,57,0.02783203125,0.1704735904932022,28.2252254486084,0.8567982316017151
4274,46,0.0224609375,0.17153525352478027,27.29758644104004,0.8655906319618225
4275,46,0.0224609375,0.17321759462356567,24.987380981445312,0.8864757418632507
4276,59,0.02880859375,0.15729546546936035,24.72170639038086,0.890630304813385
4277,75,0.03662109375,0.14669476449489594,27.543886184692383,0.8575752973556519
4278,70,0.0341796875,0.1527128666639328,28.961875915527344,0.8391255736351013
4279,75,0.03662109375,0.15672467648983002,28.940746307373047,0.8387766480445862
4280,196,0.095703125,0.14507856965065002,32.76723098754883,0.804902195930481
4281,206,0.1005859375,0.13517054915428162,31.404706954956055,0.8181990385055542
4282,214,0.1044921875,0.135725200176239,31.917348861694336,0.8116258382797241
4283,203,0.09912109375,0.14821629226207733,32.826148986816406,0.8018037676811218
4284,217,0.10595703125,0.14464889466762543,30.794734954833984,0.8208414316177368
4285,204,0.099609375,0.14983345568180084,32.19777297973633,0.8071432113647461
4286,193,0.09423828125,0.14247705042362213,31.19552230834961,0.8203203082084656
4287,200,0.09765625,0.1478705108165741,32.060791015625,0.8130988478660583
4288,222,0.1083984375,0.1358257532119751,32.737030029296875,0.8064619898796082
4289,257,0.12548828125,0.1499967873096466,33.20508575439453,0.7958835959434509
4290,246,0.1201171875,0.14978322386741638,32.01747512817383,0.8062949180603027
4291,239,0.11669921875,0.14337264001369476,31.24512481689453,0.8156399726867676
4292,218,0.1064453125,0.14036259055137634,31.361896514892578,0.8186894655227661
4293,226,0.1103515625,0.13990966975688934,31.522184371948242,0.8148495554924011
4294,216,0.10546875,0.13818594813346863,31.634044647216797,0.8169808387756348
4295,211,0.10302734375,0.13461005687713623,32.05673599243164,0.8135277628898621
4296,210,0.1025390625,0.12970472872257233,31.53137969970703,0.812299370765686
4297,223,0.10888671875,0.14582259953022003,33.03944778442383,0.7964497804641724
4298,212,0.103515625,0.1424279659986496,33.84129333496094,0.7876754403114319
4299,227,0.11083984375,0.1338936686515808,35.28163528442383,0.7728619575500488
4300,235,0.11474609375,0.12667062878608704,37.09202194213867,0.7543293237686157
4301,212,0.103515625,0.12859097123146057,35.72947311401367,0.7680357694625854
4302,219,0.10693359375,0.12361540645360947,35.0457878112793,0.7738245725631714
4303,242,0.1181640625,0.12202718108892441,36.7133674621582,0.7501906156539917
4304,228,0.111328125,0.12833571434020996,36.62330627441406,0.7562389969825745
4305,232,0.11328125,0.12436710298061371,36.85205078125,0.7518328428268433
4306,238,0.1162109375,0.12649327516555786,35.51900863647461,0.767390251159668
4307,239,0.11669921875,0.12134131789207458,34.453311920166016,0.7770821452140808
4308,232,0.11328125,0.12059558182954788,33.853084564208984,0.7877614498138428
4309,265,0.12939453125,0.11727884411811829,34.51544189453125,0.7726733684539795
4310,264,0.12890625,0.1240401640534401,32.963932037353516,0.7957772612571716
4311,283,0.13818359375,0.12520745396614075,34.870540618896484,0.7704264521598816
4312,256,0.125,0.12234577536582947,34.5863151550293,0.7751255035400391
4313,262,0.1279296875,0.13272808492183685,35.252685546875,0.7718971967697144
4314,311,0.15185546875,0.1328592747449875,35.172611236572266,0.763839840888977
4315,318,0.1552734375,0.12230309098958969,33.54965591430664,0.781797468662262
4316,274,0.1337890625,0.12056362628936768,34.7523307800293,0.771000862121582
4317,272,0.1328125,0.12286907434463501,36.41730880737305,0.7517533898353577
4318,263,0.12841796875,0.12056344002485275,35.03728103637695,0.7649992108345032
4319,273,0.13330078125,0.12403536587953568,35.65913009643555,0.7589691281318665
4320,199,0.09716796875,0.14794175326824188,29.785512924194336,0.8236057758331299
4321,199,0.09716796875,0.14282239973545074,29.15452766418457,0.8323388695716858
4322,195,0.09521484375,0.15106619894504547,30.1102294921875,0.8235130310058594
4323,202,0.0986328125,0.1388246715068817,29.27220916748047,0.8282182216644287
4324,210,0.1025390625,0.14956134557724,30.554738998413086,0.8155789971351624
4325,193,0.09423828125,0.13450582325458527,30.308273315429688,0.818101704120636
4326,199,0.09716796875,0.14519913494586945,31.866790771484375,0.8071698546409607
4327,194,0.0947265625,0.1385675072669983,31.238140106201172,0.8102463483810425
4328,190,0.0927734375,0.13657429814338684,32.85575485229492,0.7964293360710144
4329,173,0.08447265625,0.1390056014060974,32.51921081542969,0.7981282472610474
4330,163,0.07958984375,0.12859705090522766,31.939620971679688,0.8091112375259399
4331,171,0.08349609375,0.13714949786663055,31.7298583984375,0.8099270462989807
4332,168,0.08203125,0.1306844800710678,33.40574645996094,0.789736807346344
4333,167,0.08154296875,0.13207848370075226,32.33820724487305,0.8024222254753113
4334,164,0.080078125,0.12884432077407837,31.491609573364258,0.8102415204048157
4335,161,0.07861328125,0.12707161903381348,31.450347900390625,0.8105077147483826
4336,167,0.08154296875,0.1213410422205925,32.00651931762695,0.800272524356842
4337,169,0.08251953125,0.12165699899196625,31.42456817626953,0.8080509305000305
4338,156,0.076171875,0.125748410820961,32.67797088623047,0.797908365726471
4339,151,0.07373046875,0.1363832950592041,32.54327392578125,0.7981123328208923
4340,147,0.07177734375,0.13461197912693024,31.862693786621094,0.8070170283317566
4341,140,0.068359375,0.14400580525398254,33.0588264465332,0.7880468368530273
4342,142,0.0693359375,0.13165214657783508,33.12142562866211,0.7901234030723572
4343,136,0.06640625,0.14766913652420044,34.15700912475586,0.7804206013679504
4344,135,0.06591796875,0.13920743763446808,32.54688262939453,0.8005285859107971
4345,136,0.06640625,0.1439940631389618,32.674495697021484,0.7953316569328308
4346,136,0.06640625,0.15325753390789032,33.081024169921875,0.790973961353302
4347,146,0.0712890625,0.13955743610858917,34.03071975708008,0.7746765613555908
4348,145,0.07080078125,0.13491573929786682,33.79486083984375,0.7829874157905579
4349,143,0.06982421875,0.14222481846809387,33.46141815185547,0.787382960319519
4350,147,0.07177734375,0.13448840379714966,32.60313034057617,0.7989354729652405
4351,152,0.07421875,0.13424240052700043,33.54254150390625,0.7888076901435852
4352,143,0.06982421875,0.13752928376197815,33.123451232910156,0.7893187999725342
4353,139,0.06787109375,0.13817360997200012,32.89718246459961,0.7931246161460876
4354,145,0.07080078125,0.13175038993358612,33.47690963745117,0.7906743288040161
4355,145,0.07080078125,0.14382010698318481,34.070499420166016,0.7848830819129944
4356,140,0.068359375,0.1322769820690155,31.739042282104492,0.8110211491584778
4357,147,0.07177734375,0.13629984855651855,32.19786071777344,0.8022574782371521
4358,150,0.0732421875,0.14234057068824768,31.339941024780273,0.8129212856292725
4359,156,0.076171875,0.1502467691898346,33.133907318115234,0.7942386269569397
4360,121,0.05908203125,0.15505556762218475,36.12553405761719,0.7658306956291199
4361,113,0.05517578125,0.15040357410907745,35.12644958496094,0.7776743769645691
4362,119,0.05810546875,0.14242520928382874,33.800621032714844,0.7941602468490601
4363,122,0.0595703125,0.15230515599250793,36.92723083496094,0.75905841588974
4364,113,0.05517578125,0.14193597435951233,33.64927673339844,0.7984684705734253
4365,117,0.05712890625,0.1436261683702469,34.89898681640625,0.7797914147377014
4366,107,0.05224609375,0.14377394318580627,34.790199279785156,0.7836998105049133
4367,111,0.05419921875,0.149841770529747,34.4229736328125,0.7841358780860901
4368,112,0.0546875,0.14132827520370483,35.06380844116211,0.779170572757721
4369,108,0.052734375,0.13919863104820251,32.90565872192383,0.8003650307655334
4370,106,0.0517578125,0.1351931393146515,33.209068298339844,0.7971113920211792
4371,108,0.052734375,0.13288256525993347,33.79587173461914,0.7938944697380066
4372,106,0.0517578125,0.13778622448444366,32.77034378051758,0.8023405075073242
4373,97,0.04736328125,0.13962838053703308,30.8338680267334,0.8241357803344727
4374,104,0.05078125,0.13700611889362335,31.890758514404297,0.8048330545425415
4375,97,0.04736328125,0.13625329732894897,30.236425399780273,0.8276371359825134
4376,97,0.04736328125,0.1373283565044403,30.86066436767578,0.8170325756072998
4377,101,0.04931640625,0.1359691619873047,31.99844741821289,0.8076226115226746
4378,98,0.0478515625,0.13697756826877594,32.72101974487305,0.8016738891601562
4379,95,0.04638671875,0.13741756975650787,32.0170783996582,0.8088272213935852
4380,93,0.04541015625,0.14660248160362244,34.714595794677734,0.7769949436187744
4381,105,0.05126953125,0.14913062751293182,36.59756088256836,0.7618190050125122
4382,113,0.05517578125,0.15255261957645416,38.176429748535156,0.742104172706604
4383,113,0.05517578125,0.15367120504379272,37.661773681640625,0.7466727495193481
4384,116,0.056640625,0.15227361023426056,37.69392776489258,0.749799907207489
4385,115,0.05615234375,0.145189106464386,39.18349075317383,0.7317990660667419
4386,109,0.05322265625,0.13380424678325653,38.257476806640625,0.7457382678985596
4387,110,0.0537109375,0.14470183849334717,40.9724235534668,0.708825945854187
4388,107,0.05224609375,0.1498124897480011,39.01605987548828,0.737269937992096
4389,103,0.05029296875,0.1436527520418167,40.92740249633789,0.711692750453949
4390,108,0.052734375,0.13600310683250427,38.78688049316406,0.7361117601394653
4391,105,0.05126953125,0.1524902582168579,39.108951568603516,0.7323312163352966
4392,110,0.0537109375,0.16972973942756653,41.61032485961914,0.707735538482666
4393,109,0.05322265625,0.1764848232269287,41.72926330566406,0.7059758901596069
4394,109,0.05322265625,0.18390890955924988,42.84173583984375,0.6884269118309021
4395,107,0.05224609375,0.18292534351348877,42.122379302978516,0.7012564539909363
4396,94,0.0458984375,0.1751018464565277,39.44748306274414,0.7324637770652771
4397,92,0.044921875,0.16205470263957977,39.58260726928711,0.731731653213501
4398,78,0.0380859375,0.18476542830467224,38.90143585205078,0.730345606803894
4399,75,0.03662109375,0.1760091334581375,35.923099517822266,0.7682202458381653
4400,122,0.0595703125,0.1480773240327835,32.67000961303711,0.8030595183372498
4401,121,0.05908203125,0.13844604790210724,33.865379333496094,0.7829471826553345
4402,103,0.05029296875,0.12232650816440582,31.662744522094727,0.8088709712028503
4403,118,0.0576171875,0.12309444695711136,32.769248962402344,0.7923440933227539
4404,121,0.05908203125,0.15614357590675354,33.55728530883789,0.7914984226226807
4405,124,0.060546875,0.15163405239582062,33.853668212890625,0.7805981040000916
4406,124,0.060546875,0.1505495309829712,35.04108810424805,0.7669112682342529
4407,100,0.048828125,0.14301973581314087,32.134708404541016,0.8058685064315796
4408,106,0.0517578125,0.15577886998653412,35.104007720947266,0.7697137594223022
4409,106,0.0517578125,0.14670848846435547,33.282161712646484,0.7897826433181763
4410,102,0.0498046875,0.1584269255399704,33.61199188232422,0.7910582423210144
4411,93,0.04541015625,0.15784892439842224,33.349082946777344,0.7957770228385925
4412,81,0.03955078125,0.14189456403255463,32.264522552490234,0.8043001890182495
4413,88,0.04296875,0.13804925978183746,31.387300491333008,0.8132778406143188
4414,104,0.05078125,0.13525952398777008,32.02317810058594,0.809208333492279
4415,93,0.04541015625,0.1486395001411438,29.89457130432129,0.8312240242958069
4416,95,0.04638671875,0.15154270827770233,33.816673278808594,0.7856533527374268
4417,97,0.04736328125,0.14012885093688965,33.36170959472656,0.7919858694076538
4418,85,0.04150390625,0.13210761547088623,30.330293655395508,0.8239627480506897
4419,87,0.04248046875,0.1452314555644989,31.67047691345215,0.8122515678405762
4420,86,0.0419921875,0.16005092859268188,32.383243560791016,0.8045874238014221
4421,75,0.03662109375,0.164004385471344,33.74339294433594,0.7909836769104004
4422,81,0.03955078125,0.1669895052909851,32.63731002807617,0.7963162660598755
4423,68,0.033203125,0.17871060967445374,31.725509643554688,0.8054407835006714
4424,63,0.03076171875,0.1987241506576538,32.76499557495117,0.8019430637359619
4425,66,0.0322265625,0.20267988741397858,32.064064025878906,0.8024235367774963
4426,60,0.029296875,0.1988023966550827,29.563907623291016,0.8269364237785339
4427,62,0.0302734375,0.20113295316696167,33.51689147949219,0.7846304178237915
4428,66,0.0322265625,0.18885347247123718,34.963844299316406,0.7645778059959412
4429,69,0.03369140625,0.1908183991909027,35.0975227355957,0.7700245976448059
4430,59,0.02880859375,0.20706923305988312,34.03508377075195,0.7705389857292175
4431,66,0.0322265625,0.18379881978034973,32.23933792114258,0.785375714302063
4432,82,0.0400390625,0.15213581919670105,34.324073791503906,0.7843553423881531
4433,70,0.0341796875,0.17536883056163788,34.99634552001953,0.7714267373085022
4434,60,0.029296875,0.15578611195087433,34.22867202758789,0.7849218249320984
4435,69,0.03369140625,0.15033267438411713,35.915218353271484,0.7585639357566833
4436,63,0.03076171875,0.15782266855239868,33.44157028198242,0.7777051329612732
4437,53,0.02587890625,0.19082732498645782,33.31850051879883,0.7809685468673706
4438,55,0.02685546875,0.18594373762607574,35.71364974975586,0.7549498081207275
4439,59,0.02880859375,0.16440029442310333,37.138328552246094,0.7394557595252991
4440,533,0.26025390625,0.20434321463108063,40.14704895019531,0.7096377611160278
4441,494,0.2412109375,0.19123606383800507,37.35391616821289,0.7342357635498047
4442,447,0.21826171875,0.18840740621089935,34.40682601928711,0.7687129378318787
4443,418,0.2041015625,0.19808337092399597,32.42399978637695,0.7882626056671143
4444,385,0.18798828125,0.19672372937202454,31.294408798217773,0.8034144043922424
4445,364,0.177734375,0.19862662255764008,29.319961547851562,0.8272511959075928
4446,396,0.193359375,0.19032879173755646,27.9512882232666,0.8401538729667664
4447,405,0.19775390625,0.1801481992006302,29.083538055419922,0.8245452642440796
4448,441,0.21533203125,0.17394092679023743,29.64529800415039,0.8127256631851196
4449,434,0.2119140625,0.17106379568576813,29.416645050048828,0.8199517130851746
4450,421,0.20556640625,0.18314792215824127,30.177427291870117,0.8130420446395874
4451,465,0.22705078125,0.18258759379386902,33.74180603027344,0.7687959671020508
4452,487,0.23779296875,0.17559584975242615,30.995336532592773,0.7934122085571289
4453,482,0.2353515625,0.17255821824073792,28.503158569335938,0.8285202383995056
4454,504,0.24609375,0.17498843371868134,28.62785530090332,0.8249894976615906
4455,608,0.296875,0.17396891117095947,29.17974281311035,0.8128076195716858
4456,579,0.28271484375,0.16854941844940186,28.20554542541504,0.8170657157897949
4457,481,0.23486328125,0.16630837321281433,29.948410034179688,0.8018826842308044
4458,455,0.22216796875,0.17718900740146637,30.070087432861328,0.8057631254196167
4459,426,0.2080078125,0.17504365742206573,29.67537498474121,0.8172459602355957
4460,356,0.173828125,0.21244515478610992,30.635229110717773,0.8211188316345215
4461,326,0.1591796875,0.1913253515958786,31.798559188842773,0.8026632070541382
4462,362,0.1767578125,0.20016586780548096,29.680755615234375,0.8283307552337646
4463,361,0.17626953125,0.20756977796554565,30.939653396606445,0.8157719969749451
4464,385,0.18798828125,0.20469596982002258,30.664203643798828,0.8182282447814941
4465,480,0.234375,0.18965864181518555,29.343286514282227,0.818794846534729
4466,499,0.24365234375,0.17232586443424225,27.141191482543945,0.8429076671600342
4467,458,0.2236328125,0.18376043438911438,27.940675735473633,0.836674690246582
4468,473,0.23095703125,0.2010236233472824,28.11566925048828,0.837596595287323
4469,518,0.2529296875,0.1998884081840515,29.044769287109375,0.825015127658844
4470,609,0.29736328125,0.18146826326847076,26.6978759765625,0.8432497978210449
4471,553,0.27001953125,0.17987903952598572,26.689558029174805,0.8456065654754639
4472,669,0.32666015625,0.18709497153759003,27.954391479492188,0.8269538283348083
4473,569,0.27783203125,0.17506791651248932,27.701129913330078,0.8354066014289856
4474,435,0.21240234375,0.19158828258514404,31.439781188964844,0.8009085059165955
4475,358,0.1748046875,0.2029700130224228,32.91265106201172,0.7921057343482971
4476,326,0.1591796875,0.2057332843542099,33.57170104980469,0.7851099371910095
4477,319,0.15576171875,0.20281800627708435,32.397850036621094,0.7988787889480591
4478,331,0.16162109375,0.2051764279603958,32.43669128417969,0.797430694103241
4479,330,0.1611328125,0.21944168210029602,34.79198455810547,0.7729585766792297
4480,76,0.037109375,0.24031510949134827,34.5255241394043,0.7836284041404724
4481,72,0.03515625,0.24312369525432587,32.98960876464844,0.7977443337440491
4482,69,0.03369140625,0.23906268179416656,29.669536590576172,0.835067629814148
4483,71,0.03466796875,0.2466929852962494,29.567399978637695,0.8233538269996643
4484,72,0.03515625,0.24496780335903168,30.178213119506836,0.8158334493637085
4485,52,0.025390625,0.28925418853759766,32.39469528198242,0.791429877281189
4486,46,0.0224609375,0.3166959881782532,33.21501159667969,0.7918712496757507
4487,44,0.021484375,0.31921201944351196,30.56548500061035,0.8283674120903015
4488,47,0.02294921875,0.29841122031211853,32.45338821411133,0.7917567491531372
4489,54,0.0263671875,0.27171453833580017,35.746070861816406,0.7635855674743652
4490,52,0.025390625,0.26207730174064636,32.509151458740234,0.7965801954269409
4491,55,0.02685546875,0.2615286111831665,32.70541000366211,0.7932811379432678
4492,52,0.025390625,0.2643967866897583,35.385902404785156,0.7522162795066833
4493,52,0.025390625,0.29408690333366394,38.50983810424805,0.7248645424842834
4494,54,0.0263671875,0.2820214629173279,33.76907730102539,0.76374351978302
4495,42,0.0205078125,0.3180411159992218,32.80827331542969,0.7830570936203003
4496,38,0.0185546875,0.3422674238681793,32.619110107421875,0.8029309511184692
4497,40,0.01953125,0.31554731726646423,36.6522331237793,0.7468789219856262
4498,37,0.01806640625,0.3460048735141754,32.59154510498047,0.7892717719078064
4499,37,0.01806640625,0.35192516446113586,36.0515022277832,0.7558844089508057
4500,42,0.0205078125,0.30441349744796753,32.729042053222656,0.8072232604026794
4501,42,0.0205078125,0.3360361158847809,35.09086990356445,0.7855778932571411
4502,37,0.01806640625,0.3209807276725769,31.405580520629883,0.8081027865409851
4503,38,0.0185546875,0.3154292404651642,31.839181900024414,0.8078634142875671
4504,36,0.017578125,0.3851902484893799,29.416208267211914,0.8325614929199219
4505,39,0.01904296875,0.36773842573165894,31.967037200927734,0.8039851188659668
4506,34,0.0166015625,0.40428048372268677,32.67738342285156,0.8012838959693909
4507,32,0.015625,0.3406292200088501,31.041940689086914,0.8113417625427246
4508,35,0.01708984375,0.33102279901504517,33.69776916503906,0.7873523235321045
4509,38,0.0185546875,0.3652184307575226,35.38692092895508,0.7636188268661499
4510,43,0.02099609375,0.3280114531517029,34.57265090942383,0.7678726315498352
4511,30,0.0146484375,0.3681636154651642,31.63247299194336,0.8080803155899048
4512,30,0.0146484375,0.4055693447589874,35.40517044067383,0.7697410583496094
4513,29,0.01416015625,0.3837677538394928,38.24372100830078,0.7471334934234619
4514,30,0.0146484375,0.38503965735435486,43.297542572021484,0.6795917749404907
4515,31,0.01513671875,0.3617632985115051,42.766883850097656,0.6879711747169495
4516,29,0.01416015625,0.36372989416122437,45.29934310913086,0.6609164476394653
4517,28,0.013671875,0.3465176820755005,39.91136932373047,0.73313969373703
4518,34,0.0166015625,0.3435490131378174,37.49224853515625,0.7436407208442688
4519,34,0.0166015625,0.30927515029907227,43.397705078125,0.6777569651603699
4520,301,0.14697265625,0.1344747543334961,36.741355895996094,0.7496495842933655
4521,293,0.14306640625,0.13322468101978302,36.49239730834961,0.7523147463798523
4522,285,0.13916015625,0.14114096760749817,36.529808044433594,0.7526485323905945
4523,317,0.15478515625,0.14205574989318848,36.92125701904297,0.7471319437026978
4524,302,0.1474609375,0.13637220859527588,37.40093994140625,0.7432370185852051
4525,321,0.15673828125,0.13739140331745148,37.41935729980469,0.7396593689918518
4526,389,0.18994140625,0.1389380842447281,38.74427032470703,0.7212569713592529
4527,400,0.1953125,0.13402660191059113,40.189876556396484,0.7039414048194885
4528,566,0.2763671875,0.14286334812641144,42.15135955810547,0.6864801049232483
4529,549,0.26806640625,0.14591003954410553,42.09783935546875,0.6875972151756287
4530,600,0.29296875,0.14436452090740204,42.92630386352539,0.6784812211990356
4531,767,0.37451171875,0.14341968297958374,46.94929122924805,0.6297592520713806
4532,794,0.3876953125,0.13963624835014343,47.75748825073242,0.6167761087417603
4533,616,0.30078125,0.13388696312904358,46.818729400634766,0.6337780952453613
4534,776,0.37890625,0.14916078746318817,49.150726318359375,0.6018418073654175
4535,731,0.35693359375,0.1508701890707016,49.6430549621582,0.5982412099838257
4536,667,0.32568359375,0.13637720048427582,44.4168586730957,0.6577994227409363
4537,718,0.3505859375,0.14439699053764343,44.978424072265625,0.6482748985290527
4538,730,0.3564453125,0.13740885257720947,45.145896911621094,0.6405725479125977
4539,819,0.39990234375,0.1374342292547226,46.94428253173828,0.620445191860199
4540,828,0.404296875,0.13579946756362915,45.86109161376953,0.6329950094223022
4541,889,0.43408203125,0.1377667337656021,46.17586898803711,0.6290530562400818
4542,1003,0.48974609375,0.1551446169614792,47.321903228759766,0.6185634732246399
4543,882,0.4306640625,0.1507844626903534,46.570709228515625,0.6252442598342896
4544,918,0.4482421875,0.14299388229846954,46.07682418823242,0.6284724473953247
4545,937,0.45751953125,0.13735640048980713,47.61929702758789,0.6102137565612793
4546,1013,0.49462890625,0.1415303349494934,48.09646224975586,0.6062275767326355
4547,957,0.46728515625,0.13889972865581512,47.77364730834961,0.608807384967804
4548,899,0.43896484375,0.14493612945079803,49.38773727416992,0.5896399617195129
4549,1300,0.634765625,0.14787408709526062,53.43415832519531,0.5446261763572693
4550,1238,0.6044921875,0.13980050384998322,52.62904357910156,0.5488172173500061
4551,1059,0.51708984375,0.13626809418201447,49.222557067871094,0.5935451984405518
4552,1127,0.55029296875,0.13839782774448395,50.98969268798828,0.5733959078788757
4553,1143,0.55810546875,0.14302922785282135,49.919715881347656,0.580915629863739
4554,1145,0.55908203125,0.14099663496017456,50.58811569213867,0.5753519535064697
4555,1124,0.548828125,0.14398925006389618,51.095680236816406,0.568889856338501
4556,1129,0.55126953125,0.15755246579647064,52.52471923828125,0.549249529838562
4557,1160,0.56640625,0.15524649620056152,52.19536590576172,0.5522148609161377
4558,1163,0.56787109375,0.16466578841209412,52.024173736572266,0.5559219717979431
4559,1096,0.53515625,0.18322747945785522,49.415157318115234,0.589575469493866
4560,327,0.15966796875,0.14683885872364044,38.44415283203125,0.7314342260360718
4561,274,0.1337890625,0.14637762308120728,38.514461517333984,0.7335472106933594
4562,252,0.123046875,0.14441516995429993,35.80986404418945,0.7722169756889343
4563,240,0.1171875,0.1355295330286026,37.513832092285156,0.749462902545929
4564,221,0.10791015625,0.13231651484966278,37.307655334472656,0.7484030723571777
4565,184,0.08984375,0.13523165881633759,36.864471435546875,0.7500196695327759
4566,181,0.08837890625,0.12288462370634079,32.413265228271484,0.8022519946098328
4567,229,0.11181640625,0.11282838881015778,32.15251541137695,0.8051317930221558
4568,270,0.1318359375,0.11754921823740005,33.88080978393555,0.7891757488250732
4569,244,0.119140625,0.12010370194911957,33.430538177490234,0.7875030636787415
4570,273,0.13330078125,0.11885924637317657,35.07008743286133,0.7754313945770264
4571,268,0.130859375,0.11673173308372498,34.77262878417969,0.7787885069847107
4572,304,0.1484375,0.12046268582344055,37.531288146972656,0.7438888549804688
4573,297,0.14501953125,0.12094231694936752,34.892024993896484,0.774753987789154
4574,251,0.12255859375,0.11986558884382248,33.632041931152344,0.7860603928565979
4575,307,0.14990234375,0.14505913853645325,35.28153991699219,0.7644792199134827
4576,256,0.125,0.12331608682870865,33.825809478759766,0.7877532243728638
4577,205,0.10009765625,0.1189325824379921,32.57288360595703,0.7937819957733154
4578,210,0.1025390625,0.11872324347496033,31.904138565063477,0.8023720383644104
4579,183,0.08935546875,0.12139768153429031,32.80432891845703,0.7898590564727783
4580,181,0.08837890625,0.11895329505205154,32.14310836791992,0.8038615584373474
4581,182,0.0888671875,0.12113888561725616,31.46483039855957,0.8076582551002502
4582,194,0.0947265625,0.11952760815620422,32.87326431274414,0.7955275774002075
4583,166,0.0810546875,0.12400701642036438,35.2581901550293,0.7561314702033997
4584,187,0.09130859375,0.12104857712984085,34.693397521972656,0.7652612924575806
4585,207,0.10107421875,0.13309814035892487,33.24852752685547,0.7880216836929321
4586,259,0.12646484375,0.13773463666439056,36.186737060546875,0.7497884035110474
4587,274,0.1337890625,0.13341444730758667,36.19972610473633,0.7523638606071472
4588,257,0.12548828125,0.13614879548549652,36.360870361328125,0.7527638673782349
4589,284,0.138671875,0.1320965588092804,35.211692810058594,0.7658746242523193
4590,367,0.17919921875,0.13014228641986847,41.554683685302734,0.6904387474060059
4591,362,0.1767578125,0.12571102380752563,38.514774322509766,0.7270342707633972
4592,356,0.173828125,0.12971143424510956,37.92501449584961,0.7330689430236816
4593,458,0.2236328125,0.14759081602096558,43.61948776245117,0.6651809811592102
4594,525,0.25634765625,0.15611788630485535,42.95150375366211,0.6688231229782104
4595,670,0.3271484375,0.1718096137046814,48.739681243896484,0.6022480726242065
4596,585,0.28564453125,0.16131165623664856,45.5429573059082,0.6378968954086304
4597,674,0.3291015625,0.16850806772708893,50.75109100341797,0.5824689865112305
4598,528,0.2578125,0.16780614852905273,48.86627197265625,0.6006647348403931
4599,751,0.36669921875,0.18883386254310608,51.067935943603516,0.5752643346786499
4600,381,0.18603515625,0.19019687175750732,33.07295608520508,0.7890622019767761
4601,362,0.1767578125,0.17121365666389465,33.45045852661133,0.7868192791938782
4602,361,0.17626953125,0.17713172733783722,31.928424835205078,0.802114725112915
4603,361,0.17626953125,0.17585457861423492,33.10861587524414,0.7864667177200317
4604,354,0.1728515625,0.1600484848022461,33.207977294921875,0.7852221131324768
4605,378,0.1845703125,0.1736006885766983,33.1426887512207,0.782899796962738
4606,352,0.171875,0.17075002193450928,34.702396392822266,0.7665215134620667
4607,351,0.17138671875,0.15451332926750183,32.58830642700195,0.7924487590789795
4608,352,0.171875,0.15754657983779907,32.23435974121094,0.7932112216949463
4609,352,0.171875,0.1706661880016327,33.99625015258789,0.7719236016273499
4610,426,0.2080078125,0.1982419490814209,35.31780242919922,0.7558579444885254
4611,395,0.19287109375,0.19315193593502045,34.273292541503906,0.7661023736000061
4612,407,0.19873046875,0.19001281261444092,34.02479934692383,0.7694582343101501
4613,449,0.21923828125,0.18931765854358673,34.37559127807617,0.7657508254051208
4614,438,0.2138671875,0.174152672290802,32.7898063659668,0.7831931710243225
4615,369,0.18017578125,0.15248891711235046,32.40150833129883,0.7917190194129944
4616,316,0.154296875,0.15179133415222168,31.895553588867188,0.8057368397712708
4617,297,0.14501953125,0.14604641497135162,31.548097610473633,0.8063936829566956
4618,307,0.14990234375,0.13793228566646576,31.61121940612793,0.8011461496353149
4619,402,0.1962890625,0.15736933052539825,33.24267578125,0.7795979976654053
4620,414,0.2021484375,0.16167041659355164,33.4140510559082,0.7750178575515747
4621,442,0.2158203125,0.17358514666557312,37.10041046142578,0.7353104948997498
4622,461,0.22509765625,0.1833822876214981,38.12584686279297,0.7229495644569397
4623,434,0.2119140625,0.17243362963199615,37.07167053222656,0.738273024559021
4624,422,0.2060546875,0.17021939158439636,35.17074966430664,0.7639460563659668
4625,397,0.19384765625,0.15507808327674866,33.99462127685547,0.7735965251922607
4626,345,0.16845703125,0.16520258784294128,31.13420867919922,0.8081427216529846
4627,390,0.1904296875,0.15700846910476685,32.94853591918945,0.78261399269104
4628,410,0.2001953125,0.1576375812292099,34.27745819091797,0.7652691602706909
4629,400,0.1953125,0.1520320475101471,32.496726989746094,0.7828925848007202
4630,373,0.18212890625,0.1522640436887741,30.628007888793945,0.8024570941925049
4631,370,0.1806640625,0.1607743501663208,31.10065269470215,0.8029893040657043
4632,334,0.1630859375,0.1612476408481598,30.737640380859375,0.8107950091362
4633,356,0.173828125,0.1609678417444229,30.372604370117188,0.8130939602851868
4634,393,0.19189453125,0.16559650003910065,31.777584075927734,0.7941579818725586
4635,426,0.2080078125,0.16477175056934357,32.46061325073242,0.7858999967575073
4636,396,0.193359375,0.16278956830501556,32.82393264770508,0.7819694876670837
4637,384,0.1875,0.16753554344177246,32.283267974853516,0.7911960482597351
4638,393,0.19189453125,0.1801474243402481,31.746505737304688,0.7963812947273254
4639,321,0.15673828125,0.1659863144159317,30.84476089477539,0.8100866675376892
4640,972,0.474609375,0.2778140902519226,49.67109298706055,0.5897157192230225
4641,1385,0.67626953125,0.3329648971557617,48.45389938354492,0.6148762702941895
4642,525,0.25634765625,0.1472073793411255,43.6065673828125,0.6688891053199768
4643,562,0.2744140625,0.14840945601463318,34.404415130615234,0.7799187302589417
4644,453,0.22119140625,0.1239514872431755,28.133312225341797,0.8349148631095886
4645,412,0.201171875,0.11761429160833359,30.863651275634766,0.8104422688484192
4646,372,0.181640625,0.1123298853635788,31.329469680786133,0.7970014214515686
4647,447,0.21826171875,0.11454704403877258,28.568830490112305,0.835691511631012
4648,429,0.20947265625,0.1139044463634491,28.652379989624023,0.8355990052223206
4649,432,0.2109375,0.11095886677503586,32.1744499206543,0.7921984195709229
4650,462,0.2255859375,0.1072404608130455,33.80769729614258,0.7679967880249023
4651,435,0.21240234375,0.10603421926498413,29.2381591796875,0.825614333152771
4652,471,0.22998046875,0.10849706828594208,34.0330696105957,0.7679850459098816
4653,464,0.2265625,0.1091870591044426,35.14594268798828,0.7497778534889221
4654,510,0.2490234375,0.12100722640752792,38.07894515991211,0.7174490690231323
4655,530,0.2587890625,0.12177258729934692,38.53263473510742,0.7159613966941833
4656,569,0.27783203125,0.13659781217575073,42.98769760131836,0.6693731546401978
4657,549,0.26806640625,0.12610964477062225,39.468505859375,0.7072750926017761
4658,555,0.27099609375,0.12534067034721375,36.81067657470703,0.7422924041748047
4659,537,0.26220703125,0.11782442778348923,33.365299224853516,0.7830671072006226
4660,467,0.22802734375,0.11345041543245316,32.432037353515625,0.7902749180793762
4661,485,0.23681640625,0.1087288185954094,31.406383514404297,0.7974483370780945
4662,498,0.2431640625,0.10258331894874573,31.34263038635254,0.7966253161430359
4663,516,0.251953125,0.10149279236793518,31.445085525512695,0.8012296557426453
4664,519,0.25341796875,0.10484239459037781,31.753190994262695,0.7976065278053284
4665,534,0.2607421875,0.11065822839736938,31.810155868530273,0.7994540333747864
4666,485,0.23681640625,0.11989155411720276,30.86066436767578,0.8076921105384827
4667,458,0.2236328125,0.11794023215770721,29.85340690612793,0.8204898834228516
4668,451,0.22021484375,0.11839848756790161,29.500764846801758,0.8243129849433899
4669,447,0.21826171875,0.12375270575284958,30.02170753479004,0.8194786310195923
4670,438,0.2138671875,0.10954462736845016,29.818618774414062,0.8190230131149292
4671,448,0.21875,0.12198242545127869,33.177276611328125,0.7759364247322083
4672,451,0.22021484375,0.11680370569229126,32.498191833496094,0.781636655330658
4673,527,0.25732421875,0.12875083088874817,33.77898406982422,0.7742680907249451
4674,528,0.2578125,0.12962394952774048,33.56318664550781,0.7791528701782227
4675,540,0.263671875,0.1388227939605713,34.34726333618164,0.7681353092193604
4676,486,0.2373046875,0.14516755938529968,34.460418701171875,0.7706753015518188
4677,470,0.2294921875,0.1453046202659607,34.69293212890625,0.7677704095840454
4678,419,0.20458984375,0.13508638739585876,35.68895721435547,0.7623109817504883
4679,446,0.2177734375,0.13787390291690826,36.33894729614258,0.757946789264679
4680,219,0.10693359375,0.15502996742725372,36.17436599731445,0.7638890743255615
4681,243,0.11865234375,0.14825984835624695,35.49700164794922,0.7735779881477356
4682,270,0.1318359375,0.1562853753566742,36.46826934814453,0.7616100311279297
4683,295,0.14404296875,0.17377597093582153,36.78870391845703,0.7591249346733093
4684,303,0.14794921875,0.18983325362205505,36.396087646484375,0.7598956227302551
4685,298,0.1455078125,0.16557440161705017,36.27193832397461,0.7660934329032898
4686,367,0.17919921875,0.1959250122308731,36.15848159790039,0.7632116079330444
4687,451,0.22021484375,0.18843570351600647,39.81683349609375,0.7186745405197144
4688,358,0.1748046875,0.18316400051116943,36.31565856933594,0.7644860744476318
4689,406,0.1982421875,0.18854498863220215,38.75802230834961,0.7326391339302063
4690,378,0.1845703125,0.18280033767223358,37.16157531738281,0.7499830722808838
4691,345,0.16845703125,0.16537967324256897,34.9487419128418,0.7779374718666077
4692,324,0.158203125,0.15119831264019012,35.397705078125,0.7752846479415894
4693,330,0.1611328125,0.16842685639858246,35.891815185546875,0.7649376392364502
4694,359,0.17529296875,0.16403990983963013,35.73695373535156,0.7688425779342651
4695,334,0.1630859375,0.15114131569862366,35.97952651977539,0.7672184109687805
4696,410,0.2001953125,0.17003397643566132,36.19748306274414,0.7580376863479614
4697,354,0.1728515625,0.16610713303089142,36.15009689331055,0.7631301283836365
4698,317,0.15478515625,0.15007628500461578,35.72251892089844,0.7706111669540405
4699,296,0.14453125,0.13803890347480774,35.169376373291016,0.7778651714324951
4700,302,0.1474609375,0.13652700185775757,35.06404495239258,0.7791361212730408
4701,292,0.142578125,0.12988252937793732,34.50392532348633,0.7858418822288513
4702,321,0.15673828125,0.15105973184108734,34.295860290527344,0.785916268825531
4703,372,0.181640625,0.1679065227508545,34.79825210571289,0.7798466086387634
4704,416,0.203125,0.17823947966098785,34.70933532714844,0.7757588624954224
4705,455,0.22216796875,0.19426275789737701,39.53063201904297,0.7224682569503784
4706,431,0.21044921875,0.17131772637367249,37.593910217285156,0.7435299158096313
4707,400,0.1953125,0.15780535340309143,32.74733352661133,0.7965130805969238
4708,334,0.1630859375,0.13216480612754822,29.722896575927734,0.8271278142929077
4709,299,0.14599609375,0.1272175908088684,29.743824005126953,0.8272444605827332
4710,347,0.16943359375,0.1366962343454361,30.01051902770996,0.8255111575126648
4711,385,0.18798828125,0.14963756501674652,30.837913513183594,0.8190751671791077
4712,505,0.24658203125,0.18665377795696259,33.4256591796875,0.7874429821968079
4713,371,0.18115234375,0.14826548099517822,29.160369873046875,0.8356678485870361
4714,356,0.173828125,0.15021196007728577,28.82354736328125,0.8364901542663574
4715,362,0.1767578125,0.14173255860805511,28.97774887084961,0.8353762030601501
4716,374,0.1826171875,0.1542332023382187,32.206382751464844,0.8046817779541016
4717,349,0.17041015625,0.15440350770950317,30.77129364013672,0.8194275498390198
4718,348,0.169921875,0.1473229080438614,28.908710479736328,0.8331801295280457
4719,324,0.158203125,0.13952602446079254,28.118854522705078,0.8419705629348755
4720,48,0.0234375,0.15277856588363647,30.670156478881836,0.8175308108329773
4721,46,0.0224609375,0.16521604359149933,34.342071533203125,0.7757245898246765
4722,43,0.02099609375,0.16464626789093018,31.485559463500977,0.8118425607681274
4723,42,0.0205078125,0.18724171817302704,33.5040168762207,0.7842089533805847
4724,36,0.017578125,0.19755657017230988,31.62229347229004,0.8142349720001221
4725,33,0.01611328125,0.19416087865829468,34.14875411987305,0.7769005298614502
4726,29,0.01416015625,0.16524112224578857,34.89781951904297,0.7824724912643433
4727,40,0.01953125,0.22081664204597473,38.606224060058594,0.7294157147407532
4728,40,0.01953125,0.18787497282028198,34.71406936645508,0.77557772397995
4729,37,0.01806640625,0.2346508502960205,38.90932846069336,0.7318528890609741
4730,38,0.0185546875,0.1890074461698532,33.24089431762695,0.7982478737831116
4731,37,0.01806640625,0.18548308312892914,35.88614273071289,0.7613874673843384
4732,39,0.01904296875,0.19929315149784088,38.31439971923828,0.7294322848320007
4733,39,0.01904296875,0.21369776129722595,36.920257568359375,0.7515190243721008
4734,26,0.0126953125,0.2536184787750244,37.48495864868164,0.7429460287094116
4735,29,0.01416015625,0.2557898461818695,43.937374114990234,0.6705629229545593
4736,24,0.01171875,0.23376674950122833,39.80855178833008,0.7177650928497314
4737,31,0.01513671875,0.2455950230360031,38.8438606262207,0.7304846048355103
4738,29,0.01416015625,0.2573360502719879,38.4815559387207,0.7252259254455566
4739,32,0.015625,0.2310285121202469,38.99481964111328,0.7296633124351501
4740,22,0.0107421875,0.2634637951850891,38.53431701660156,0.741690993309021
4741,26,0.0126953125,0.2591966390609741,39.73326110839844,0.7145930528640747
4742,31,0.01513671875,0.246341735124588,39.55601119995117,0.7283952236175537
4743,25,0.01220703125,0.270923912525177,47.04032897949219,0.6297062635421753
4744,27,0.01318359375,0.24888154864311218,43.71894836425781,0.6689506769180298
4745,29,0.01416015625,0.2311018854379654,41.45946502685547,0.7009670734405518
4746,37,0.01806640625,0.19312746822834015,36.06366729736328,0.7587562799453735
4747,37,0.01806640625,0.20063520967960358,34.854312896728516,0.7729290127754211
4748,36,0.017578125,0.20970900356769562,40.87689971923828,0.701209545135498
4749,38,0.0185546875,0.2053840309381485,39.689144134521484,0.7196791768074036
4750,31,0.01513671875,0.21239855885505676,39.86891174316406,0.7192563414573669
4751,33,0.01611328125,0.206113800406456,37.65782928466797,0.7461328506469727
4752,37,0.01806640625,0.2361908107995987,44.78076934814453,0.6586728692054749
4753,36,0.017578125,0.21555621922016144,43.95210266113281,0.6770593523979187
4754,38,0.0185546875,0.22792400419712067,46.98720932006836,0.6290817260742188
4755,41,0.02001953125,0.21762751042842865,40.288856506347656,0.7204771041870117
4756,35,0.01708984375,0.1901630461215973,36.81064224243164,0.7550514340400696
4757,35,0.01708984375,0.2238233983516693,33.03712844848633,0.7959498763084412
4758,32,0.015625,0.1937171369791031,38.560546875,0.7270347476005554
4759,30,0.0146484375,0.23148800432682037,39.52216339111328,0.7168715000152588
4760,792,0.38671875,0.1299336552619934,48.584938049316406,0.6152404546737671
4761,883,0.43115234375,0.12642113864421844,48.071746826171875,0.6149235963821411
4762,839,0.40966796875,0.12660859525203705,48.956478118896484,0.6047309637069702
4763,1053,0.51416015625,0.1575649380683899,51.125858306884766,0.5796230435371399
4764,983,0.47998046875,0.1646677553653717,50.570159912109375,0.5855278372764587
4765,925,0.45166015625,0.1564752459526062,44.916378021240234,0.6490078568458557
4766,886,0.4326171875,0.17349320650100708,47.430015563964844,0.6183580756187439
4767,1081,0.52783203125,0.14836476743221283,48.66436767578125,0.6048893928527832
4768,1109,0.54150390625,0.12390926480293274,45.234580993652344,0.6454623937606812
4769,1257,0.61376953125,0.117364801466465,48.801048278808594,0.6029766201972961
4770,1251,0.61083984375,0.12635603547096252,47.72614669799805,0.6213045120239258
4771,1201,0.58642578125,0.13672983646392822,48.64778518676758,0.6047238111495972
4772,1062,0.5185546875,0.17198045551776886,51.151519775390625,0.575920045375824
4773,952,0.46484375,0.15933431684970856,50.29581069946289,0.5822791457176208
4774,966,0.4716796875,0.14531651139259338,48.07240295410156,0.6112082600593567
4775,992,0.484375,0.13965603709220886,47.79169845581055,0.615942120552063
4776,935,0.45654296875,0.15495330095291138,47.86296081542969,0.610183835029602
4777,848,0.4140625,0.16938719153404236,50.62677764892578,0.577468991279602
4778,1119,0.54638671875,0.11022758483886719,48.54308319091797,0.6097241640090942
4779,1076,0.525390625,0.11208407580852509,49.94344711303711,0.5913733839988708
4780,1435,0.70068359375,0.09970448166131973,55.63475799560547,0.5170326828956604
4781,1624,0.79296875,0.10237104445695877,51.73192596435547,0.5715410113334656
4782,1515,0.73974609375,0.11001446843147278,50.89271926879883,0.5823774933815002
4783,1012,0.494140625,0.1259842813014984,48.830291748046875,0.6070498824119568
4784,1274,0.6220703125,0.11871673911809921,50.577762603759766,0.5874940156936646
4785,1084,0.529296875,0.12457691878080368,48.63440704345703,0.6095309853553772
4786,1003,0.48974609375,0.13479146361351013,48.93169021606445,0.6056693196296692
4787,985,0.48095703125,0.13193446397781372,50.60385513305664,0.5818718671798706
4788,1065,0.52001953125,0.10080576688051224,51.403343200683594,0.5786288976669312
4789,1015,0.49560546875,0.12208397686481476,50.70508575439453,0.5876585245132446
4790,969,0.47314453125,0.12062637507915497,50.74244689941406,0.5865651369094849
4791,882,0.4306640625,0.12363246828317642,53.04233169555664,0.5569860339164734
4792,917,0.44775390625,0.11089859157800674,51.89698028564453,0.5757225155830383
4793,903,0.44091796875,0.10732553154230118,55.15206527709961,0.5307794213294983
4794,997,0.48681640625,0.12669910490512848,55.451446533203125,0.522221565246582
4795,1020,0.498046875,0.12116297334432602,53.58392333984375,0.5485442280769348
4796,1040,0.5078125,0.10475508123636246,56.41823196411133,0.5094863772392273
4797,908,0.443359375,0.13325682282447815,54.750064849853516,0.5292732119560242
4798,979,0.47802734375,0.13494805991649628,53.49378967285156,0.5480333566665649
4799,951,0.46435546875,0.13983610272407532,51.92198944091797,0.570021390914917
4800,426,0.2080078125,0.1525879055261612,43.420196533203125,0.6712356209754944
4801,422,0.2060546875,0.13073113560676575,42.63761520385742,0.678048312664032
4802,464,0.2265625,0.13783687353134155,41.456600189208984,0.6932296752929688
4803,383,0.18701171875,0.1357862800359726,39.09638214111328,0.7184744477272034
4804,424,0.20703125,0.1421915590763092,39.314849853515625,0.7114293575286865
4805,467,0.22802734375,0.14062649011611938,41.17807388305664,0.6948635578155518
4806,364,0.177734375,0.13321572542190552,37.559974670410156,0.7315139174461365
4807,425,0.20751953125,0.1344081312417984,40.854217529296875,0.6989706158638
4808,436,0.212890625,0.12941360473632812,40.388126373291016,0.7050895094871521
4809,447,0.21826171875,0.14025919139385223,39.16850280761719,0.7173007726669312
4810,584,0.28515625,0.15490658581256866,42.14162826538086,0.6770333051681519
4811,748,0.365234375,0.15824061632156372,46.25075149536133,0.6234346032142639
4812,565,0.27587890625,0.14177671074867249,43.18143844604492,0.6664953827857971
4813,413,0.20166015625,0.1344795823097229,42.55555725097656,0.6772855520248413
4814,418,0.2041015625,0.13094419240951538,42.424781799316406,0.6802776455879211
4815,481,0.23486328125,0.1260635405778885,42.37374496459961,0.681291937828064
4816,779,0.38037109375,0.1437709629535675,45.05787658691406,0.6355975270271301
4817,691,0.33740234375,0.13882659375667572,44.22649002075195,0.6488305926322937
4818,551,0.26904296875,0.11983897536993027,42.020931243896484,0.6832728981971741
4819,505,0.24658203125,0.11889460682868958,40.98494338989258,0.6981110572814941
4820,456,0.22265625,0.11531567573547363,41.04656982421875,0.6974404454231262
4821,421,0.20556640625,0.10979760438203812,40.88893127441406,0.6996015310287476
4822,464,0.2265625,0.12246719747781754,39.26128387451172,0.7184481024742126
4823,524,0.255859375,0.11803989112377167,38.31888198852539,0.724036455154419
4824,514,0.2509765625,0.1172744557261467,39.71678161621094,0.70429927110672
4825,534,0.2607421875,0.12353843450546265,41.885955810546875,0.6788668036460876
4826,639,0.31201171875,0.11790899187326431,37.444358825683594,0.71986985206604
4827,599,0.29248046875,0.12124364823102951,38.203182220458984,0.7157159447669983
4828,476,0.232421875,0.11405625194311142,34.59986877441406,0.7637520432472229
4829,593,0.28955078125,0.11258590221405029,35.974369049072266,0.7401765584945679
4830,523,0.25537109375,0.10927436500787735,34.779598236083984,0.7577313780784607
4831,441,0.21533203125,0.10767567902803421,35.24943542480469,0.7524555325508118
4832,524,0.255859375,0.10465250164270401,35.23001480102539,0.7517916560173035
4833,589,0.28759765625,0.10700446367263794,35.01997375488281,0.7477869391441345
4834,665,0.32470703125,0.12382137030363083,39.37397766113281,0.7150581479072571
4835,516,0.251953125,0.10992718487977982,34.62017822265625,0.7591081261634827
4836,451,0.22021484375,0.12088482826948166,36.048580169677734,0.7454835176467896
4837,421,0.20556640625,0.12944914400577545,38.91326141357422,0.7184554934501648
4838,450,0.2197265625,0.13431712985038757,47.613162994384766,0.6299608945846558
4839,476,0.232421875,0.12581133842468262,38.964378356933594,0.7187029123306274
4840,176,0.0859375,0.14037734270095825,30.649890899658203,0.8271133303642273
4841,173,0.08447265625,0.14607685804367065,34.49496078491211,0.7852362394332886
4842,193,0.09423828125,0.14475201070308685,32.300838470458984,0.8085247874259949
4843,186,0.0908203125,0.1502380222082138,30.341732025146484,0.8270294666290283
4844,204,0.099609375,0.13968904316425323,31.367368698120117,0.8131953477859497
4845,205,0.10009765625,0.14053721725940704,32.8036994934082,0.8017863035202026
4846,185,0.09033203125,0.13805386424064636,31.102266311645508,0.8223453164100647
4847,200,0.09765625,0.1308654248714447,30.44833755493164,0.8289699554443359
4848,189,0.09228515625,0.13712075352668762,32.43265151977539,0.8074179887771606
4849,194,0.0947265625,0.1291864812374115,32.80615997314453,0.8026654124259949
4850,200,0.09765625,0.1289205402135849,30.24787139892578,0.8337541222572327
4851,201,0.09814453125,0.1251525580883026,31.45514678955078,0.816939115524292
4852,212,0.103515625,0.13567933440208435,32.17350387573242,0.8005509376525879
4853,208,0.1015625,0.13399052619934082,30.806865692138672,0.8153839111328125
4854,205,0.10009765625,0.13430190086364746,31.864912033081055,0.8089765310287476
4855,209,0.10205078125,0.12737703323364258,32.02263259887695,0.8159984946250916
4856,194,0.0947265625,0.13301856815814972,30.204206466674805,0.828968346118927
4857,194,0.0947265625,0.13385175168514252,28.602123260498047,0.8435914516448975
4858,173,0.08447265625,0.14137910306453705,30.013019561767578,0.8271498680114746
4859,169,0.08251953125,0.14334550499916077,30.066850662231445,0.8277155160903931
4860,168,0.08203125,0.14155365526676178,31.408802032470703,0.8132447600364685
4861,169,0.08251953125,0.1321200579404831,31.189861297607422,0.820037305355072
4862,169,0.08251953125,0.13292214274406433,31.82369613647461,0.8107174038887024
4863,173,0.08447265625,0.1452973186969757,31.05166244506836,0.8152551651000977
4864,188,0.091796875,0.13728192448616028,31.341266632080078,0.812107503414154
4865,177,0.08642578125,0.1441306620836258,32.502750396728516,0.7962906956672668
4866,169,0.08251953125,0.1452832669019699,31.049081802368164,0.8162192702293396
4867,156,0.076171875,0.14876748621463776,31.9925537109375,0.8038288950920105
4868,147,0.07177734375,0.14579060673713684,32.60410690307617,0.802299976348877
4869,153,0.07470703125,0.16820546984672546,34.0751953125,0.7844107747077942
4870,143,0.06982421875,0.15320271253585815,32.179378509521484,0.8022770881652832
4871,139,0.06787109375,0.16359885036945343,32.48829650878906,0.7996393442153931
4872,157,0.07666015625,0.17629897594451904,31.58158302307129,0.8085517883300781
4873,156,0.076171875,0.16174933314323425,32.141780853271484,0.8091186881065369
4874,169,0.08251953125,0.17419004440307617,33.91218566894531,0.786910355091095
4875,178,0.0869140625,0.16877762973308563,34.626224517822266,0.7834072113037109
4876,189,0.09228515625,0.15411445498466492,32.105594635009766,0.8113570213317871
4877,199,0.09716796875,0.1539360135793686,33.408935546875,0.7956056594848633
4878,202,0.0986328125,0.15036778151988983,33.71491241455078,0.786779522895813
4879,182,0.0888671875,0.15291057527065277,32.77450942993164,0.8028755784034729
4880,211,0.10302734375,0.11636671423912048,31.917449951171875,0.795360267162323
4881,191,0.09326171875,0.10913906246423721,30.542203903198242,0.8150376081466675
4882,206,0.1005859375,0.11051347851753235,31.974872589111328,0.8006967902183533
4883,205,0.10009765625,0.1138489693403244,32.90888214111328,0.789787769317627
4884,183,0.08935546875,0.11232491582632065,31.316604614257812,0.8108394742012024
4885,177,0.08642578125,0.11454614996910095,28.827791213989258,0.8246280550956726
4886,171,0.08349609375,0.12179289758205414,31.18228530883789,0.8059753179550171
4887,173,0.08447265625,0.11882184445858002,30.812917709350586,0.8099532127380371
4888,160,0.078125,0.12215889245271683,34.78070068359375,0.7681261301040649
4889,182,0.0888671875,0.13120503723621368,33.32895278930664,0.7861484289169312
4890,175,0.08544921875,0.12496060878038406,33.681156158447266,0.7826001048088074
4891,172,0.083984375,0.11087426543235779,30.907161712646484,0.8139095902442932
4892,164,0.080078125,0.11898796260356903,31.013248443603516,0.8110284805297852
4893,175,0.08544921875,0.11240722984075546,29.642518997192383,0.822179913520813
4894,163,0.07958984375,0.12308166176080704,31.37133026123047,0.807070791721344
4895,169,0.08251953125,0.12966807186603546,29.834095001220703,0.8236843347549438
4896,162,0.0791015625,0.13337813317775726,32.03691482543945,0.8089649677276611
4897,140,0.068359375,0.13047097623348236,35.50980758666992,0.7742700576782227
4898,141,0.06884765625,0.1283988505601883,33.53567123413086,0.7929736375808716
4899,152,0.07421875,0.1283993124961853,34.56474685668945,0.7767307758331299
4900,158,0.0771484375,0.12096914649009705,34.87729263305664,0.77182936668396
4901,175,0.08544921875,0.11426019668579102,32.484100341796875,0.7985604405403137
4902,185,0.09033203125,0.11709780991077423,34.19728469848633,0.7736991047859192
4903,205,0.10009765625,0.11461731791496277,34.14191436767578,0.7697974443435669
4904,214,0.1044921875,0.12845389544963837,33.034969329833984,0.7843805551528931
4905,204,0.099609375,0.13433769345283508,34.5607795715332,0.7683842778205872
4906,188,0.091796875,0.1343371719121933,32.090415954589844,0.7976658344268799
4907,168,0.08203125,0.11753567308187485,31.372352600097656,0.8165456056594849
4908,155,0.07568359375,0.12407775968313217,34.079673767089844,0.7865169048309326
4909,165,0.08056640625,0.12635931372642517,32.93452835083008,0.8020519614219666
4910,176,0.0859375,0.11921408027410507,32.265106201171875,0.8007916808128357
4911,180,0.087890625,0.11996177583932877,31.434764862060547,0.8115097284317017
4912,182,0.0888671875,0.12306902557611465,32.658050537109375,0.8043155670166016
4913,201,0.09814453125,0.12197389453649521,33.50177001953125,0.7910732626914978
4914,219,0.10693359375,0.13790245354175568,33.06450271606445,0.7898139953613281
4915,191,0.09326171875,0.12868881225585938,34.303550720214844,0.7869353890419006
4916,202,0.0986328125,0.12605057656764984,32.8339958190918,0.7980348467826843
4917,174,0.0849609375,0.1280423402786255,34.47775650024414,0.7846758365631104
4918,172,0.083984375,0.13096082210540771,34.40416717529297,0.7860710620880127
4919,162,0.0791015625,0.12835881114006042,32.90949630737305,0.7956617474555969
4920,231,0.11279296875,0.1527724415063858,33.091949462890625,0.7982001900672913
4921,249,0.12158203125,0.16107545793056488,34.5088996887207,0.7809116840362549
4922,241,0.11767578125,0.14561475813388824,31.828819274902344,0.8088875412940979
4923,257,0.12548828125,0.13556498289108276,27.784582138061523,0.8484014868736267
4924,229,0.11181640625,0.14426259696483612,28.420019149780273,0.8424097299575806
4925,294,0.1435546875,0.1462402045726776,30.748804092407227,0.819244921207428
4926,232,0.11328125,0.15607935190200806,30.940227508544922,0.8194824457168579
4927,278,0.1357421875,0.15397338569164276,31.095870971679688,0.8200852274894714
4928,355,0.17333984375,0.16456539928913116,30.962268829345703,0.8138375282287598
4929,377,0.18408203125,0.19086286425590515,33.75831604003906,0.7789356112480164
4930,364,0.177734375,0.15372002124786377,29.897693634033203,0.8254289031028748
4931,323,0.15771484375,0.13001535832881927,28.873918533325195,0.8354873657226562
4932,313,0.15283203125,0.1351473033428192,27.935449600219727,0.8493902087211609
4933,320,0.15625,0.14479193091392517,30.76425552368164,0.8180650472640991
4934,334,0.1630859375,0.1397061049938202,29.492170333862305,0.8290219902992249
4935,357,0.17431640625,0.16419561207294464,31.195537567138672,0.8133216500282288
4936,386,0.1884765625,0.17094244062900543,32.5513916015625,0.8005693554878235
4937,366,0.1787109375,0.21328851580619812,44.32725143432617,0.6602333188056946
4938,351,0.17138671875,0.24244363605976105,42.198585510253906,0.6854746341705322
4939,338,0.1650390625,0.17725445330142975,36.676841735839844,0.7463705539703369
4940,288,0.140625,0.20411422848701477,41.703575134277344,0.6932973861694336
4941,295,0.14404296875,0.1493070423603058,32.160888671875,0.7955312132835388
4942,348,0.169921875,0.16153234243392944,31.478914260864258,0.8122610449790955
4943,367,0.17919921875,0.15103283524513245,33.809043884277344,0.7806737422943115
4944,349,0.17041015625,0.15131495893001556,31.901107788085938,0.8037571907043457
4945,320,0.15625,0.1382589489221573,31.662067413330078,0.8014772534370422
4946,294,0.1435546875,0.14292114973068237,31.1934757232666,0.8100961446762085
4947,296,0.14453125,0.14224933087825775,31.346105575561523,0.8101353645324707
4948,329,0.16064453125,0.1398611217737198,31.567760467529297,0.8079687356948853
4949,300,0.146484375,0.14628413319587708,34.601253509521484,0.7710514664649963
4950,376,0.18359375,0.1361495554447174,32.21886444091797,0.8011254072189331
4951,354,0.1728515625,0.13947688043117523,32.0821647644043,0.8044642806053162
4952,357,0.17431640625,0.12179851531982422,31.13212776184082,0.8117510080337524
4953,322,0.1572265625,0.128367617726326,30.157730102539062,0.8232946991920471
4954,364,0.177734375,0.13063552975654602,30.87636375427246,0.8193671107292175
4955,363,0.17724609375,0.12389826029539108,29.545413970947266,0.8296771049499512
4956,380,0.185546875,0.12282206863164902,30.129106521606445,0.8214391469955444
4957,327,0.15966796875,0.12746399641036987,30.465410232543945,0.8219707012176514
4958,311,0.15185546875,0.13157248497009277,28.874052047729492,0.8418193459510803
4959,307,0.14990234375,0.14027757942676544,31.353477478027344,0.8177461624145508
4960,254,0.1240234375,0.1378365010023117,31.80921173095703,0.8029231429100037
4961,284,0.138671875,0.13304834067821503,30.145105361938477,0.8216778635978699
4962,324,0.158203125,0.12864910066127777,29.262060165405273,0.826500415802002
4963,307,0.14990234375,0.13033559918403625,27.41560173034668,0.8516544699668884
4964,298,0.1455078125,0.1433340311050415,31.1281681060791,0.8128533363342285
4965,291,0.14208984375,0.13672573864459991,29.82298469543457,0.8267226219177246
4966,269,0.13134765625,0.1417859047651291,32.77835464477539,0.7994416952133179
4967,267,0.13037109375,0.15054672956466675,32.463687896728516,0.8031089305877686
4968,234,0.1142578125,0.14445753395557404,32.95209503173828,0.789336085319519
4969,290,0.1416015625,0.1284359097480774,28.6780948638916,0.8427050709724426
4970,301,0.14697265625,0.134550079703331,28.511962890625,0.8420852422714233
4971,300,0.146484375,0.14106567203998566,30.30695343017578,0.8221856355667114
4972,289,0.14111328125,0.13358859717845917,29.55820083618164,0.8389922380447388
4973,314,0.1533203125,0.1197722852230072,28.774147033691406,0.8470741510391235
4974,300,0.146484375,0.11477360874414444,29.926006317138672,0.8391693234443665
4975,308,0.150390625,0.11035991460084915,29.036457061767578,0.8469534516334534
4976,296,0.14453125,0.1083301454782486,28.733230590820312,0.851833164691925
4977,283,0.13818359375,0.11148221790790558,28.80205535888672,0.8447775840759277
4978,307,0.14990234375,0.1133461520075798,27.281129837036133,0.8570793271064758
4979,315,0.15380859375,0.11442152410745621,28.22347068786621,0.8494606614112854
4980,259,0.12646484375,0.11459580063819885,28.79081153869629,0.8362464904785156
4981,232,0.11328125,0.11109185963869095,27.740331649780273,0.8501637578010559
4982,209,0.10205078125,0.12315472215414047,28.80988311767578,0.8376206159591675
4983,215,0.10498046875,0.10242833197116852,28.861854553222656,0.8417684435844421
4984,225,0.10986328125,0.10718133300542831,28.28610610961914,0.8414562940597534
4985,236,0.115234375,0.1383168250322342,28.73839569091797,0.8328278064727783
4986,253,0.12353515625,0.1128394678235054,28.97389030456543,0.8366300463676453
4987,240,0.1171875,0.10467823594808578,27.66161346435547,0.8509595394134521
4988,250,0.1220703125,0.12018723785877228,30.633773803710938,0.8180129528045654
4989,241,0.11767578125,0.12569932639598846,29.977018356323242,0.8268385529518127
4990,223,0.10888671875,0.10487903654575348,29.197721481323242,0.8388034105300903
4991,281,0.13720703125,0.1054757833480835,28.489213943481445,0.8447238802909851
4992,326,0.1591796875,0.104008249938488,27.338777542114258,0.8508269190788269
4993,303,0.14794921875,0.10036414116621017,26.651914596557617,0.8621123433113098
4994,299,0.14599609375,0.10317806154489517,27.013071060180664,0.8602062463760376
4995,296,0.14453125,0.0992840901017189,27.41948127746582,0.855948805809021
4996,353,0.17236328125,0.10881233215332031,28.624664306640625,0.839470624923706
4997,413,0.20166015625,0.10999692231416702,31.039039611816406,0.8134744763374329
4998,368,0.1796875,0.12124617397785187,29.209264755249023,0.8362916111946106
4999,361,0.17626953125,0.11968393623828888,30.21998405456543,0.8257421851158142
5000,222,0.1083984375,0.2555815577507019,36.258113861083984,0.7628307938575745
5001,191,0.09326171875,0.19950830936431885,34.158416748046875,0.7858537435531616
5002,168,0.08203125,0.20334292948246002,35.75840377807617,0.7720729112625122
5003,180,0.087890625,0.2089633196592331,36.390464782714844,0.7634974122047424
5004,169,0.08251953125,0.20859482884407043,35.00398635864258,0.779533863067627
5005,192,0.09375,0.2097817361354828,36.82497787475586,0.7583718299865723
5006,180,0.087890625,0.19388432800769806,32.75304412841797,0.804241418838501
5007,165,0.08056640625,0.19531039893627167,32.69188690185547,0.8083608746528625
5008,161,0.07861328125,0.18571855127811432,34.43701934814453,0.7851592898368835
5009,164,0.080078125,0.1643901765346527,34.59290313720703,0.7871965765953064
5010,153,0.07470703125,0.16303597390651703,33.38493728637695,0.800258457660675
5011,167,0.08154296875,0.16978178918361664,35.54740524291992,0.778586745262146
5012,165,0.08056640625,0.17867441475391388,36.00425338745117,0.7727439403533936
5013,159,0.07763671875,0.14953772723674774,35.10980987548828,0.7848768830299377
5014,156,0.076171875,0.15318544209003448,33.77252197265625,0.8004041910171509
5015,149,0.07275390625,0.14218869805335999,33.145225524902344,0.8053297996520996
5016,150,0.0732421875,0.1497136503458023,33.409358978271484,0.8041050434112549
5017,145,0.07080078125,0.14213216304779053,32.59954071044922,0.8131163716316223
5018,157,0.07666015625,0.13832980394363403,33.791748046875,0.800142765045166
5019,161,0.07861328125,0.1398126482963562,34.403846740722656,0.7933221459388733
5020,160,0.078125,0.13872882723808289,33.69098663330078,0.8021402359008789
5021,153,0.07470703125,0.14279372990131378,34.01887130737305,0.7991577386856079
5022,154,0.0751953125,0.13965052366256714,34.231937408447266,0.7954630851745605
5023,148,0.072265625,0.13646282255649567,32.36668014526367,0.8162814974784851
5024,151,0.07373046875,0.14214938879013062,33.390438079833984,0.805445671081543
5025,154,0.0751953125,0.13169708847999573,34.06632614135742,0.7977756857872009
5026,149,0.07275390625,0.13006854057312012,32.877864837646484,0.8106057643890381
5027,148,0.072265625,0.1290110945701599,31.986454010009766,0.8202277421951294
5028,173,0.08447265625,0.14074751734733582,33.922122955322266,0.7965536117553711
5029,163,0.07958984375,0.13633471727371216,33.52312088012695,0.8037772178649902
5030,174,0.0849609375,0.13678064942359924,34.89221954345703,0.7890765070915222
5031,159,0.07763671875,0.13160006701946259,33.549827575683594,0.8038005828857422
5032,163,0.07958984375,0.13598330318927765,35.292991638183594,0.7836611866950989
5033,171,0.08349609375,0.1489063948392868,33.035003662109375,0.8049734234809875
5034,164,0.080078125,0.1348084807395935,33.90669250488281,0.798227846622467
5035,168,0.08203125,0.13625597953796387,34.08612060546875,0.7982266545295715
5036,176,0.0859375,0.13534323871135712,35.411678314208984,0.7833929657936096
5037,173,0.08447265625,0.13759902119636536,35.170753479003906,0.7863103747367859
5038,168,0.08203125,0.1405867338180542,34.21746826171875,0.7980629801750183
5039,173,0.08447265625,0.14583443105220795,34.97645950317383,0.7849833965301514
5040,117,0.05712890625,0.14168113470077515,31.761812210083008,0.8196502327919006
5041,147,0.07177734375,0.14693868160247803,32.279136657714844,0.8105080723762512
5042,129,0.06298828125,0.1373397409915924,30.69007682800293,0.8290689587593079
5043,117,0.05712890625,0.14340703189373016,29.754718780517578,0.842789351940155
5044,134,0.0654296875,0.13668806850910187,31.069276809692383,0.827641487121582
5045,114,0.0556640625,0.13028866052627563,30.979934692382812,0.8311614990234375
5046,120,0.05859375,0.12536047399044037,30.720069885253906,0.8370169401168823
5047,156,0.076171875,0.1178000196814537,31.489370346069336,0.8220636248588562
5048,174,0.0849609375,0.12396913766860962,29.779077529907227,0.8392243385314941
5049,180,0.087890625,0.1322031170129776,32.492427825927734,0.7984779477119446
5050,205,0.10009765625,0.12554314732551575,31.64747428894043,0.8165064454078674
5051,179,0.08740234375,0.12247604131698608,31.361574172973633,0.825398862361908
5052,173,0.08447265625,0.11727216839790344,32.5634765625,0.8100965023040771
5053,159,0.07763671875,0.12028199434280396,31.885244369506836,0.8187756538391113
5054,188,0.091796875,0.11522351205348969,32.59246826171875,0.8051885366439819
5055,197,0.09619140625,0.12032541632652283,32.4935302734375,0.8040200471878052
5056,192,0.09375,0.13587872684001923,33.07925033569336,0.7958917617797852
5057,185,0.09033203125,0.1266346573829651,31.565650939941406,0.814846396446228
5058,182,0.0888671875,0.11135964840650558,30.677339553833008,0.823732316493988
5059,164,0.080078125,0.11656796187162399,30.045543670654297,0.8367246985435486
5060,159,0.07763671875,0.12083050608634949,31.009891510009766,0.8279985189437866
5061,124,0.060546875,0.1224689856171608,29.035228729248047,0.8504794239997864
5062,141,0.06884765625,0.10913202911615372,31.172325134277344,0.8259122371673584
5063,161,0.07861328125,0.1105438768863678,27.851274490356445,0.8501726984977722
5064,163,0.07958984375,0.11021033674478531,27.811973571777344,0.8473690748214722
5065,169,0.08251953125,0.1229236051440239,27.715776443481445,0.8480610251426697
5066,178,0.0869140625,0.12834136188030243,29.027000427246094,0.8365912437438965
5067,176,0.0859375,0.11667867749929428,27.578401565551758,0.8512941598892212
5068,165,0.08056640625,0.132621169090271,26.42887306213379,0.8595293164253235
5069,157,0.07666015625,0.1191849336028099,26.515403747558594,0.858482301235199
5070,141,0.06884765625,0.13465556502342224,28.006624221801758,0.8460240364074707
5071,150,0.0732421875,0.12621288001537323,29.075775146484375,0.8360825181007385
5072,128,0.0625,0.14245957136154175,27.974143981933594,0.8474677205085754
5073,139,0.06787109375,0.13403302431106567,27.314687728881836,0.8577773571014404
5074,123,0.06005859375,0.1424848437309265,29.51853370666504,0.833418071269989
5075,130,0.0634765625,0.13831143081188202,27.030010223388672,0.8551759719848633
5076,129,0.06298828125,0.14591319859027863,27.72870635986328,0.8466671705245972
5077,123,0.06005859375,0.13997842371463776,26.51611328125,0.8625681400299072
5078,130,0.0634765625,0.13620665669441223,26.271350860595703,0.8637537360191345
5079,146,0.0712890625,0.13291822373867035,28.356578826904297,0.8366667032241821
5080,437,0.21337890625,0.1595093011856079,37.815406799316406,0.728203535079956
5081,435,0.21240234375,0.15776945650577545,38.89889907836914,0.7202845811843872
5082,369,0.18017578125,0.15453676879405975,37.880489349365234,0.7336379289627075
5083,353,0.17236328125,0.14803703129291534,36.33981704711914,0.7507576942443848
5084,364,0.177734375,0.141566663980484,37.5755615234375,0.74013751745224
5085,385,0.18798828125,0.13982750475406647,37.581783294677734,0.7351816892623901
5086,415,0.20263671875,0.14614592492580414,36.57880783081055,0.7400464415550232
5087,367,0.17919921875,0.13438160717487335,37.26337814331055,0.7419034242630005
5088,379,0.18505859375,0.1382591277360916,36.32332992553711,0.7478069067001343
5089,431,0.21044921875,0.14780355989933014,37.19072723388672,0.7329166531562805
5090,473,0.23095703125,0.14774930477142334,38.71910095214844,0.7165645360946655
5091,583,0.28466796875,0.13907194137573242,40.652034759521484,0.6981052160263062
5092,531,0.25927734375,0.14505651593208313,40.38513946533203,0.7014423608779907
5093,494,0.2412109375,0.14245019853115082,38.22541427612305,0.7253382802009583
5094,465,0.22705078125,0.14502675831317902,38.13814163208008,0.7282603979110718
5095,553,0.27001953125,0.1507226675748825,39.49495315551758,0.7148398756980896
5096,720,0.3515625,0.16459788382053375,42.55208969116211,0.6810944676399231
5097,682,0.3330078125,0.15483836829662323,40.96223068237305,0.6988937854766846
5098,712,0.34765625,0.1589043140411377,41.57044982910156,0.6905122995376587
5099,1103,0.53857421875,0.1790551394224167,38.64103698730469,0.720312237739563
5100,1155,0.56396484375,0.1773628294467926,44.58183288574219,0.6598079800605774
5101,947,0.46240234375,0.18654827773571014,43.26561737060547,0.6740320324897766
5102,696,0.33984375,0.16506721079349518,43.3514518737793,0.6693711280822754
5103,722,0.3525390625,0.16003067791461945,42.22060012817383,0.6813893914222717
5104,797,0.38916015625,0.1652323454618454,44.93682861328125,0.652014970779419
5105,786,0.3837890625,0.16166073083877563,42.27373504638672,0.6807186603546143
5106,838,0.4091796875,0.14594444632530212,43.33026885986328,0.6716371774673462
5107,844,0.412109375,0.17445120215415955,40.436119079589844,0.7015743851661682
5108,884,0.431640625,0.17190003395080566,41.24908447265625,0.6927964091300964
5109,1120,0.546875,0.17969119548797607,42.888092041015625,0.6756598353385925
5110,768,0.375,0.16074608266353607,40.92818069458008,0.703052282333374
5111,968,0.47265625,0.15309733152389526,44.15757369995117,0.6659511923789978
5112,955,0.46630859375,0.11962267756462097,45.35013961791992,0.6402720212936401
5113,896,0.4375,0.11274861544370651,45.806678771972656,0.6399562954902649
5114,1037,0.50634765625,0.12751823663711548,47.2691535949707,0.6178528666496277
5115,1032,0.50390625,0.1323295533657074,49.48772048950195,0.5958733558654785
5116,822,0.4013671875,0.11692972481250763,44.585140228271484,0.6532637476921082
5117,510,0.2490234375,0.11586733162403107,41.78400802612305,0.6900045871734619
5118,415,0.20263671875,0.1228431761264801,40.70397186279297,0.7017032504081726
5119,311,0.15185546875,0.13029232621192932,44.29719161987305,0.6662126779556274
5120,390,0.1904296875,0.26910895109176636,33.45412063598633,0.7857201099395752
5121,459,0.22412109375,0.19171983003616333,34.58495330810547,0.773617684841156
5122,789,0.38525390625,0.13669505715370178,45.780818939208984,0.6415755152702332
5123,840,0.41015625,0.10614187270402908,46.882022857666016,0.6323221325874329
5124,835,0.40771484375,0.11413612961769104,46.54182434082031,0.6332371830940247
5125,809,0.39501953125,0.11717294901609421,43.214847564697266,0.6759893894195557
5126,765,0.37353515625,0.1196872666478157,41.965118408203125,0.681393027305603
5127,653,0.31884765625,0.12656114995479584,41.166839599609375,0.695009708404541
5128,608,0.296875,0.13253821432590485,36.3491096496582,0.7437763810157776
5129,711,0.34716796875,0.12729579210281372,42.921241760253906,0.6737534999847412
5130,535,0.26123046875,0.1457436978816986,34.12251663208008,0.7663385272026062
5131,757,0.36962890625,0.11429260671138763,41.04024124145508,0.696010410785675
5132,814,0.3974609375,0.12130972743034363,47.554420471191406,0.6156744956970215
5133,670,0.3271484375,0.11635071784257889,41.871238708496094,0.6928592324256897
5134,822,0.4013671875,0.12098223716020584,47.61837387084961,0.6184288263320923
5135,805,0.39306640625,0.11959671229124069,48.578548431396484,0.614888608455658
5136,783,0.38232421875,0.1073930487036705,42.62328338623047,0.6832554936408997
5137,862,0.4208984375,0.11202354729175568,46.22868728637695,0.642019510269165
5138,843,0.41162109375,0.11513322591781616,44.17788314819336,0.6678412556648254
5139,823,0.40185546875,0.11782705783843994,47.273284912109375,0.6261110901832581
5140,807,0.39404296875,0.12476695328950882,47.88079833984375,0.6184896230697632
5141,829,0.40478515625,0.1277274191379547,48.20170211791992,0.6164888739585876
5142,717,0.35009765625,0.1343507021665573,50.68941879272461,0.5770475268363953
5143,736,0.359375,0.13579455018043518,40.35382843017578,0.7047034502029419
5144,615,0.30029296875,0.18107016384601593,39.191776275634766,0.7154654264450073
5145,807,0.39404296875,0.13742369413375854,42.914058685302734,0.6734718680381775
5146,837,0.40869140625,0.14548490941524506,47.1710205078125,0.6267103552818298
5147,811,0.39599609375,0.11906499415636063,47.15509796142578,0.624859094619751
5148,750,0.3662109375,0.1394437849521637,50.44887161254883,0.586926281452179
5149,761,0.37158203125,0.131190687417984,49.57050704956055,0.5950271487236023
5150,873,0.42626953125,0.12744294106960297,51.8267822265625,0.5595505833625793
5151,890,0.4345703125,0.13092538714408875,53.043067932128906,0.5482485890388489
5152,918,0.4482421875,0.12390197068452835,52.060081481933594,0.5663198232650757
5153,863,0.42138671875,0.11848407238721848,51.51789093017578,0.5764858722686768
5154,833,0.40673828125,0.12690550088882446,45.948089599609375,0.6472635269165039
5155,710,0.3466796875,0.13960863649845123,41.075592041015625,0.703757107257843
5156,643,0.31396484375,0.16123910248279572,38.621646881103516,0.7293615937232971
5157,629,0.30712890625,0.16842761635780334,35.42939376831055,0.7600458860397339
5158,542,0.2646484375,0.19901157915592194,36.23394775390625,0.7489242553710938
5159,788,0.384765625,0.20014914870262146,45.7210807800293,0.647632360458374
5160,362,0.1767578125,0.2552149295806885,35.474178314208984,0.7642380595207214
5161,379,0.18505859375,0.2661801278591156,33.27519989013672,0.7935004830360413
5162,387,0.18896484375,0.23252204060554504,29.731548309326172,0.8267792463302612
5163,378,0.1845703125,0.1990608423948288,29.323957443237305,0.8338483572006226
5164,382,0.1865234375,0.1970699429512024,29.116069793701172,0.8352785706520081
5165,414,0.2021484375,0.18062631785869598,28.71092987060547,0.8379384875297546
5166,361,0.17626953125,0.18138648569583893,28.941110610961914,0.8369745016098022
5167,354,0.1728515625,0.18590818345546722,28.720874786376953,0.8380937576293945
5168,331,0.16162109375,0.17179280519485474,29.0666446685791,0.8401897549629211
5169,319,0.15576171875,0.16528911888599396,29.26265525817871,0.8423281311988831
5170,294,0.1435546875,0.16058698296546936,30.3831787109375,0.8330714106559753
5171,296,0.14453125,0.14946046471595764,27.385578155517578,0.8571960926055908
5172,327,0.15966796875,0.17497792840003967,28.112564086914062,0.8506825566291809
5173,344,0.16796875,0.1824697107076645,29.44758415222168,0.8364773392677307
5174,374,0.1826171875,0.16830815374851227,28.85088539123535,0.837190568447113
5175,368,0.1796875,0.16663461923599243,29.973587036132812,0.825238049030304
5176,375,0.18310546875,0.15654771029949188,30.465383529663086,0.8180344104766846
5177,391,0.19091796875,0.1476590484380722,32.42706298828125,0.7989462018013
5178,343,0.16748046875,0.17629927396774292,33.98457717895508,0.7825671434402466
5179,363,0.17724609375,0.16511178016662598,31.085386276245117,0.8118603825569153
5180,368,0.1796875,0.17038962244987488,27.300182342529297,0.8514958024024963
5181,366,0.1787109375,0.16146041452884674,28.018619537353516,0.8442292213439941
5182,332,0.162109375,0.14814311265945435,27.092693328857422,0.8503528237342834
5183,360,0.17578125,0.16696061193943024,27.218063354492188,0.8491201400756836
5184,360,0.17578125,0.16982100903987885,25.72498893737793,0.8664788007736206
5185,336,0.1640625,0.15487219393253326,26.342697143554688,0.8595259785652161
5186,342,0.1669921875,0.15455317497253418,26.458147048950195,0.8583585619926453
5187,375,0.18310546875,0.15848691761493683,27.282861709594727,0.8501235246658325
5188,361,0.17626953125,0.16044189035892487,26.727046966552734,0.8557701110839844
5189,371,0.18115234375,0.1624852567911148,26.94566535949707,0.8551332950592041
5190,402,0.1962890625,0.15009050071239471,27.834287643432617,0.8487598299980164
5191,437,0.21337890625,0.14766788482666016,29.877330780029297,0.828913688659668
5192,395,0.19287109375,0.15402883291244507,27.73271942138672,0.8455811142921448
5193,447,0.21826171875,0.14317269623279572,29.603975296020508,0.8274765610694885
5194,432,0.2109375,0.14714469015598297,33.0086555480957,0.7908222079277039
5195,383,0.18701171875,0.15501952171325684,30.676294326782227,0.8116227984428406
5196,417,0.20361328125,0.14517134428024292,30.43946075439453,0.8144793510437012
5197,392,0.19140625,0.15105760097503662,29.077377319335938,0.829973042011261
5198,445,0.21728515625,0.1325169801712036,29.9846248626709,0.8226271867752075
5199,451,0.22021484375,0.13020706176757812,32.48063659667969,0.8005309700965881
5200,679,0.33154296875,0.1649795025587082,50.59660339355469,0.5841394066810608
5201,776,0.37890625,0.145394429564476,44.95552062988281,0.6392344236373901
5202,676,0.330078125,0.15788297355175018,44.59001159667969,0.6431962251663208
5203,732,0.357421875,0.1522090584039688,45.271297454833984,0.6294584274291992
5204,864,0.421875,0.1522396057844162,45.56271743774414,0.6337550282478333
5205,691,0.33740234375,0.15555402636528015,44.697872161865234,0.6360089182853699
5206,660,0.322265625,0.15424123406410217,44.53733444213867,0.6407689452171326
5207,583,0.28466796875,0.1687667816877365,43.04360580444336,0.6622382998466492
5208,667,0.32568359375,0.15425650775432587,45.0546989440918,0.6334978938102722
5209,594,0.2900390625,0.16174645721912384,44.18362045288086,0.6499288082122803
5210,502,0.2451171875,0.1748705357313156,43.18199920654297,0.6703349351882935
5211,542,0.2646484375,0.1655951589345932,35.75147247314453,0.7584209442138672
5212,507,0.24755859375,0.17001798748970032,39.44559097290039,0.716552734375
5213,508,0.248046875,0.17912989854812622,41.63478469848633,0.6894370317459106
5214,475,0.23193359375,0.1772376447916031,37.745758056640625,0.7419914603233337
5215,525,0.25634765625,0.16174951195716858,36.581871032714844,0.7525626420974731
5216,527,0.25732421875,0.16246730089187622,41.27728271484375,0.6957064270973206
5217,547,0.26708984375,0.1682361215353012,37.7824592590332,0.7364380359649658
5218,676,0.330078125,0.14857572317123413,41.34724807739258,0.6916466355323792
5219,788,0.384765625,0.1526980847120285,45.869163513183594,0.6276758909225464
5220,1342,0.6552734375,0.17383478581905365,52.42916488647461,0.562772810459137
5221,849,0.41455078125,0.15371668338775635,43.895931243896484,0.6620855927467346
5222,756,0.369140625,0.17145442962646484,44.83729553222656,0.6335545778274536
5223,646,0.3154296875,0.18882158398628235,42.231143951416016,0.6657441258430481
5224,610,0.2978515625,0.18741555511951447,39.72050476074219,0.7004978060722351
5225,552,0.26953125,0.20144841074943542,38.637596130371094,0.7150154709815979
5226,613,0.29931640625,0.17917609214782715,40.244632720947266,0.6943031549453735
5227,533,0.26025390625,0.2024000734090805,37.89522933959961,0.7225916981697083
5228,510,0.2490234375,0.21452271938323975,35.86774826049805,0.7474685907363892
5229,546,0.2666015625,0.204400435090065,36.60062026977539,0.7426362633705139
5230,515,0.25146484375,0.23029163479804993,35.98408508300781,0.7453308701515198
5231,460,0.224609375,0.2287069857120514,36.255977630615234,0.749406099319458
5232,383,0.18701171875,0.23530682921409607,37.31141662597656,0.7388997077941895
5233,388,0.189453125,0.2264302670955658,38.20270538330078,0.7302430272102356
5234,452,0.220703125,0.22441598773002625,39.063323974609375,0.7153559923171997
5235,467,0.22802734375,0.2181451916694641,38.3669548034668,0.7242469787597656
5236,707,0.34521484375,0.17470133304595947,43.73310089111328,0.6486815214157104
5237,590,0.2880859375,0.1783941388130188,44.30252456665039,0.6458662152290344
5238,719,0.35107421875,0.1600407510995865,40.827537536621094,0.697990357875824
5239,666,0.3251953125,0.1743142157793045,40.03963088989258,0.7089030146598816
5240,73,0.03564453125,0.16067950427532196,34.15579605102539,0.7970994710922241
5241,69,0.03369140625,0.15288877487182617,34.45188522338867,0.7920105457305908
5242,76,0.037109375,0.1494220346212387,36.00349044799805,0.7670416235923767
5243,89,0.04345703125,0.15075485408306122,35.08803939819336,0.7793790102005005
5244,92,0.044921875,0.15331362187862396,35.2332878112793,0.7751007080078125
5245,87,0.04248046875,0.1512974053621292,33.98996353149414,0.7904044985771179
5246,84,0.041015625,0.1540198177099228,33.70759201049805,0.7894909977912903
5247,85,0.04150390625,0.16082514822483063,34.92671203613281,0.777847170829773
5248,85,0.04150390625,0.1341818869113922,33.03273391723633,0.801665186882019
5249,101,0.04931640625,0.12757837772369385,35.2159423828125,0.7739205956459045
5250,113,0.05517578125,0.1422012448310852,33.19404983520508,0.7976750731468201
5251,119,0.05810546875,0.13163518905639648,32.82619857788086,0.8013037443161011
5252,115,0.05615234375,0.12688210606575012,36.74275207519531,0.7552056908607483
5253,126,0.0615234375,0.1294909417629242,35.23249435424805,0.7810457944869995
5254,135,0.06591796875,0.1424715220928192,34.7078857421875,0.7817164063453674
5255,135,0.06591796875,0.14347843825817108,36.309417724609375,0.7652806043624878
5256,134,0.0654296875,0.15228404104709625,34.4101676940918,0.7796562314033508
5257,137,0.06689453125,0.15737329423427582,36.156768798828125,0.7641035318374634
5258,134,0.0654296875,0.15496842563152313,35.4184684753418,0.7777483463287354
5259,145,0.07080078125,0.15254637598991394,35.27035140991211,0.7745448350906372
5260,163,0.07958984375,0.15573734045028687,35.34724044799805,0.7716524004936218
5261,159,0.07763671875,0.13290143013000488,34.40853500366211,0.7803438901901245
5262,164,0.080078125,0.13852335512638092,33.61212158203125,0.7890221476554871
5263,166,0.0810546875,0.13199712336063385,32.06821823120117,0.8098121285438538
5264,166,0.0810546875,0.14477068185806274,31.29441261291504,0.8136563301086426
5265,171,0.08349609375,0.20081326365470886,31.836366653442383,0.8042394518852234
5266,167,0.08154296875,0.19285286962985992,32.47605514526367,0.7952283024787903
5267,172,0.083984375,0.20585456490516663,34.633121490478516,0.7760621905326843
5268,166,0.0810546875,0.14815585315227509,33.3055305480957,0.7908461093902588
5269,169,0.08251953125,0.19453664124011993,32.29933547973633,0.8030341267585754
5270,164,0.080078125,0.147069051861763,31.291223526000977,0.8107569813728333
5271,158,0.0771484375,0.14436087012290955,30.06256866455078,0.8242889642715454
5272,157,0.07666015625,0.11971377581357956,32.07373809814453,0.7925437688827515
5273,165,0.08056640625,0.10819598287343979,30.723121643066406,0.8110296130180359
5274,163,0.07958984375,0.11512445658445358,29.63051414489746,0.8200601935386658
5275,170,0.0830078125,0.11814887821674347,31.91570472717285,0.7887670397758484
5276,177,0.08642578125,0.1203877329826355,32.784912109375,0.7855176329612732
5277,160,0.078125,0.1075548529624939,31.508010864257812,0.8106483221054077
5278,151,0.07373046875,0.12309085577726364,30.23320770263672,0.8234865069389343
5279,148,0.072265625,0.10769651085138321,31.849201202392578,0.814209520816803
5280,330,0.1611328125,0.13050289452075958,34.51948547363281,0.7669751048088074
5281,328,0.16015625,0.1612183004617691,35.48998260498047,0.7568387985229492
5282,366,0.1787109375,0.16718848049640656,35.96548843383789,0.7537139058113098
5283,417,0.20361328125,0.16192534565925598,37.5015754699707,0.7355815768241882
5284,337,0.16455078125,0.1573406606912613,35.84707260131836,0.760245144367218
5285,381,0.18603515625,0.15518753230571747,37.365116119384766,0.7392427325248718
5286,330,0.1611328125,0.1399628221988678,34.93265151977539,0.7682847380638123
5287,360,0.17578125,0.1531849354505539,35.66944885253906,0.7566103339195251
5288,355,0.17333984375,0.1517249345779419,36.2403678894043,0.7511357069015503
5289,394,0.1923828125,0.14580680429935455,38.422306060791016,0.724931538105011
5290,426,0.2080078125,0.14682702720165253,38.617671966552734,0.7237163186073303
5291,366,0.1787109375,0.11776941269636154,33.71644592285156,0.7786663174629211
5292,364,0.177734375,0.11404652893543243,34.3320198059082,0.7710637450218201
5293,344,0.16796875,0.11338704079389572,34.76427459716797,0.7715688347816467
5294,355,0.17333984375,0.11460558325052261,35.077518463134766,0.7662143111228943
5295,408,0.19921875,0.12792417407035828,35.96691131591797,0.7512673735618591
5296,387,0.18896484375,0.1274237036705017,35.52488327026367,0.7580116987228394
5297,358,0.1748046875,0.10878374427556992,33.34647750854492,0.7841595411300659
5298,347,0.16943359375,0.10890080779790878,34.65373229980469,0.7714939713478088
5299,386,0.1884765625,0.12628965079784393,36.717926025390625,0.747471809387207
5300,394,0.1923828125,0.1309356987476349,36.872474670410156,0.7448017597198486
5301,379,0.18505859375,0.11831168830394745,35.85213088989258,0.7559125423431396
5302,390,0.1904296875,0.1216992735862732,36.2393913269043,0.7531901597976685
5303,331,0.16162109375,0.11291452497243881,33.663612365722656,0.7858232259750366
5304,297,0.14501953125,0.10707278549671173,32.72247314453125,0.8016876578330994
5305,272,0.1328125,0.1103602945804596,31.520992279052734,0.8156256675720215
5306,249,0.12158203125,0.11221843212842941,31.017501831054688,0.8212389349937439
5307,271,0.13232421875,0.11021818220615387,31.231401443481445,0.8141207695007324
5308,274,0.1337890625,0.1131775751709938,32.02705764770508,0.8078839778900146
5309,313,0.15283203125,0.10932675749063492,33.908878326416016,0.7817645072937012
5310,268,0.130859375,0.10829754173755646,31.479764938354492,0.8139214515686035
5311,262,0.1279296875,0.10860764235258102,31.089488983154297,0.8197357058525085
5312,264,0.12890625,0.10758242011070251,32.905860900878906,0.8006775379180908
5313,280,0.13671875,0.10678178817033768,30.935640335083008,0.8190225958824158
5314,283,0.13818359375,0.10662167519330978,31.11783218383789,0.8166763782501221
5315,281,0.13720703125,0.10554073005914688,30.915069580078125,0.823962390422821
5316,268,0.130859375,0.10876982659101486,29.798492431640625,0.8350576162338257
5317,263,0.12841796875,0.11049991846084595,31.38260841369629,0.8195827603340149
5318,290,0.1416015625,0.1143980398774147,30.51478385925293,0.8248259425163269
5319,289,0.14111328125,0.12132937461137772,33.01523208618164,0.7919232249259949
5320,92,0.044921875,0.1653965562582016,30.617565155029297,0.825069785118103
5321,96,0.046875,0.16245009005069733,32.3880729675293,0.7974779009819031
5322,97,0.04736328125,0.13655559718608856,33.30437088012695,0.7826282382011414
5323,94,0.0458984375,0.12935762107372284,30.198333740234375,0.8280705213546753
5324,97,0.04736328125,0.12865586578845978,31.302900314331055,0.8183914422988892
5325,101,0.04931640625,0.127628892660141,32.92538070678711,0.8009234666824341
5326,103,0.05029296875,0.13311618566513062,30.60976791381836,0.8245166540145874
5327,98,0.0478515625,0.12980696558952332,30.225143432617188,0.8293115496635437
5328,104,0.05078125,0.13340063393115997,32.56618118286133,0.8036518692970276
5329,98,0.0478515625,0.13626833260059357,33.10984802246094,0.7946322560310364
5330,90,0.0439453125,0.13067752122879028,32.1922721862793,0.7941932082176208
5331,85,0.04150390625,0.12842927873134613,32.46184539794922,0.7952293753623962
5332,78,0.0380859375,0.11945522576570511,30.26029396057129,0.8177984356880188
5333,92,0.044921875,0.11685772985219955,29.464879989624023,0.8307623863220215
5334,93,0.04541015625,0.11849229782819748,30.796022415161133,0.8212853670120239
5335,82,0.0400390625,0.11114323884248734,30.404844284057617,0.8299212455749512
5336,94,0.0458984375,0.12048065662384033,31.762903213500977,0.8180785775184631
5337,92,0.044921875,0.1143721342086792,33.171016693115234,0.8012336492538452
5338,94,0.0458984375,0.1285206824541092,33.29762649536133,0.8003883957862854
5339,88,0.04296875,0.1260870099067688,33.45206832885742,0.7923848628997803
5340,110,0.0537109375,0.10609680414199829,32.09003829956055,0.8029173612594604
5341,114,0.0556640625,0.11112390458583832,31.186296463012695,0.8112180233001709
5342,118,0.0576171875,0.11172360181808472,30.235057830810547,0.8215262293815613
5343,123,0.06005859375,0.10950996726751328,31.508167266845703,0.8147648572921753
5344,164,0.080078125,0.13337157666683197,31.427663803100586,0.8111317157745361
5345,171,0.08349609375,0.13829392194747925,30.872453689575195,0.8134749531745911
5346,171,0.08349609375,0.12739744782447815,33.93487548828125,0.7956090569496155
5347,174,0.0849609375,0.13114605844020844,33.59320068359375,0.7922925353050232
5348,199,0.09716796875,0.17085608839988708,32.58892059326172,0.8061898946762085
5349,203,0.09912109375,0.18442939221858978,33.454532623291016,0.8044504523277283
5350,192,0.09375,0.17569606006145477,32.40846633911133,0.8085494041442871
5351,220,0.107421875,0.1940663605928421,32.441280364990234,0.7982363700866699
5352,174,0.0849609375,0.133571058511734,29.651777267456055,0.8330601453781128
5353,174,0.0849609375,0.1714671552181244,30.351211547851562,0.8248774409294128
5354,201,0.09814453125,0.20064446330070496,32.406822204589844,0.8003162145614624
5355,202,0.0986328125,0.19446276128292084,31.04720687866211,0.810765266418457
5356,219,0.10693359375,0.19249725341796875,31.401872634887695,0.8071895241737366
5357,285,0.13916015625,0.21590407192707062,28.964004516601562,0.8347468376159668
5358,258,0.1259765625,0.1739814579486847,29.670490264892578,0.8298142552375793
5359,296,0.14453125,0.20087391138076782,30.01250457763672,0.8247842788696289
5360,323,0.15771484375,0.1671946495771408,36.09739685058594,0.7601752877235413
5361,297,0.14501953125,0.18053285777568817,34.712974548339844,0.7828265428543091
5362,279,0.13623046875,0.1445576697587967,34.96344757080078,0.7826796770095825
5363,237,0.11572265625,0.12572386860847473,33.24439239501953,0.805651068687439
5364,233,0.11376953125,0.12439469993114471,34.192325592041016,0.788404643535614
5365,239,0.11669921875,0.12923794984817505,34.973915100097656,0.7772716879844666
5366,234,0.1142578125,0.1431705206632614,37.756317138671875,0.7406022548675537
5367,230,0.1123046875,0.13009387254714966,35.621910095214844,0.7679914236068726
5368,248,0.12109375,0.14916279911994934,32.132972717285156,0.8131653666496277
5369,238,0.1162109375,0.12596376240253448,32.283958435058594,0.8082767128944397
5370,259,0.12646484375,0.13250236213207245,31.302730560302734,0.8199586868286133
5371,259,0.12646484375,0.1316104233264923,31.6369571685791,0.8173446655273438
5372,256,0.125,0.13355061411857605,32.15135192871094,0.8124534487724304
5373,293,0.14306640625,0.17050306499004364,35.0810432434082,0.7756041884422302
5374,245,0.11962890625,0.13211961090564728,31.87457275390625,0.8152899742126465
5375,259,0.12646484375,0.1570669710636139,32.390743255615234,0.8079894185066223
5376,278,0.1357421875,0.18695248663425446,33.78725051879883,0.7840675115585327
5377,222,0.1083984375,0.13724491000175476,33.33632278442383,0.7880445718765259
5378,221,0.10791015625,0.13582350313663483,32.10544967651367,0.8044944405555725
5379,231,0.11279296875,0.1416010558605194,30.05116081237793,0.8334142565727234
5380,271,0.13232421875,0.1895936280488968,33.04597854614258,0.7972840070724487
5381,222,0.1083984375,0.14429165422916412,31.107547760009766,0.8202869892120361
5382,238,0.1162109375,0.17241868376731873,31.482860565185547,0.813456118106842
5383,172,0.083984375,0.12008536607027054,32.5540657043457,0.8049491047859192
5384,185,0.09033203125,0.12012859433889389,33.89497375488281,0.7871848344802856
5385,171,0.08349609375,0.12500911951065063,34.533294677734375,0.7841718196868896
5386,190,0.0927734375,0.11361437290906906,31.040395736694336,0.8234220147132874
5387,186,0.0908203125,0.1115914136171341,30.872337341308594,0.8233063220977783
5388,186,0.0908203125,0.11847131699323654,31.003124237060547,0.8170734643936157
5389,206,0.1005859375,0.12082923203706741,30.65570068359375,0.8183746933937073
5390,202,0.0986328125,0.12067823112010956,31.61629867553711,0.8037245273590088
5391,205,0.10009765625,0.11239051073789597,30.002836227416992,0.8159021139144897
5392,210,0.1025390625,0.10415912419557571,28.45904541015625,0.8445058465003967
5393,228,0.111328125,0.10433612018823624,28.199188232421875,0.8469676375389099
5394,253,0.12353515625,0.11056117713451385,29.66278839111328,0.82893967628479
5395,247,0.12060546875,0.10626859962940216,29.336795806884766,0.8331862092018127
5396,257,0.12548828125,0.10759603977203369,30.594680786132812,0.8201726675033569
5397,245,0.11962890625,0.10926999896764755,29.874542236328125,0.8232779502868652
5398,246,0.1201171875,0.11011426895856857,29.956466674804688,0.8219640851020813
5399,240,0.1171875,0.10984032601118088,30.659273147583008,0.8145174384117126
5400,207,0.10107421875,0.127464160323143,31.992277145385742,0.8059490919113159
5401,205,0.10009765625,0.13233868777751923,31.70230484008789,0.8099263906478882
5402,185,0.09033203125,0.13874970376491547,33.37642288208008,0.7923262119293213
5403,192,0.09375,0.1408885270357132,31.6165771484375,0.8094698786735535
5404,214,0.1044921875,0.1417374610900879,33.08403396606445,0.7883228063583374
5405,222,0.1083984375,0.13513076305389404,31.112957000732422,0.8090603351593018
5406,220,0.107421875,0.13414043188095093,31.631858825683594,0.803751528263092
5407,247,0.12060546875,0.14681492745876312,33.35664367675781,0.7900122404098511
5408,359,0.17529296875,0.17379866540431976,35.11736297607422,0.7657479047775269
5409,357,0.17431640625,0.1670064777135849,34.704097747802734,0.7693074345588684
5410,415,0.20263671875,0.16468015313148499,35.6134147644043,0.7607757449150085
5411,422,0.2060546875,0.1697908192873001,35.622249603271484,0.755148708820343
5412,348,0.169921875,0.1611415296792984,32.5306282043457,0.797526478767395
5413,357,0.17431640625,0.15360069274902344,32.05735778808594,0.8025808334350586
5414,360,0.17578125,0.16638320684432983,34.015724182128906,0.7822564840316772
5415,374,0.1826171875,0.1700124591588974,36.578426361083984,0.7559657096862793
5416,390,0.1904296875,0.17152363061904907,35.596519470214844,0.7646704912185669
5417,372,0.181640625,0.1666967272758484,35.658023834228516,0.7607425451278687
5418,411,0.20068359375,0.1601121723651886,34.60723114013672,0.7704193592071533
5419,382,0.1865234375,0.1621379554271698,34.02009963989258,0.7806230187416077
5420,368,0.1796875,0.16471968591213226,34.194053649902344,0.7777663469314575
5421,337,0.16455078125,0.16870029270648956,33.651702880859375,0.7848630547523499
5422,373,0.18212890625,0.16218936443328857,33.757667541503906,0.7807940244674683
5423,319,0.15576171875,0.15158545970916748,33.113643646240234,0.7855688333511353
5424,276,0.134765625,0.14013181626796722,31.816856384277344,0.8046261072158813
5425,310,0.1513671875,0.1523650586605072,32.79219055175781,0.7908733487129211
5426,273,0.13330078125,0.14180728793144226,31.00033950805664,0.8126581907272339
5427,309,0.15087890625,0.16569048166275024,32.891204833984375,0.787192702293396
5428,314,0.1533203125,0.18014682829380035,32.49995040893555,0.7931873798370361
5429,353,0.17236328125,0.1744399219751358,33.573951721191406,0.7782909274101257
5430,369,0.18017578125,0.19326618313789368,33.84242630004883,0.7706989645957947
5431,324,0.158203125,0.1831291913986206,32.818424224853516,0.7837367057800293
5432,294,0.1435546875,0.18935203552246094,33.10758972167969,0.7819260358810425
5433,236,0.115234375,0.15147092938423157,31.894670486450195,0.8057662844657898
5434,204,0.099609375,0.15892231464385986,31.132137298583984,0.819729745388031
5435,230,0.1123046875,0.16222770512104034,31.960054397583008,0.8034379482269287
5436,251,0.12255859375,0.15310697257518768,32.11984634399414,0.8023796081542969
5437,300,0.146484375,0.18768112361431122,34.48991394042969,0.7738552689552307
5438,353,0.17236328125,0.20934684574604034,36.70180892944336,0.7463014721870422
5439,391,0.19091796875,0.2288283407688141,37.61387634277344,0.7415368556976318
5440,156,0.076171875,0.15474332869052887,28.052486419677734,0.8432713150978088
5441,164,0.080078125,0.152125746011734,27.331787109375,0.8486387729644775
5442,166,0.0810546875,0.1485205590724945,26.668928146362305,0.8586891889572144
5443,185,0.09033203125,0.14274299144744873,26.65180206298828,0.8549802899360657
5444,184,0.08984375,0.1396797001361847,25.114425659179688,0.8713439702987671
5445,189,0.09228515625,0.14125780761241913,25.62460708618164,0.865028977394104
5446,166,0.0810546875,0.14920517802238464,25.642066955566406,0.8677814602851868
5447,172,0.083984375,0.1448458880186081,27.486328125,0.8475410342216492
5448,186,0.0908203125,0.14207085967063904,25.79517364501953,0.8667082190513611
5449,195,0.09521484375,0.13774427771568298,23.96440315246582,0.8808050155639648
5450,189,0.09228515625,0.14002618193626404,24.51573371887207,0.8768429756164551
5451,184,0.08984375,0.14034044742584229,23.84244728088379,0.8846743106842041
5452,184,0.08984375,0.13623382151126862,26.186542510986328,0.8602352738380432
5453,159,0.07763671875,0.1340857595205307,26.425872802734375,0.8657267689704895
5454,150,0.0732421875,0.1391441524028778,26.645898818969727,0.8580282330513
5455,156,0.076171875,0.13802792131900787,26.078975677490234,0.8600802421569824
5456,188,0.091796875,0.13479742407798767,25.81035804748535,0.8663391470909119
5457,175,0.08544921875,0.1395031213760376,27.198183059692383,0.8535523414611816
5458,161,0.07861328125,0.1395273655653,25.594560623168945,0.8666879534721375
5459,145,0.07080078125,0.13409389555454254,25.627521514892578,0.866806149482727
5460,153,0.07470703125,0.133017897605896,26.20217514038086,0.8615615963935852
5461,169,0.08251953125,0.13420097529888153,26.235912322998047,0.8616546988487244
5462,164,0.080078125,0.140690416097641,24.378637313842773,0.8776780962944031
5463,169,0.08251953125,0.13574600219726562,25.623043060302734,0.8673692345619202
5464,169,0.08251953125,0.13270100951194763,26.987934112548828,0.8589811325073242
5465,167,0.08154296875,0.14296384155750275,27.401832580566406,0.8546341061592102
5466,143,0.06982421875,0.14151370525360107,26.90664291381836,0.8577172756195068
5467,145,0.07080078125,0.14188995957374573,28.649080276489258,0.8460654616355896
5468,127,0.06201171875,0.14590154588222504,31.608760833740234,0.8192558884620667
5469,125,0.06103515625,0.13835501670837402,30.442941665649414,0.8308997750282288
5470,125,0.06103515625,0.1470431536436081,32.10784149169922,0.81267249584198
5471,110,0.0537109375,0.15216277539730072,30.281221389770508,0.8292807340621948
5472,109,0.05322265625,0.1606256365776062,30.82529067993164,0.81892991065979
5473,117,0.05712890625,0.15018807351589203,30.85431671142578,0.8199902176856995
5474,112,0.0546875,0.15225747227668762,30.90127182006836,0.8208901286125183
5475,100,0.048828125,0.17265622317790985,31.732093811035156,0.814047634601593
5476,105,0.05126953125,0.16289682686328888,31.013898849487305,0.8227085471153259
5477,107,0.05224609375,0.16026440262794495,30.867794036865234,0.8211320638656616
5478,109,0.05322265625,0.1547894924879074,30.177371978759766,0.8285309076309204
5479,112,0.0546875,0.15071605145931244,28.169509887695312,0.8488882780075073
5480,263,0.12841796875,0.12106706947088242,32.8170166015625,0.7941228747367859
5481,241,0.11767578125,0.12195578217506409,32.84514617919922,0.7917337417602539
5482,260,0.126953125,0.11817833036184311,31.907981872558594,0.8049431443214417
5483,291,0.14208984375,0.11971061676740646,32.03938674926758,0.8024577498435974
5484,298,0.1455078125,0.12156067788600922,30.44940948486328,0.8229068517684937
5485,297,0.14501953125,0.1264566332101822,31.685375213623047,0.8074061274528503
5486,280,0.13671875,0.11863239109516144,30.62281608581543,0.820848822593689
5487,302,0.1474609375,0.13567909598350525,31.207820892333984,0.8159826397895813
5488,318,0.1552734375,0.1367775946855545,34.15214920043945,0.7785422801971436
5489,334,0.1630859375,0.16243292391300201,34.22945785522461,0.7777353525161743
5490,295,0.14404296875,0.124647356569767,31.613515853881836,0.8120933175086975
5491,305,0.14892578125,0.1385798156261444,31.602794647216797,0.8025724291801453
5492,315,0.15380859375,0.20480971038341522,35.09272766113281,0.7711855173110962
5493,316,0.154296875,0.19815093278884888,33.69571304321289,0.7850932478904724
5494,300,0.146484375,0.1928125023841858,32.85009765625,0.7910366654396057
5495,290,0.1416015625,0.1727612316608429,31.665645599365234,0.806980311870575
5496,288,0.140625,0.1643763929605484,32.30978012084961,0.7998698353767395
5497,307,0.14990234375,0.19703465700149536,32.36576843261719,0.7971051931381226
5498,365,0.17822265625,0.174002006649971,31.125192642211914,0.8101372718811035
5499,324,0.158203125,0.16649405658245087,30.810558319091797,0.8125681281089783
5500,361,0.17626953125,0.18976972997188568,33.3043098449707,0.7857733368873596
5501,366,0.1787109375,0.18546870350837708,33.75041198730469,0.7804266810417175
5502,358,0.1748046875,0.18772143125534058,33.06319046020508,0.7912720441818237
5503,363,0.17724609375,0.18833795189857483,33.2763671875,0.7848912477493286
5504,363,0.17724609375,0.19178049266338348,33.748138427734375,0.7758483290672302
5505,301,0.14697265625,0.1552601009607315,29.661529541015625,0.823185384273529
5506,320,0.15625,0.17533093690872192,31.2280330657959,0.8132465481758118
5507,281,0.13720703125,0.13945165276527405,31.65106773376465,0.8102863430976868
5508,264,0.12890625,0.14175358414649963,31.61176109313965,0.8114672303199768
5509,241,0.11767578125,0.13741178810596466,30.72831916809082,0.8163930177688599
5510,260,0.126953125,0.12671592831611633,30.442142486572266,0.8160272836685181
5511,256,0.125,0.14833605289459229,30.05905532836914,0.8230485320091248
5512,230,0.1123046875,0.16147509217262268,30.561079025268555,0.8199355602264404
5513,196,0.095703125,0.1451474130153656,30.834775924682617,0.8195017576217651
5514,190,0.0927734375,0.15007765591144562,27.79806137084961,0.8420682549476624
5515,190,0.0927734375,0.14161355793476105,29.544410705566406,0.8235152363777161
5516,189,0.09228515625,0.1433781534433365,29.008686065673828,0.835538923740387
5517,187,0.09130859375,0.14880135655403137,29.90921401977539,0.8248083591461182
5518,194,0.0947265625,0.16006925702095032,29.585914611816406,0.8211866617202759
5519,179,0.08740234375,0.16880497336387634,30.55624008178711,0.8153187036514282
5520,371,0.18115234375,0.15538153052330017,35.87235641479492,0.7624542713165283
5521,402,0.1962890625,0.14575934410095215,34.82350540161133,0.7686930894851685
5522,416,0.203125,0.14562782645225525,35.254337310791016,0.7630970478057861
5523,430,0.2099609375,0.14373284578323364,36.31058120727539,0.7502557635307312
5524,438,0.2138671875,0.1434020698070526,34.54811096191406,0.7681227922439575
5525,481,0.23486328125,0.14670731127262115,35.67129135131836,0.7605913877487183
5526,373,0.18212890625,0.15557101368904114,33.52233123779297,0.7730566263198853
5527,421,0.20556640625,0.14370499551296234,33.80253219604492,0.7701895236968994
5528,373,0.18212890625,0.14201058447360992,33.86637878417969,0.7669768333435059
5529,354,0.1728515625,0.1475655734539032,34.23503112792969,0.7683514952659607
5530,338,0.1650390625,0.14938943088054657,35.113792419433594,0.7633901834487915
5531,377,0.18408203125,0.1488536298274994,36.544349670410156,0.7453950643539429
5532,365,0.17822265625,0.14736919105052948,36.48789596557617,0.7446581125259399
5533,410,0.2001953125,0.14438189566135406,35.32809066772461,0.7646368145942688
5534,434,0.2119140625,0.13115832209587097,37.006874084472656,0.7483946681022644
5535,361,0.17626953125,0.13157305121421814,36.80914306640625,0.7496244311332703
5536,371,0.18115234375,0.1284659057855606,37.942054748535156,0.7447892427444458
5537,328,0.16015625,0.11673922836780548,35.6471061706543,0.7702502608299255
5538,340,0.166015625,0.1255125254392624,35.3106575012207,0.7698294520378113
5539,378,0.1845703125,0.1231863722205162,34.877925872802734,0.7729687690734863
5540,403,0.19677734375,0.12418815493583679,34.87709426879883,0.7674176096916199
5541,403,0.19677734375,0.11026842892169952,34.34395980834961,0.7755594253540039
5542,358,0.1748046875,0.13302339613437653,34.309776306152344,0.7786493301391602
5543,404,0.197265625,0.12859798967838287,34.424678802490234,0.7745559215545654
5544,414,0.2021484375,0.12195558100938797,34.791770935058594,0.7703104615211487
5545,454,0.2216796875,0.12174639850854874,36.53200149536133,0.7564514875411987
5546,368,0.1796875,0.12338070571422577,37.317569732666016,0.7530111074447632
5547,374,0.1826171875,0.11561259627342224,35.75366973876953,0.7683872580528259
5548,391,0.19091796875,0.11604046821594238,35.31827163696289,0.7711486220359802
5549,432,0.2109375,0.12992341816425323,35.02682113647461,0.7644370198249817
5550,424,0.20703125,0.1181493028998375,35.22747802734375,0.7676219344139099
5551,413,0.20166015625,0.11893434822559357,35.805782318115234,0.7626850605010986
5552,411,0.20068359375,0.12859298288822174,34.68531799316406,0.7681699991226196
5553,470,0.2294921875,0.12023807317018509,34.38736343383789,0.7710708975791931
5554,449,0.21923828125,0.1432514190673828,35.85987854003906,0.7530093193054199
5555,423,0.20654296875,0.12911592423915863,34.427860260009766,0.7710443735122681
5556,466,0.2275390625,0.13350294530391693,36.985294342041016,0.7437659502029419
5557,480,0.234375,0.1392456442117691,35.937679290771484,0.7502197027206421
5558,489,0.23876953125,0.15805724263191223,36.000972747802734,0.7487960457801819
5559,523,0.25537109375,0.15319021046161652,36.864437103271484,0.7374780774116516
5560,579,0.28271484375,0.13646744191646576,46.36058807373047,0.6307633519172668
5561,698,0.3408203125,0.1323040872812271,46.74565887451172,0.6243308186531067
5562,716,0.349609375,0.13335983455181122,46.58148956298828,0.626872181892395
5563,727,0.35498046875,0.1305861473083496,46.66242218017578,0.6257529854774475
5564,869,0.42431640625,0.12403391301631927,50.79745864868164,0.584767758846283
5565,616,0.30078125,0.12835758924484253,51.325950622558594,0.573788046836853
5566,828,0.404296875,0.13483338057994843,50.11402130126953,0.5891849398612976
5567,1137,0.55517578125,0.1644802987575531,47.60560989379883,0.6236527562141418
5568,1522,0.7431640625,0.1653609424829483,55.039222717285156,0.5291302800178528
5569,386,0.1884765625,0.2354310154914856,54.109161376953125,0.5291638374328613
5570,1262,0.6162109375,0.1669224053621292,53.420650482177734,0.5461742281913757
5571,1352,0.66015625,0.15744274854660034,53.65607833862305,0.5425106287002563
5572,994,0.4853515625,0.15977096557617188,51.28816604614258,0.5709341168403625
5573,1085,0.52978515625,0.15675686299800873,53.245670318603516,0.5488443374633789
5574,1456,0.7109375,0.1531975120306015,50.03916549682617,0.5906873941421509
5575,1139,0.55615234375,0.15985308587551117,44.453617095947266,0.6559135913848877
5576,1039,0.50732421875,0.17329126596450806,48.77863311767578,0.6069409847259521
5577,820,0.400390625,0.17011307179927826,44.9249153137207,0.6558191180229187
5578,654,0.3193359375,0.16829541325569153,41.4339714050293,0.6988992691040039
5579,610,0.2978515625,0.15588100254535675,33.982513427734375,0.7740495800971985
5580,621,0.30322265625,0.16186121106147766,37.15004348754883,0.743586540222168
5581,861,0.42041015625,0.15190234780311584,34.79462432861328,0.7612503170967102
5582,784,0.3828125,0.1503787636756897,34.139530181884766,0.7682276964187622
5583,663,0.32373046875,0.12997063994407654,34.666481018066406,0.7739214301109314
5584,813,0.39697265625,0.13980470597743988,34.052345275878906,0.7688454985618591
5585,788,0.384765625,0.12890373170375824,36.50542068481445,0.7483367323875427
5586,829,0.40478515625,0.1162804663181305,37.85006332397461,0.7368119359016418
5587,814,0.3974609375,0.1314830780029297,36.73247528076172,0.7421192526817322
5588,658,0.3212890625,0.13190002739429474,35.27149200439453,0.7634508609771729
5589,688,0.3359375,0.12707094848155975,36.11003494262695,0.752155065536499
5590,658,0.3212890625,0.11295527964830399,35.20731735229492,0.7665950059890747
5591,595,0.29052734375,0.12478842586278915,34.53764343261719,0.7807090878486633
5592,423,0.20654296875,0.1783716082572937,33.98465347290039,0.7951594591140747
5593,317,0.15478515625,0.20462174713611603,33.19851303100586,0.7947796583175659
5594,287,0.14013671875,0.20578157901763916,33.78114700317383,0.7919631004333496
5595,255,0.12451171875,0.220932736992836,34.75784683227539,0.781782329082489
5596,307,0.14990234375,0.19536353647708893,33.197662353515625,0.7976165413856506
5597,331,0.16162109375,0.15471814572811127,28.61808204650879,0.8406962156295776
5598,276,0.134765625,0.16052426397800446,28.043588638305664,0.848060667514801
5599,224,0.109375,0.18023104965686798,28.71490478515625,0.8471041917800903
5600,268,0.130859375,0.13342967629432678,24.593162536621094,0.8730357885360718
5601,304,0.1484375,0.1701253205537796,26.413747787475586,0.853476345539093
5602,299,0.14599609375,0.14365610480308533,24.860107421875,0.8713868856430054
5603,271,0.13232421875,0.14487478137016296,25.09921646118164,0.8664706349372864
5604,232,0.11328125,0.12039242684841156,25.530353546142578,0.8688651919364929
5605,229,0.11181640625,0.1160978227853775,24.997623443603516,0.8762640953063965
5606,251,0.12255859375,0.12228227406740189,24.63075828552246,0.8761856555938721
5607,293,0.14306640625,0.1277274638414383,23.929534912109375,0.8775128722190857
5608,248,0.12109375,0.1149870976805687,24.491806030273438,0.8744019269943237
5609,224,0.109375,0.10641901940107346,26.318477630615234,0.8603572845458984
5610,248,0.12109375,0.11369519680738449,25.26430320739746,0.868454098701477
5611,258,0.1259765625,0.1175193190574646,25.001222610473633,0.8717057108879089
5612,263,0.12841796875,0.126356840133667,26.857730865478516,0.8587247729301453
5613,323,0.15771484375,0.1474362313747406,26.314157485961914,0.8595159649848938
5614,359,0.17529296875,0.16502761840820312,29.443832397460938,0.8230993151664734
5615,347,0.16943359375,0.14871254563331604,27.350040435791016,0.8475097417831421
5616,286,0.1396484375,0.12049288302659988,26.375038146972656,0.8611170053482056
5617,288,0.140625,0.12455127388238907,26.622480392456055,0.8590784072875977
5618,376,0.18359375,0.1578599363565445,31.147258758544922,0.8082549571990967
5619,291,0.14208984375,0.1164826974272728,25.675914764404297,0.8668969869613647
5620,311,0.15185546875,0.11500944197177887,26.030580520629883,0.8608151078224182
5621,372,0.181640625,0.15472416579723358,34.068748474121094,0.7762489914894104
5622,311,0.15185546875,0.12761209905147552,29.43325424194336,0.8236891627311707
5623,310,0.1513671875,0.13009051978588104,26.76799964904785,0.8470700979232788
5624,303,0.14794921875,0.11057831346988678,26.105348587036133,0.8520535826683044
5625,287,0.14013671875,0.12165674567222595,25.42871856689453,0.8672321438789368
5626,297,0.14501953125,0.1123054251074791,25.697134017944336,0.861279308795929
5627,249,0.12158203125,0.1264655441045761,27.363065719604492,0.852817952632904
5628,265,0.12939453125,0.13435952365398407,26.465213775634766,0.8625935912132263
5629,271,0.13232421875,0.11554393917322159,25.044857025146484,0.8730624318122864
5630,268,0.130859375,0.12205933779478073,26.695398330688477,0.8594223856925964
5631,289,0.14111328125,0.12498795241117477,27.400907516479492,0.8459707498550415
5632,393,0.19189453125,0.19367633759975433,32.14771270751953,0.7801380157470703
5633,407,0.19873046875,0.19387193024158478,32.22265625,0.7777595520019531
5634,475,0.23193359375,0.20943669974803925,37.220550537109375,0.7234827876091003
5635,481,0.23486328125,0.1982930600643158,36.34259796142578,0.7389340400695801
5636,397,0.19384765625,0.1851416975259781,33.62623977661133,0.7626693844795227
5637,334,0.1630859375,0.1616007387638092,29.195648193359375,0.817208468914032
5638,400,0.1953125,0.20183096826076508,36.77076721191406,0.7348175048828125
5639,422,0.2060546875,0.18425767123699188,36.96970748901367,0.7322424054145813
5640,8,0.00390625,0.12313497811555862,31.347455978393555,0.8117940425872803
5641,16,0.0078125,0.11483259499073029,28.546112060546875,0.8535470366477966
5642,24,0.01171875,0.13021549582481384,32.9277229309082,0.8084003329277039
5643,27,0.01318359375,0.13588213920593262,30.698009490966797,0.8410785794258118
5644,20,0.009765625,0.11660277098417282,33.74575424194336,0.8055359721183777
5645,25,0.01220703125,0.12147481739521027,35.45895767211914,0.7766445875167847
5646,38,0.0185546875,0.12816213071346283,38.932559967041016,0.7436650991439819
5647,42,0.0205078125,0.11476680636405945,34.897884368896484,0.7804067730903625
5648,37,0.01806640625,0.11238016188144684,34.869873046875,0.7868192791938782
5649,37,0.01806640625,0.09943217784166336,36.19696044921875,0.7644548416137695
5650,45,0.02197265625,0.14338888227939606,38.24538803100586,0.7394953966140747
5651,58,0.0283203125,0.1233106479048729,31.575862884521484,0.8187292814254761
5652,58,0.0283203125,0.12361039966344833,28.631254196166992,0.8375778198242188
5653,77,0.03759765625,0.13304054737091064,33.07558059692383,0.7894979119300842
5654,63,0.03076171875,0.1268778294324875,30.679841995239258,0.8155052065849304
5655,69,0.03369140625,0.13027971982955933,34.298465728759766,0.7756077647209167
5656,56,0.02734375,0.12081442773342133,35.74612045288086,0.7685398459434509
5657,69,0.03369140625,0.13256682455539703,31.861391067504883,0.8034054040908813
5658,52,0.025390625,0.12933538854122162,34.21875,0.7857118248939514
5659,75,0.03662109375,0.16440901160240173,31.876243591308594,0.8152834177017212
5660,69,0.03369140625,0.17173859477043152,34.083126068115234,0.788457989692688
5661,57,0.02783203125,0.16277062892913818,33.15143966674805,0.8071410655975342
5662,48,0.0234375,0.11837401241064072,34.25306701660156,0.7970981001853943
5663,43,0.02099609375,0.11375019699335098,36.139957427978516,0.7741541266441345
5664,38,0.0185546875,0.12842312455177307,36.876007080078125,0.7585065364837646
5665,43,0.02099609375,0.12450399994850159,35.604305267333984,0.7692498564720154
5666,48,0.0234375,0.12112189829349518,34.52553939819336,0.7863092422485352
5667,44,0.021484375,0.15016469359397888,33.40382385253906,0.8068660497665405
5668,49,0.02392578125,0.17187391221523285,31.578842163085938,0.8265279531478882
5669,56,0.02734375,0.1961132138967514,35.475547790527344,0.7685099840164185
5670,59,0.02880859375,0.21037635207176208,36.01010513305664,0.7563473582267761
5671,53,0.02587890625,0.18876752257347107,30.884422302246094,0.8199816942214966
5672,49,0.02392578125,0.1818627119064331,30.093612670898438,0.8287934064865112
5673,58,0.0283203125,0.21291936933994293,33.874595642089844,0.7842740416526794
5674,57,0.02783203125,0.149011492729187,30.005542755126953,0.8321060538291931
5675,71,0.03466796875,0.13559982180595398,29.18377685546875,0.8447083830833435
5676,55,0.02685546875,0.1227772980928421,28.718576431274414,0.8433251976966858
5677,55,0.02685546875,0.13407275080680847,29.817947387695312,0.8339263796806335
5678,68,0.033203125,0.13648077845573425,30.97861671447754,0.8266444802284241
5679,54,0.0263671875,0.1454625427722931,31.990266799926758,0.8156061768531799
5680,301,0.14697265625,0.17022883892059326,25.66012954711914,0.8569374680519104
5681,324,0.158203125,0.16900180280208588,28.47700309753418,0.8279978632926941
5682,310,0.1513671875,0.1666073352098465,26.465599060058594,0.8456763625144958
5683,306,0.1494140625,0.1697356253862381,26.796823501586914,0.8413740992546082
5684,305,0.14892578125,0.15946272015571594,28.211692810058594,0.8248350620269775
5685,296,0.14453125,0.15017728507518768,26.20741844177246,0.8511897325515747
5686,296,0.14453125,0.14559918642044067,26.410722732543945,0.8476418852806091
5687,324,0.158203125,0.1574087291955948,27.914499282836914,0.826062023639679
5688,334,0.1630859375,0.15411850810050964,28.166767120361328,0.8222092390060425
5689,298,0.1455078125,0.1488092839717865,27.417152404785156,0.8327551484107971
5690,310,0.1513671875,0.15981648862361908,26.193466186523438,0.8421212434768677
5691,302,0.1474609375,0.14924387633800507,28.23168182373047,0.8269844055175781
5692,303,0.14794921875,0.14473414421081543,27.86920166015625,0.8300525546073914
5693,316,0.154296875,0.13409383594989777,28.93966293334961,0.8269783854484558
5694,306,0.1494140625,0.13443146646022797,29.836254119873047,0.8152384757995605
5695,362,0.1767578125,0.15075954794883728,30.00520133972168,0.8201941251754761
5696,363,0.17724609375,0.15093019604682922,30.33481216430664,0.8172759413719177
5697,378,0.1845703125,0.14856983721256256,30.71786117553711,0.810181736946106
5698,330,0.1611328125,0.14775407314300537,30.236387252807617,0.8180761933326721
5699,382,0.1865234375,0.15445226430892944,29.047378540039062,0.8241258263587952
5700,379,0.18505859375,0.15246081352233887,28.361495971679688,0.8322762250900269
5701,371,0.18115234375,0.13766609132289886,28.95183753967285,0.8237642645835876
5702,348,0.169921875,0.1332026571035385,28.801145553588867,0.8268425464630127
5703,375,0.18310546875,0.1427665799856186,29.793039321899414,0.8171840906143188
5704,348,0.169921875,0.13551495969295502,28.870866775512695,0.8278557658195496
5705,335,0.16357421875,0.12517401576042175,29.304338455200195,0.8218158483505249
5706,346,0.1689453125,0.1285926103591919,28.20335578918457,0.828192412853241
5707,267,0.13037109375,0.12751592695713043,30.998266220092773,0.8084801435470581
5708,252,0.123046875,0.12395741045475006,31.227386474609375,0.8052674531936646
5709,247,0.12060546875,0.12336788326501846,30.57032585144043,0.8085967898368835
5710,264,0.12890625,0.12014750391244888,29.73651695251465,0.8186492919921875
5711,300,0.146484375,0.12448874861001968,29.519115447998047,0.8203523755073547
5712,312,0.15234375,0.1288098692893982,28.684295654296875,0.832410454750061
5713,365,0.17822265625,0.15136072039604187,30.132007598876953,0.8150461912155151
5714,310,0.1513671875,0.1299927681684494,30.16433334350586,0.8191025257110596
5715,320,0.15625,0.1378263235092163,29.547443389892578,0.8248392343521118
5716,346,0.1689453125,0.14338955283164978,28.870746612548828,0.8289024829864502
5717,383,0.18701171875,0.15599191188812256,29.96247673034668,0.8184172511100769
5718,354,0.1728515625,0.14735224843025208,29.404666900634766,0.8250535130500793
5719,369,0.18017578125,0.15743258595466614,30.554603576660156,0.813054084777832
5720,94,0.0458984375,0.18396401405334473,33.572105407714844,0.7995268702507019
5721,85,0.04150390625,0.17168371379375458,34.99880599975586,0.7800617218017578
5722,93,0.04541015625,0.1772812455892563,33.45073699951172,0.7968682050704956
5723,85,0.04150390625,0.16031281650066376,31.954221725463867,0.8117596507072449
5724,78,0.0380859375,0.15130624175071716,33.19742965698242,0.7987769842147827
5725,58,0.0283203125,0.160685732960701,30.8391056060791,0.8240838050842285
5726,61,0.02978515625,0.15606170892715454,32.27694320678711,0.8174895644187927
5727,56,0.02734375,0.160301074385643,31.303560256958008,0.8176261782646179
5728,51,0.02490234375,0.16811363399028778,29.586498260498047,0.8398857712745667
5729,56,0.02734375,0.1690646857023239,32.5435791015625,0.8079321980476379
5730,59,0.02880859375,0.16395819187164307,31.663509368896484,0.8162518739700317
5731,70,0.0341796875,0.1688593626022339,34.02512741088867,0.7960301041603088
5732,67,0.03271484375,0.1643582135438919,33.41783905029297,0.79709392786026
5733,81,0.03955078125,0.16331155598163605,31.40447998046875,0.8212656378746033
5734,92,0.044921875,0.15487731993198395,30.369640350341797,0.8277572989463806
5735,101,0.04931640625,0.15781275928020477,28.78721809387207,0.8428726196289062
5736,126,0.0615234375,0.1252070665359497,27.17668914794922,0.8531144261360168
5737,113,0.05517578125,0.1343528777360916,26.989858627319336,0.8532175421714783
5738,120,0.05859375,0.12340974062681198,26.06464385986328,0.860397458076477
5739,127,0.06201171875,0.1273343414068222,25.129764556884766,0.8720031380653381
5740,132,0.064453125,0.11915239691734314,25.995750427246094,0.8653904795646667
5741,132,0.064453125,0.12538467347621918,25.022306442260742,0.8732318878173828
5742,139,0.06787109375,0.11762169748544693,25.84259796142578,0.8644523620605469
5743,133,0.06494140625,0.11193952709436417,23.77168846130371,0.8855980634689331
5744,147,0.07177734375,0.11185423284769058,25.309677124023438,0.8668994307518005
5745,149,0.07275390625,0.11213197559118271,24.994348526000977,0.8700065016746521
5746,145,0.07080078125,0.13448795676231384,26.498138427734375,0.8578526973724365
5747,148,0.072265625,0.11958339065313339,25.344757080078125,0.8675110340118408
5748,143,0.06982421875,0.11459136009216309,26.55698585510254,0.8550821542739868
5749,153,0.07470703125,0.11080123484134674,25.580575942993164,0.8625321984291077
5750,152,0.07421875,0.11449678987264633,24.081594467163086,0.8789560198783875
5751,160,0.078125,0.12381353974342346,24.393239974975586,0.8727456331253052
5752,177,0.08642578125,0.15163588523864746,26.09075355529785,0.8631300330162048
5753,153,0.07470703125,0.12599296867847443,24.890336990356445,0.8727411031723022
5754,162,0.0791015625,0.13919097185134888,25.50197410583496,0.8702699542045593
5755,148,0.072265625,0.11972375214099884,24.561382293701172,0.8705815672874451
5756,135,0.06591796875,0.11854026466608047,23.527740478515625,0.8820452690124512
5757,135,0.06591796875,0.11831215023994446,24.359329223632812,0.874038577079773
5758,143,0.06982421875,0.11838860809803009,24.03384017944336,0.8781565427780151
5759,155,0.07568359375,0.13085930049419403,25.060291290283203,0.8683456182479858
5760,120,0.05859375,0.11353779584169388,34.35527420043945,0.7864102125167847
5761,120,0.05859375,0.1223176121711731,33.94751739501953,0.7907928824424744
5762,122,0.0595703125,0.12213051319122314,32.80470657348633,0.7991343140602112
5763,119,0.05810546875,0.13356724381446838,35.5681266784668,0.7667845487594604
5764,113,0.05517578125,0.12676450610160828,33.362300872802734,0.7929184436798096
5765,103,0.05029296875,0.11809773743152618,32.2515983581543,0.8070151805877686
5766,113,0.05517578125,0.11628275364637375,31.738229751586914,0.8064896464347839
5767,122,0.0595703125,0.1207553967833519,32.79715347290039,0.7939656376838684
5768,114,0.0556640625,0.11775407940149307,31.620540618896484,0.8087761998176575
5769,106,0.0517578125,0.1203932836651802,34.27438735961914,0.7780276536941528
5770,105,0.05126953125,0.11866921186447144,32.707218170166016,0.7931119203567505
5771,98,0.0478515625,0.11852578818798065,32.009159088134766,0.8004684448242188
5772,109,0.05322265625,0.12437713146209717,33.108707427978516,0.7980936765670776
5773,106,0.0517578125,0.12949779629707336,34.98616409301758,0.7739045023918152
5774,111,0.05419921875,0.1270296275615692,33.42335510253906,0.7943037152290344
5775,116,0.056640625,0.1201762780547142,33.72429275512695,0.7846680283546448
5776,125,0.06103515625,0.1251213401556015,32.87007522583008,0.7957211136817932
5777,127,0.06201171875,0.12126734107732773,35.220882415771484,0.773689329624176
5778,145,0.07080078125,0.12287551164627075,33.39216613769531,0.8034312129020691
5779,154,0.0751953125,0.12105035036802292,32.524742126464844,0.8062842488288879
5780,145,0.07080078125,0.1241803988814354,30.89569664001465,0.8259027004241943
5781,147,0.07177734375,0.1289079785346985,32.36855697631836,0.8084384202957153
5782,151,0.07373046875,0.13728390634059906,33.178741455078125,0.7973856925964355
5783,159,0.07763671875,0.14741384983062744,32.38185119628906,0.8085663318634033
5784,159,0.07763671875,0.12759070098400116,32.887569427490234,0.8010514974594116
5785,185,0.09033203125,0.14392071962356567,35.031795501708984,0.7823266386985779
5786,176,0.0859375,0.1366223394870758,34.13681411743164,0.7908268570899963
5787,155,0.07568359375,0.13584734499454498,32.68029022216797,0.8092369437217712
5788,158,0.0771484375,0.13950200378894806,33.2364387512207,0.8011225461959839
5789,133,0.06494140625,0.1517428755760193,33.61351776123047,0.7903735041618347
5790,125,0.06103515625,0.14972278475761414,33.83205795288086,0.7866551876068115
5791,118,0.0576171875,0.15756362676620483,34.59999084472656,0.7766757607460022
5792,117,0.05712890625,0.15935909748077393,34.06932830810547,0.7843838334083557
5793,108,0.052734375,0.15851721167564392,34.017494201660156,0.7825382351875305
5794,114,0.0556640625,0.1506691575050354,33.254180908203125,0.7924203872680664
5795,114,0.0556640625,0.14611296355724335,33.15244674682617,0.7924503087997437
5796,103,0.05029296875,0.14999380707740784,32.68706512451172,0.7965790033340454
5797,109,0.05322265625,0.14708684384822845,31.96247673034668,0.8111013770103455
5798,124,0.060546875,0.13901932537555695,36.93980407714844,0.7524511218070984
5799,115,0.05615234375,0.14020012319087982,34.3513298034668,0.7890022397041321
5800,273,0.13330078125,0.14544905722141266,31.892051696777344,0.8016720414161682
5801,252,0.123046875,0.14714521169662476,30.025541305541992,0.8198111653327942
5802,261,0.12744140625,0.16170668601989746,28.92021369934082,0.8268711566925049
5803,221,0.10791015625,0.15443454682826996,29.755062103271484,0.8203230500221252
5804,213,0.10400390625,0.14446380734443665,28.591243743896484,0.8337337374687195
5805,192,0.09375,0.15168870985507965,28.564706802368164,0.8339800834655762
5806,182,0.0888671875,0.14548514783382416,30.02482795715332,0.8177058696746826
5807,171,0.08349609375,0.15802203118801117,31.939075469970703,0.801166832447052
5808,167,0.08154296875,0.15639334917068481,31.856718063354492,0.808568000793457
5809,158,0.0771484375,0.15982326865196228,31.55579376220703,0.8198383450508118
5810,174,0.0849609375,0.15124951303005219,31.823314666748047,0.8031891584396362
5811,180,0.087890625,0.14883704483509064,29.158761978149414,0.8372218012809753
5812,183,0.08935546875,0.14837396144866943,29.274215698242188,0.8347291350364685
5813,189,0.09228515625,0.15003551542758942,29.587635040283203,0.8242019414901733
5814,226,0.1103515625,0.14235548675060272,29.50282096862793,0.8254629373550415
5815,227,0.11083984375,0.1493280678987503,29.91410255432129,0.8236305117607117
5816,215,0.10498046875,0.1441592425107956,30.30579948425293,0.8174453973770142
5817,206,0.1005859375,0.149932399392128,28.493040084838867,0.8473543524742126
5818,198,0.0966796875,0.15442724525928497,28.632543563842773,0.8485659956932068
5819,186,0.0908203125,0.1610206514596939,30.1862850189209,0.8322404623031616
5820,190,0.0927734375,0.1562037318944931,30.208446502685547,0.8286754488945007
5821,192,0.09375,0.15862229466438293,30.910398483276367,0.8243719935417175
5822,185,0.09033203125,0.14774970710277557,30.859329223632812,0.8185484409332275
5823,185,0.09033203125,0.14865629374980927,31.957372665405273,0.7963895797729492
5824,194,0.0947265625,0.1512516885995865,30.925216674804688,0.8151251673698425
5825,184,0.08984375,0.15699678659439087,31.50994110107422,0.8077496886253357
5826,184,0.08984375,0.15224096179008484,30.702211380004883,0.8133035898208618
5827,172,0.083984375,0.16431353986263275,31.372983932495117,0.8092019557952881
5828,173,0.08447265625,0.15596991777420044,30.416929244995117,0.8235804438591003
5829,171,0.08349609375,0.15630389750003815,31.139902114868164,0.818268358707428
5830,175,0.08544921875,0.15309877693653107,29.773189544677734,0.8303175568580627
5831,186,0.0908203125,0.15801407396793365,30.39373016357422,0.8202348947525024
5832,182,0.0888671875,0.16347773373126984,30.161739349365234,0.8207806348800659
5833,176,0.0859375,0.15802574157714844,29.4276180267334,0.8331000804901123
5834,163,0.07958984375,0.155583456158638,29.54857063293457,0.8355957269668579
5835,186,0.0908203125,0.1511889100074768,30.109617233276367,0.8228791952133179
5836,183,0.08935546875,0.14895519614219666,29.834733963012695,0.8281145095825195
5837,192,0.09375,0.1447748988866806,29.6133975982666,0.8308157920837402
5838,207,0.10107421875,0.14681394398212433,30.77532386779785,0.8192274570465088
5839,202,0.0986328125,0.14172318577766418,29.700054168701172,0.8349624276161194
5840,539,0.26318359375,0.19396808743476868,50.33771896362305,0.5928064584732056
5841,534,0.2607421875,0.1923699826002121,49.73988342285156,0.6003521680831909
5842,530,0.2587890625,0.19277240335941315,50.59227752685547,0.5893572568893433
5843,543,0.26513671875,0.18934980034828186,50.0804328918457,0.5933225750923157
5844,1784,0.87109375,0.12375620752573013,54.410186767578125,0.5393832325935364
5845,545,0.26611328125,0.18570411205291748,49.2304801940918,0.6047571301460266
5846,568,0.27734375,0.18559405207633972,47.353519439697266,0.6252869367599487
5847,505,0.24658203125,0.19477687776088715,46.74605178833008,0.6336737871170044
5848,519,0.25341796875,0.1876000463962555,45.78779602050781,0.6451565623283386
5849,487,0.23779296875,0.18938754498958588,46.442665100097656,0.6361039876937866
5850,548,0.267578125,0.17836256325244904,48.34455871582031,0.6135014295578003
5851,694,0.3388671875,0.1703072339296341,52.282894134521484,0.5665400624275208
5852,861,0.42041015625,0.1437321901321411,52.63043212890625,0.5584884881973267
5853,1030,0.5029296875,0.1532195657491684,50.83547592163086,0.5815722942352295
5854,1151,0.56201171875,0.14102429151535034,49.54507064819336,0.5993184447288513
5855,1399,0.68310546875,0.1179676502943039,49.25320053100586,0.6026597619056702
5856,1331,0.64990234375,0.11672324687242508,48.18811798095703,0.6171082854270935
5857,1373,0.67041015625,0.10462702065706253,50.230934143066406,0.5907977223396301
5858,424,0.20703125,0.2182663381099701,49.178199768066406,0.5944086313247681
5859,386,0.1884765625,0.21099849045276642,47.75435256958008,0.6179463863372803
5860,401,0.19580078125,0.2001798450946808,47.61111831665039,0.6204596161842346
5861,355,0.17333984375,0.20507937669754028,48.41411590576172,0.617824912071228
5862,356,0.173828125,0.1943683922290802,48.08565139770508,0.6188586950302124
5863,388,0.189453125,0.19621902704238892,49.51055908203125,0.5983297824859619
5864,363,0.17724609375,0.20363683998584747,50.62449264526367,0.5903427600860596
5865,1469,0.71728515625,0.11419647186994553,49.542884826660156,0.5962226986885071
5866,1634,0.7978515625,0.11960034817457199,50.94184494018555,0.5794646143913269
5867,1492,0.728515625,0.1251177191734314,50.09007263183594,0.5898727178573608
5868,342,0.1669921875,0.2297987937927246,51.17996597290039,0.5811393857002258
5869,337,0.16455078125,0.2034188061952591,48.6038818359375,0.6114990711212158
5870,1271,0.62060546875,0.12613798677921295,55.39652633666992,0.5242752432823181
5871,365,0.17822265625,0.2019851803779602,47.22441101074219,0.6219409704208374
5872,775,0.37841796875,0.13705940544605255,45.634098052978516,0.6533315181732178
5873,650,0.3173828125,0.1460430920124054,39.75434494018555,0.7226095795631409
5874,862,0.4208984375,0.1386500746011734,40.879573822021484,0.706719696521759
5875,1332,0.650390625,0.13571162521839142,46.01987838745117,0.6326301097869873
5876,978,0.4775390625,0.15534594655036926,42.588600158691406,0.6746639013290405
5877,811,0.39599609375,0.1536967158317566,44.95524597167969,0.6515471935272217
5878,825,0.40283203125,0.15728938579559326,46.750587463378906,0.6267319917678833
5879,909,0.44384765625,0.16088441014289856,43.61919403076172,0.6638169884681702
5880,210,0.1025390625,0.1811632663011551,26.043779373168945,0.8698819875717163
5881,215,0.10498046875,0.18823611736297607,26.773984909057617,0.8580535054206848
5882,197,0.09619140625,0.1380215436220169,26.201030731201172,0.8595844507217407
5883,185,0.09033203125,0.11832023411989212,26.308856964111328,0.8618133664131165
5884,197,0.09619140625,0.1230120062828064,26.323606491088867,0.8589498996734619
5885,173,0.08447265625,0.10890985280275345,24.713802337646484,0.87430340051651
5886,175,0.08544921875,0.11059173941612244,25.066654205322266,0.8672376275062561
5887,162,0.0791015625,0.10588139295578003,26.058452606201172,0.8579992651939392
5888,138,0.0673828125,0.09522970020771027,26.676647186279297,0.8571051955223083
5889,141,0.06884765625,0.09353175014257431,28.66689109802246,0.8393154144287109
5890,141,0.06884765625,0.11667130887508392,30.086172103881836,0.8287286162376404
5891,146,0.0712890625,0.11353753507137299,27.590843200683594,0.8517001271247864
5892,146,0.0712890625,0.10321768373250961,25.481611251831055,0.8651749491691589
5893,151,0.07373046875,0.10745910555124283,26.278671264648438,0.8573522567749023
5894,163,0.07958984375,0.11315727978944778,25.675277709960938,0.8678463697433472
5895,152,0.07421875,0.10457346588373184,25.90654182434082,0.8675905466079712
5896,146,0.0712890625,0.10540702193975449,27.039363861083984,0.8559089303016663
5897,134,0.0654296875,0.11356613785028458,25.711915969848633,0.8631521463394165
5898,153,0.07470703125,0.11082970350980759,25.9428768157959,0.8583833575248718
5899,158,0.0771484375,0.11106216907501221,23.846139907836914,0.8870496153831482
5900,156,0.076171875,0.11766190826892853,24.639312744140625,0.8715963363647461
5901,161,0.07861328125,0.12256079912185669,26.615053176879883,0.8476864695549011
5902,179,0.08740234375,0.13955391943454742,25.97117805480957,0.8591352701187134
5903,179,0.08740234375,0.13973623514175415,26.191389083862305,0.855409562587738
5904,176,0.0859375,0.14096057415008545,26.831920623779297,0.8481166362762451
5905,164,0.080078125,0.14166882634162903,26.295347213745117,0.8528503775596619
5906,146,0.0712890625,0.12798476219177246,24.654359817504883,0.8691141605377197
5907,163,0.07958984375,0.13516825437545776,26.2493953704834,0.8562930226325989
5908,164,0.080078125,0.12645401060581207,27.547210693359375,0.8565502762794495
5909,145,0.07080078125,0.138481006026268,27.964130401611328,0.8492828607559204
5910,152,0.07421875,0.13882744312286377,27.680763244628906,0.8480466604232788
5911,157,0.07666015625,0.14425715804100037,27.26531410217285,0.8511090874671936
5912,153,0.07470703125,0.1412857621908188,28.202651977539062,0.8442540168762207
5913,147,0.07177734375,0.15656650066375732,28.559215545654297,0.840576708316803
5914,150,0.0732421875,0.16160990297794342,28.632061004638672,0.8356521725654602
5915,169,0.08251953125,0.15637972950935364,30.418581008911133,0.8240004181861877
5916,169,0.08251953125,0.17974244058132172,33.300296783447266,0.7868601679801941
5917,230,0.1123046875,0.1975395232439041,36.345245361328125,0.7570773959159851
5918,227,0.11083984375,0.19623512029647827,36.91691589355469,0.749657928943634
5919,206,0.1005859375,0.18082930147647858,34.595054626464844,0.7757382988929749
5920,428,0.208984375,0.17599578201770782,32.2716178894043,0.7918577790260315
5921,348,0.169921875,0.12093187123537064,33.14491653442383,0.7875308394432068
5922,432,0.2109375,0.13475987315177917,30.424854278564453,0.8107690215110779
5923,491,0.23974609375,0.14494962990283966,33.504425048828125,0.7756864428520203
5924,349,0.17041015625,0.13501551747322083,31.435272216796875,0.8009015917778015
5925,541,0.26416015625,0.15246449410915375,33.73081970214844,0.7696599960327148
5926,745,0.36376953125,0.15898869931697845,34.50357437133789,0.7599644660949707
5927,628,0.306640625,0.14117726683616638,39.67363357543945,0.7091088891029358
5928,538,0.2626953125,0.18398417532444,36.559295654296875,0.7415030002593994
5929,715,0.34912109375,0.15251529216766357,37.15815353393555,0.7329548597335815
5930,576,0.28125,0.13252978026866913,39.91609573364258,0.7041657567024231
5931,380,0.185546875,0.13755382597446442,32.40165710449219,0.790311872959137
5932,333,0.16259765625,0.1212821900844574,30.859189987182617,0.8046279549598694
5933,239,0.11669921875,0.14764253795146942,30.363479614257812,0.8157973289489746
5934,345,0.16845703125,0.1591910719871521,32.97544860839844,0.782534658908844
5935,326,0.1591796875,0.1393323391675949,33.56814193725586,0.78773432970047
5936,345,0.16845703125,0.11559978872537613,34.44039535522461,0.7787517309188843
5937,700,0.341796875,0.13540957868099213,43.52784729003906,0.658801794052124
5938,550,0.2685546875,0.1128196194767952,41.04970169067383,0.6908143162727356
5939,609,0.29736328125,0.1223640963435173,38.740020751953125,0.7211921215057373
5940,584,0.28515625,0.11702948063611984,38.95076370239258,0.7164000272750854
5941,910,0.4443359375,0.16102451086044312,49.16716766357422,0.5993326306343079
5942,870,0.4248046875,0.16868600249290466,47.125675201416016,0.619562566280365
5943,758,0.3701171875,0.1642967313528061,45.46327590942383,0.6332272887229919
5944,896,0.4375,0.1732717603445053,49.74666213989258,0.5947493314743042
5945,937,0.45751953125,0.17443843185901642,48.308231353759766,0.6111741662025452
5946,750,0.3662109375,0.1536819040775299,44.581974029541016,0.6581127047538757
5947,546,0.2666015625,0.1272081583738327,35.03673553466797,0.7577605247497559
5948,333,0.16259765625,0.11420591175556183,22.89743423461914,0.8836995363235474
5949,242,0.1181640625,0.16420213878154755,24.907148361206055,0.8654490113258362
5950,185,0.09033203125,0.17573636770248413,32.077117919921875,0.8042007684707642
5951,180,0.087890625,0.16646835207939148,28.820255279541016,0.8329634666442871
5952,239,0.11669921875,0.14149780571460724,31.978038787841797,0.7964333891868591
5953,278,0.1357421875,0.14245052635669708,26.579490661621094,0.8531421422958374
5954,408,0.19921875,0.12655669450759888,30.142942428588867,0.8220114707946777
5955,296,0.14453125,0.14427708089351654,24.592145919799805,0.8679227232933044
5956,427,0.20849609375,0.12407750636339188,27.840845108032227,0.8328619599342346
5957,406,0.1982421875,0.13567094504833221,30.097063064575195,0.8101555705070496
5958,334,0.1630859375,0.1240190714597702,25.651016235351562,0.8547648191452026
5959,291,0.14208984375,0.12324971705675125,26.28191375732422,0.8663899302482605
5960,109,0.05322265625,0.16054365038871765,34.28390121459961,0.7849779725074768
5961,117,0.05712890625,0.16113652288913727,32.411949157714844,0.8083136081695557
5962,117,0.05712890625,0.15010063350200653,32.3115348815918,0.8056235313415527
5963,117,0.05712890625,0.15005603432655334,33.43843078613281,0.7951304316520691
5964,120,0.05859375,0.1403736174106598,33.16169738769531,0.7979864478111267
5965,121,0.05908203125,0.1493324190378189,31.980222702026367,0.807842493057251
5966,126,0.0615234375,0.14348545670509338,33.62049865722656,0.7900393009185791
5967,121,0.05908203125,0.1448557823896408,33.110870361328125,0.7930880188941956
5968,120,0.05859375,0.14312270283699036,34.33719253540039,0.7769985198974609
5969,126,0.0615234375,0.13045381009578705,30.802696228027344,0.8103252649307251
5970,122,0.0595703125,0.13454949855804443,32.3526725769043,0.7945706248283386
5971,117,0.05712890625,0.1317160725593567,29.343076705932617,0.8234944939613342
5972,110,0.0537109375,0.1324554979801178,29.554397583007812,0.8223341703414917
5973,123,0.06005859375,0.1301339864730835,29.006305694580078,0.8312557935714722
5974,123,0.06005859375,0.1227298378944397,27.547954559326172,0.8380175828933716
5975,111,0.05419921875,0.12163195759057999,28.911705017089844,0.8332906365394592
5976,110,0.0537109375,0.12191829830408096,29.60906219482422,0.8242603540420532
5977,106,0.0517578125,0.12300989776849747,28.50176429748535,0.8397971987724304
5978,118,0.0576171875,0.12503452599048615,30.46140480041504,0.8158652186393738
5979,117,0.05712890625,0.1274077594280243,29.56427001953125,0.82928866147995
5980,116,0.056640625,0.11797107756137848,27.829227447509766,0.8413788080215454
5981,136,0.06640625,0.1242201179265976,31.41375732421875,0.8089976906776428
5982,140,0.068359375,0.12991783022880554,30.275264739990234,0.8164717555046082
5983,131,0.06396484375,0.12732844054698944,29.27264404296875,0.8232527375221252
5984,130,0.0634765625,0.1258574277162552,26.76954460144043,0.8510716557502747
5985,129,0.06298828125,0.12145832180976868,27.525821685791016,0.8442940711975098
5986,134,0.0654296875,0.12365368753671646,29.209671020507812,0.8261780142784119
5987,142,0.0693359375,0.12335032224655151,28.55209732055664,0.8351530432701111
5988,151,0.07373046875,0.13332335650920868,29.46315574645996,0.8312996625900269
5989,151,0.07373046875,0.12808427214622498,29.390113830566406,0.8255314230918884
5990,163,0.07958984375,0.1361459493637085,30.713274002075195,0.8110108375549316
5991,165,0.08056640625,0.1307908296585083,30.450389862060547,0.8110096454620361
5992,160,0.078125,0.12458217144012451,28.579174041748047,0.8386865854263306
5993,156,0.076171875,0.13213969767093658,28.368257522583008,0.8382826447486877
5994,153,0.07470703125,0.13037925958633423,28.320919036865234,0.835737943649292
5995,154,0.0751953125,0.131321981549263,29.587703704833984,0.8235859274864197
5996,147,0.07177734375,0.13425764441490173,27.98879623413086,0.8412608504295349
5997,140,0.068359375,0.13464683294296265,28.32721710205078,0.8383085131645203
5998,133,0.06494140625,0.15095040202140808,28.73808479309082,0.8294945359230042
5999,129,0.06298828125,0.15232403576374054,28.608774185180664,0.832198977470398
6000,144,0.0703125,0.14156290888786316,31.50089454650879,0.8222041130065918
6001,144,0.0703125,0.14042389392852783,32.49942398071289,0.8124552965164185
6002,146,0.0712890625,0.14622120559215546,32.212852478027344,0.8103287220001221
6003,138,0.0673828125,0.12867596745491028,30.386438369750977,0.8304631114006042
6004,146,0.0712890625,0.11861436069011688,32.37337875366211,0.8092794418334961
6005,138,0.0673828125,0.12046540528535843,32.40861892700195,0.8078288435935974
6006,140,0.068359375,0.12725268304347992,30.931615829467773,0.8251895904541016
6007,139,0.06787109375,0.12529568374156952,32.02433776855469,0.8140406012535095
6008,150,0.0732421875,0.12492336332798004,31.009323120117188,0.8227343559265137
6009,139,0.06787109375,0.12297461181879044,29.533315658569336,0.8440523743629456
6010,159,0.07763671875,0.13147909939289093,30.92019271850586,0.8261458873748779
6011,162,0.0791015625,0.1374562531709671,31.531494140625,0.8186442255973816
6012,160,0.078125,0.14626306295394897,31.705541610717773,0.8161076307296753
6013,160,0.078125,0.14610479772090912,32.06326675415039,0.8145677447319031
6014,162,0.0791015625,0.1435815691947937,31.245065689086914,0.8221822381019592
6015,174,0.0849609375,0.15020135045051575,30.917261123657227,0.8257656097412109
6016,163,0.07958984375,0.14167074859142303,33.32809829711914,0.7982326745986938
6017,156,0.076171875,0.13234378397464752,31.23554801940918,0.8221907019615173
6018,164,0.080078125,0.13353262841701508,31.541873931884766,0.8162078857421875
6019,167,0.08154296875,0.14524684846401215,32.54224395751953,0.806647002696991
6020,172,0.083984375,0.15881453454494476,32.656646728515625,0.8098025918006897
6021,180,0.087890625,0.15690560638904572,33.14761734008789,0.8031001687049866
6022,191,0.09326171875,0.16192825138568878,33.73383712768555,0.7974609136581421
6023,215,0.10498046875,0.15779392421245575,31.994321823120117,0.813905656337738
6024,232,0.11328125,0.15154482424259186,30.255887985229492,0.8303790092468262
6025,234,0.1142578125,0.1625603437423706,30.076553344726562,0.8340714573860168
6026,241,0.11767578125,0.15922938287258148,29.74184226989746,0.8348962664604187
6027,237,0.11572265625,0.15043969452381134,31.11460304260254,0.8193157911300659
6028,254,0.1240234375,0.1547311544418335,29.63958168029785,0.8350372910499573
6029,266,0.1298828125,0.15355858206748962,31.511444091796875,0.8140873908996582
6030,246,0.1201171875,0.1614965796470642,31.45453453063965,0.8147681355476379
6031,233,0.11376953125,0.147055983543396,31.258073806762695,0.8199065923690796
6032,226,0.1103515625,0.13922248780727386,31.399290084838867,0.8221949338912964
6033,240,0.1171875,0.13972048461437225,31.909515380859375,0.8159475922584534
6034,226,0.1103515625,0.1434653401374817,31.773714065551758,0.8167862296104431
6035,238,0.1162109375,0.14137186110019684,31.70636558532715,0.8186845183372498
6036,232,0.11328125,0.14335261285305023,31.59076690673828,0.8168085813522339
6037,219,0.10693359375,0.13849429786205292,31.009756088256836,0.8211514353752136
6038,201,0.09814453125,0.1393766552209854,31.1279296875,0.8217682838439941
6039,201,0.09814453125,0.13286170363426208,31.36821174621582,0.8198252320289612
6040,263,0.12841796875,0.11901871860027313,33.49409103393555,0.7910602688789368
6041,254,0.1240234375,0.11809714138507843,33.93973159790039,0.7863941192626953
6042,246,0.1201171875,0.11764589697122574,31.346628189086914,0.820671796798706
6043,234,0.1142578125,0.11677416414022446,33.757083892822266,0.7870317101478577
6044,229,0.11181640625,0.12229832261800766,34.328399658203125,0.7834597826004028
6045,211,0.10302734375,0.11311103403568268,33.16685485839844,0.8005627989768982
6046,237,0.11572265625,0.13662344217300415,36.326908111572266,0.7638328075408936
6047,241,0.11767578125,0.11597557365894318,33.455711364746094,0.7942288517951965
6048,230,0.1123046875,0.1135442852973938,31.605207443237305,0.8140777349472046
6049,230,0.1123046875,0.11349646002054214,33.32861328125,0.796094536781311
6050,207,0.10107421875,0.11375343054533005,34.00391387939453,0.790603518486023
6051,207,0.10107421875,0.11883344501256943,34.07465362548828,0.790035605430603
6052,215,0.10498046875,0.12267845869064331,34.09093475341797,0.7921960949897766
6053,229,0.11181640625,0.12071191519498825,33.73788070678711,0.7931904196739197
6054,223,0.10888671875,0.12194081395864487,33.51035690307617,0.7943475842475891
6055,221,0.10791015625,0.1209941878914833,33.69392776489258,0.7911746501922607
6056,215,0.10498046875,0.11664304882287979,32.69427490234375,0.8008518815040588
6057,209,0.10205078125,0.11709415912628174,32.12858200073242,0.8109617829322815
6058,206,0.1005859375,0.12055351585149765,32.57867431640625,0.8052330613136292
6059,194,0.0947265625,0.11687302589416504,31.597766876220703,0.8159191608428955
6060,214,0.1044921875,0.11296133697032928,29.888229370117188,0.8298177719116211
6061,212,0.103515625,0.11444851756095886,29.876731872558594,0.8298231959342957
6062,224,0.109375,0.12079595029354095,30.577608108520508,0.8257735371589661
6063,210,0.1025390625,0.1112031489610672,30.225065231323242,0.8273133039474487
6064,205,0.10009765625,0.1134992390871048,30.735843658447266,0.8193867802619934
6065,193,0.09423828125,0.11330005526542664,31.318151473999023,0.8138697147369385
6066,190,0.0927734375,0.11322996765375137,31.300268173217773,0.8159971833229065
6067,208,0.1015625,0.11550857126712799,31.726865768432617,0.8114521503448486
6068,190,0.0927734375,0.12093304097652435,32.59469223022461,0.8019627332687378
6069,184,0.08984375,0.11767027527093887,32.43810272216797,0.8013201951980591
6070,193,0.09423828125,0.11612291634082794,33.780914306640625,0.7879703640937805
6071,209,0.10205078125,0.13167643547058105,36.18275833129883,0.7588966488838196
6072,202,0.0986328125,0.12312205880880356,34.628013610839844,0.7810361981391907
6073,211,0.10302734375,0.12410144507884979,32.75618362426758,0.8020650148391724
6074,254,0.1240234375,0.12470190972089767,32.646663665771484,0.8063924312591553
6075,275,0.13427734375,0.1307545006275177,31.566591262817383,0.8128764033317566
6076,288,0.140625,0.13205015659332275,31.27244758605957,0.8182799220085144
6077,300,0.146484375,0.13632532954216003,31.14021110534668,0.8175249099731445
6078,313,0.15283203125,0.15018945932388306,30.910690307617188,0.8209273219108582
6079,301,0.14697265625,0.14705751836299896,31.5136661529541,0.815625786781311
6080,1721,0.84033203125,0.15841081738471985,49.42597579956055,0.596180260181427
6081,565,0.27587890625,0.12709984183311462,39.7349967956543,0.703267514705658
6082,487,0.23779296875,0.1300119012594223,36.846038818359375,0.7425028681755066
6083,457,0.22314453125,0.11731450259685516,39.27090072631836,0.7098844051361084
6084,460,0.224609375,0.12828652560710907,35.457496643066406,0.7526686787605286
6085,1232,0.6015625,0.12395485490560532,40.15517807006836,0.6947445273399353
6086,989,0.48291015625,0.1061529666185379,41.60791015625,0.6833838820457458
6087,1101,0.53759765625,0.1043870598077774,51.01513671875,0.5859408378601074
6088,981,0.47900390625,0.13327716290950775,39.909236907958984,0.6944382190704346
6089,704,0.34375,0.17778699100017548,43.34959030151367,0.6678328514099121
6090,775,0.37841796875,0.149047389626503,47.881004333496094,0.62338787317276
6091,1058,0.5166015625,0.10795444995164871,44.223514556884766,0.6583006381988525
6092,1115,0.54443359375,0.10198988765478134,42.61019515991211,0.6756972670555115
6093,1442,0.7041015625,0.13100780546665192,42.85308074951172,0.6623203158378601
6094,1045,0.51025390625,0.13981378078460693,41.67409133911133,0.6746954321861267
6095,934,0.4560546875,0.14819522202014923,41.64906311035156,0.6739574074745178
6096,771,0.37646484375,0.17522789537906647,39.649383544921875,0.7032926678657532
6097,789,0.38525390625,0.17760056257247925,40.386497497558594,0.6994423866271973
6098,1175,0.57373046875,0.14911790192127228,40.62541198730469,0.682554304599762
6099,777,0.37939453125,0.18642127513885498,37.7249755859375,0.7252718806266785
6100,690,0.3369140625,0.1982453316450119,42.76041793823242,0.6717918515205383
6101,697,0.34033203125,0.20837998390197754,41.574180603027344,0.6892436742782593
6102,721,0.35205078125,0.19509421288967133,37.01597213745117,0.7349112033843994
6103,713,0.34814453125,0.19157695770263672,36.83758544921875,0.7331040501594543
6104,760,0.37109375,0.18684180080890656,35.96866989135742,0.740905225276947
6105,748,0.365234375,0.18582874536514282,37.0053596496582,0.7308599948883057
6106,719,0.35107421875,0.19217632710933685,37.01559066772461,0.7313193082809448
6107,651,0.31787109375,0.19990114867687225,37.421958923339844,0.7300481796264648
6108,531,0.25927734375,0.2251042276620865,37.2315788269043,0.7347933053970337
6109,532,0.259765625,0.21936944127082825,35.20798873901367,0.7598558068275452
6110,473,0.23095703125,0.20375464856624603,36.709442138671875,0.7507940530776978
6111,484,0.236328125,0.19009225070476532,35.6656608581543,0.759958803653717
6112,528,0.2578125,0.19487138092517853,35.36187744140625,0.7617530226707458
6113,468,0.228515625,0.1973128467798233,34.99410629272461,0.7660920023918152
6114,433,0.21142578125,0.20105856657028198,36.66745376586914,0.7430842518806458
6115,436,0.212890625,0.2104520946741104,36.16868591308594,0.7518333196640015
6116,393,0.19189453125,0.2280624955892563,38.5433464050293,0.722076416015625
6117,362,0.1767578125,0.23408158123493195,40.9853630065918,0.6929144859313965
6118,372,0.181640625,0.22523991763591766,39.28922653198242,0.7189642786979675
6119,348,0.169921875,0.23023857176303864,40.416961669921875,0.703400194644928
6120,639,0.31201171875,0.16032692790031433,41.75861358642578,0.6895241141319275
6121,769,0.37548828125,0.16058357059955597,41.37582015991211,0.6843308806419373
6122,726,0.3544921875,0.1622859239578247,41.435848236083984,0.684958279132843
6123,1038,0.5068359375,0.15198914706707,44.151695251464844,0.6520324945449829
6124,1022,0.4990234375,0.15776760876178741,43.0802116394043,0.6621752977371216
6125,1552,0.7578125,0.17008216679096222,48.722877502441406,0.5984163880348206
6126,1080,0.52734375,0.15421798825263977,43.46695327758789,0.6578513383865356
6127,1085,0.52978515625,0.14172188937664032,42.83309555053711,0.6629737615585327
6128,1035,0.50537109375,0.14100684225559235,42.39885330200195,0.6655846834182739
6129,871,0.42529296875,0.13912558555603027,41.33115768432617,0.6723979115486145
6130,861,0.42041015625,0.13677701354026794,41.240325927734375,0.6708433032035828
6131,721,0.35205078125,0.1438201367855072,39.89517593383789,0.6972346305847168
6132,694,0.3388671875,0.15103161334991455,39.483943939208984,0.7060167193412781
6133,597,0.29150390625,0.15112438797950745,39.07750701904297,0.7184423208236694
6134,728,0.35546875,0.1474871188402176,39.543270111083984,0.699908971786499
6135,758,0.3701171875,0.1484062820672989,39.23273468017578,0.7082393765449524
6136,813,0.39697265625,0.14672739803791046,40.062923431396484,0.6857948899269104
6137,806,0.3935546875,0.14854586124420166,40.10820388793945,0.6891647577285767
6138,856,0.41796875,0.15783952176570892,41.268455505371094,0.6695640683174133
6139,1106,0.5400390625,0.14052076637744904,43.85088348388672,0.6462758779525757
6140,1119,0.54638671875,0.15514332056045532,43.4784049987793,0.6488305926322937
6141,988,0.482421875,0.1714288890361786,44.18868637084961,0.6401360630989075
6142,901,0.43994140625,0.1747049242258072,44.376338958740234,0.6340559720993042
6143,906,0.4423828125,0.188504159450531,45.79636764526367,0.6235867738723755
6144,759,0.37060546875,0.1866859346628189,45.48933792114258,0.6263113021850586
6145,554,0.2705078125,0.17785730957984924,40.57875061035156,0.6966659426689148
6146,593,0.28955078125,0.185824915766716,41.71150588989258,0.679683268070221
6147,649,0.31689453125,0.17821341753005981,42.68567657470703,0.6624950766563416
6148,690,0.3369140625,0.18125754594802856,43.94837951660156,0.6497029066085815
6149,856,0.41796875,0.1928337961435318,46.44608688354492,0.6167157888412476
6150,768,0.375,0.17850613594055176,43.52972412109375,0.6469838619232178
6151,733,0.35791015625,0.18676379323005676,44.511253356933594,0.6440793871879578
6152,852,0.416015625,0.17278388142585754,42.76094436645508,0.6632362604141235
6153,812,0.396484375,0.15562407672405243,41.572120666503906,0.683668315410614
6154,723,0.35302734375,0.15162284672260284,40.23837661743164,0.6978443264961243
6155,603,0.29443359375,0.16027729213237762,37.929115295410156,0.7202509641647339
6156,578,0.2822265625,0.14792758226394653,38.17754364013672,0.7250884771347046
6157,545,0.26611328125,0.14015796780586243,39.55204391479492,0.7153573036193848
6158,544,0.265625,0.1394454538822174,43.95170974731445,0.6688143610954285
6159,532,0.259765625,0.1446763575077057,43.77177810668945,0.6726089715957642
6160,160,0.078125,0.11063852161169052,30.80068588256836,0.8262489438056946
6161,161,0.07861328125,0.1116470992565155,32.270145416259766,0.8073936104774475
6162,159,0.07763671875,0.11260061711072922,32.17464065551758,0.810536801815033
6163,167,0.08154296875,0.10975556075572968,28.772048950195312,0.8363282084465027
6164,177,0.08642578125,0.11113832890987396,30.18344497680664,0.8218886256217957
6165,173,0.08447265625,0.10191482305526733,30.68733024597168,0.8230937719345093
6166,158,0.0771484375,0.10441360622644424,29.695905685424805,0.8353327512741089
6167,157,0.07666015625,0.10498499125242233,31.6500301361084,0.811721920967102
6168,149,0.07275390625,0.1151842400431633,32.5501708984375,0.8013820052146912
6169,146,0.0712890625,0.11749792844057083,30.85795021057129,0.8166191577911377
6170,151,0.07373046875,0.11527424305677414,30.55492401123047,0.819217324256897
6171,169,0.08251953125,0.10651015490293503,29.72975730895996,0.8228131532669067
6172,186,0.0908203125,0.09717082232236862,28.615821838378906,0.8355165719985962
6173,162,0.0791015625,0.10114181786775589,29.559310913085938,0.8281410932540894
6174,171,0.08349609375,0.10439242422580719,29.739423751831055,0.8268911838531494
6175,164,0.080078125,0.11374044418334961,32.39723205566406,0.8088549971580505
6176,171,0.08349609375,0.11449402570724487,32.477535247802734,0.8032971024513245
6177,198,0.0966796875,0.10605014115571976,32.673824310302734,0.8028854727745056
6178,190,0.0927734375,0.11009310185909271,31.08716583251953,0.8193303942680359
6179,190,0.0927734375,0.10766951739788055,32.09697341918945,0.8103610277175903
6180,182,0.0888671875,0.10317336767911911,29.066492080688477,0.8435499668121338
6181,185,0.09033203125,0.12029347568750381,29.966079711914062,0.8291626572608948
6182,172,0.083984375,0.11022695899009705,30.62129020690918,0.8202670812606812
6183,175,0.08544921875,0.11212801188230515,30.26716423034668,0.8223831653594971
6184,187,0.09130859375,0.11532320827245712,28.539457321166992,0.834429919719696
6185,195,0.09521484375,0.10730068385601044,27.086483001708984,0.8511157631874084
6186,206,0.1005859375,0.11660285294055939,26.396202087402344,0.8596704006195068
6187,196,0.095703125,0.13199898600578308,28.72105598449707,0.8451769351959229
6188,184,0.08984375,0.12231861054897308,28.781888961791992,0.8421653509140015
6189,185,0.09033203125,0.1290968358516693,27.72561264038086,0.8468822836875916
6190,188,0.091796875,0.1144559383392334,27.3443603515625,0.8496788740158081
6191,189,0.09228515625,0.11966202408075333,28.69550132751465,0.8323181867599487
6192,187,0.09130859375,0.1148281916975975,27.150489807128906,0.8553881049156189
6193,185,0.09033203125,0.11837948113679886,26.57329750061035,0.8606342077255249
6194,183,0.08935546875,0.13623183965682983,25.7525634765625,0.868903636932373
6195,191,0.09326171875,0.14419229328632355,27.204517364501953,0.8612936735153198
6196,180,0.087890625,0.13688746094703674,26.27882957458496,0.8697708249092102
6197,184,0.08984375,0.1432795226573944,25.955045700073242,0.8716537356376648
6198,185,0.09033203125,0.12111467123031616,25.927825927734375,0.8657400012016296
6199,186,0.0908203125,0.11540605872869492,25.841245651245117,0.8668326735496521
6200,113,0.05517578125,0.21569441258907318,31.577787399291992,0.8113394975662231
6201,109,0.05322265625,0.16984622180461884,29.685033798217773,0.8302643895149231
6202,101,0.04931640625,0.1679525077342987,31.04743003845215,0.8165713548660278
6203,110,0.0537109375,0.15662233531475067,26.79363441467285,0.8610814809799194
6204,108,0.052734375,0.16455605626106262,26.757383346557617,0.8614935874938965
6205,117,0.05712890625,0.15057675540447235,27.25136375427246,0.8545452952384949
6206,133,0.06494140625,0.14822310209274292,31.30881690979004,0.8130101561546326
6207,134,0.0654296875,0.15270288288593292,30.275117874145508,0.8246912360191345
6208,135,0.06591796875,0.16027233004570007,29.244585037231445,0.8320502638816833
6209,132,0.064453125,0.1606452912092209,30.61764907836914,0.8193387985229492
6210,109,0.05322265625,0.14873455464839935,29.995357513427734,0.8302181363105774
6211,103,0.05029296875,0.17554229497909546,31.371728897094727,0.8067594170570374
6212,104,0.05078125,0.16495616734027863,29.795909881591797,0.8295955657958984
6213,106,0.0517578125,0.16087955236434937,28.75564193725586,0.844466507434845
6214,120,0.05859375,0.1576373428106308,29.05547523498535,0.8348992466926575
6215,107,0.05224609375,0.14933180809020996,30.671401977539062,0.8195534944534302
6216,107,0.05224609375,0.14130550622940063,30.214590072631836,0.8267586827278137
6217,105,0.05126953125,0.16103090345859528,31.474853515625,0.813758134841919
6218,115,0.05615234375,0.15452365577220917,30.60160255432129,0.8257803320884705
6219,111,0.05419921875,0.15434345602989197,30.74479103088379,0.8212416172027588
6220,121,0.05908203125,0.14152215421199799,30.169509887695312,0.8301482200622559
6221,120,0.05859375,0.1432802677154541,31.200889587402344,0.8172597289085388
6222,125,0.06103515625,0.14854693412780762,31.554601669311523,0.8145573139190674
6223,147,0.07177734375,0.17796191573143005,33.686798095703125,0.7888926863670349
6224,135,0.06591796875,0.16938182711601257,31.09202766418457,0.8168081045150757
6225,136,0.06640625,0.15518319606781006,32.37850570678711,0.8016737103462219
6226,131,0.06396484375,0.17438161373138428,32.34819030761719,0.8047820925712585
6227,130,0.0634765625,0.1545054316520691,34.52717208862305,0.7824715375900269
6228,120,0.05859375,0.14524304866790771,33.212257385253906,0.7937952876091003
6229,112,0.0546875,0.13441507518291473,30.828611373901367,0.8216193318367004
6230,115,0.05615234375,0.12839360535144806,31.00797462463379,0.820533812046051
6231,112,0.0546875,0.1269819289445877,29.587583541870117,0.8361064791679382
6232,118,0.0576171875,0.12896384298801422,31.07520866394043,0.8249595761299133
6233,112,0.0546875,0.1365150362253189,30.018749237060547,0.830746054649353
6234,113,0.05517578125,0.12669983506202698,29.882762908935547,0.8345385789871216
6235,115,0.05615234375,0.13344421982765198,32.79261016845703,0.8053971529006958
6236,113,0.05517578125,0.1376044750213623,31.217021942138672,0.8271252512931824
6237,118,0.0576171875,0.12766532599925995,32.45906066894531,0.8085666298866272
6238,106,0.0517578125,0.143085315823555,32.86146545410156,0.8022841215133667
6239,113,0.05517578125,0.13607120513916016,31.894798278808594,0.8161046504974365
6240,205,0.10009765625,0.1629311889410019,41.811275482177734,0.7008180022239685
6241,216,0.10546875,0.1606094241142273,43.11909866333008,0.6849856972694397
6242,213,0.10400390625,0.161315456032753,42.55843734741211,0.6948873996734619
6243,185,0.09033203125,0.15783853828907013,39.1388053894043,0.7384244203567505
6244,192,0.09375,0.15513981878757477,40.9700813293457,0.7112517952919006
6245,186,0.0908203125,0.14575828611850739,38.62809371948242,0.7370657920837402
6246,164,0.080078125,0.15026500821113586,37.450721740722656,0.753253698348999
6247,168,0.08203125,0.1513715237379074,36.87321472167969,0.7612847685813904
6248,162,0.0791015625,0.13700060546398163,36.76134490966797,0.7641211152076721
6249,174,0.0849609375,0.15196838974952698,38.23859405517578,0.7479004263877869
6250,178,0.0869140625,0.14417827129364014,38.403263092041016,0.7481180429458618
6251,167,0.08154296875,0.15779338777065277,39.63624572753906,0.7323421835899353
6252,174,0.0849609375,0.18274159729480743,40.88896560668945,0.7152848243713379
6253,183,0.08935546875,0.17025095224380493,40.85341262817383,0.7121688723564148
6254,188,0.091796875,0.1854228526353836,40.52812576293945,0.7197622656822205
6255,158,0.0771484375,0.1688089519739151,39.79146957397461,0.7235035300254822
6256,154,0.0751953125,0.1649753302335739,40.00983428955078,0.7197838425636292
6257,165,0.08056640625,0.1648903340101242,39.751953125,0.7253435254096985
6258,148,0.072265625,0.1594144105911255,40.1694450378418,0.716797411441803
6259,146,0.0712890625,0.14090710878372192,37.26463317871094,0.7521788477897644
6260,160,0.078125,0.1374872475862503,38.957305908203125,0.7348752617835999
6261,151,0.07373046875,0.12890417873859406,38.740501403808594,0.735550045967102
6262,151,0.07373046875,0.12871111929416656,37.127132415771484,0.7574922442436218
6263,157,0.07666015625,0.13744209706783295,37.59810256958008,0.7549118995666504
6264,153,0.07470703125,0.1450459212064743,39.12293243408203,0.7265946269035339
6265,146,0.0712890625,0.15077710151672363,37.96943664550781,0.7476987242698669
6266,144,0.0703125,0.13355262577533722,37.08634567260742,0.7554307579994202
6267,144,0.0703125,0.13292735815048218,37.08362579345703,0.7559500336647034
6268,141,0.06884765625,0.15119512379169464,36.73088455200195,0.7596663236618042
6269,136,0.06640625,0.15221552550792694,37.42747497558594,0.7513362169265747
6270,133,0.06494140625,0.16397437453269958,37.57419204711914,0.7495490312576294
6271,140,0.068359375,0.166448175907135,37.59669876098633,0.7446814179420471
6272,136,0.06640625,0.15445061028003693,36.483184814453125,0.7660940885543823
6273,140,0.068359375,0.15428397059440613,37.25262451171875,0.7542955875396729
6274,141,0.06884765625,0.1464826911687851,36.19786071777344,0.7663295865058899
6275,147,0.07177734375,0.15143005549907684,37.54996871948242,0.7499538064002991
6276,147,0.07177734375,0.14650774002075195,37.49509048461914,0.7480266094207764
6277,148,0.072265625,0.1548389196395874,38.455631256103516,0.734914243221283
6278,150,0.0732421875,0.16465544700622559,38.73176574707031,0.7326443195343018
6279,147,0.07177734375,0.15340979397296906,38.923133850097656,0.735267698764801
6280,51,0.02490234375,0.1475641280412674,31.389297485351562,0.8148786425590515
6281,48,0.0234375,0.16576318442821503,31.67198944091797,0.819317102432251
6282,47,0.02294921875,0.2250645011663437,32.64189910888672,0.8078121542930603
6283,48,0.0234375,0.24742743372917175,32.947086334228516,0.8056433200836182
6284,41,0.02001953125,0.264758437871933,33.04984664916992,0.8057774901390076
6285,41,0.02001953125,0.26390865445137024,33.04111099243164,0.80002760887146
6286,45,0.02197265625,0.2972409129142761,33.73122024536133,0.7921295166015625
6287,41,0.02001953125,0.2570599317550659,33.86140060424805,0.7920159101486206
6288,39,0.01904296875,0.1918565034866333,31.93338966369629,0.8046499490737915
6289,42,0.0205078125,0.18723554909229279,32.08616256713867,0.8083285093307495
6290,43,0.02099609375,0.1669032871723175,32.76386642456055,0.801270604133606
6291,44,0.021484375,0.1847405880689621,35.71645736694336,0.7578601837158203
6292,40,0.01953125,0.1728033721446991,33.24285888671875,0.7911187410354614
6293,37,0.01806640625,0.17025522887706757,34.0324821472168,0.787497878074646
6294,40,0.01953125,0.20847782492637634,32.00621795654297,0.8115806579589844
6295,34,0.0166015625,0.2001536339521408,31.46476173400879,0.8163962960243225
6296,34,0.0166015625,0.19575242698192596,31.106212615966797,0.8224422335624695
6297,39,0.01904296875,0.22314243018627167,33.403770446777344,0.7973989248275757
6298,41,0.02001953125,0.2584304213523865,32.77070999145508,0.8000506162643433
6299,41,0.02001953125,0.24307997524738312,34.506919860839844,0.7779353857040405
6300,37,0.01806640625,0.25543850660324097,31.93204689025879,0.8056543469429016
6301,35,0.01708984375,0.2700054347515106,35.87066650390625,0.7562282085418701
6302,38,0.0185546875,0.30359122157096863,34.404335021972656,0.7861831784248352
6303,44,0.021484375,0.276096373796463,34.136783599853516,0.7800015807151794
6304,41,0.02001953125,0.28182488679885864,33.53409957885742,0.7968761920928955
6305,45,0.02197265625,0.27164795994758606,35.55833435058594,0.779115617275238
6306,42,0.0205078125,0.29931777715682983,37.42186737060547,0.7486447095870972
6307,42,0.0205078125,0.2792074978351593,34.575069427490234,0.7892247438430786
6308,41,0.02001953125,0.25755712389945984,34.109317779541016,0.788570761680603
6309,41,0.02001953125,0.25541141629219055,32.99190902709961,0.8118961453437805
6310,40,0.01953125,0.25443151593208313,32.295955657958984,0.8041068911552429
6311,39,0.01904296875,0.30134376883506775,35.930503845214844,0.7759767174720764
6312,37,0.01806640625,0.28285953402519226,35.32915115356445,0.7723776698112488
6313,39,0.01904296875,0.3032524585723877,36.34654998779297,0.7668585777282715
6314,41,0.02001953125,0.2874305248260498,37.38282775878906,0.751545250415802
6315,41,0.02001953125,0.2633340060710907,31.949081420898438,0.8157222270965576
6316,46,0.0224609375,0.25008460879325867,31.848913192749023,0.8218387365341187
6317,44,0.021484375,0.2528853416442871,31.393476486206055,0.8241161108016968
6318,40,0.01953125,0.25638070702552795,30.319290161132812,0.8372111320495605
6319,48,0.0234375,0.24049212038516998,34.8697509765625,0.7717616558074951
6320,109,0.05322265625,0.16190393269062042,28.029951095581055,0.8415599465370178
6321,107,0.05224609375,0.17352913320064545,27.650577545166016,0.8424586653709412
6322,116,0.056640625,0.1298222690820694,24.377016067504883,0.8718210458755493
6323,126,0.0615234375,0.12553627789020538,26.972454071044922,0.8465769290924072
6324,117,0.05712890625,0.12440381944179535,25.52564811706543,0.8571352362632751
6325,115,0.05615234375,0.13122990727424622,24.441408157348633,0.8717138767242432
6326,125,0.06103515625,0.13690467178821564,27.498693466186523,0.8363328576087952
6327,113,0.05517578125,0.13710938394069672,26.347688674926758,0.8503101468086243
6328,120,0.05859375,0.12364917248487473,26.56510353088379,0.8506666421890259
6329,124,0.060546875,0.12079352140426636,27.151477813720703,0.8467099070549011
6330,126,0.0615234375,0.1280747503042221,27.273353576660156,0.844338059425354
6331,129,0.06298828125,0.12660570442676544,27.886354446411133,0.8330373764038086
6332,122,0.0595703125,0.12490897625684738,26.418607711791992,0.8510782122612
6333,112,0.0546875,0.11256501078605652,26.041399002075195,0.8583598732948303
6334,116,0.056640625,0.11501095443964005,27.23772621154785,0.8440366387367249
6335,106,0.0517578125,0.12109239399433136,25.273733139038086,0.864544153213501
6336,110,0.0537109375,0.1169925257563591,25.493871688842773,0.8630846738815308
6337,110,0.0537109375,0.12638318538665771,26.557382583618164,0.8518236875534058
6338,107,0.05224609375,0.11910907179117203,24.226106643676758,0.8786197304725647
6339,116,0.056640625,0.10843773931264877,27.30354881286621,0.8437513709068298
6340,101,0.04931640625,0.12159241735935211,24.877151489257812,0.8734588623046875
6341,98,0.0478515625,0.13315340876579285,25.65254783630371,0.8707297444343567
6342,96,0.046875,0.14897243678569794,27.70842933654785,0.8510459065437317
6343,96,0.046875,0.14023038744926453,28.16733741760254,0.8459122180938721
6344,96,0.046875,0.1446486860513687,28.458913803100586,0.8388688564300537
6345,90,0.0439453125,0.1604716181755066,28.918031692504883,0.8382975459098816
6346,84,0.041015625,0.18019813299179077,29.982772827148438,0.8288445472717285
6347,88,0.04296875,0.18211106956005096,28.443819046020508,0.8378196954727173
6348,84,0.041015625,0.19154472649097443,28.60941505432129,0.8410444855690002
6349,79,0.03857421875,0.19704464077949524,27.883312225341797,0.8523194789886475
6350,82,0.0400390625,0.19415445625782013,30.237714767456055,0.8267263174057007
6351,76,0.037109375,0.21793906390666962,32.2895393371582,0.8051629066467285
6352,72,0.03515625,0.2406584769487381,32.152076721191406,0.8043955564498901
6353,65,0.03173828125,0.24167972803115845,32.79936218261719,0.8046310544013977
6354,72,0.03515625,0.22938500344753265,34.26969909667969,0.7841386198997498
6355,69,0.03369140625,0.20161005854606628,33.737876892089844,0.7991734147071838
6356,75,0.03662109375,0.22141268849372864,34.33146667480469,0.7923131585121155
6357,68,0.033203125,0.19832298159599304,34.1247444152832,0.7966727018356323
6358,68,0.033203125,0.24895064532756805,35.79930114746094,0.7706614136695862
6359,65,0.03173828125,0.21905997395515442,35.02599334716797,0.7801532745361328
6360,102,0.0498046875,0.20423226058483124,32.546875,0.7921363115310669
6361,91,0.04443359375,0.2124803066253662,35.526912689208984,0.7580847144126892
6362,92,0.044921875,0.19846808910369873,33.2841682434082,0.7878310084342957
6363,93,0.04541015625,0.20534856617450714,32.4063835144043,0.7966644167900085
6364,97,0.04736328125,0.1987757831811905,34.31638717651367,0.7736015915870667
6365,95,0.04638671875,0.20584705471992493,33.127540588378906,0.7881349325180054
6366,98,0.0478515625,0.21019527316093445,34.07952117919922,0.7814288139343262
6367,105,0.05126953125,0.1899103969335556,35.5958137512207,0.7549487352371216
6368,104,0.05078125,0.20612524449825287,35.03839874267578,0.7646999955177307
6369,100,0.048828125,0.20863616466522217,35.0555305480957,0.765343427658081
6370,93,0.04541015625,0.19529147446155548,33.666297912597656,0.7895597815513611
6371,88,0.04296875,0.19519183039665222,35.98096466064453,0.7642646431922913
6372,90,0.0439453125,0.21769171953201294,36.11544418334961,0.7605094909667969
6373,92,0.044921875,0.18913792073726654,36.59469985961914,0.7523812055587769
6374,99,0.04833984375,0.2175055295228958,35.692848205566406,0.759434163570404
6375,99,0.04833984375,0.21235467493534088,34.79938888549805,0.7608466148376465
6376,90,0.0439453125,0.22966156899929047,32.78849792480469,0.7926439046859741
6377,94,0.0458984375,0.19932439923286438,34.51531982421875,0.7777626514434814
6378,86,0.0419921875,0.19320563971996307,34.90241622924805,0.7792087197303772
6379,89,0.04345703125,0.21991845965385437,33.896820068359375,0.7828511595726013
6380,84,0.041015625,0.21700862050056458,36.297447204589844,0.7572558522224426
6381,73,0.03564453125,0.20956283807754517,38.32340621948242,0.734970211982727
6382,72,0.03515625,0.19769522547721863,36.9557991027832,0.7598715424537659
6383,66,0.0322265625,0.21280010044574738,37.95365905761719,0.7555798888206482
6384,66,0.0322265625,0.22979389131069183,41.388423919677734,0.7139078974723816
6385,59,0.02880859375,0.22935333847999573,39.80376052856445,0.7330377697944641
6386,62,0.0302734375,0.2143373191356659,37.357200622558594,0.7538185119628906
6387,64,0.03125,0.1930016726255417,37.718624114990234,0.7549341917037964
6388,69,0.03369140625,0.1846165657043457,40.83736038208008,0.7118444442749023
6389,67,0.03271484375,0.20827814936637878,35.52852249145508,0.7663647532463074
6390,63,0.03076171875,0.20485541224479675,34.26902770996094,0.7787594795227051
6391,70,0.0341796875,0.19921253621578217,36.565765380859375,0.7645607590675354
6392,66,0.0322265625,0.17491751909255981,40.836021423339844,0.7125980257987976
6393,75,0.03662109375,0.18928559124469757,36.093196868896484,0.7699552178382874
6394,74,0.0361328125,0.1890306919813156,38.39384460449219,0.7359297275543213
6395,76,0.037109375,0.2067672163248062,39.299659729003906,0.7263027429580688
6396,72,0.03515625,0.2122773826122284,37.01182556152344,0.7533792853355408
6397,86,0.0419921875,0.2082889825105667,33.526580810546875,0.7901092171669006
6398,82,0.0400390625,0.1954185515642166,34.62198257446289,0.7777677774429321
6399,92,0.044921875,0.18215183913707733,33.458030700683594,0.7875036001205444
6400,175,0.08544921875,0.18155641853809357,34.27118682861328,0.776569664478302
6401,172,0.083984375,0.19330085813999176,33.627376556396484,0.7891522645950317
6402,168,0.08203125,0.18321961164474487,32.90644836425781,0.7949231266975403
6403,200,0.09765625,0.17265218496322632,30.737459182739258,0.8244379162788391
6404,195,0.09521484375,0.17566463351249695,29.900190353393555,0.8293170928955078
6405,229,0.11181640625,0.20514896512031555,32.6744384765625,0.8005840182304382
6406,209,0.10205078125,0.17314188182353973,30.882244110107422,0.8178920745849609
6407,216,0.10546875,0.16047318279743195,29.505796432495117,0.8309153318405151
6408,245,0.11962890625,0.18250806629657745,32.238670349121094,0.8025979399681091
6409,187,0.09130859375,0.15476806461811066,31.67203712463379,0.810601532459259
6410,206,0.1005859375,0.1631927341222763,30.638582229614258,0.8201715350151062
6411,233,0.11376953125,0.16562369465827942,31.881113052368164,0.8030742406845093
6412,218,0.1064453125,0.1641661673784256,29.550559997558594,0.8295696377754211
6413,166,0.0810546875,0.15917403995990753,29.999011993408203,0.8292154669761658
6414,165,0.08056640625,0.15857034921646118,31.420948028564453,0.8118448853492737
6415,150,0.0732421875,0.177704319357872,32.264583587646484,0.8058487176895142
6416,150,0.0732421875,0.16448429226875305,31.300067901611328,0.8185514807701111
6417,138,0.0673828125,0.13485825061798096,30.725996017456055,0.8194595575332642
6418,153,0.07470703125,0.1266247034072876,30.84417724609375,0.8178449869155884
6419,146,0.0712890625,0.12671048939228058,30.167556762695312,0.8191153407096863
6420,178,0.0869140625,0.18109799921512604,33.656578063964844,0.7871811389923096
6421,156,0.076171875,0.12431096285581589,30.645219802856445,0.8271691799163818
6422,170,0.0830078125,0.13773277401924133,31.99142837524414,0.8111056089401245
6423,168,0.08203125,0.13546766340732574,31.21451759338379,0.8183517456054688
6424,151,0.07373046875,0.12074721604585648,28.800050735473633,0.840233564376831
6425,151,0.07373046875,0.12589937448501587,28.583881378173828,0.8459709882736206
6426,154,0.0751953125,0.1192043200135231,29.17778778076172,0.843529462814331
6427,141,0.06884765625,0.12930823862552643,29.356403350830078,0.8395045399665833
6428,145,0.07080078125,0.13940714299678802,31.591686248779297,0.812445878982544
6429,140,0.068359375,0.13040415942668915,27.77494239807129,0.8540177345275879
6430,141,0.06884765625,0.12492725998163223,27.653697967529297,0.8549757599830627
6431,148,0.072265625,0.13148513436317444,31.85346221923828,0.8066369891166687
6432,140,0.068359375,0.12792900204658508,28.823883056640625,0.8444192409515381
6433,143,0.06982421875,0.12486518919467926,28.90296173095703,0.8451270461082458
6434,134,0.0654296875,0.13028466701507568,30.054962158203125,0.828757107257843
6435,130,0.0634765625,0.1361122727394104,28.60152816772461,0.8466053605079651
6436,145,0.07080078125,0.1265566498041153,28.472349166870117,0.8430801630020142
6437,143,0.06982421875,0.1291998028755188,28.792585372924805,0.8376637697219849
6438,140,0.068359375,0.13066960871219635,30.250808715820312,0.8228655457496643
6439,134,0.0654296875,0.14566707611083984,30.11761474609375,0.8277884721755981
6440,145,0.07080078125,0.14799518883228302,33.69038009643555,0.7916823625564575
6441,126,0.0615234375,0.15879669785499573,33.72468566894531,0.7861629724502563
6442,120,0.05859375,0.1569407731294632,33.475914001464844,0.7887378931045532
6443,103,0.05029296875,0.15682317316532135,33.917659759521484,0.7963032126426697
6444,111,0.05419921875,0.15376414358615875,34.13401412963867,0.7913563847541809
6445,118,0.0576171875,0.16292516887187958,33.2408332824707,0.7930651903152466
6446,121,0.05908203125,0.14350008964538574,32.180912017822266,0.8109676837921143
6447,110,0.0537109375,0.14856557548046112,33.219383239746094,0.8016865253448486
6448,116,0.056640625,0.16285744309425354,34.34772872924805,0.7814622521400452
6449,109,0.05322265625,0.1571703553199768,33.73617172241211,0.7919079065322876
6450,102,0.0498046875,0.14482074975967407,35.346710205078125,0.7779006958007812
6451,118,0.0576171875,0.14107012748718262,33.27886199951172,0.79811030626297
6452,109,0.05322265625,0.14120814204216003,36.22877502441406,0.761841356754303
6453,108,0.052734375,0.14314471185207367,35.96928405761719,0.767245888710022
6454,110,0.0537109375,0.15001419186592102,35.10843276977539,0.7798954248428345
6455,102,0.0498046875,0.14628109335899353,35.50898361206055,0.7766146659851074
6456,102,0.0498046875,0.14979521930217743,36.9593620300293,0.7621814608573914
6457,105,0.05126953125,0.1516467034816742,37.55258560180664,0.7543602585792542
6458,101,0.04931640625,0.15019439160823822,37.0642204284668,0.7582090497016907
6459,105,0.05126953125,0.15360619127750397,40.1149787902832,0.7216917276382446
6460,105,0.05126953125,0.1603076010942459,36.78430938720703,0.7646113634109497
6461,97,0.04736328125,0.15066292881965637,36.85247802734375,0.7614745497703552
6462,110,0.0537109375,0.16406984627246857,37.63801193237305,0.7537940740585327
6463,92,0.044921875,0.17448066174983978,36.888492584228516,0.7675124406814575
6464,97,0.04736328125,0.21423502266407013,38.90785217285156,0.735521137714386
6465,109,0.05322265625,0.2673017978668213,40.897300720214844,0.7026394605636597
6466,101,0.04931640625,0.2592324912548065,37.926597595214844,0.7449941635131836
6467,103,0.05029296875,0.1730910688638687,37.83379364013672,0.7511343955993652
6468,121,0.05908203125,0.24384194612503052,38.50785446166992,0.736887514591217
6469,124,0.060546875,0.15910223126411438,36.830772399902344,0.758169949054718
6470,121,0.05908203125,0.15634314715862274,36.496150970458984,0.7595706582069397
6471,114,0.0556640625,0.15016409754753113,36.24614334106445,0.7622491121292114
6472,143,0.06982421875,0.13568155467510223,36.10877227783203,0.7622113227844238
6473,142,0.0693359375,0.14123402535915375,33.43019104003906,0.7980994582176208
6474,140,0.068359375,0.1400027871131897,35.311729431152344,0.7740705609321594
6475,147,0.07177734375,0.1452978551387787,35.49889373779297,0.7686976194381714
6476,161,0.07861328125,0.15778085589408875,39.50663375854492,0.7230237126350403
6477,157,0.07666015625,0.14951246976852417,37.06892776489258,0.7569098472595215
6478,159,0.07763671875,0.1512623280286789,37.90364456176758,0.7471678256988525
6479,141,0.06884765625,0.15590789914131165,36.687435150146484,0.7597289681434631
6480,249,0.12158203125,0.11157839745283127,32.52395248413086,0.8041182160377502
6481,241,0.11767578125,0.11913971602916718,32.180023193359375,0.8106408715248108
6482,219,0.10693359375,0.12917903065681458,33.67025375366211,0.7894718647003174
6483,225,0.10986328125,0.13023236393928528,32.88310623168945,0.8008259534835815
6484,224,0.109375,0.1295204609632492,32.750633239746094,0.7965351939201355
6485,215,0.10498046875,0.1258159726858139,31.170969009399414,0.8086724281311035
6486,217,0.10595703125,0.1250891238451004,32.074092864990234,0.7963676452636719
6487,227,0.11083984375,0.1162395030260086,32.01469039916992,0.8026077747344971
6488,220,0.107421875,0.12349582463502884,32.03189468383789,0.8042452931404114
6489,216,0.10546875,0.11996898055076599,32.51609420776367,0.7881299257278442
6490,221,0.10791015625,0.11616592854261398,33.36088943481445,0.7953147888183594
6491,248,0.12109375,0.12511345744132996,32.59611129760742,0.8072770833969116
6492,241,0.11767578125,0.12073561549186707,33.444313049316406,0.794346272945404
6493,232,0.11328125,0.11275752633810043,31.94309425354004,0.8039880990982056
6494,244,0.119140625,0.12338824570178986,30.41437530517578,0.827970027923584
6495,246,0.1201171875,0.11947500705718994,30.898433685302734,0.8209963440895081
6496,243,0.11865234375,0.1217343807220459,31.372102737426758,0.8170572519302368
6497,238,0.1162109375,0.11065637320280075,31.20168685913086,0.8162029385566711
6498,244,0.119140625,0.11348603665828705,30.813920974731445,0.8211018443107605
6499,234,0.1142578125,0.10417773574590683,31.691444396972656,0.8090732097625732
6500,238,0.1162109375,0.12425912171602249,34.01264572143555,0.7828091382980347
6501,248,0.12109375,0.11631028354167938,33.93870544433594,0.7868004441261292
6502,246,0.1201171875,0.11509168893098831,31.050640106201172,0.8145249485969543
6503,241,0.11767578125,0.11265512555837631,31.57769775390625,0.8045675754547119
6504,251,0.12255859375,0.11981794238090515,31.844099044799805,0.8111359477043152
6505,243,0.11865234375,0.1316758543252945,31.2549991607666,0.819498598575592
6506,237,0.11572265625,0.13326680660247803,33.54546356201172,0.7915276288986206
6507,247,0.12060546875,0.13655225932598114,33.275367736816406,0.7970417737960815
6508,249,0.12158203125,0.12890100479125977,32.41135025024414,0.8031420707702637
6509,255,0.12451171875,0.12643171846866608,31.43682289123535,0.816882312297821
6510,253,0.12353515625,0.12402668595314026,32.37487030029297,0.8067759871482849
6511,258,0.1259765625,0.12275927513837814,31.894800186157227,0.8046118021011353
6512,270,0.1318359375,0.1234031692147255,33.53313446044922,0.7880478501319885
6513,260,0.126953125,0.12741579115390778,30.009380340576172,0.8210747241973877
6514,258,0.1259765625,0.12849554419517517,30.04701805114746,0.8209893107414246
6515,260,0.126953125,0.1309879869222641,29.35782814025879,0.8240139484405518
6516,267,0.13037109375,0.14382903277873993,29.9672908782959,0.8204436898231506
6517,268,0.130859375,0.143049955368042,30.51568031311035,0.8132831454277039
6518,239,0.11669921875,0.13641580939292908,31.1229305267334,0.815856397151947
6519,236,0.115234375,0.13423071801662445,30.759389877319336,0.8157051801681519
6520,317,0.15478515625,0.14778146147727966,36.328365325927734,0.7648279666900635
6521,347,0.16943359375,0.13770924508571625,35.77381134033203,0.7648513317108154
6522,426,0.2080078125,0.13874906301498413,36.717655181884766,0.7429446578025818
6523,413,0.20166015625,0.14516566693782806,35.71393966674805,0.7583183646202087
6524,382,0.1865234375,0.13936080038547516,34.11346435546875,0.775966227054596
6525,371,0.18115234375,0.13877125084400177,34.63454055786133,0.7707375288009644
6526,420,0.205078125,0.13332843780517578,35.82141876220703,0.7513095736503601
6527,373,0.18212890625,0.13472235202789307,34.011478424072266,0.7784301042556763
6528,377,0.18408203125,0.13490775227546692,34.241512298583984,0.7776955366134644
6529,362,0.1767578125,0.13630938529968262,34.547611236572266,0.7743654847145081
6530,444,0.216796875,0.1444903016090393,37.309234619140625,0.7348829507827759
6531,412,0.201171875,0.1467978060245514,35.93320083618164,0.7511990070343018
6532,412,0.201171875,0.1511741727590561,36.392112731933594,0.7512788772583008
6533,461,0.22509765625,0.15544334053993225,38.95219421386719,0.7222070693969727
6534,419,0.20458984375,0.15081849694252014,37.131134033203125,0.7457804679870605
6535,395,0.19287109375,0.1563951075077057,37.34225082397461,0.7420639395713806
6536,439,0.21435546875,0.15029922127723694,38.1871452331543,0.7275922894477844
6537,536,0.26171875,0.13505171239376068,42.127227783203125,0.6798152923583984
6538,488,0.23828125,0.1341264843940735,40.02084732055664,0.7040671706199646
6539,558,0.2724609375,0.1363956332206726,43.4466552734375,0.6652579307556152
6540,602,0.2939453125,0.1438865214586258,44.385986328125,0.6554893851280212
6541,654,0.3193359375,0.15488918125629425,43.45030975341797,0.6674582958221436
6542,676,0.330078125,0.15092766284942627,42.041236877441406,0.6879493594169617
6543,597,0.29150390625,0.1304759830236435,36.750648498535156,0.7530332207679749
6544,456,0.22265625,0.11767063289880753,36.81406021118164,0.755842387676239
6545,409,0.19970703125,0.12013807892799377,36.86341094970703,0.7546261548995972
6546,402,0.1962890625,0.11729981005191803,37.187557220458984,0.7474152445793152
6547,529,0.25830078125,0.12696263194084167,47.9876708984375,0.619365930557251
6548,760,0.37109375,0.14223624765872955,40.98744201660156,0.6906331181526184
6549,817,0.39892578125,0.1383248269557953,41.146888732910156,0.6823288798332214
6550,1029,0.50244140625,0.15693095326423645,41.559730529785156,0.67747962474823
6551,1042,0.5087890625,0.16086351871490479,43.56740951538086,0.6562635898590088
6552,1179,0.57568359375,0.17539601027965546,48.553707122802734,0.6043092608451843
6553,1074,0.5244140625,0.1647663563489914,46.04669189453125,0.6252247095108032
6554,394,0.1923828125,0.1352924406528473,33.925262451171875,0.7716974020004272
6555,419,0.20458984375,0.14480796456336975,40.61677551269531,0.6899676322937012
6556,399,0.19482421875,0.13106805086135864,34.246219635009766,0.7710724472999573
6557,658,0.3212890625,0.1581835150718689,39.438690185546875,0.7106133103370667
6558,698,0.3408203125,0.17003224790096283,36.897098541259766,0.7436334490776062
6559,943,0.46044921875,0.16287268698215485,39.25992965698242,0.7123783230781555
6560,775,0.37841796875,0.20624001324176788,45.197330474853516,0.6463341116905212
6561,788,0.384765625,0.19318731129169464,44.23194122314453,0.6571284532546997
6562,787,0.38427734375,0.19964699447155,44.29637908935547,0.6553120613098145
6563,789,0.38525390625,0.19606806337833405,44.48904800415039,0.6541120409965515
6564,794,0.3876953125,0.19590269029140472,44.814727783203125,0.6494582891464233
6565,778,0.3798828125,0.20886142551898956,45.291259765625,0.6425613164901733
6566,814,0.3974609375,0.1843452751636505,44.44744873046875,0.6513157486915588
6567,760,0.37109375,0.21278676390647888,44.00439453125,0.6588174104690552
6568,764,0.373046875,0.22135615348815918,44.94593048095703,0.646199107170105
6569,752,0.3671875,0.21937552094459534,44.07866668701172,0.6579806804656982
6570,737,0.35986328125,0.22428888082504272,44.163265228271484,0.6579151153564453
6571,765,0.37353515625,0.19397835433483124,43.81061935424805,0.6612212657928467
6572,771,0.37646484375,0.1912841945886612,43.68930435180664,0.6641122102737427
6573,808,0.39453125,0.1744927316904068,43.810272216796875,0.6594270467758179
6574,816,0.3984375,0.17721912264823914,44.13771057128906,0.6567872166633606
6575,817,0.39892578125,0.16778564453125,43.87257766723633,0.6584803462028503
6576,784,0.3828125,0.1990043818950653,44.179969787597656,0.6599438190460205
6577,780,0.380859375,0.20115995407104492,43.19438171386719,0.6718792915344238
6578,787,0.38427734375,0.19495460391044617,43.55290222167969,0.6667349338531494
6579,773,0.37744140625,0.20802675187587738,44.40589141845703,0.6595012545585632
6580,817,0.39892578125,0.1839877963066101,43.733802795410156,0.66111159324646
6581,911,0.44482421875,0.15225589275360107,45.31673049926758,0.638684868812561
6582,924,0.451171875,0.1540098786354065,45.901126861572266,0.631560742855072
6583,924,0.451171875,0.15453208982944489,46.74173355102539,0.6229907274246216
6584,909,0.44384765625,0.16932062804698944,46.89479064941406,0.6246527433395386
6585,1004,0.490234375,0.1476443111896515,48.213748931884766,0.6036525368690491
6586,1009,0.49267578125,0.14379893243312836,48.01772689819336,0.605093777179718
6587,1137,0.55517578125,0.1379399597644806,49.615509033203125,0.5864690542221069
6588,1038,0.5068359375,0.13977137207984924,47.9582633972168,0.6064531803131104
6589,913,0.44580078125,0.15095598995685577,46.24375915527344,0.6293950080871582
6590,922,0.4501953125,0.15272927284240723,46.657894134521484,0.6227223873138428
6591,988,0.482421875,0.14383313059806824,48.208553314208984,0.6022890210151672
6592,1297,0.63330078125,0.14175748825073242,52.13518142700195,0.5596530437469482
6593,1133,0.55322265625,0.14023913443088531,49.54257583618164,0.5876067280769348
6594,1078,0.5263671875,0.13366329669952393,47.85374069213867,0.6062613129615784
6595,971,0.47412109375,0.15340562164783478,47.11098861694336,0.617314338684082
6596,1053,0.51416015625,0.1475183665752411,47.92160415649414,0.6086054444313049
6597,1187,0.57958984375,0.1671806126832962,50.878379821777344,0.5792680382728577
6598,1314,0.6416015625,0.17485634982585907,52.304046630859375,0.5619122385978699
6599,468,0.228515625,0.1146184653043747,56.80233383178711,0.5036672353744507
6600,124,0.060546875,0.2325611710548401,36.109580993652344,0.7761362791061401
6601,123,0.06005859375,0.23459315299987793,37.18704605102539,0.7666811943054199
6602,125,0.06103515625,0.23440368473529816,38.49379348754883,0.7395896315574646
6603,128,0.0625,0.23396871984004974,38.635948181152344,0.7410800457000732
6604,126,0.0615234375,0.2351488173007965,37.93117141723633,0.7481129765510559
6605,124,0.060546875,0.2417839914560318,38.89008712768555,0.7341305017471313
6606,128,0.0625,0.2440558522939682,37.87085723876953,0.7494537830352783
6607,125,0.06103515625,0.2469262182712555,38.568763732910156,0.7397385835647583
6608,126,0.0615234375,0.24439258873462677,38.18492126464844,0.7468315362930298
6609,133,0.06494140625,0.23110277950763702,39.8475227355957,0.7237744927406311
6610,136,0.06640625,0.22774626314640045,38.17424774169922,0.7378817200660706
6611,130,0.0634765625,0.23164409399032593,37.156585693359375,0.7484778761863708
6612,135,0.06591796875,0.22493910789489746,38.46295928955078,0.7323884963989258
6613,138,0.0673828125,0.2039356529712677,36.78459930419922,0.7531111240386963
6614,134,0.0654296875,0.20751897990703583,35.87200927734375,0.7620419263839722
6615,138,0.0673828125,0.19316036999225616,35.261775970458984,0.7669391632080078
6616,144,0.0703125,0.19419705867767334,35.98247146606445,0.7565485239028931
6617,137,0.06689453125,0.19454236328601837,34.71521759033203,0.7790743708610535
6618,124,0.060546875,0.1948392540216446,32.47072982788086,0.8048297762870789
6619,135,0.06591796875,0.19246946275234222,33.73629379272461,0.787508487701416
6620,136,0.06640625,0.18711324036121368,32.99821472167969,0.7974355220794678
6621,133,0.06494140625,0.19455550611019135,32.386478424072266,0.7964497208595276
6622,133,0.06494140625,0.19698455929756165,33.396339416503906,0.7885324954986572
6623,117,0.05712890625,0.19834308326244354,29.483097076416016,0.8381467461585999
6624,137,0.06689453125,0.19572694599628448,32.98976135253906,0.7956026196479797
6625,140,0.068359375,0.1908341646194458,33.55746841430664,0.7892044186592102
6626,148,0.072265625,0.18843893706798553,33.99555969238281,0.7843331098556519
6627,140,0.068359375,0.19136978685855865,34.93358612060547,0.7791038155555725
6628,143,0.06982421875,0.19364921748638153,33.654293060302734,0.7887330055236816
6629,144,0.0703125,0.1950443983078003,32.1567497253418,0.8030092716217041
6630,135,0.06591796875,0.20083631575107574,32.95090103149414,0.7949386239051819
6631,133,0.06494140625,0.1821884959936142,29.665185928344727,0.8232569694519043
6632,133,0.06494140625,0.19770276546478271,27.188411712646484,0.8389279842376709
6633,119,0.05810546875,0.1814863532781601,28.186851501464844,0.8466957211494446
6634,115,0.05615234375,0.1728644073009491,26.53017234802246,0.8628702163696289
6635,107,0.05224609375,0.14197666943073273,26.489343643188477,0.8584499359130859
6636,117,0.05712890625,0.1708197295665741,28.1579647064209,0.8441215753555298
6637,114,0.0556640625,0.16831199824810028,28.94457244873047,0.8356615304946899
6638,110,0.0537109375,0.1513739973306656,28.216773986816406,0.8507040143013
6639,100,0.048828125,0.13641348481178284,27.614051818847656,0.8542388081550598
6640,163,0.07958984375,0.12775631248950958,36.49909210205078,0.7553150653839111
6641,167,0.08154296875,0.12714512646198273,36.2501220703125,0.7600131034851074
6642,172,0.083984375,0.12772181630134583,36.69712448120117,0.756650984287262
6643,167,0.08154296875,0.12262692302465439,35.7136116027832,0.7664458751678467
6644,174,0.0849609375,0.1252044439315796,36.142948150634766,0.7664900422096252
6645,168,0.08203125,0.127569779753685,36.362098693847656,0.7682037353515625
6646,176,0.0859375,0.13228091597557068,34.83161926269531,0.782179594039917
6647,165,0.08056640625,0.1347338706254959,36.25626754760742,0.7687230110168457
6648,158,0.0771484375,0.13082869350910187,35.2130126953125,0.7834290862083435
6649,161,0.07861328125,0.1426265388727188,37.39597702026367,0.7545031309127808
6650,153,0.07470703125,0.1445469856262207,36.389583587646484,0.7673566937446594
6651,151,0.07373046875,0.14854580163955688,37.21750259399414,0.7615322470664978
6652,163,0.07958984375,0.13829132914543152,37.0014533996582,0.7587352395057678
6653,163,0.07958984375,0.13285186886787415,37.265419006347656,0.7561727166175842
6654,159,0.07763671875,0.1299392282962799,36.71744918823242,0.7618632912635803
6655,156,0.076171875,0.1268293857574463,37.67629623413086,0.756138801574707
6656,152,0.07421875,0.12236224114894867,37.7335319519043,0.7513853907585144
6657,152,0.07421875,0.12610472738742828,37.496036529541016,0.7586677074432373
6658,140,0.068359375,0.1336292177438736,35.02565002441406,0.7808525562286377
6659,132,0.064453125,0.13584257662296295,32.96004104614258,0.8004526495933533
6660,130,0.0634765625,0.13756586611270905,34.13199996948242,0.7853899002075195
6661,124,0.060546875,0.13778406381607056,34.00553512573242,0.7886276841163635
6662,125,0.06103515625,0.1411542296409607,34.02381896972656,0.7886911034584045
6663,129,0.06298828125,0.13247229158878326,33.73210906982422,0.7917338013648987
6664,135,0.06591796875,0.1332617849111557,36.286346435546875,0.7700794339179993
6665,131,0.06396484375,0.13436682522296906,33.34764862060547,0.7944615483283997
6666,123,0.06005859375,0.11598373204469681,30.333904266357422,0.8296030759811401
6667,119,0.05810546875,0.1134820207953453,33.29841613769531,0.7965310215950012
6668,116,0.056640625,0.11592304706573486,33.15813064575195,0.8017538189888
6669,120,0.05859375,0.1159358099102974,32.909751892089844,0.8018778562545776
6670,126,0.0615234375,0.11243664473295212,31.12122917175293,0.8227349519729614
6671,129,0.06298828125,0.11894895881414413,30.665081024169922,0.8250808715820312
6672,131,0.06396484375,0.1273995190858841,33.07159423828125,0.8015831112861633
6673,129,0.06298828125,0.13667400181293488,35.22750473022461,0.7801770567893982
6674,129,0.06298828125,0.1426285207271576,36.427490234375,0.768116295337677
6675,128,0.0625,0.13803254067897797,35.124412536621094,0.7784061431884766
6676,120,0.05859375,0.1285724639892578,32.619258880615234,0.8031768202781677
6677,127,0.06201171875,0.13221290707588196,34.35713195800781,0.7871711254119873
6678,122,0.0595703125,0.13639888167381287,31.17153549194336,0.8155750036239624
6679,118,0.0576171875,0.13840122520923615,31.42224884033203,0.8150219917297363
6680,176,0.0859375,0.14931493997573853,26.80152130126953,0.850136935710907
6681,189,0.09228515625,0.15178167819976807,28.308956146240234,0.8372730016708374
6682,188,0.091796875,0.14812631905078888,27.767967224121094,0.8438612222671509
6683,182,0.0888671875,0.1402350217103958,27.427570343017578,0.8456668853759766
6684,177,0.08642578125,0.13787508010864258,27.895112991333008,0.8378108739852905
6685,178,0.0869140625,0.13904006779193878,26.4992618560791,0.8576668500900269
6686,179,0.08740234375,0.14352455735206604,27.834413528442383,0.8401617407798767
6687,177,0.08642578125,0.13307195901870728,26.952863693237305,0.8495164513587952
6688,169,0.08251953125,0.13028186559677124,26.890188217163086,0.8565701842308044
6689,167,0.08154296875,0.1257418692111969,26.420875549316406,0.8610167503356934
6690,168,0.08203125,0.1303955316543579,26.77823829650879,0.8526495695114136
6691,166,0.0810546875,0.13132672011852264,27.052358627319336,0.8539465665817261
6692,164,0.080078125,0.15150630474090576,27.3918399810791,0.8508927822113037
6693,162,0.0791015625,0.12455109506845474,26.634817123413086,0.8560590147972107
6694,157,0.07666015625,0.12317401170730591,25.112464904785156,0.872128427028656
6695,148,0.072265625,0.14021827280521393,27.51399803161621,0.8487945795059204
6696,152,0.07421875,0.1418369859457016,31.474477767944336,0.8110677003860474
6697,150,0.0732421875,0.14648811519145966,30.836997985839844,0.8191495537757874
6698,146,0.0712890625,0.1349678784608841,30.36578369140625,0.828004777431488
6699,154,0.0751953125,0.1347418576478958,27.72112464904785,0.8525210022926331
6700,154,0.0751953125,0.14137080311775208,27.947628021240234,0.8496017456054688
6701,157,0.07666015625,0.1503695696592331,30.303834915161133,0.8270759582519531
6702,155,0.07568359375,0.14711259305477142,28.426361083984375,0.8447132706642151
6703,153,0.07470703125,0.14748668670654297,28.14520835876465,0.8507493138313293
6704,154,0.0751953125,0.13431377708911896,26.96612548828125,0.8585706353187561
6705,154,0.0751953125,0.14024227857589722,26.078603744506836,0.8665158152580261
6706,154,0.0751953125,0.14732247591018677,25.46955108642578,0.8752755522727966
6707,165,0.08056640625,0.14514900743961334,27.111265182495117,0.8572883605957031
6708,154,0.0751953125,0.13554082810878754,25.55613899230957,0.8664873838424683
6709,160,0.078125,0.1373094767332077,25.694543838500977,0.8669015765190125
6710,156,0.076171875,0.13555008172988892,25.086441040039062,0.8720217943191528
6711,162,0.0791015625,0.1326751559972763,25.294143676757812,0.866622269153595
6712,166,0.0810546875,0.14500556886196136,26.10808753967285,0.8614193201065063
6713,167,0.08154296875,0.1616826057434082,28.728317260742188,0.8406819105148315
6714,170,0.0830078125,0.14637744426727295,28.192049026489258,0.836480438709259
6715,161,0.07861328125,0.13692530989646912,26.026458740234375,0.8502107262611389
6716,161,0.07861328125,0.1351470947265625,26.080429077148438,0.8517295718193054
6717,160,0.078125,0.14199848473072052,26.045434951782227,0.8518368601799011
6718,168,0.08203125,0.16350407898426056,27.893394470214844,0.8361378908157349
6719,167,0.08154296875,0.15946628153324127,27.466814041137695,0.8343455791473389
6720,115,0.05615234375,0.1619081199169159,42.10084533691406,0.6974056959152222
6721,112,0.0546875,0.16945220530033112,39.569610595703125,0.7179290056228638
6722,111,0.05419921875,0.17098279297351837,40.3525505065918,0.7092255353927612
6723,115,0.05615234375,0.16025972366333008,41.0193977355957,0.7014224529266357
6724,109,0.05322265625,0.15568596124649048,38.83052062988281,0.725172221660614
6725,109,0.05322265625,0.15183962881565094,38.47169876098633,0.7314903736114502
6726,102,0.0498046875,0.1519371122121811,36.72512435913086,0.7567780613899231
6727,105,0.05126953125,0.15320001542568207,36.80543518066406,0.7498972415924072
6728,101,0.04931640625,0.16598594188690186,39.118839263916016,0.7282451391220093
6729,103,0.05029296875,0.1562499701976776,38.84403991699219,0.735936164855957
6730,98,0.0478515625,0.15658433735370636,37.27076721191406,0.749494194984436
6731,101,0.04931640625,0.13592098653316498,34.203453063964844,0.7864140272140503
6732,94,0.0458984375,0.13163939118385315,32.21931838989258,0.805090069770813
6733,95,0.04638671875,0.14252817630767822,33.904693603515625,0.7829726934432983
6734,97,0.04736328125,0.1310701221227646,31.684186935424805,0.8114116191864014
6735,104,0.05078125,0.12102488428354263,28.735090255737305,0.8406625390052795
6736,110,0.0537109375,0.13973060250282288,31.623428344726562,0.8106131553649902
6737,109,0.05322265625,0.13224679231643677,28.32854461669922,0.8436271548271179
6738,109,0.05322265625,0.12427812069654465,25.818756103515625,0.8706890344619751
6739,111,0.05419921875,0.11347278952598572,28.40066146850586,0.8419016003608704
6740,114,0.0556640625,0.12339004874229431,28.800445556640625,0.8388595581054688
6741,125,0.06103515625,0.14303189516067505,31.271652221679688,0.8122995495796204
6742,120,0.05859375,0.1374562531709671,30.649728775024414,0.820229172706604
6743,115,0.05615234375,0.11484874784946442,26.910966873168945,0.8522499203681946
6744,114,0.0556640625,0.12365307658910751,28.170015335083008,0.8442887663841248
6745,112,0.0546875,0.10891696065664291,26.928354263305664,0.8532122373580933
6746,110,0.0537109375,0.11470718681812286,29.436208724975586,0.8330427408218384
6747,106,0.0517578125,0.11364255845546722,25.52363395690918,0.8698604702949524
6748,115,0.05615234375,0.1231599748134613,26.24015998840332,0.8601334691047668
6749,113,0.05517578125,0.1258295625448227,26.07341766357422,0.8600602746009827
6750,109,0.05322265625,0.12687037885189056,25.80693244934082,0.8687062859535217
6751,114,0.0556640625,0.12133490294218063,26.804885864257812,0.8571503758430481
6752,112,0.0546875,0.1264224499464035,26.39406967163086,0.8593680262565613
6753,106,0.0517578125,0.12978379428386688,26.90729522705078,0.8558393716812134
6754,104,0.05078125,0.13783906400203705,27.874366760253906,0.8576422333717346
6755,105,0.05126953125,0.12998168170452118,29.86806869506836,0.8278763294219971
6756,113,0.05517578125,0.13096511363983154,27.212873458862305,0.8530998826026917
6757,110,0.0537109375,0.1328054815530777,26.19231414794922,0.861396074295044
6758,110,0.0537109375,0.12199167162179947,25.800405502319336,0.8654818534851074
6759,108,0.052734375,0.11864180862903595,26.758407592773438,0.8585255146026611
6760,213,0.10400390625,0.12586721777915955,30.03976821899414,0.8244475722312927
6761,201,0.09814453125,0.1260102540254593,29.094911575317383,0.8365998268127441
6762,205,0.10009765625,0.1312812864780426,29.956754684448242,0.8275256752967834
6763,238,0.1162109375,0.22936522960662842,30.794071197509766,0.8168899416923523
6764,259,0.12646484375,0.13691429793834686,30.70842933654785,0.8177604675292969
6765,361,0.17626953125,0.1394703984260559,32.975093841552734,0.8036512732505798
6766,310,0.1513671875,0.12110859155654907,31.822492599487305,0.8150983452796936
6767,325,0.15869140625,0.1292833387851715,31.054662704467773,0.8255890607833862
6768,263,0.12841796875,0.1374361217021942,32.28428268432617,0.8020761013031006
6769,258,0.1259765625,0.18551446497440338,30.63435935974121,0.8192151784896851
6770,257,0.12548828125,0.14452962577342987,31.350576400756836,0.8119372725486755
6771,253,0.12353515625,0.21821816265583038,30.962244033813477,0.8174281120300293
6772,270,0.1318359375,0.17877966165542603,30.809555053710938,0.8130015134811401
6773,311,0.15185546875,0.12923772633075714,29.582910537719727,0.8297762870788574
6774,318,0.1552734375,0.13130925595760345,28.776256561279297,0.8384701013565063
6775,324,0.158203125,0.1356726884841919,30.409334182739258,0.8277955055236816
6776,365,0.17822265625,0.14468085765838623,30.69942283630371,0.8203341364860535
6777,341,0.16650390625,0.1477557271718979,29.11025619506836,0.8361743092536926
6778,345,0.16845703125,0.14701606333255768,30.2077579498291,0.8256061673164368
6779,381,0.18603515625,0.15857815742492676,30.395179748535156,0.8242207765579224
6780,248,0.12109375,0.09977756440639496,29.206010818481445,0.8330849409103394
6781,274,0.1337890625,0.1276962012052536,31.297473907470703,0.8083173632621765
6782,284,0.138671875,0.12502656877040863,32.012840270996094,0.803670346736908
6783,301,0.14697265625,0.12522606551647186,31.408823013305664,0.8111981153488159
6784,327,0.15966796875,0.15481975674629211,33.09566116333008,0.7894921898841858
6785,320,0.15625,0.15112192928791046,33.03467559814453,0.7945101261138916
6786,317,0.15478515625,0.14897757768630981,34.19050598144531,0.7773774862289429
6787,297,0.14501953125,0.13957147300243378,33.23459243774414,0.7989741563796997
6788,293,0.14306640625,0.1395288109779358,33.50238800048828,0.7952122688293457
6789,219,0.10693359375,0.10580184310674667,31.281475067138672,0.8204509019851685
6790,199,0.09716796875,0.10430033504962921,29.623075485229492,0.8347007632255554
6791,195,0.09521484375,0.10544262081384659,29.707887649536133,0.830838143825531
6792,198,0.0966796875,0.10589464753866196,29.700471878051758,0.8337541818618774
6793,191,0.09326171875,0.10815490782260895,29.742321014404297,0.8284415006637573
6794,176,0.0859375,0.1173577755689621,29.888795852661133,0.8220207095146179
6795,190,0.0927734375,0.10753994435071945,29.67635726928711,0.8269690275192261
6796,181,0.08837890625,0.11646107584238052,29.38252067565918,0.8352721929550171
6797,176,0.0859375,0.12120380997657776,30.91645622253418,0.8164563775062561
6798,180,0.087890625,0.11554157733917236,30.744970321655273,0.8224469423294067
6799,177,0.08642578125,0.12502889335155487,32.44648361206055,0.7991377711296082
6800,192,0.09375,0.12598228454589844,28.863000869750977,0.8370554447174072
6801,193,0.09423828125,0.12630216777324677,29.23371124267578,0.836307168006897
6802,201,0.09814453125,0.12809117138385773,30.783058166503906,0.8219881057739258
6803,196,0.095703125,0.1262691766023636,30.856657028198242,0.8175333738327026
6804,202,0.0986328125,0.1258225440979004,30.619050979614258,0.8210678696632385
6805,204,0.099609375,0.11951538175344467,29.293811798095703,0.8291227221488953
6806,222,0.1083984375,0.12084322422742844,30.100074768066406,0.8158045411109924
6807,213,0.10400390625,0.11918593943119049,28.4232177734375,0.8387737274169922
6808,212,0.103515625,0.11818809807300568,28.004438400268555,0.8424046635627747
6809,204,0.099609375,0.11822762340307236,27.74802017211914,0.8453882336616516
6810,215,0.10498046875,0.11586349457502365,29.247108459472656,0.821290910243988
6811,214,0.1044921875,0.11186675727367401,27.501314163208008,0.8413944840431213
6812,205,0.10009765625,0.11033941805362701,27.697843551635742,0.8389845490455627
6813,205,0.10009765625,0.11255498230457306,27.42001724243164,0.8438538312911987
6814,202,0.0986328125,0.11030596494674683,27.63201332092285,0.8432570099830627
6815,195,0.09521484375,0.1130131259560585,28.81898307800293,0.8271452784538269
6816,194,0.0947265625,0.11117321997880936,28.145761489868164,0.8340732455253601
6817,208,0.1015625,0.11874551326036453,28.053569793701172,0.83879154920578
6818,206,0.1005859375,0.11460094898939133,27.242902755737305,0.8458812832832336
6819,204,0.099609375,0.11835858970880508,29.08969497680664,0.8270457983016968
6820,209,0.10205078125,0.11726169288158417,27.881961822509766,0.8405323624610901
6821,215,0.10498046875,0.11822094023227692,28.516372680664062,0.8366239070892334
6822,209,0.10205078125,0.11429350823163986,28.67759895324707,0.8361802697181702
6823,203,0.09912109375,0.1233174204826355,30.48987579345703,0.8165711760520935
6824,201,0.09814453125,0.12870033085346222,29.284961700439453,0.8264170289039612
6825,212,0.103515625,0.11920382082462311,29.513105392456055,0.824931263923645
6826,214,0.1044921875,0.11804499477148056,28.277740478515625,0.8395945429801941
6827,214,0.1044921875,0.11628837138414383,27.990015029907227,0.8409892320632935
6828,218,0.1064453125,0.11646569520235062,27.566621780395508,0.8476153016090393
6829,219,0.10693359375,0.1199803575873375,28.882539749145508,0.8335726261138916
6830,223,0.10888671875,0.12652915716171265,28.884178161621094,0.8368041515350342
6831,217,0.10595703125,0.12426823377609253,28.885238647460938,0.8338071703910828
6832,223,0.10888671875,0.12463263422250748,30.274608612060547,0.822479248046875
6833,208,0.1015625,0.12375784665346146,27.609071731567383,0.8496410846710205
6834,215,0.10498046875,0.12282665818929672,29.632991790771484,0.8283517360687256
6835,227,0.11083984375,0.12463626265525818,31.517200469970703,0.8089306950569153
6836,222,0.1083984375,0.1255474090576172,30.206863403320312,0.8261449933052063
6837,219,0.10693359375,0.12511666119098663,31.094770431518555,0.8153496384620667
6838,229,0.11181640625,0.12633217871189117,31.194677352905273,0.8147355318069458
6839,212,0.103515625,0.12770749628543854,30.43254280090332,0.8239389657974243
6840,103,0.05029296875,0.17994803190231323,35.535465240478516,0.7698339819908142
6841,110,0.0537109375,0.17658698558807373,33.360939025878906,0.8019220232963562
6842,117,0.05712890625,0.1505761593580246,33.63340759277344,0.7892546653747559
6843,117,0.05712890625,0.14622388780117035,31.85723876953125,0.8120362162590027
6844,120,0.05859375,0.15270423889160156,31.52830696105957,0.8107457756996155
6845,129,0.06298828125,0.13410405814647675,32.48039245605469,0.7998314499855042
6846,130,0.0634765625,0.1517261564731598,32.95071029663086,0.7893710732460022
6847,128,0.0625,0.14638957381248474,32.328704833984375,0.8093135356903076
6848,134,0.0654296875,0.14519542455673218,31.929243087768555,0.8107496500015259
6849,128,0.0625,0.14730459451675415,30.9727840423584,0.8170788288116455
6850,126,0.0615234375,0.15364710986614227,32.41936111450195,0.8048060536384583
6851,125,0.06103515625,0.1557161659002304,31.95954704284668,0.8084653615951538
6852,120,0.05859375,0.16150866448879242,33.343902587890625,0.7942469120025635
6853,128,0.0625,0.132903054356575,31.673635482788086,0.8144915699958801
6854,152,0.07421875,0.11706067621707916,29.82310676574707,0.8302047252655029
6855,179,0.08740234375,0.15688011050224304,32.969993591308594,0.7858170866966248
6856,171,0.08349609375,0.1329767405986786,29.594785690307617,0.8261670470237732
6857,164,0.080078125,0.14874298870563507,29.202369689941406,0.8284339904785156
6858,170,0.0830078125,0.15217584371566772,29.245004653930664,0.8294024467468262
6859,170,0.0830078125,0.1525072604417801,27.415271759033203,0.849658727645874
6860,171,0.08349609375,0.15362100303173065,27.776161193847656,0.8440508842468262
6861,153,0.07470703125,0.1298142820596695,28.888710021972656,0.837486743927002
6862,152,0.07421875,0.1336681842803955,30.046350479125977,0.8230502605438232
6863,168,0.08203125,0.1393527090549469,28.6744441986084,0.8390625715255737
6864,164,0.080078125,0.13707862794399261,25.132604598999023,0.8706246614456177
6865,169,0.08251953125,0.14467734098434448,27.093969345092773,0.8534316420555115
6866,154,0.0751953125,0.13493095338344574,28.57200813293457,0.8436504006385803
6867,152,0.07421875,0.13719475269317627,29.922216415405273,0.8297653794288635
6868,186,0.0908203125,0.15312057733535767,28.355649948120117,0.8404731154441833
6869,169,0.08251953125,0.1346251368522644,27.55550765991211,0.8537822365760803
6870,169,0.08251953125,0.12573809921741486,28.335033416748047,0.8385291695594788
6871,170,0.0830078125,0.1434643268585205,27.779909133911133,0.8518345355987549
6872,176,0.0859375,0.12124662846326828,31.396635055541992,0.8126291632652283
6873,184,0.08984375,0.11839374899864197,35.58348083496094,0.7673786282539368
6874,175,0.08544921875,0.11385662108659744,34.31458282470703,0.7811559438705444
6875,156,0.076171875,0.10972679406404495,32.33566665649414,0.8089390397071838
6876,145,0.07080078125,0.10693589597940445,31.696584701538086,0.8117284178733826
6877,151,0.07373046875,0.1077580377459526,34.244110107421875,0.78408282995224
6878,145,0.07080078125,0.11536785215139389,34.26641845703125,0.7827301025390625
6879,140,0.068359375,0.11786426603794098,34.945377349853516,0.7708292007446289
6880,138,0.0673828125,0.15240198373794556,29.527252197265625,0.8200883269309998
6881,146,0.0712890625,0.14744678139686584,28.048072814941406,0.8392806053161621
6882,152,0.07421875,0.13952018320560455,25.18297004699707,0.8645722270011902
6883,158,0.0771484375,0.13468848168849945,25.245241165161133,0.8570066094398499
6884,169,0.08251953125,0.12787015736103058,23.887470245361328,0.8780251145362854
6885,181,0.08837890625,0.12129900604486465,25.47667121887207,0.8626722693443298
6886,202,0.0986328125,0.12154501676559448,24.549787521362305,0.8709710836410522
6887,222,0.1083984375,0.1280309408903122,27.7639217376709,0.8429446816444397
6888,205,0.10009765625,0.12293025851249695,25.631263732910156,0.859653651714325
6889,200,0.09765625,0.1269683986902237,28.593313217163086,0.8341413140296936
6890,216,0.10546875,0.13465432822704315,28.73341178894043,0.8319767713546753
6891,189,0.09228515625,0.1277937889099121,24.941476821899414,0.863770604133606
6892,157,0.07666015625,0.12098042666912079,26.915882110595703,0.856924831867218
6893,162,0.0791015625,0.11917246133089066,25.3076171875,0.8664951324462891
6894,185,0.09033203125,0.12048665434122086,24.54239273071289,0.8679494261741638
6895,199,0.09716796875,0.11759191751480103,24.835886001586914,0.8715668320655823
6896,176,0.0859375,0.12639600038528442,28.239452362060547,0.8348500728607178
6897,170,0.0830078125,0.11948045343160629,25.799612045288086,0.8616664409637451
6898,193,0.09423828125,0.12776973843574524,24.90553092956543,0.8650570511817932
6899,208,0.1015625,0.11830282211303711,24.37120246887207,0.8783782124519348
6900,188,0.091796875,0.11314154416322708,25.926950454711914,0.8634111881256104
6901,258,0.1259765625,0.12168996781110764,25.781112670898438,0.8611069321632385
6902,273,0.13330078125,0.1192333772778511,24.71445083618164,0.8685667514801025
6903,250,0.1220703125,0.11348892003297806,24.46530532836914,0.8729608654975891
6904,205,0.10009765625,0.11155004054307938,25.890539169311523,0.8659825921058655
6905,215,0.10498046875,0.11265557259321213,26.206146240234375,0.8639189004898071
6906,232,0.11328125,0.12624795734882355,26.46729850769043,0.8585919141769409
6907,242,0.1181640625,0.10744690895080566,25.954496383666992,0.8669458031654358
6908,211,0.10302734375,0.11132926493883133,27.699934005737305,0.8489851951599121
6909,269,0.13134765625,0.113205686211586,25.700929641723633,0.8652632832527161
6910,361,0.17626953125,0.13032223284244537,28.063030242919922,0.841100811958313
6911,375,0.18310546875,0.13339948654174805,29.012414932250977,0.8387948274612427
6912,355,0.17333984375,0.14687244594097137,29.12336540222168,0.8364570140838623
6913,347,0.16943359375,0.16311104595661163,26.94446563720703,0.8453154563903809
6914,335,0.16357421875,0.17221100628376007,28.65660285949707,0.834078311920166
6915,331,0.16162109375,0.16212086379528046,27.03555679321289,0.8488759398460388
6916,245,0.11962890625,0.15005967020988464,27.673126220703125,0.8363646268844604
6917,256,0.125,0.17942987382411957,26.669578552246094,0.8463374376296997
6918,267,0.13037109375,0.20375658571720123,27.36964225769043,0.8341038823127747
6919,190,0.0927734375,0.15558180212974548,33.355751037597656,0.7892345786094666
6920,67,0.03271484375,0.20874528586864471,40.79640579223633,0.7249299883842468
6921,70,0.0341796875,0.21186348795890808,40.69286346435547,0.7218010425567627
6922,74,0.0361328125,0.22385814785957336,41.37568664550781,0.7096617817878723
6923,75,0.03662109375,0.23855505883693695,41.38774490356445,0.7074504494667053
6924,72,0.03515625,0.2315862625837326,39.35093688964844,0.7341077327728271
6925,70,0.0341796875,0.2361622303724289,40.47896194458008,0.7198390364646912
6926,75,0.03662109375,0.22926893830299377,39.47896194458008,0.7357942461967468
6927,73,0.03564453125,0.23995746672153473,39.18724060058594,0.7331082820892334
6928,74,0.0361328125,0.24052694439888,39.523765563964844,0.7335706949234009
6929,71,0.03466796875,0.23518329858779907,38.27840805053711,0.7522076368331909
6930,70,0.0341796875,0.234800785779953,34.713279724121094,0.7913858890533447
6931,67,0.03271484375,0.23096486926078796,37.715755462646484,0.7584919333457947
6932,71,0.03466796875,0.23200193047523499,37.24680709838867,0.7604467868804932
6933,69,0.03369140625,0.2363833487033844,37.10316848754883,0.762771487236023
6934,74,0.0361328125,0.2393668293952942,36.343353271484375,0.7713281512260437
6935,79,0.03857421875,0.2342144101858139,37.6701545715332,0.7558879852294922
6936,77,0.03759765625,0.21887674927711487,39.11578369140625,0.7315452694892883
6937,71,0.03466796875,0.23191681504249573,39.77088165283203,0.7157478928565979
6938,59,0.02880859375,0.23280662298202515,38.13572692871094,0.7368654012680054
6939,62,0.0302734375,0.23981589078903198,37.4151611328125,0.7506425976753235
6940,66,0.0322265625,0.24327024817466736,38.42828369140625,0.7334680557250977
6941,61,0.02978515625,0.23618818819522858,37.13874435424805,0.7572725415229797
6942,70,0.0341796875,0.23502546548843384,40.20622253417969,0.7247321009635925
6943,70,0.0341796875,0.24195779860019684,37.80156707763672,0.7537552118301392
6944,74,0.0361328125,0.2425159513950348,36.30585479736328,0.7701509594917297
6945,70,0.0341796875,0.24357537925243378,36.97243118286133,0.7650913000106812
6946,67,0.03271484375,0.23480600118637085,36.302711486816406,0.7675153017044067
6947,70,0.0341796875,0.23479577898979187,38.08097839355469,0.7452320456504822
6948,65,0.03173828125,0.2233612835407257,39.87986755371094,0.7190667986869812
6949,67,0.03271484375,0.23460063338279724,37.777381896972656,0.7422425150871277
6950,65,0.03173828125,0.23803360760211945,36.262855529785156,0.7592418193817139
6951,75,0.03662109375,0.23365767300128937,36.96074676513672,0.7582215070724487
6952,77,0.03759765625,0.2339448481798172,38.466068267822266,0.7459512948989868
6953,69,0.03369140625,0.23680536448955536,35.403709411621094,0.7809333801269531
6954,60,0.029296875,0.2357652485370636,35.362098693847656,0.7794866561889648
6955,63,0.03076171875,0.2233087122440338,38.05214309692383,0.7467700839042664
6956,56,0.02734375,0.23496346175670624,38.38106918334961,0.7391771078109741
6957,58,0.0283203125,0.2416629046201706,39.022335052490234,0.7289350628852844
6958,61,0.02978515625,0.24931780993938446,37.86842727661133,0.745434045791626
6959,67,0.03271484375,0.23299072682857513,35.81553268432617,0.7741971015930176
6960,42,0.0205078125,0.1542353332042694,31.199857711791992,0.8244701623916626
6961,44,0.021484375,0.16806800663471222,31.839160919189453,0.8121057152748108
6962,46,0.0224609375,0.1791287660598755,32.15469741821289,0.8127541542053223
6963,47,0.02294921875,0.19027334451675415,33.23798370361328,0.804581344127655
6964,49,0.02392578125,0.2155681997537613,33.84120178222656,0.7869361042976379
6965,46,0.0224609375,0.18946826457977295,29.030851364135742,0.8498297929763794
6966,45,0.02197265625,0.17294134199619293,32.79611587524414,0.8050948977470398
6967,42,0.0205078125,0.18818815052509308,31.667062759399414,0.8112865686416626
6968,47,0.02294921875,0.16310490667819977,31.07746696472168,0.8261272311210632
6969,49,0.02392578125,0.16486027836799622,31.38204002380371,0.8199299573898315
6970,47,0.02294921875,0.16100740432739258,32.46104431152344,0.8064743876457214
6971,46,0.0224609375,0.1879967898130417,33.007057189941406,0.8005021810531616
6972,42,0.0205078125,0.1566961109638214,32.25110626220703,0.817232608795166
6973,42,0.0205078125,0.16719108819961548,32.46283721923828,0.801288902759552
6974,40,0.01953125,0.16083577275276184,33.401283264160156,0.7915439605712891
6975,42,0.0205078125,0.1566494256258011,33.53987503051758,0.794661283493042
6976,44,0.021484375,0.20343464612960815,31.03083610534668,0.8159435391426086
6977,40,0.01953125,0.1629372239112854,29.86928939819336,0.829361081123352
6978,49,0.02392578125,0.17090049386024475,31.47027015686035,0.8186326026916504
6979,40,0.01953125,0.14074848592281342,32.51363754272461,0.8086642026901245
6980,39,0.01904296875,0.14214922487735748,34.81147766113281,0.7746646404266357
6981,39,0.01904296875,0.1328343152999878,35.068214416503906,0.7741177678108215
6982,41,0.02001953125,0.12707629799842834,33.84654235839844,0.7867879867553711
6983,40,0.01953125,0.14799056947231293,33.563758850097656,0.782228946685791
6984,41,0.02001953125,0.12382546812295914,34.77732467651367,0.7825074791908264
6985,39,0.01904296875,0.1341392993927002,34.366180419921875,0.7820492386817932
6986,41,0.02001953125,0.13068649172782898,35.15964126586914,0.7740890979766846
6987,41,0.02001953125,0.1275627464056015,35.09945297241211,0.7691460847854614
6988,42,0.0205078125,0.13062147796154022,35.139892578125,0.7676582336425781
6989,40,0.01953125,0.1289524883031845,33.594093322753906,0.7865811586380005
6990,39,0.01904296875,0.1253635436296463,36.04728698730469,0.7633488774299622
6991,38,0.0185546875,0.1356714814901352,35.455387115478516,0.7668143510818481
6992,40,0.01953125,0.1271718591451645,33.715091705322266,0.7825700640678406
6993,45,0.02197265625,0.12646649777889252,35.1402587890625,0.7698848247528076
6994,44,0.021484375,0.12468161433935165,36.02919387817383,0.7619537115097046
6995,47,0.02294921875,0.1302666962146759,36.18028259277344,0.7711843848228455
6996,47,0.02294921875,0.12904325127601624,37.737335205078125,0.750374436378479
6997,52,0.025390625,0.12364920973777771,40.26856231689453,0.7269330620765686
6998,44,0.021484375,0.12998445332050323,38.31162643432617,0.7439480423927307
6999,49,0.02392578125,0.1315927654504776,39.48616409301758,0.7236953973770142
7000,285,0.13916015625,0.12858006358146667,28.55666160583496,0.8351438045501709
7001,299,0.14599609375,0.12836842238903046,29.821109771728516,0.8213986158370972
7002,251,0.12255859375,0.12853434681892395,31.471145629882812,0.8126918077468872
7003,249,0.12158203125,0.1315220296382904,30.671489715576172,0.8198090195655823
7004,264,0.12890625,0.12918101251125336,29.52995491027832,0.8263511061668396
7005,251,0.12255859375,0.12483707815408707,30.602632522583008,0.8181654214859009
7006,236,0.115234375,0.11686020344495773,30.981605529785156,0.8128829002380371
7007,240,0.1171875,0.1173669844865799,31.699853897094727,0.8071101307868958
7008,254,0.1240234375,0.1138048768043518,32.18269729614258,0.8002498745918274
7009,217,0.10595703125,0.11229489743709564,31.267837524414062,0.8110918402671814
7010,206,0.1005859375,0.1090788021683693,30.950284957885742,0.8157358765602112
7011,185,0.09033203125,0.1095157265663147,32.15333938598633,0.8048407435417175
7012,172,0.083984375,0.11235833168029785,33.78364944458008,0.7830868363380432
7013,175,0.08544921875,0.11239408701658249,32.79863357543945,0.7996239066123962
7014,173,0.08447265625,0.10839733481407166,30.69619369506836,0.8188289403915405
7015,214,0.1044921875,0.10691825300455093,28.552837371826172,0.8424220085144043
7016,224,0.109375,0.10814714431762695,28.369205474853516,0.8393095135688782
7017,219,0.10693359375,0.10691933333873749,27.800935745239258,0.8440080285072327
7018,224,0.109375,0.10807887464761734,29.05791664123535,0.835075855255127
7019,197,0.09619140625,0.10136380791664124,29.813798904418945,0.8294064402580261
7020,220,0.107421875,0.10195708274841309,27.174575805664062,0.8507572412490845
7021,191,0.09326171875,0.10391480475664139,29.323863983154297,0.8367387056350708
7022,213,0.10400390625,0.10765708982944489,28.134096145629883,0.840474545955658
7023,213,0.10400390625,0.10672605037689209,29.53441047668457,0.8302558064460754
7024,229,0.11181640625,0.10360309481620789,28.921951293945312,0.8313859701156616
7025,229,0.11181640625,0.10356159508228302,29.184595108032227,0.8273420333862305
7026,256,0.125,0.1103089451789856,28.519678115844727,0.8341835141181946
7027,291,0.14208984375,0.14131613075733185,33.71516036987305,0.7764776945114136
7028,283,0.13818359375,0.1162414476275444,30.50718879699707,0.8196840882301331
7029,254,0.1240234375,0.11776107549667358,32.489898681640625,0.7925311326980591
7030,277,0.13525390625,0.1104060634970665,30.24051284790039,0.8224940896034241
7031,388,0.189453125,0.1413145810365677,34.497711181640625,0.7764135003089905
7032,440,0.21484375,0.14687176048755646,38.11017990112305,0.738699197769165
7033,409,0.19970703125,0.150516539812088,38.26937484741211,0.7317487001419067
7034,498,0.2431640625,0.1681961715221405,42.32902145385742,0.6879929900169373
7035,496,0.2421875,0.14849232137203217,39.94704818725586,0.7100085020065308
7036,495,0.24169921875,0.16037528216838837,41.26049041748047,0.6980246901512146
7037,417,0.20361328125,0.15625344216823578,38.63966751098633,0.726595938205719
7038,382,0.1865234375,0.14681902527809143,36.922943115234375,0.7481532096862793
7039,425,0.20751953125,0.15144896507263184,37.24013137817383,0.7410578727722168
7040,65,0.03173828125,0.14078576862812042,29.725540161132812,0.8276488780975342
7041,68,0.033203125,0.14293819665908813,31.019058227539062,0.8247164487838745
7042,75,0.03662109375,0.12355963885784149,30.919326782226562,0.8139731884002686
7043,75,0.03662109375,0.11793531477451324,27.73619842529297,0.8494191765785217
7044,85,0.04150390625,0.13754981756210327,29.095317840576172,0.8341837525367737
7045,77,0.03759765625,0.1282469630241394,26.573400497436523,0.8623389005661011
7046,80,0.0390625,0.13089478015899658,27.630558013916016,0.853644847869873
7047,78,0.0380859375,0.12582148611545563,27.34225082397461,0.8557263016700745
7048,78,0.0380859375,0.12719210982322693,30.00592803955078,0.8179251551628113
7049,71,0.03466796875,0.1465473771095276,30.524599075317383,0.8202123045921326
7050,66,0.0322265625,0.14117580652236938,27.779876708984375,0.8540996313095093
7051,69,0.03369140625,0.14272892475128174,30.47296142578125,0.8219097256660461
7052,62,0.0302734375,0.13213445246219635,27.67892074584961,0.8513593077659607
7053,65,0.03173828125,0.1266535520553589,29.8609619140625,0.8284039497375488
7054,62,0.0302734375,0.12175960093736649,28.712160110473633,0.8457474708557129
7055,63,0.03076171875,0.12234099209308624,29.405193328857422,0.8335102200508118
7056,64,0.03125,0.12177292257547379,28.28570556640625,0.8542904257774353
7057,77,0.03759765625,0.11839298158884048,28.20102310180664,0.8470469117164612
7058,73,0.03564453125,0.12240076810121536,28.74811363220215,0.8457017540931702
7059,73,0.03564453125,0.1220615953207016,26.633716583251953,0.8617627024650574
7060,93,0.04541015625,0.13989578187465668,28.091552734375,0.8367008566856384
7061,83,0.04052734375,0.12179058790206909,27.726224899291992,0.8461922407150269
7062,78,0.0380859375,0.1252572387456894,28.684053421020508,0.8448703289031982
7063,81,0.03955078125,0.13228750228881836,29.89908218383789,0.830877959728241
7064,89,0.04345703125,0.13373297452926636,33.53043746948242,0.7980644702911377
7065,84,0.041015625,0.14173437654972076,33.63228988647461,0.7946648597717285
7066,89,0.04345703125,0.13812018930912018,30.58325958251953,0.8246383666992188
7067,86,0.0419921875,0.13116970658302307,31.309656143188477,0.8202667832374573
7068,88,0.04296875,0.12942948937416077,31.1143798828125,0.8188991546630859
7069,96,0.046875,0.1408805400133133,34.48397445678711,0.7942826747894287
7070,99,0.04833984375,0.1407288759946823,35.6512451171875,0.7749320268630981
7071,99,0.04833984375,0.14075002074241638,33.77983093261719,0.7872195243835449
7072,90,0.0439453125,0.1385429948568344,34.077232360839844,0.7953613996505737
7073,99,0.04833984375,0.1463094800710678,34.355106353759766,0.7933486700057983
7074,99,0.04833984375,0.14179924130439758,33.26688766479492,0.8008493781089783
7075,95,0.04638671875,0.1431300789117813,32.78777313232422,0.808089017868042
7076,87,0.04248046875,0.1390501707792282,32.992942810058594,0.8071455955505371
7077,77,0.03759765625,0.1455017477273941,32.85029220581055,0.8123067021369934
7078,77,0.03759765625,0.15376830101013184,35.4516716003418,0.7849230170249939
7079,77,0.03759765625,0.14056162536144257,35.88669204711914,0.7698984742164612
7080,112,0.0546875,0.1426127851009369,31.018152236938477,0.806269645690918
7081,106,0.0517578125,0.13428278267383575,30.023725509643555,0.8219923377037048
7082,104,0.05078125,0.13583900034427643,30.022417068481445,0.8249337673187256
7083,108,0.052734375,0.13783086836338043,30.303926467895508,0.8178797960281372
7084,106,0.0517578125,0.140181764960289,30.118356704711914,0.8233725428581238
7085,103,0.05029296875,0.14097410440444946,30.05377769470215,0.8223541378974915
7086,97,0.04736328125,0.1388702094554901,30.753997802734375,0.8125912547111511
7087,98,0.0478515625,0.1352032721042633,29.836091995239258,0.8245050311088562
7088,104,0.05078125,0.14067594707012177,31.189973831176758,0.8109021782875061
7089,99,0.04833984375,0.13745799660682678,30.051116943359375,0.8223862051963806
7090,98,0.0478515625,0.14112259447574615,29.70529556274414,0.8260186910629272
7091,101,0.04931640625,0.14253352582454681,30.236663818359375,0.8179990649223328
7092,100,0.048828125,0.14366434514522552,30.657485961914062,0.8163427114486694
7093,97,0.04736328125,0.1436266154050827,30.50191307067871,0.8174830079078674
7094,104,0.05078125,0.149095818400383,32.15174865722656,0.7942857146263123
7095,90,0.0439453125,0.13404421508312225,28.307693481445312,0.8446972966194153
7096,88,0.04296875,0.14054158329963684,30.347570419311523,0.8286426663398743
7097,89,0.04345703125,0.14535221457481384,31.90626335144043,0.8105648159980774
7098,92,0.044921875,0.13691318035125732,29.6516170501709,0.8320193886756897
7099,93,0.04541015625,0.13672876358032227,29.154155731201172,0.8324783444404602
7100,91,0.04443359375,0.1342814862728119,28.780908584594727,0.8346390128135681
7101,91,0.04443359375,0.14170072972774506,32.3410758972168,0.8063251972198486
7102,90,0.0439453125,0.13996927440166473,30.008501052856445,0.8320242166519165
7103,89,0.04345703125,0.14696523547172546,30.818025588989258,0.819973349571228
7104,89,0.04345703125,0.14259856939315796,29.170124053955078,0.8383322954177856
7105,93,0.04541015625,0.1365879774093628,30.49344825744629,0.8234748244285583
7106,87,0.04248046875,0.14106719195842743,28.601144790649414,0.8471987247467041
7107,89,0.04345703125,0.14266812801361084,29.371946334838867,0.8403356075286865
7108,90,0.0439453125,0.14669887721538544,29.85879898071289,0.8344811201095581
7109,85,0.04150390625,0.1443881094455719,30.66360855102539,0.8190215826034546
7110,87,0.04248046875,0.13997459411621094,31.00990104675293,0.8191797733306885
7111,78,0.0380859375,0.13524504005908966,29.361011505126953,0.8408917188644409
7112,76,0.037109375,0.14044398069381714,28.193077087402344,0.8580206036567688
7113,82,0.0400390625,0.14296215772628784,30.800329208374023,0.824707567691803
7114,82,0.0400390625,0.13904854655265808,28.605621337890625,0.8472746014595032
7115,88,0.04296875,0.1432143747806549,31.739953994750977,0.8076520562171936
7116,84,0.041015625,0.13968591392040253,29.744089126586914,0.8342077136039734
7117,83,0.04052734375,0.14291392266750336,27.9802303314209,0.8550147414207458
7118,82,0.0400390625,0.14235514402389526,29.891761779785156,0.8362646102905273
7119,85,0.04150390625,0.1464327722787857,30.589229583740234,0.8336955308914185
7120,357,0.17431640625,0.20173154771327972,32.35905075073242,0.7969722151756287
7121,349,0.17041015625,0.19356974959373474,30.692100524902344,0.816413164138794
7122,330,0.1611328125,0.19626477360725403,29.16843605041504,0.8329033851623535
7123,312,0.15234375,0.20003458857536316,30.065927505493164,0.8265447616577148
7124,318,0.1552734375,0.1821611374616623,29.704545974731445,0.830085813999176
7125,289,0.14111328125,0.17905008792877197,29.006792068481445,0.8382825255393982
7126,308,0.150390625,0.19025690853595734,28.61422348022461,0.8402299880981445
7127,303,0.14794921875,0.17985805869102478,29.223764419555664,0.836456835269928
7128,284,0.138671875,0.1767396330833435,29.27972984313965,0.8350236415863037
7129,297,0.14501953125,0.1777057945728302,28.845186233520508,0.8384712934494019
7130,319,0.15576171875,0.1917726993560791,28.287139892578125,0.845557689666748
7131,319,0.15576171875,0.18275685608386993,27.311279296875,0.8548414707183838
7132,342,0.1669921875,0.17831449210643768,28.581806182861328,0.8401952981948853
7133,341,0.16650390625,0.17396338284015656,28.616233825683594,0.8396685123443604
7134,341,0.16650390625,0.17122173309326172,27.65545082092285,0.8478058576583862
7135,377,0.18408203125,0.17451992630958557,29.791086196899414,0.8235310912132263
7136,405,0.19775390625,0.18600642681121826,31.767559051513672,0.8036162853240967
7137,357,0.17431640625,0.18381346762180328,31.089088439941406,0.8100599646568298
7138,381,0.18603515625,0.18211261928081512,30.38947868347168,0.8173192143440247
7139,384,0.1875,0.1815190613269806,30.758554458618164,0.8126952648162842
7140,386,0.1884765625,0.1652577519416809,30.716106414794922,0.8117871284484863
7141,390,0.1904296875,0.16209056973457336,31.40435791015625,0.8048996329307556
7142,393,0.19189453125,0.16511370241641998,29.811113357543945,0.8222461938858032
7143,373,0.18212890625,0.16439835727214813,29.224897384643555,0.8318828344345093
7144,353,0.17236328125,0.17047780752182007,28.461650848388672,0.840187668800354
7145,319,0.15576171875,0.18817366659641266,26.780527114868164,0.8593018054962158
7146,334,0.1630859375,0.18833662569522858,28.586830139160156,0.8407799005508423
7147,312,0.15234375,0.18513868749141693,28.40482521057129,0.8433493375778198
7148,280,0.13671875,0.18395419418811798,27.240114212036133,0.8573760986328125
7149,285,0.13916015625,0.1973140835762024,28.864181518554688,0.8348782658576965
7150,318,0.1552734375,0.19034571945667267,28.2435359954834,0.8392918705940247
7151,322,0.1572265625,0.18546651303768158,27.177989959716797,0.8553394079208374
7152,267,0.13037109375,0.19229212403297424,27.489723205566406,0.8515937328338623
7153,270,0.1318359375,0.20815208554267883,27.36349868774414,0.8518509268760681
7154,303,0.14794921875,0.21328972280025482,29.20545768737793,0.8283535242080688
7155,305,0.14892578125,0.21139800548553467,27.594646453857422,0.848768413066864
7156,298,0.1455078125,0.20403993129730225,26.914209365844727,0.8585855960845947
7157,274,0.1337890625,0.221248596906662,26.98835563659668,0.8573170900344849
7158,224,0.109375,0.24213002622127533,29.288330078125,0.8298237919807434
7159,225,0.10986328125,0.22288580238819122,27.541912078857422,0.8470624685287476
7160,456,0.22265625,0.2751004993915558,39.598060607910156,0.7164238095283508
7161,439,0.21435546875,0.2805541455745697,39.752479553222656,0.7164278030395508
7162,416,0.203125,0.24851754307746887,38.649044036865234,0.7318776249885559
7163,454,0.2216796875,0.271657794713974,38.13331985473633,0.7351408004760742
7164,475,0.23193359375,0.29070934653282166,39.0872917175293,0.7241333723068237
7165,430,0.2099609375,0.25964605808258057,37.59463119506836,0.7396451830863953
7166,510,0.2490234375,0.30256643891334534,41.72840118408203,0.6873937249183655
7167,457,0.22314453125,0.2648838758468628,39.77223205566406,0.7109798789024353
7168,417,0.20361328125,0.2489573061466217,38.58819580078125,0.7232841849327087
7169,387,0.18896484375,0.23121784627437592,38.375736236572266,0.7323672771453857
7170,391,0.19091796875,0.2384204864501953,37.566890716552734,0.7429969310760498
7171,333,0.16259765625,0.19535809755325317,35.89871597290039,0.7640851736068726
7172,327,0.15966796875,0.19399701058864594,33.7302360534668,0.7876799702644348
7173,317,0.15478515625,0.18725018203258514,33.314388275146484,0.7967085242271423
7174,304,0.1484375,0.17926664650440216,32.055728912353516,0.8078821897506714
7175,292,0.142578125,0.1794167160987854,31.424339294433594,0.8154522776603699
7176,287,0.14013671875,0.1862332671880722,31.94063377380371,0.8095539808273315
7177,284,0.138671875,0.19086603820323944,32.289886474609375,0.8065487742424011
7178,286,0.1396484375,0.19324856996536255,34.5245246887207,0.7829130291938782
7179,264,0.12890625,0.18763752281665802,32.23097610473633,0.8090722560882568
7180,258,0.1259765625,0.1882457286119461,34.017459869384766,0.7918666005134583
7181,268,0.130859375,0.19195356965065002,32.56008529663086,0.8038661479949951
7182,263,0.12841796875,0.19019998610019684,32.090328216552734,0.8090208172798157
7183,294,0.1435546875,0.18826474249362946,33.71940612792969,0.7939506769180298
7184,294,0.1435546875,0.18755538761615753,34.07021713256836,0.7883174419403076
7185,277,0.13525390625,0.1859154999256134,32.17353057861328,0.8084083199501038
7186,294,0.1435546875,0.18670514225959778,32.43130874633789,0.8053558468818665
7187,280,0.13671875,0.18671515583992004,31.800701141357422,0.8131678700447083
7188,315,0.15380859375,0.1943083554506302,34.16992950439453,0.7851734757423401
7189,293,0.14306640625,0.203837588429451,32.87873458862305,0.8015893697738647
7190,304,0.1484375,0.19657161831855774,32.84206008911133,0.8020305633544922
7191,294,0.1435546875,0.1895763874053955,33.267974853515625,0.7971166372299194
7192,294,0.1435546875,0.1852083057165146,33.30061340332031,0.7974488139152527
7193,282,0.1376953125,0.18390823900699615,31.450590133666992,0.8158056735992432
7194,310,0.1513671875,0.1818946748971939,32.905006408691406,0.8003292679786682
7195,285,0.13916015625,0.1923222541809082,31.482666015625,0.815386950969696
7196,292,0.142578125,0.19326794147491455,33.09278106689453,0.7984194159507751
7197,302,0.1474609375,0.18950513005256653,33.0381965637207,0.7967812418937683
7198,299,0.14599609375,0.1899946928024292,32.48598098754883,0.8029680252075195
7199,290,0.1416015625,0.19543759524822235,31.751258850097656,0.8109182715415955
7200,67,0.03271484375,0.13399392366409302,33.8288459777832,0.7967739105224609
7201,66,0.0322265625,0.13739797472953796,34.54640197753906,0.7881832122802734
7202,69,0.03369140625,0.1575765758752823,33.68863296508789,0.7969596982002258
7203,60,0.029296875,0.1348736733198166,32.116371154785156,0.8191814422607422
7204,63,0.03076171875,0.17121480405330658,34.209171295166016,0.7977491617202759
7205,62,0.0302734375,0.134104922413826,31.37151336669922,0.825300931930542
7206,67,0.03271484375,0.1532144546508789,36.09857177734375,0.7584573030471802
7207,67,0.03271484375,0.1526179313659668,34.340267181396484,0.7883048057556152
7208,70,0.0341796875,0.14623133838176727,33.766048431396484,0.7961356043815613
7209,74,0.0361328125,0.14793790876865387,36.31209945678711,0.7634854912757874
7210,75,0.03662109375,0.16585299372673035,36.58244705200195,0.7560021281242371
7211,74,0.0361328125,0.18191617727279663,37.849205017089844,0.7447701692581177
7212,74,0.0361328125,0.1746533215045929,38.08148956298828,0.7375936508178711
7213,73,0.03564453125,0.18436843156814575,38.01171875,0.7416715621948242
7214,79,0.03857421875,0.19003549218177795,39.70146179199219,0.7187661528587341
7215,81,0.03955078125,0.14618436992168427,36.79369354248047,0.7556047439575195
7216,88,0.04296875,0.15449541807174683,39.740882873535156,0.7104079127311707
7217,86,0.0419921875,0.16018570959568024,38.50294876098633,0.7322571873664856
7218,87,0.04248046875,0.16227583587169647,38.33794021606445,0.7292696237564087
7219,87,0.04248046875,0.17900560796260834,37.564659118652344,0.7441826462745667
7220,85,0.04150390625,0.17150865495204926,38.39155197143555,0.7321858406066895
7221,87,0.04248046875,0.1451309472322464,37.50139617919922,0.7451880574226379
7222,87,0.04248046875,0.14892622828483582,37.93278121948242,0.7427506446838379
7223,85,0.04150390625,0.13405302166938782,36.37376403808594,0.7642339468002319
7224,81,0.03955078125,0.1301129162311554,34.153968811035156,0.7930130362510681
7225,89,0.04345703125,0.1357162743806839,36.90380096435547,0.7550524473190308
7226,90,0.0439453125,0.13673411309719086,36.53842544555664,0.7609021663665771
7227,93,0.04541015625,0.13218089938163757,35.70054244995117,0.7744596600532532
7228,94,0.0458984375,0.14306412637233734,36.620628356933594,0.765140950679779
7229,89,0.04345703125,0.13818681240081787,34.97832107543945,0.7794128656387329
7230,92,0.044921875,0.14432509243488312,36.72035598754883,0.7575454711914062
7231,87,0.04248046875,0.13381317257881165,35.26820373535156,0.7756801843643188
7232,89,0.04345703125,0.14264610409736633,36.48847198486328,0.7636709213256836
7233,92,0.044921875,0.1364186704158783,36.600006103515625,0.7622227668762207
7234,95,0.04638671875,0.13491030037403107,35.40353012084961,0.7801331281661987
7235,95,0.04638671875,0.13538509607315063,34.15581512451172,0.7935734987258911
7236,97,0.04736328125,0.1429653912782669,36.11287307739258,0.7624048590660095
7237,95,0.04638671875,0.1429322212934494,36.201751708984375,0.7556617856025696
7238,101,0.04931640625,0.13515013456344604,35.534385681152344,0.7654131650924683
7239,99,0.04833984375,0.1469011902809143,35.891841888427734,0.7648756504058838
7240,82,0.0400390625,0.12988238036632538,33.77488327026367,0.7846494317054749
7241,79,0.03857421875,0.12099112570285797,31.83329200744629,0.8083410859107971
7242,75,0.03662109375,0.12130612879991531,32.6710090637207,0.7979205250740051
7243,76,0.037109375,0.119514599442482,32.43193435668945,0.7995770573616028
7244,80,0.0390625,0.13798514008522034,33.53746795654297,0.7804103493690491
7245,66,0.0322265625,0.12730057537555695,30.836477279663086,0.816043496131897
7246,65,0.03173828125,0.1287079006433487,31.735666275024414,0.8030157089233398
7247,72,0.03515625,0.12619458138942719,31.040626525878906,0.8134331107139587
7248,72,0.03515625,0.12799516320228577,29.39000129699707,0.8309720754623413
7249,81,0.03955078125,0.12238630652427673,32.085052490234375,0.7987581491470337
7250,70,0.0341796875,0.12801405787467957,30.379440307617188,0.8161170482635498
7251,66,0.0322265625,0.12981365621089935,31.338489532470703,0.8146243095397949
7252,70,0.0341796875,0.13244791328907013,29.72828483581543,0.8206079602241516
7253,70,0.0341796875,0.12692639231681824,29.143577575683594,0.8289299607276917
7254,64,0.03125,0.12346769124269485,32.476036071777344,0.7994276881217957
7255,62,0.0302734375,0.12691907584667206,30.93253517150879,0.8200795650482178
7256,66,0.0322265625,0.1393560767173767,29.857025146484375,0.8269731998443604
7257,68,0.033203125,0.13592886924743652,28.37674903869629,0.8326453566551208
7258,68,0.033203125,0.14609920978546143,30.135881423950195,0.8311388492584229
7259,69,0.03369140625,0.12458625435829163,28.200546264648438,0.8414651155471802
7260,70,0.0341796875,0.12493081390857697,26.704242706298828,0.8478465676307678
7261,69,0.03369140625,0.12767091393470764,30.85174560546875,0.8098291158676147
7262,66,0.0322265625,0.12082922458648682,31.818336486816406,0.8051153421401978
7263,69,0.03369140625,0.12373630702495575,29.159536361694336,0.8300285935401917
7264,72,0.03515625,0.12557576596736908,27.99571990966797,0.8457675576210022
7265,76,0.037109375,0.12856324017047882,30.386966705322266,0.8141632676124573
7266,81,0.03955078125,0.12718582153320312,28.41015625,0.8344777226448059
7267,88,0.04296875,0.12525548040866852,28.2413330078125,0.8279441595077515
7268,79,0.03857421875,0.12939220666885376,28.13311767578125,0.8303389549255371
7269,85,0.04150390625,0.13353854417800903,28.684326171875,0.8297036290168762
7270,88,0.04296875,0.1265372484922409,27.359174728393555,0.8433420658111572
7271,93,0.04541015625,0.13091522455215454,26.877962112426758,0.844875693321228
7272,102,0.0498046875,0.14357756078243256,33.533302307128906,0.7783238887786865
7273,99,0.04833984375,0.1421627253293991,32.51627731323242,0.7969162464141846
7274,112,0.0546875,0.15286441147327423,31.409711837768555,0.8025544881820679
7275,114,0.0556640625,0.146553635597229,34.66725158691406,0.7814883589744568
7276,112,0.0546875,0.15585410594940186,29.7474365234375,0.8184628486633301
7277,114,0.0556640625,0.1528605818748474,30.1462459564209,0.8214622735977173
7278,136,0.06640625,0.162786066532135,32.1242561340332,0.8060232996940613
7279,132,0.064453125,0.1472984403371811,35.60018539428711,0.7617390155792236
7280,486,0.2373046875,0.17813749611377716,39.85676193237305,0.7062351703643799
7281,490,0.2392578125,0.1824580579996109,40.87832260131836,0.6960093379020691
7282,480,0.234375,0.18291467428207397,40.85416030883789,0.6930188536643982
7283,463,0.22607421875,0.17834767699241638,39.86003494262695,0.7071938514709473
7284,445,0.21728515625,0.164158895611763,38.845619201660156,0.7198925018310547
7285,487,0.23779296875,0.17265336215496063,40.15187072753906,0.6995459794998169
7286,529,0.25830078125,0.20883531868457794,43.75801467895508,0.6637818813323975
7287,500,0.244140625,0.17170515656471252,41.69147491455078,0.6830888986587524
7288,495,0.24169921875,0.1793641895055771,42.01209259033203,0.6876484155654907
7289,493,0.24072265625,0.17868216335773468,42.474273681640625,0.6794623732566833
7290,509,0.24853515625,0.18414801359176636,43.45795440673828,0.6683080792427063
7291,477,0.23291015625,0.17182819545269012,41.469825744628906,0.6929980516433716
7292,449,0.21923828125,0.1669999063014984,40.08358383178711,0.7079408168792725
7293,430,0.2099609375,0.1693163365125656,39.34620666503906,0.7186006903648376
7294,413,0.20166015625,0.1539326012134552,38.70378494262695,0.7290579080581665
7295,414,0.2021484375,0.14483822882175446,37.697410583496094,0.7348820567131042
7296,385,0.18798828125,0.13564664125442505,39.42586898803711,0.7162207961082458
7297,376,0.18359375,0.1400180160999298,39.12603759765625,0.7248134016990662
7298,374,0.1826171875,0.14613483846187592,39.29316329956055,0.7268714308738708
7299,376,0.18359375,0.14275555312633514,40.714115142822266,0.7145266532897949
7300,384,0.1875,0.15337949991226196,40.20677947998047,0.7164872288703918
7301,367,0.17919921875,0.14273224771022797,38.71796798706055,0.7354147434234619
7302,365,0.17822265625,0.1418168693780899,38.45930480957031,0.7374383807182312
7303,384,0.1875,0.14440245926380157,38.91984939575195,0.7247476577758789
7304,395,0.19287109375,0.1546696275472641,38.26699447631836,0.734103262424469
7305,379,0.18505859375,0.13761821389198303,39.49127197265625,0.7201362252235413
7306,377,0.18408203125,0.14046484231948853,38.9531135559082,0.7250384092330933
7307,389,0.18994140625,0.14018487930297852,39.231571197509766,0.7285501956939697
7308,403,0.19677734375,0.144224613904953,39.969329833984375,0.7135531306266785
7309,388,0.189453125,0.14518249034881592,39.760597229003906,0.7212499976158142
7310,412,0.201171875,0.1385873407125473,38.748497009277344,0.7320773601531982
7311,420,0.205078125,0.14549614489078522,40.683998107910156,0.7078871726989746
7312,429,0.20947265625,0.1369885802268982,40.300357818603516,0.7136008739471436
7313,415,0.20263671875,0.1403728872537613,40.87272644042969,0.7058693766593933
7314,421,0.20556640625,0.1405373364686966,41.43351364135742,0.7003790140151978
7315,413,0.20166015625,0.13942110538482666,39.97245407104492,0.7164806127548218
7316,420,0.205078125,0.14012673497200012,41.1551628112793,0.702744722366333
7317,451,0.22021484375,0.14237874746322632,42.78029251098633,0.682244062423706
7318,475,0.23193359375,0.15252017974853516,43.73423767089844,0.6725868582725525
7319,466,0.2275390625,0.15085209906101227,44.015769958496094,0.6671093702316284
7320,51,0.02490234375,0.24271170794963837,39.798702239990234,0.7326368689537048
7321,51,0.02490234375,0.21597513556480408,39.333709716796875,0.7354122400283813
7322,48,0.0234375,0.19566629827022552,36.93174362182617,0.7629246115684509
7323,49,0.02392578125,0.18930582702159882,36.55439758300781,0.771364152431488
7324,50,0.0244140625,0.19455115497112274,37.471893310546875,0.7651301026344299
7325,45,0.02197265625,0.21143586933612823,38.33195114135742,0.7446205019950867
7326,49,0.02392578125,0.23864836990833282,42.44731140136719,0.6799922585487366
7327,46,0.0224609375,0.2290690839290619,40.167266845703125,0.7088544964790344
7328,52,0.025390625,0.21358361840248108,42.413997650146484,0.7011305093765259
7329,51,0.02490234375,0.21207362413406372,37.85798645019531,0.7495612502098083
7330,59,0.02880859375,0.20737862586975098,40.76026153564453,0.7202430367469788
7331,56,0.02734375,0.19752922654151917,38.24787139892578,0.75311678647995
7332,55,0.02685546875,0.1942499727010727,37.14365768432617,0.7651315331459045
7333,54,0.0263671875,0.18871818482875824,37.1821403503418,0.7597609758377075
7334,54,0.0263671875,0.20583176612854004,39.54093933105469,0.7231661677360535
7335,51,0.02490234375,0.2163766622543335,39.4535026550293,0.7327073216438293
7336,50,0.0244140625,0.2125871628522873,40.32442092895508,0.7128488421440125
7337,50,0.0244140625,0.2105475664138794,39.933223724365234,0.71600341796875
7338,50,0.0244140625,0.21216019988059998,39.96369934082031,0.7258459329605103
7339,44,0.021484375,0.20047229528427124,37.14817810058594,0.7605924010276794
7340,43,0.02099609375,0.23343254625797272,38.06254959106445,0.7389743328094482
7341,50,0.0244140625,0.22200597822666168,39.848514556884766,0.7226607799530029
7342,50,0.0244140625,0.22763948142528534,44.590518951416016,0.6510108113288879
7343,47,0.02294921875,0.22832462191581726,41.01239776611328,0.7037749886512756
7344,44,0.021484375,0.23498030006885529,41.735557556152344,0.6914626359939575
7345,43,0.02099609375,0.23072606325149536,41.512603759765625,0.6973300576210022
7346,41,0.02001953125,0.22904732823371887,42.41135025024414,0.682733416557312
7347,39,0.01904296875,0.23400382697582245,42.886783599853516,0.6882256865501404
7348,36,0.017578125,0.217685267329216,42.14616394042969,0.6903067827224731
7349,36,0.017578125,0.2440047264099121,40.63857650756836,0.7041321396827698
7350,37,0.01806640625,0.2386012226343155,40.3936653137207,0.714774489402771
7351,34,0.0166015625,0.2476595938205719,40.17094039916992,0.7124724388122559
7352,31,0.01513671875,0.22154195606708527,39.17521286010742,0.7344373464584351
7353,32,0.015625,0.2179960161447525,40.12936019897461,0.721702516078949
7354,32,0.015625,0.2226964831352234,37.0024528503418,0.7572251558303833
7355,31,0.01513671875,0.19935670495033264,36.584861755371094,0.7576996088027954
7356,31,0.01513671875,0.20959194004535675,35.850135803222656,0.7635679841041565
7357,32,0.015625,0.17670096457004547,34.052513122558594,0.7833656668663025
7358,29,0.01416015625,0.22502779960632324,34.492427825927734,0.7813681364059448
7359,29,0.01416015625,0.23895049095153809,33.97994613647461,0.78657066822052
7360,262,0.1279296875,0.12399420142173767,28.10165786743164,0.8405090570449829
7361,259,0.12646484375,0.12313120812177658,28.605762481689453,0.8365813493728638
7362,248,0.12109375,0.12831750512123108,28.067533493041992,0.8445072770118713
7363,252,0.123046875,0.12468765676021576,30.007762908935547,0.8246306777000427
7364,250,0.1220703125,0.12751814723014832,28.537954330444336,0.8411639332771301
7365,245,0.11962890625,0.12662993371486664,29.66661262512207,0.8314554691314697
7366,227,0.11083984375,0.1307755559682846,30.28388023376465,0.828865647315979
7367,233,0.11376953125,0.13105972111225128,29.2000675201416,0.8395383358001709
7368,255,0.12451171875,0.12891289591789246,29.221288681030273,0.8318009972572327
7369,268,0.130859375,0.12146615236997604,29.799781799316406,0.827318549156189
7370,245,0.11962890625,0.12843534350395203,27.59617805480957,0.8497336506843567
7371,231,0.11279296875,0.14035026729106903,28.4419002532959,0.8444090485572815
7372,223,0.10888671875,0.13978812098503113,29.020416259765625,0.8408402800559998
7373,240,0.1171875,0.1328384131193161,28.176603317260742,0.8456169366836548
7374,233,0.11376953125,0.13631479442119598,27.823162078857422,0.849337637424469
7375,228,0.111328125,0.14005962014198303,27.79773712158203,0.8517786860466003
7376,229,0.11181640625,0.1396508365869522,28.233463287353516,0.8477336168289185
7377,227,0.11083984375,0.1385560780763626,27.632160186767578,0.8538652062416077
7378,257,0.12548828125,0.12370602041482925,28.143762588500977,0.8434221744537354
7379,278,0.1357421875,0.12474343180656433,29.88556671142578,0.827482283115387
7380,272,0.1328125,0.1318102777004242,30.401079177856445,0.823765218257904
7381,270,0.1318359375,0.12688280642032623,28.42809295654297,0.8426193594932556
7382,273,0.13330078125,0.12542317807674408,28.7248592376709,0.840147852897644
7383,293,0.14306640625,0.1254907101392746,29.14407730102539,0.8312802910804749
7384,297,0.14501953125,0.12841449677944183,29.481658935546875,0.827939510345459
7385,304,0.1484375,0.12714248895645142,27.883586883544922,0.8459465503692627
7386,290,0.1416015625,0.1292884647846222,27.57480812072754,0.8438836336135864
7387,305,0.14892578125,0.13332897424697876,28.680234909057617,0.8386809825897217
7388,301,0.14697265625,0.12762649357318878,26.02651023864746,0.8592219948768616
7389,318,0.1552734375,0.14990854263305664,28.039461135864258,0.8444374203681946
7390,313,0.15283203125,0.13525694608688354,27.2793025970459,0.8467727303504944
7391,312,0.15234375,0.1418367177248001,25.851158142089844,0.8597811460494995
7392,356,0.173828125,0.19077633321285248,30.309757232666016,0.8145888447761536
7393,360,0.17578125,0.20428289473056793,31.693782806396484,0.8023296594619751
7394,339,0.16552734375,0.18236473202705383,29.589584350585938,0.8246709108352661
7395,319,0.15576171875,0.16279296576976776,30.064250946044922,0.8270635604858398
7396,308,0.150390625,0.14398978650569916,29.782569885253906,0.8307263851165771
7397,294,0.1435546875,0.14169809222221375,29.23256492614746,0.8321520090103149
7398,296,0.14453125,0.14049427211284637,29.345983505249023,0.8330286145210266
7399,299,0.14599609375,0.13956141471862793,28.872982025146484,0.8343600034713745
7400,1524,0.744140625,0.2119636833667755,51.1171875,0.5775731801986694
7401,682,0.3330078125,0.14235351979732513,44.989952087402344,0.6503312587738037
7402,490,0.2392578125,0.14359872043132782,38.31865692138672,0.7393078804016113
7403,534,0.2607421875,0.11695011705160141,39.482181549072266,0.7117562890052795
7404,497,0.24267578125,0.12351755052804947,32.93109130859375,0.792229413986206
7405,457,0.22314453125,0.10883284360170364,32.43463897705078,0.7874272465705872
7406,446,0.2177734375,0.13262714445590973,36.43772506713867,0.7418200373649597
7407,359,0.17529296875,0.16840720176696777,33.211830139160156,0.7781757116317749
7408,357,0.17431640625,0.16639384627342224,31.60956382751465,0.7927793860435486
7409,314,0.1533203125,0.1623866856098175,30.08311653137207,0.814958393573761
7410,334,0.1630859375,0.17626738548278809,35.806671142578125,0.7471166849136353
7411,304,0.1484375,0.17429734766483307,35.15024948120117,0.7593365907669067
7412,328,0.16015625,0.18348199129104614,39.87137985229492,0.708912193775177
7413,318,0.1552734375,0.16727589070796967,31.45608139038086,0.8015822768211365
7414,335,0.16357421875,0.17012909054756165,32.920570373535156,0.7856804132461548
7415,302,0.1474609375,0.1579919457435608,31.82550811767578,0.8013439178466797
7416,320,0.15625,0.16315928101539612,31.818256378173828,0.7964783906936646
7417,310,0.1513671875,0.15409480035305023,29.940473556518555,0.820519208908081
7418,339,0.16552734375,0.17981411516666412,35.10329818725586,0.7603884935379028
7419,324,0.158203125,0.16317681968212128,31.077377319335938,0.8044812083244324
7420,328,0.16015625,0.18984176218509674,36.52558898925781,0.7466739416122437
7421,342,0.1669921875,0.1682356745004654,28.63743019104004,0.8240859508514404
7422,359,0.17529296875,0.13749146461486816,28.10099220275879,0.828438401222229
7423,346,0.1689453125,0.16319960355758667,29.947237014770508,0.808844268321991
7424,375,0.18310546875,0.18178728222846985,36.23329162597656,0.7455748915672302
7425,314,0.1533203125,0.16409429907798767,29.731685638427734,0.8143637776374817
7426,337,0.16455078125,0.191767156124115,36.051029205322266,0.7436807751655579
7427,473,0.23095703125,0.14848445355892181,37.75612258911133,0.7283675074577332
7428,474,0.2314453125,0.12556278705596924,33.54448699951172,0.7672055959701538
7429,429,0.20947265625,0.1157541573047638,32.177490234375,0.7896584272384644
7430,444,0.216796875,0.11650887131690979,33.515892028808594,0.7764596939086914
7431,501,0.24462890625,0.16247956454753876,38.31202697753906,0.715627133846283
7432,540,0.263671875,0.12402594089508057,40.00428009033203,0.7093679308891296
7433,586,0.2861328125,0.12453757226467133,33.996360778808594,0.7664931416511536
7434,558,0.2724609375,0.12306945770978928,36.607826232910156,0.7438143491744995
7435,452,0.220703125,0.13025987148284912,33.97603225708008,0.7861769795417786
7436,493,0.24072265625,0.12864848971366882,36.36203384399414,0.7645886540412903
7437,420,0.205078125,0.10573817044496536,29.545185089111328,0.8200944662094116
7438,343,0.16748046875,0.11289729177951813,29.8526554107666,0.8252444863319397
7439,265,0.12939453125,0.11959625035524368,31.037588119506836,0.8094857931137085
7440,198,0.0966796875,0.10537930577993393,32.539798736572266,0.7995746731758118
7441,181,0.08837890625,0.09421280771493912,30.476316452026367,0.8326265215873718
7442,165,0.08056640625,0.09987396001815796,31.03988265991211,0.8280622959136963
7443,170,0.0830078125,0.09436852484941483,31.080093383789062,0.8238785862922668
7444,175,0.08544921875,0.08791244775056839,31.82227325439453,0.8147264122962952
7445,174,0.0849609375,0.11319098621606827,34.04528045654297,0.7830045223236084
7446,162,0.0791015625,0.0934724360704422,30.804101943969727,0.8262817859649658
7447,170,0.0830078125,0.08833180367946625,31.179052352905273,0.8191075921058655
7448,166,0.0810546875,0.10834083706140518,32.118892669677734,0.8110736012458801
7449,164,0.080078125,0.0992569774389267,31.265705108642578,0.824830949306488
7450,162,0.0791015625,0.10033950209617615,30.80324935913086,0.8253204226493835
7451,168,0.08203125,0.10205404460430145,31.33822250366211,0.8174799680709839
7452,198,0.0966796875,0.11672299355268478,31.251840591430664,0.8182826042175293
7453,182,0.0888671875,0.10736837238073349,31.30866813659668,0.815929114818573
7454,185,0.09033203125,0.09767896682024002,31.179645538330078,0.8223376870155334
7455,202,0.0986328125,0.10799712687730789,31.2318058013916,0.8115999102592468
7456,182,0.0888671875,0.10533511638641357,30.161062240600586,0.8280470371246338
7457,212,0.103515625,0.12465174496173859,32.92320251464844,0.7969900965690613
7458,207,0.10107421875,0.11352156847715378,31.545846939086914,0.8117756843566895
7459,197,0.09619140625,0.10266410559415817,31.77607536315918,0.8134188055992126
7460,188,0.091796875,0.09668487310409546,31.514854431152344,0.8121691942214966
7461,167,0.08154296875,0.09157496690750122,30.08349609375,0.8340557217597961
7462,162,0.0791015625,0.0948215201497078,31.929977416992188,0.8120927214622498
7463,164,0.080078125,0.09586568176746368,31.915348052978516,0.8140976428985596
7464,157,0.07666015625,0.10771647095680237,30.932769775390625,0.8210282921791077
7465,172,0.083984375,0.10046689212322235,31.742618560791016,0.8142569661140442
7466,181,0.08837890625,0.11402517557144165,33.89933395385742,0.7807726860046387
7467,168,0.08203125,0.08827850222587585,31.122102737426758,0.8167079091072083
7468,170,0.0830078125,0.0838744044303894,29.750577926635742,0.8368979096412659
7469,177,0.08642578125,0.08665408939123154,31.319990158081055,0.8160698413848877
7470,178,0.0869140625,0.08864668011665344,30.2346134185791,0.8307661414146423
7471,184,0.08984375,0.08543456345796585,30.76666259765625,0.8243091702461243
7472,214,0.1044921875,0.0935542955994606,30.84719467163086,0.8149617910385132
7473,203,0.09912109375,0.10255029797554016,30.34659767150879,0.8230088949203491
7474,210,0.1025390625,0.09606117010116577,30.748674392700195,0.8207287788391113
7475,194,0.0947265625,0.09232485294342041,29.112913131713867,0.8367002010345459
7476,218,0.1064453125,0.09712093323469162,30.72608757019043,0.8152397871017456
7477,223,0.10888671875,0.09713425487279892,30.966957092285156,0.8165666460990906
7478,227,0.11083984375,0.11052575707435608,31.885173797607422,0.8049806952476501
7479,234,0.1142578125,0.11388110369443893,32.231807708740234,0.8016180992126465
7480,1056,0.515625,0.2041456550359726,50.203514099121094,0.5985473990440369
7481,871,0.42529296875,0.19379021227359772,45.16169738769531,0.6579297184944153
7482,574,0.2802734375,0.17945364117622375,38.419925689697266,0.7420241832733154
7483,552,0.26953125,0.1773575395345688,38.01921844482422,0.7454611659049988
7484,450,0.2197265625,0.1525176465511322,34.05500793457031,0.7815506458282471
7485,440,0.21484375,0.163737952709198,33.308921813964844,0.7892861366271973
7486,388,0.189453125,0.1754518747329712,30.323833465576172,0.8218191862106323
7487,519,0.25341796875,0.18030551075935364,35.84326171875,0.7676146030426025
7488,371,0.18115234375,0.1758444756269455,30.594858169555664,0.8159385919570923
7489,313,0.15283203125,0.16457487642765045,30.05344581604004,0.8213013410568237
7490,311,0.15185546875,0.15270952880382538,30.081661224365234,0.823032557964325
7491,345,0.16845703125,0.15697042644023895,30.221481323242188,0.8219098448753357
7492,393,0.19189453125,0.15591976046562195,32.46878433227539,0.7970119714736938
7493,348,0.169921875,0.15096481144428253,30.502424240112305,0.8214967846870422
7494,310,0.1513671875,0.14620497822761536,29.452356338500977,0.8313689231872559
7495,297,0.14501953125,0.14263583719730377,29.461727142333984,0.8315420150756836
7496,332,0.162109375,0.13958759605884552,28.356929779052734,0.8419584035873413
7497,348,0.169921875,0.14506223797798157,29.011028289794922,0.832572340965271
7498,289,0.14111328125,0.15109883248806,28.905426025390625,0.8343893885612488
7499,316,0.154296875,0.14766043424606323,29.458322525024414,0.8301572203636169
7500,352,0.171875,0.16034454107284546,31.51994514465332,0.8103570342063904
7501,293,0.14306640625,0.1474095582962036,30.642229080200195,0.8242537379264832
7502,287,0.14013671875,0.1424420326948166,30.934703826904297,0.8194849491119385
7503,305,0.14892578125,0.14846229553222656,30.31892204284668,0.8267540335655212
7504,364,0.177734375,0.1533222794532776,31.137413024902344,0.8151847124099731
7505,428,0.208984375,0.1582387238740921,32.423404693603516,0.8001629114151001
7506,527,0.25732421875,0.1703483611345291,35.95241928100586,0.7619229555130005
7507,496,0.2421875,0.17521259188652039,35.543067932128906,0.767102837562561
7508,687,0.33544921875,0.18232005834579468,40.35645294189453,0.712717592716217
7509,815,0.39794921875,0.16906501352787018,42.84297180175781,0.6791545748710632
7510,788,0.384765625,0.17467698454856873,42.08952331542969,0.6914580464363098
7511,600,0.29296875,0.18169313669204712,38.09624099731445,0.7428358793258667
7512,456,0.22265625,0.17029230296611786,33.37675857543945,0.791038453578949
7513,352,0.171875,0.16481046378612518,31.312654495239258,0.8120356202125549
7514,429,0.20947265625,0.1706891804933548,33.01118469238281,0.7932944297790527
7515,497,0.24267578125,0.18080858886241913,34.56926345825195,0.7803156971931458
7516,514,0.2509765625,0.1915522962808609,35.204288482666016,0.7708162069320679
7517,451,0.22021484375,0.22498968243598938,36.662174224853516,0.7547019124031067
7518,591,0.28857421875,0.24940378963947296,40.971160888671875,0.7076362371444702
7519,559,0.27294921875,0.24068547785282135,39.890708923339844,0.720138430595398
7520,179,0.08740234375,0.13654999434947968,33.54234313964844,0.7874425053596497
7521,187,0.09130859375,0.12260495126247406,31.00937843322754,0.8174617290496826
7522,193,0.09423828125,0.11966966092586517,29.901493072509766,0.8281189203262329
7523,206,0.1005859375,0.13789445161819458,29.756305694580078,0.8285535573959351
7524,202,0.0986328125,0.14168310165405273,29.34614372253418,0.8331342935562134
7525,193,0.09423828125,0.1149713322520256,30.04012680053711,0.8290963172912598
7526,196,0.095703125,0.13425752520561218,33.208740234375,0.7913591265678406
7527,195,0.09521484375,0.11719293147325516,32.0704460144043,0.8039143085479736
7528,197,0.09619140625,0.11868010461330414,32.947200775146484,0.7913138270378113
7529,190,0.0927734375,0.1164308562874794,31.56399917602539,0.806683361530304
7530,183,0.08935546875,0.1140720397233963,29.487581253051758,0.8310521841049194
7531,174,0.0849609375,0.11265018582344055,30.288087844848633,0.8240861296653748
7532,164,0.080078125,0.11283521354198456,29.6877498626709,0.8309102058410645
7533,169,0.08251953125,0.11582682281732559,30.01591682434082,0.8265939950942993
7534,173,0.08447265625,0.11783438175916672,28.856739044189453,0.8439058661460876
7535,197,0.09619140625,0.12019746750593185,29.656644821166992,0.8369386792182922
7536,196,0.095703125,0.1169433444738388,28.682119369506836,0.8406014442443848
7537,217,0.10595703125,0.123072050511837,29.40544891357422,0.8359955549240112
7538,216,0.10546875,0.12594498693943024,29.59752082824707,0.8321211338043213
7539,206,0.1005859375,0.11851035058498383,29.043447494506836,0.8435037732124329
7540,203,0.09912109375,0.1247236430644989,28.226192474365234,0.8522322177886963
7541,214,0.1044921875,0.12840312719345093,29.49231719970703,0.8401609659194946
7542,198,0.0966796875,0.12724724411964417,30.96428108215332,0.8238544464111328
7543,193,0.09423828125,0.13176676630973816,30.604812622070312,0.8273751735687256
7544,189,0.09228515625,0.1359107345342636,30.615753173828125,0.8288968205451965
7545,181,0.08837890625,0.14281189441680908,31.33115005493164,0.820310115814209
7546,173,0.08447265625,0.14295148849487305,30.652515411376953,0.8319147229194641
7547,174,0.0849609375,0.1432124525308609,33.149112701416016,0.800362765789032
7548,155,0.07568359375,0.147599995136261,32.89773941040039,0.8016006946563721
7549,143,0.06982421875,0.14270052313804626,33.26267623901367,0.7969287037849426
7550,147,0.07177734375,0.15066911280155182,33.20975112915039,0.8023372888565063
7551,138,0.0673828125,0.15155667066574097,32.67190933227539,0.8028365969657898
7552,136,0.06640625,0.14833496510982513,32.60533142089844,0.8020698428153992
7553,132,0.064453125,0.15802600979804993,33.931114196777344,0.7890384793281555
7554,146,0.0712890625,0.1550166755914688,33.08612823486328,0.804406464099884
7555,158,0.0771484375,0.14937461912631989,32.29043960571289,0.8144692778587341
7556,162,0.0791015625,0.14317587018013,31.627426147460938,0.8187903761863708
7557,176,0.0859375,0.15139134228229523,32.8430290222168,0.8072643876075745
7558,175,0.08544921875,0.14818303287029266,32.50004577636719,0.8108221292495728
7559,159,0.07763671875,0.14733366668224335,32.39112854003906,0.8103596568107605
7560,251,0.12255859375,0.14321070909500122,38.670677185058594,0.7369901537895203
7561,286,0.1396484375,0.13205435872077942,35.49039840698242,0.7697620391845703
7562,294,0.1435546875,0.13358572125434875,33.66062927246094,0.7858340740203857
7563,283,0.13818359375,0.12726403772830963,33.9551887512207,0.7827969193458557
7564,279,0.13623046875,0.13187207281589508,33.67428970336914,0.7810699343681335
7565,275,0.13427734375,0.14074964821338654,33.1738395690918,0.7862951159477234
7566,382,0.1865234375,0.16284622251987457,32.89120101928711,0.7870113253593445
7567,390,0.1904296875,0.20083394646644592,37.89584732055664,0.7235276699066162
7568,387,0.18896484375,0.17744594812393188,35.60137176513672,0.7528773546218872
7569,376,0.18359375,0.16565768420696259,33.61444854736328,0.7800466418266296
7570,342,0.1669921875,0.16068996489048004,32.53708267211914,0.7872856855392456
7571,428,0.208984375,0.1628490537405014,31.34715461730957,0.8074901700019836
7572,419,0.20458984375,0.16331274807453156,30.943002700805664,0.8077616691589355
7573,393,0.19189453125,0.16387121379375458,31.677602767944336,0.8033760786056519
7574,393,0.19189453125,0.15341567993164062,29.705684661865234,0.820245087146759
7575,442,0.2158203125,0.1608089655637741,31.821836471557617,0.7995952367782593
7576,420,0.205078125,0.2300441712141037,38.27095413208008,0.7302270531654358
7577,429,0.20947265625,0.1934785395860672,32.12158966064453,0.7987284064292908
7578,383,0.18701171875,0.1806803047657013,33.56907653808594,0.7755950689315796
7579,405,0.19775390625,0.15488573908805847,31.11688804626465,0.8081291913986206
7580,454,0.2216796875,0.17038187384605408,36.70685958862305,0.74909907579422
7581,503,0.24560546875,0.17053422331809998,39.402626037597656,0.7155465483665466
7582,392,0.19140625,0.19784152507781982,40.816341400146484,0.7051910758018494
7583,398,0.1943359375,0.1723705530166626,33.983177185058594,0.7818702459335327
7584,447,0.21826171875,0.16536261141300201,33.00379943847656,0.7859512567520142
7585,393,0.19189453125,0.16409359872341156,32.699920654296875,0.7884926795959473
7586,315,0.15380859375,0.14952927827835083,32.2514762878418,0.8015246987342834
7587,307,0.14990234375,0.14830444753170013,32.71488952636719,0.7934366464614868
7588,319,0.15576171875,0.13869915902614594,33.63339614868164,0.7862614989280701
7589,292,0.142578125,0.13528209924697876,32.59389877319336,0.7950947284698486
7590,271,0.13232421875,0.12444456666707993,32.86674880981445,0.7978721857070923
7591,245,0.11962890625,0.12922947108745575,33.869468688964844,0.7881028652191162
7592,241,0.11767578125,0.12985756993293762,34.16495132446289,0.7838483452796936
7593,217,0.10595703125,0.1275862753391266,35.42939376831055,0.7717908024787903
7594,232,0.11328125,0.12597274780273438,34.628055572509766,0.7806081175804138
7595,250,0.1220703125,0.13404957950115204,33.09144973754883,0.7953760027885437
7596,194,0.0947265625,0.1391744464635849,36.63556671142578,0.7600241303443909
7597,194,0.0947265625,0.13545159995555878,35.55149459838867,0.7732155323028564
7598,220,0.107421875,0.12679414451122284,34.44417953491211,0.7825206518173218
7599,220,0.107421875,0.1316530406475067,34.97709655761719,0.7777138352394104
7600,199,0.09716796875,0.10639121383428574,30.724103927612305,0.8190020322799683
7601,193,0.09423828125,0.11243607848882675,33.553016662597656,0.7791264057159424
7602,189,0.09228515625,0.11538711935281754,33.853084564208984,0.7808099389076233
7603,172,0.083984375,0.12332631647586823,35.26908874511719,0.7628154158592224
7604,186,0.0908203125,0.11644992977380753,33.289432525634766,0.7853137850761414
7605,195,0.09521484375,0.10817783325910568,32.546749114990234,0.7938838005065918
7606,193,0.09423828125,0.10216877609491348,30.370201110839844,0.8134089112281799
7607,203,0.09912109375,0.10480626672506332,29.96758270263672,0.8227618932723999
7608,215,0.10498046875,0.10263311862945557,28.833702087402344,0.8402516841888428
7609,225,0.10986328125,0.10880260914564133,30.26146125793457,0.8222917914390564
7610,212,0.103515625,0.10513042658567429,30.113628387451172,0.8232986927032471
7611,214,0.1044921875,0.10262768715620041,30.491060256958008,0.817714273929596
7612,219,0.10693359375,0.10483749955892563,29.57387924194336,0.829097330570221
7613,236,0.115234375,0.11059065163135529,29.0111026763916,0.8387594819068909
7614,220,0.107421875,0.11119034886360168,30.506364822387695,0.8231516480445862
7615,232,0.11328125,0.11587658524513245,29.011869430541992,0.8395416736602783
7616,246,0.1201171875,0.11998096853494644,29.608184814453125,0.8271281123161316
7617,259,0.12646484375,0.1366676241159439,31.663463592529297,0.8125022649765015
7618,289,0.14111328125,0.161570742726326,33.731475830078125,0.7813064455986023
7619,300,0.146484375,0.15442463755607605,32.54268264770508,0.7917653918266296
7620,308,0.150390625,0.14236220717430115,31.776830673217773,0.8007423877716064
7621,248,0.12109375,0.1363932192325592,29.48035430908203,0.8301946520805359
7622,265,0.12939453125,0.1506480872631073,30.05611228942871,0.8226348757743835
7623,248,0.12109375,0.12949064373970032,29.995546340942383,0.8228306770324707
7624,224,0.109375,0.12006618827581406,29.55055809020996,0.8358416557312012
7625,211,0.10302734375,0.12083786725997925,31.98552894592285,0.80752032995224
7626,196,0.095703125,0.12090454250574112,32.20891571044922,0.8100600242614746
7627,216,0.10546875,0.11097230017185211,30.254650115966797,0.8283219337463379
7628,236,0.115234375,0.10916739702224731,31.60780906677246,0.81046062707901
7629,212,0.103515625,0.11011628806591034,29.54102325439453,0.8305021524429321
7630,203,0.09912109375,0.10854516178369522,29.380542755126953,0.8321438431739807
7631,211,0.10302734375,0.10627312958240509,29.599414825439453,0.8296462297439575
7632,205,0.10009765625,0.10752584040164948,30.437602996826172,0.8199849724769592
7633,219,0.10693359375,0.11030156165361404,29.38705825805664,0.8316671848297119
7634,224,0.109375,0.11446459591388702,30.4700927734375,0.8179808259010315
7635,194,0.0947265625,0.11349975317716599,30.097373962402344,0.8244611620903015
7636,179,0.08740234375,0.11220919340848923,32.47427749633789,0.8010479807853699
7637,173,0.08447265625,0.12277062237262726,33.43466567993164,0.7849878072738647
7638,186,0.0908203125,0.11728038638830185,33.7569580078125,0.7839875817298889
7639,182,0.0888671875,0.11313765496015549,32.71549987792969,0.7991982102394104
7640,146,0.0712890625,0.21840481460094452,33.24943161010742,0.7885174751281738
7641,144,0.0703125,0.2199743241071701,34.026641845703125,0.7823867797851562
7642,138,0.0673828125,0.18362517654895782,31.392879486083984,0.8075261116027832
7643,140,0.068359375,0.17927277088165283,31.372583389282227,0.8061085343360901
7644,144,0.0703125,0.16243402659893036,28.000410079956055,0.8424630761146545
7645,134,0.0654296875,0.15080784261226654,26.207008361816406,0.8585075736045837
7646,131,0.06396484375,0.15349724888801575,27.129610061645508,0.8544158935546875
7647,136,0.06640625,0.14586378633975983,27.745141983032227,0.846687376499176
7648,127,0.06201171875,0.1563013195991516,29.848392486572266,0.8290905952453613
7649,128,0.0625,0.14397823810577393,26.59619140625,0.8608393669128418
7650,121,0.05908203125,0.14604228734970093,27.544620513916016,0.8568610548973083
7651,120,0.05859375,0.14836780726909637,29.64874267578125,0.8352950811386108
7652,118,0.0576171875,0.14427588880062103,28.835969924926758,0.8426666855812073
7653,123,0.06005859375,0.14511620998382568,29.623184204101562,0.829614520072937
7654,119,0.05810546875,0.144260436296463,29.23876190185547,0.8388411402702332
7655,121,0.05908203125,0.14006169140338898,27.839885711669922,0.8476806879043579
7656,134,0.0654296875,0.140664741396904,27.231002807617188,0.8481703400611877
7657,124,0.060546875,0.13911278545856476,25.53976821899414,0.8722494840621948
7658,129,0.06298828125,0.12541836500167847,27.585969924926758,0.8523645997047424
7659,127,0.06201171875,0.1271383911371231,26.645404815673828,0.862541675567627
7660,143,0.06982421875,0.14653925597667694,25.61334228515625,0.8693529963493347
7661,143,0.06982421875,0.14534196257591248,26.03824234008789,0.8651777505874634
7662,138,0.0673828125,0.14149251580238342,25.56793212890625,0.8710253834724426
7663,136,0.06640625,0.13141311705112457,26.714542388916016,0.8590664267539978
7664,135,0.06591796875,0.13380390405654907,24.958847045898438,0.8765814304351807
7665,135,0.06591796875,0.12801143527030945,24.648836135864258,0.8781309723854065
7666,143,0.06982421875,0.128588005900383,25.79105567932129,0.864129364490509
7667,140,0.068359375,0.13479238748550415,25.153881072998047,0.8736670613288879
7668,134,0.0654296875,0.1353190392255783,25.749366760253906,0.8666634559631348
7669,131,0.06396484375,0.1310102790594101,25.217180252075195,0.8767644166946411
7670,133,0.06494140625,0.14046064019203186,26.209758758544922,0.8611139059066772
7671,132,0.064453125,0.13224586844444275,25.181371688842773,0.8699038624763489
7672,131,0.06396484375,0.13979877531528473,24.404909133911133,0.8754836320877075
7673,147,0.07177734375,0.13757206499576569,24.174489974975586,0.8719556331634521
7674,152,0.07421875,0.1304909884929657,25.892940521240234,0.8560355305671692
7675,147,0.07177734375,0.12403776496648788,24.675107955932617,0.8681957125663757
7676,146,0.0712890625,0.13080915808677673,25.27530860900879,0.86964350938797
7677,132,0.064453125,0.13280722498893738,25.228084564208984,0.8803159594535828
7678,138,0.0673828125,0.13311608135700226,26.005409240722656,0.867013692855835
7679,139,0.06787109375,0.1344672441482544,26.402225494384766,0.8598604202270508
7680,337,0.16455078125,0.1400052160024643,33.609012603759766,0.7882310152053833
7681,316,0.154296875,0.13967281579971313,33.793880462646484,0.784959077835083
7682,303,0.14794921875,0.13435004651546478,32.02052688598633,0.8060682415962219
7683,275,0.13427734375,0.1331799328327179,29.700016021728516,0.8346754908561707
7684,253,0.12353515625,0.13099530339241028,28.731555938720703,0.838740885257721
7685,249,0.12158203125,0.1469646543264389,33.68284225463867,0.7915049195289612
7686,255,0.12451171875,0.14785978198051453,34.494022369384766,0.7853052020072937
7687,263,0.12841796875,0.1486981064081192,34.46421432495117,0.7851005792617798
7688,295,0.14404296875,0.14829400181770325,34.61675262451172,0.7785418629646301
7689,327,0.15966796875,0.15509265661239624,37.5179443359375,0.7426446080207825
7690,327,0.15966796875,0.15014557540416718,37.45774459838867,0.7430149912834167
7691,333,0.16259765625,0.15473414957523346,37.16002655029297,0.7495254278182983
7692,355,0.17333984375,0.15405583381652832,38.783103942871094,0.7248477339744568
7693,349,0.17041015625,0.14708931744098663,37.9714469909668,0.7373287081718445
7694,366,0.1787109375,0.1570831537246704,39.496070861816406,0.7192641496658325
7695,346,0.1689453125,0.15498588979244232,37.419097900390625,0.7434747815132141
7696,364,0.177734375,0.14278438687324524,34.05767822265625,0.7859917283058167
7697,360,0.17578125,0.14350855350494385,35.65003967285156,0.7633944749832153
7698,279,0.13623046875,0.1305290013551712,29.979642868041992,0.8310396075248718
7699,276,0.134765625,0.1292683482170105,31.176666259765625,0.8262094855308533
7700,282,0.1376953125,0.13421030342578888,32.541114807128906,0.8052710294723511
7701,264,0.12890625,0.13631907105445862,32.87038803100586,0.8042835593223572
7702,262,0.1279296875,0.13414587080478668,32.697750091552734,0.8049074411392212
7703,265,0.12939453125,0.1314031034708023,31.65031623840332,0.8152987360954285
7704,256,0.125,0.12697052955627441,31.594772338867188,0.8162461519241333
7705,264,0.12890625,0.13516762852668762,31.602035522460938,0.8120115399360657
7706,294,0.1435546875,0.1292521208524704,33.00533676147461,0.8000902533531189
7707,306,0.1494140625,0.12973663210868835,34.53325271606445,0.7858062386512756
7708,288,0.140625,0.12837038934230804,31.10543441772461,0.8173742294311523
7709,271,0.13232421875,0.12496519833803177,28.116182327270508,0.8484643697738647
7710,274,0.1337890625,0.12216518074274063,28.624340057373047,0.8517795205116272
7711,378,0.1845703125,0.13909563422203064,36.173919677734375,0.7607051134109497
7712,361,0.17626953125,0.12623809278011322,34.50634765625,0.7769443988800049
7713,305,0.14892578125,0.12455838173627853,31.244617462158203,0.8104324340820312
7714,269,0.13134765625,0.13933441042900085,29.54168128967285,0.8220836520195007
7715,340,0.166015625,0.13982556760311127,33.56340789794922,0.7822734117507935
7716,348,0.169921875,0.14686812460422516,37.38316345214844,0.7387611269950867
7717,329,0.16064453125,0.14781539142131805,35.7083854675293,0.7560274600982666
7718,276,0.134765625,0.11808360368013382,32.90050506591797,0.796047568321228
7719,312,0.15234375,0.1520298272371292,35.77692413330078,0.7699548006057739
7720,22,0.0107421875,0.11043929308652878,38.40182876586914,0.7443006634712219
7721,22,0.0107421875,0.12080733478069305,42.149940490722656,0.7130391001701355
7722,26,0.0126953125,0.21199829876422882,34.2330207824707,0.7896848917007446
7723,23,0.01123046875,0.2446044385433197,38.099403381347656,0.7489486336708069
7724,22,0.0107421875,0.1984177529811859,37.37887954711914,0.7612394690513611
7725,30,0.0146484375,0.17523957788944244,32.292762756347656,0.8144773244857788
7726,21,0.01025390625,0.26410558819770813,38.895660400390625,0.738810122013092
7727,24,0.01171875,0.1859126091003418,30.06865119934082,0.8313199877738953
7728,28,0.013671875,0.14223071932792664,31.24734878540039,0.8269461989402771
7729,28,0.013671875,0.14802271127700806,29.49277687072754,0.838948130607605
7730,38,0.0185546875,0.09591710567474365,27.844650268554688,0.8527868390083313
7731,35,0.01708984375,0.10711262375116348,24.774478912353516,0.8878627419471741
7732,33,0.01611328125,0.10874436050653458,23.733808517456055,0.8926098346710205
7733,42,0.0205078125,0.10465629398822784,28.815458297729492,0.8499757647514343
7734,40,0.01953125,0.11909663677215576,24.517864227294922,0.8890042304992676
7735,39,0.01904296875,0.10978356748819351,23.177404403686523,0.8932649493217468
7736,37,0.01806640625,0.11340807378292084,23.676780700683594,0.8943094611167908
7737,32,0.015625,0.10628914088010788,28.358022689819336,0.8443849086761475
7738,39,0.01904296875,0.10426658391952515,27.741024017333984,0.8543142676353455
7739,31,0.01513671875,0.10286614298820496,25.152189254760742,0.8778881430625916
7740,42,0.0205078125,0.09336124360561371,27.348106384277344,0.8611797094345093
7741,41,0.02001953125,0.09989962726831436,24.90046501159668,0.8813837766647339
7742,43,0.02099609375,0.09957098960876465,26.827590942382812,0.8673578500747681
7743,36,0.017578125,0.09985067695379257,30.101579666137695,0.8324903249740601
7744,42,0.0205078125,0.09944707900285721,31.51070213317871,0.8197249174118042
7745,32,0.015625,0.10503344237804413,30.47154998779297,0.833611786365509
7746,33,0.01611328125,0.1044871062040329,29.74778175354004,0.844353199005127
7747,35,0.01708984375,0.10497887432575226,29.454265594482422,0.851403534412384
7748,26,0.0126953125,0.09143521636724472,31.44774055480957,0.8260982036590576
7749,25,0.01220703125,0.08762086927890778,29.305757522583008,0.8512197732925415
7750,22,0.0107421875,0.1044849306344986,31.400646209716797,0.8250260949134827
7751,42,0.0205078125,0.09689521044492722,28.81039047241211,0.8499100804328918
7752,37,0.01806640625,0.10453011840581894,28.795812606811523,0.8545677661895752
7753,43,0.02099609375,0.10233855247497559,29.50187873840332,0.8469128012657166
7754,43,0.02099609375,0.09141326695680618,28.069183349609375,0.8614426255226135
7755,47,0.02294921875,0.10343406349420547,28.392032623291016,0.8546182513237
7756,56,0.02734375,0.11639352887868881,31.668304443359375,0.828805148601532
7757,41,0.02001953125,0.09264988452196121,28.54579734802246,0.8616529107093811
7758,29,0.01416015625,0.08758847415447235,32.76518630981445,0.8151895999908447
7759,27,0.01318359375,0.10813042521476746,33.03329849243164,0.801155149936676
7760,104,0.05078125,0.1213916763663292,28.40655517578125,0.8430434465408325
7761,99,0.04833984375,0.11883652210235596,28.117782592773438,0.8511558175086975
7762,109,0.05322265625,0.1174130067229271,29.434297561645508,0.8323091864585876
7763,109,0.05322265625,0.12345155328512192,29.54410743713379,0.8340510129928589
7764,119,0.05810546875,0.12857210636138916,31.772672653198242,0.8091527819633484
7765,111,0.05419921875,0.11839552968740463,29.22523307800293,0.8380566239356995
7766,96,0.046875,0.12465471774339676,27.577255249023438,0.8517694473266602
7767,92,0.044921875,0.11481628566980362,25.65065574645996,0.8669292330741882
7768,90,0.0439453125,0.1164267510175705,25.50328826904297,0.8686497211456299
7769,85,0.04150390625,0.11536116153001785,28.83231544494629,0.836602509021759
7770,84,0.041015625,0.11629841476678848,26.97393226623535,0.8553009033203125
7771,75,0.03662109375,0.11702744662761688,27.06130599975586,0.8529234528541565
7772,75,0.03662109375,0.11681424826383591,26.185012817382812,0.8626141548156738
7773,81,0.03955078125,0.10827530175447464,26.00244140625,0.8674910068511963
7774,73,0.03564453125,0.11511444300413132,26.268953323364258,0.8632941246032715
7775,84,0.041015625,0.11624254286289215,25.026233673095703,0.8800674676895142
7776,90,0.0439453125,0.12784028053283691,25.96317481994629,0.8701537251472473
7777,97,0.04736328125,0.12119419872760773,26.034130096435547,0.8602463006973267
7778,105,0.05126953125,0.12885582447052002,27.991052627563477,0.8479966521263123
7779,108,0.052734375,0.13244707882404327,29.44269561767578,0.8305509090423584
7780,102,0.0498046875,0.12810666859149933,28.28780746459961,0.848598301410675
7781,102,0.0498046875,0.12641581892967224,27.374420166015625,0.8483733534812927
7782,103,0.05029296875,0.12099012732505798,26.697824478149414,0.8570353388786316
7783,110,0.0537109375,0.12237004190683365,25.424476623535156,0.8678650856018066
7784,104,0.05078125,0.12254951149225235,25.435380935668945,0.871989905834198
7785,103,0.05029296875,0.11780238896608353,24.20228385925293,0.8804592490196228
7786,110,0.0537109375,0.12481530010700226,27.194067001342773,0.8472687602043152
7787,103,0.05029296875,0.12126455456018448,25.83241844177246,0.8676082491874695
7788,105,0.05126953125,0.12248573452234268,27.541730880737305,0.8488540649414062
7789,112,0.0546875,0.12719257175922394,26.482942581176758,0.8615050315856934
7790,114,0.0556640625,0.1332472562789917,26.79430389404297,0.8585326671600342
7791,109,0.05322265625,0.1294209063053131,25.674610137939453,0.8622074127197266
7792,111,0.05419921875,0.1334916204214096,26.733211517333984,0.8565112948417664
7793,104,0.05078125,0.13243786990642548,30.129793167114258,0.8121706247329712
7794,112,0.0546875,0.1384347826242447,29.62251853942871,0.8234826922416687
7795,118,0.0576171875,0.14346309006214142,28.5621337890625,0.835006833076477
7796,118,0.0576171875,0.15133565664291382,29.38164520263672,0.8277016878128052
7797,125,0.06103515625,0.15819905698299408,30.27766227722168,0.8232799768447876
7798,122,0.0595703125,0.15423406660556793,30.279970169067383,0.8247719407081604
7799,121,0.05908203125,0.1463395208120346,28.30634117126465,0.8446066379547119
7800,300,0.146484375,0.1527072787284851,37.04109191894531,0.7407044768333435
7801,409,0.19970703125,0.1715650111436844,36.96280288696289,0.7441412806510925
7802,463,0.22607421875,0.16365407407283783,36.767791748046875,0.7410210967063904
7803,366,0.1787109375,0.1315975785255432,32.80583953857422,0.7909995913505554
7804,357,0.17431640625,0.12467402219772339,32.476070404052734,0.7990127801895142
7805,393,0.19189453125,0.1304311603307724,34.12590789794922,0.777616024017334
7806,383,0.18701171875,0.13634227216243744,33.7540397644043,0.77976393699646
7807,276,0.134765625,0.11156296730041504,34.40168380737305,0.7741521000862122
7808,295,0.14404296875,0.11345416307449341,34.39402770996094,0.7724574208259583
7809,320,0.15625,0.10754701495170593,33.62172317504883,0.7852479219436646
7810,314,0.1533203125,0.08923258632421494,33.12074279785156,0.7966140508651733
7811,341,0.16650390625,0.09800949692726135,35.00764465332031,0.7772374153137207
7812,329,0.16064453125,0.09498341381549835,33.6243896484375,0.7895320653915405
7813,293,0.14306640625,0.09470347315073013,32.659034729003906,0.7991504073143005
7814,298,0.1455078125,0.10013754665851593,33.82744598388672,0.7888320684432983
7815,308,0.150390625,0.11194956302642822,38.233333587646484,0.73701411485672
7816,299,0.14599609375,0.1030975803732872,37.21209716796875,0.7502800822257996
7817,331,0.16162109375,0.10979252308607101,37.878684997558594,0.737655520439148
7818,388,0.189453125,0.11777083575725555,37.566802978515625,0.739468514919281
7819,433,0.21142578125,0.12706057727336884,40.759796142578125,0.6988415718078613
7820,391,0.19091796875,0.12122952193021774,40.68828582763672,0.6982427835464478
7821,487,0.23779296875,0.14881950616836548,41.42982864379883,0.6864983439445496
7822,561,0.27392578125,0.15096014738082886,43.949012756347656,0.6569345593452454
7823,482,0.2353515625,0.14444969594478607,42.18556213378906,0.6807962656021118
7824,514,0.2509765625,0.1473940759897232,40.83342361450195,0.6915355920791626
7825,527,0.25732421875,0.1507362276315689,41.10123825073242,0.6867222785949707
7826,739,0.36083984375,0.16451798379421234,48.83937454223633,0.5974015593528748
7827,709,0.34619140625,0.1586144119501114,44.90833282470703,0.6413661241531372
7828,620,0.302734375,0.15486404299736023,44.99110794067383,0.6383834481239319
7829,608,0.296875,0.15805765986442566,43.32192611694336,0.6589577198028564
7830,605,0.29541015625,0.15611375868320465,44.57278823852539,0.6411516666412354
7831,536,0.26171875,0.1518310159444809,44.025150299072266,0.6496009230613708
7832,588,0.287109375,0.1561467945575714,46.54143524169922,0.6204293966293335
7833,854,0.4169921875,0.14488643407821655,48.688377380371094,0.6017416715621948
7834,888,0.43359375,0.1460418701171875,49.0687255859375,0.5961500406265259
7835,825,0.40283203125,0.15695904195308685,51.32559585571289,0.5804169774055481
7836,767,0.37451171875,0.13009114563465118,45.99570083618164,0.6321654915809631
7837,623,0.30419921875,0.11778513342142105,46.580875396728516,0.6336107850074768
7838,725,0.35400390625,0.13328003883361816,47.65774154663086,0.6219294667243958
7839,639,0.31201171875,0.11729438602924347,43.58450698852539,0.6605679988861084
7840,364,0.177734375,0.1915065050125122,36.12558364868164,0.764794647693634
7841,315,0.15380859375,0.1873764991760254,36.54240417480469,0.758256196975708
7842,310,0.1513671875,0.18492740392684937,37.23952102661133,0.7487756013870239
7843,290,0.1416015625,0.1742953062057495,35.34367752075195,0.7687463760375977
7844,329,0.16064453125,0.1884775459766388,36.18751907348633,0.7637350559234619
7845,319,0.15576171875,0.19285254180431366,34.299842834472656,0.778211236000061
7846,315,0.15380859375,0.1757446825504303,33.61286544799805,0.7818379998207092
7847,326,0.1591796875,0.17631784081459045,33.033695220947266,0.7895656824111938
7848,340,0.166015625,0.18603378534317017,33.95021438598633,0.7815424203872681
7849,357,0.17431640625,0.17721760272979736,35.10228729248047,0.773383378982544
7850,339,0.16552734375,0.15971136093139648,35.11679458618164,0.7719466686248779
7851,489,0.23876953125,0.21432475745677948,40.11265563964844,0.7185531258583069
7852,598,0.2919921875,0.25524774193763733,41.216495513916016,0.6937826871871948
7853,568,0.27734375,0.24442842602729797,42.0099983215332,0.686373233795166
7854,451,0.22021484375,0.1986205130815506,38.71990203857422,0.7316348552703857
7855,422,0.2060546875,0.18288864195346832,39.025543212890625,0.7288635969161987
7856,467,0.22802734375,0.1898261308670044,39.16401672363281,0.7287439703941345
7857,412,0.201171875,0.17556993663311005,37.54191589355469,0.7467437982559204
7858,445,0.21728515625,0.18672508001327515,37.3421745300293,0.7502153515815735
7859,410,0.2001953125,0.19094926118850708,36.67355728149414,0.7535526156425476
7860,381,0.18603515625,0.1809774786233902,34.481651306152344,0.7772653102874756
7861,407,0.19873046875,0.18946322798728943,36.59537124633789,0.7571792602539062
7862,403,0.19677734375,0.21758146584033966,36.84954833984375,0.7541825175285339
7863,429,0.20947265625,0.21269996464252472,37.45172882080078,0.7459359169006348
7864,453,0.22119140625,0.23289689421653748,37.63644027709961,0.7435065507888794
7865,408,0.19921875,0.22512784600257874,37.135597229003906,0.7509168982505798
7866,377,0.18408203125,0.19996511936187744,36.41732406616211,0.7605643272399902
7867,422,0.2060546875,0.23473884165287018,38.02651596069336,0.7380514740943909
7868,450,0.2197265625,0.2583279013633728,40.0568962097168,0.7181900143623352
7869,434,0.2119140625,0.2713499367237091,39.89105224609375,0.7214256525039673
7870,414,0.2021484375,0.2580200433731079,37.78548049926758,0.7456777095794678
7871,472,0.23046875,0.26214978098869324,38.95504379272461,0.7287651300430298
7872,482,0.2353515625,0.23693284392356873,38.691162109375,0.7299265265464783
7873,469,0.22900390625,0.23786801099777222,37.518062591552734,0.7439758777618408
7874,466,0.2275390625,0.23807315528392792,38.97248458862305,0.7255129814147949
7875,542,0.2646484375,0.1873423457145691,37.57362747192383,0.7413726449012756
7876,469,0.22900390625,0.2162626087665558,38.124576568603516,0.7358757853507996
7877,560,0.2734375,0.18119393289089203,36.9793815612793,0.749021053314209
7878,660,0.322265625,0.1905163824558258,39.43306350708008,0.717964231967926
7879,675,0.32958984375,0.20286089181900024,40.56172180175781,0.7040480375289917
7880,162,0.0791015625,0.13959883153438568,30.287479400634766,0.8154405951499939
7881,164,0.080078125,0.14307178556919098,30.373811721801758,0.8153961896896362
7882,163,0.07958984375,0.14081205427646637,31.29152488708496,0.8109816908836365
7883,173,0.08447265625,0.13176770508289337,31.82480239868164,0.8063236474990845
7884,175,0.08544921875,0.1338333934545517,31.97732925415039,0.805611252784729
7885,179,0.08740234375,0.12402663379907608,31.70659828186035,0.8134490847587585
7886,178,0.0869140625,0.12384599447250366,30.965970993041992,0.8200006484985352
7887,180,0.087890625,0.11400778591632843,32.150489807128906,0.809727668762207
7888,184,0.08984375,0.11423251032829285,32.202301025390625,0.8100358843803406
7889,182,0.0888671875,0.10829687863588333,31.977670669555664,0.8131526708602905
7890,195,0.09521484375,0.11878793686628342,33.985137939453125,0.7885649800300598
7891,197,0.09619140625,0.12249740958213806,34.958797454833984,0.7786950469017029
7892,193,0.09423828125,0.13690339028835297,35.53529357910156,0.7704489827156067
7893,185,0.09033203125,0.13447315990924835,32.937835693359375,0.8045493364334106
7894,181,0.08837890625,0.12281437963247299,33.2291259765625,0.8006809949874878
7895,174,0.0849609375,0.11967935413122177,31.558677673339844,0.8186132311820984
7896,175,0.08544921875,0.12249484658241272,32.94483947753906,0.800810694694519
7897,175,0.08544921875,0.13042184710502625,30.346328735351562,0.8288902044296265
7898,178,0.0869140625,0.12197192013263702,32.25358200073242,0.8034444451332092
7899,174,0.0849609375,0.12963008880615234,31.11581802368164,0.8204309940338135
7900,168,0.08203125,0.127763032913208,31.76229476928711,0.812846839427948
7901,167,0.08154296875,0.12262792885303497,32.40346908569336,0.8049319386482239
7902,172,0.083984375,0.1201137974858284,32.20471954345703,0.8035712242126465
7903,173,0.08447265625,0.1216210424900055,31.392358779907227,0.8125078678131104
7904,176,0.0859375,0.12198203057050705,32.20802688598633,0.8064916729927063
7905,185,0.09033203125,0.12844213843345642,32.51893615722656,0.8068751096725464
7906,178,0.0869140625,0.11215636879205704,31.60399055480957,0.817632794380188
7907,175,0.08544921875,0.11243835091590881,31.2242488861084,0.8233064413070679
7908,180,0.087890625,0.11087770760059357,31.7051944732666,0.8158040642738342
7909,174,0.0849609375,0.11638659238815308,32.986026763916016,0.8036988973617554
7910,173,0.08447265625,0.1143619492650032,32.354671478271484,0.8098216652870178
7911,168,0.08203125,0.11043239384889603,31.474336624145508,0.8162850737571716
7912,169,0.08251953125,0.11498718708753586,32.876365661621094,0.8007556796073914
7913,170,0.0830078125,0.10673166066408157,31.756399154663086,0.8123369216918945
7914,172,0.083984375,0.11648338288068771,32.70737838745117,0.8051095008850098
7915,170,0.0830078125,0.11228660494089127,32.007781982421875,0.8144963979721069
7916,186,0.0908203125,0.1165381446480751,33.93309020996094,0.787930965423584
7917,196,0.095703125,0.11810064315795898,33.910545349121094,0.7890680432319641
7918,201,0.09814453125,0.12889985740184784,35.261383056640625,0.7736310958862305
7919,205,0.10009765625,0.1332184225320816,36.113380432128906,0.7589322924613953
7920,133,0.06494140625,0.21398764848709106,37.360923767089844,0.752167284488678
7921,142,0.0693359375,0.20203353464603424,38.94294738769531,0.7216983437538147
7922,130,0.0634765625,0.2139999270439148,37.66286849975586,0.7440685033798218
7923,132,0.064453125,0.2200990468263626,38.64665603637695,0.7375372648239136
7924,125,0.06103515625,0.21992257237434387,34.70044708251953,0.7946199178695679
7925,128,0.0625,0.2358183115720749,36.22601318359375,0.7741678357124329
7926,124,0.060546875,0.22784218192100525,40.593719482421875,0.719210684299469
7927,129,0.06298828125,0.21680733561515808,36.40076446533203,0.7694395780563354
7928,133,0.06494140625,0.20920683443546295,36.16495895385742,0.7574887871742249
7929,139,0.06787109375,0.2095738649368286,36.550262451171875,0.7552949786186218
7930,139,0.06787109375,0.20785365998744965,38.1302604675293,0.7375751733779907
7931,140,0.068359375,0.19508641958236694,36.591148376464844,0.7575742602348328
7932,135,0.06591796875,0.20162566006183624,34.952980041503906,0.7864308953285217
7933,141,0.06884765625,0.18917542695999146,35.604774475097656,0.7690534591674805
7934,143,0.06982421875,0.17085407674312592,33.62533950805664,0.7893006801605225
7935,143,0.06982421875,0.1687297821044922,36.05025863647461,0.755362868309021
7936,138,0.0673828125,0.16711004078388214,34.43613815307617,0.7765863537788391
7937,144,0.0703125,0.17713935673236847,34.46565246582031,0.7776586413383484
7938,139,0.06787109375,0.1760827600955963,35.61870574951172,0.765661358833313
7939,134,0.0654296875,0.17431579530239105,33.84364700317383,0.7946134209632874
7940,143,0.06982421875,0.1836516559123993,34.58854293823242,0.781866729259491
7941,138,0.0673828125,0.18277303874492645,33.404666900634766,0.7955880761146545
7942,138,0.0673828125,0.20350468158721924,35.06317138671875,0.7771921157836914
7943,136,0.06640625,0.1830545961856842,36.10502243041992,0.7672826051712036
7944,131,0.06396484375,0.18956951797008514,36.066646575927734,0.7680079340934753
7945,119,0.05810546875,0.2059033066034317,35.21292495727539,0.7771090269088745
7946,122,0.0595703125,0.18101775646209717,34.69586944580078,0.7861635684967041
7947,121,0.05908203125,0.172902449965477,34.9608154296875,0.7817498445510864
7948,123,0.06005859375,0.18719403445720673,36.86398696899414,0.7609739303588867
7949,115,0.05615234375,0.19350352883338928,34.619773864746094,0.7928909063339233
7950,109,0.05322265625,0.20234376192092896,36.33789825439453,0.7715405225753784
7951,115,0.05615234375,0.20416998863220215,34.15359115600586,0.7899494767189026
7952,121,0.05908203125,0.19841966032981873,34.3228874206543,0.7832117676734924
7953,124,0.060546875,0.20334821939468384,34.5289306640625,0.7795945405960083
7954,124,0.060546875,0.2025848925113678,34.18939971923828,0.7812638282775879
7955,130,0.0634765625,0.20078040659427643,33.98466110229492,0.7804048657417297
7956,131,0.06396484375,0.20560850203037262,35.40127944946289,0.7665867209434509
7957,135,0.06591796875,0.20135951042175293,34.4892692565918,0.7789266109466553
7958,136,0.06640625,0.1997472494840622,33.76804733276367,0.7880035638809204
7959,134,0.0654296875,0.1950652301311493,33.93207550048828,0.7873560190200806
7960,630,0.3076171875,0.1458175629377365,47.607994079589844,0.6146565079689026
7961,625,0.30517578125,0.12354304641485214,45.064208984375,0.6528923511505127
7962,598,0.2919921875,0.10505892336368561,38.00152587890625,0.7244319915771484
7963,592,0.2890625,0.10644577443599701,33.25101089477539,0.769240140914917
7964,613,0.29931640625,0.09622141718864441,38.90964889526367,0.7197924256324768
7965,550,0.2685546875,0.11254812031984329,39.29576873779297,0.7180518507957458
7966,512,0.25,0.10940025001764297,39.90214157104492,0.704364001750946
7967,420,0.205078125,0.12495119869709015,36.36276626586914,0.7438822388648987
7968,424,0.20703125,0.1222580224275589,35.014862060546875,0.7516596913337708
7969,369,0.18017578125,0.1271628737449646,34.45395278930664,0.7728266716003418
7970,356,0.173828125,0.1265752911567688,33.89106750488281,0.7831471562385559
7971,327,0.15966796875,0.1277545541524887,32.33271026611328,0.8004905581474304
7972,328,0.16015625,0.12825940549373627,33.12586975097656,0.791894793510437
7973,351,0.17138671875,0.12249170988798141,32.9893913269043,0.7935491800308228
7974,395,0.19287109375,0.1159140020608902,33.5202751159668,0.7683850526809692
7975,430,0.2099609375,0.11816569417715073,34.45353317260742,0.7524147629737854
7976,418,0.2041015625,0.11516091972589493,34.62767791748047,0.7533246874809265
7977,441,0.21533203125,0.11752818524837494,35.54277801513672,0.743434727191925
7978,399,0.19482421875,0.11416779458522797,35.660865783691406,0.7450671792030334
7979,432,0.2109375,0.11705021560192108,35.96860122680664,0.7408580183982849
7980,372,0.181640625,0.1185673326253891,35.873191833496094,0.7480009198188782
7981,401,0.19580078125,0.11743290722370148,35.40025329589844,0.7499208450317383
7982,361,0.17626953125,0.11806207150220871,36.05838394165039,0.7447489500045776
7983,368,0.1796875,0.11366702616214752,35.48591995239258,0.7522492408752441
7984,385,0.18798828125,0.11760032922029495,35.24677276611328,0.7498414516448975
7985,393,0.19189453125,0.12055099010467529,35.819034576416016,0.7442060708999634
7986,367,0.17919921875,0.11781834810972214,35.89813232421875,0.7458396553993225
7987,397,0.19384765625,0.12499985098838806,35.98219680786133,0.7406319379806519
7988,416,0.203125,0.12252651900053024,34.69429016113281,0.7486005425453186
7989,452,0.220703125,0.1363459825515747,38.06848907470703,0.7133962512016296
7990,431,0.21044921875,0.14257016777992249,40.34647750854492,0.6936559081077576
7991,426,0.2080078125,0.1475229263305664,42.121002197265625,0.6767096519470215
7992,433,0.21142578125,0.1317102313041687,35.8963737487793,0.738257646560669
7993,435,0.21240234375,0.12285245954990387,35.24513244628906,0.7422961592674255
7994,424,0.20703125,0.12319295108318329,34.84599685668945,0.7483922839164734
7995,436,0.212890625,0.12408165633678436,35.07244110107422,0.747087836265564
7996,420,0.205078125,0.12084309011697769,34.54704284667969,0.7540299296379089
7997,446,0.2177734375,0.12339964509010315,34.923954010009766,0.746987521648407
7998,453,0.22119140625,0.12350108474493027,35.17332077026367,0.7404604554176331
7999,461,0.22509765625,0.12650102376937866,37.22978210449219,0.718440055847168
8000,36,0.017578125,0.3036728501319885,37.73054504394531,0.7537860870361328
8001,41,0.02001953125,0.2765944004058838,39.37849044799805,0.7171947956085205
8002,41,0.02001953125,0.2771610617637634,42.078060150146484,0.6958757042884827
8003,37,0.01806640625,0.22097639739513397,36.915077209472656,0.7615720629692078
8004,42,0.0205078125,0.22001062333583832,39.09918212890625,0.7216206789016724
8005,54,0.0263671875,0.2568494975566864,37.62474822998047,0.744020938873291
8006,48,0.0234375,0.18723589181900024,39.087059020996094,0.737015426158905
8007,51,0.02490234375,0.1846017688512802,39.468238830566406,0.7331354022026062
8008,57,0.02783203125,0.1890045702457428,37.95326614379883,0.7406615614891052
8009,59,0.02880859375,0.18306760489940643,37.57636260986328,0.7478878498077393
8010,51,0.02490234375,0.1793854534626007,40.4456672668457,0.7183241248130798
8011,54,0.0263671875,0.17020991444587708,39.18549346923828,0.7317396998405457
8012,54,0.0263671875,0.17547859251499176,35.66691970825195,0.7768647074699402
8013,47,0.02294921875,0.17729663848876953,37.306800842285156,0.7529633045196533
8014,48,0.0234375,0.18192334473133087,37.82825469970703,0.7570248246192932
8015,49,0.02392578125,0.1711399108171463,35.96588897705078,0.7680739760398865
8016,47,0.02294921875,0.16781532764434814,41.8254280090332,0.6980431079864502
8017,48,0.0234375,0.18898148834705353,38.71142578125,0.7413192391395569
8018,56,0.02734375,0.18279214203357697,39.3570442199707,0.7282887697219849
8019,51,0.02490234375,0.18055933713912964,36.486358642578125,0.7676730155944824
8020,45,0.02197265625,0.18606379628181458,38.98013687133789,0.725736141204834
8021,50,0.0244140625,0.18253901600837708,39.67295455932617,0.7152391076087952
8022,51,0.02490234375,0.18201428651809692,36.42002868652344,0.7646885514259338
8023,53,0.02587890625,0.18240447342395782,38.25305938720703,0.7488455772399902
8024,55,0.02685546875,0.18140442669391632,39.13557434082031,0.7340037822723389
8025,55,0.02685546875,0.17983105778694153,36.44163131713867,0.7673423290252686
8026,53,0.02587890625,0.17895613610744476,37.118812561035156,0.759899377822876
8027,51,0.02490234375,0.18153533339500427,40.62455368041992,0.713786244392395
8028,50,0.0244140625,0.1824534833431244,39.958465576171875,0.724638044834137
8029,47,0.02294921875,0.1831686943769455,41.11892318725586,0.7191397547721863
8030,46,0.0224609375,0.19036492705345154,39.64274978637695,0.7311314344406128
8031,47,0.02294921875,0.18485981225967407,40.97470474243164,0.7079800367355347
8032,51,0.02490234375,0.1552358865737915,40.807498931884766,0.7236578464508057
8033,49,0.02392578125,0.18708768486976624,40.44551086425781,0.719811201095581
8034,50,0.0244140625,0.18651732802391052,41.86116027832031,0.7072738409042358
8035,44,0.021484375,0.19174106419086456,41.53993606567383,0.7120642066001892
8036,38,0.0185546875,0.2050345540046692,42.51952362060547,0.6992447376251221
8037,39,0.01904296875,0.2042762190103531,42.9933967590332,0.6854913830757141
8038,40,0.01953125,0.19971613585948944,40.65754699707031,0.7174017429351807
8039,44,0.021484375,0.18147285282611847,35.51419448852539,0.790653645992279
8040,234,0.1142578125,0.3098994195461273,35.84305191040039,0.7696043848991394
8041,253,0.12353515625,0.2665066123008728,35.638004302978516,0.7738851308822632
8042,259,0.12646484375,0.25652456283569336,36.56266784667969,0.7598236203193665
8043,255,0.12451171875,0.2581273913383484,34.09573745727539,0.788499653339386
8044,238,0.1162109375,0.1610439270734787,31.76409912109375,0.8170267343521118
8045,237,0.11572265625,0.13134337961673737,32.331417083740234,0.8094360828399658
8046,236,0.115234375,0.124895840883255,31.82763671875,0.8138232231140137
8047,211,0.10302734375,0.1311418116092682,29.570117950439453,0.8278778195381165
8048,216,0.10546875,0.1276971399784088,29.615257263183594,0.8324961066246033
8049,226,0.1103515625,0.12107431143522263,30.20276641845703,0.8316713571548462
8050,229,0.11181640625,0.1293291598558426,29.745874404907227,0.8347960710525513
8051,229,0.11181640625,0.11979538202285767,29.878631591796875,0.8283612132072449
8052,228,0.111328125,0.10792285948991776,29.857803344726562,0.8310689926147461
8053,236,0.115234375,0.10354991257190704,30.175437927246094,0.8286115527153015
8054,228,0.111328125,0.11275060474872589,30.61155891418457,0.8243202567100525
8055,245,0.11962890625,0.09412949532270432,31.837926864624023,0.8136796355247498
8056,248,0.12109375,0.09826666861772537,31.021787643432617,0.820862352848053
8057,238,0.1162109375,0.1031305342912674,32.2916374206543,0.8089746236801147
8058,238,0.1162109375,0.09587680548429489,31.407703399658203,0.8207365870475769
8059,242,0.1181640625,0.09870506078004837,30.724872589111328,0.8265263438224792
8060,245,0.11962890625,0.09560560435056686,31.217998504638672,0.8216739296913147
8061,233,0.11376953125,0.11687767505645752,29.79861831665039,0.8282840847969055
8062,233,0.11376953125,0.15389011800289154,28.930130004882812,0.826509416103363
8063,258,0.1259765625,0.1387031078338623,29.54969596862793,0.8163406252861023
8064,250,0.1220703125,0.16501393914222717,30.464691162109375,0.8107418417930603
8065,253,0.12353515625,0.14310100674629211,29.43410873413086,0.821631133556366
8066,245,0.11962890625,0.1469172090291977,28.131540298461914,0.8377923965454102
8067,257,0.12548828125,0.12331469357013702,29.084716796875,0.8231762647628784
8068,257,0.12548828125,0.1302025467157364,30.872140884399414,0.810854434967041
8069,270,0.1318359375,0.10694044828414917,30.985557556152344,0.8064463138580322
8070,307,0.14990234375,0.1330110877752304,32.366661071777344,0.7958623170852661
8071,301,0.14697265625,0.12722831964492798,32.9544677734375,0.7866219878196716
8072,311,0.15185546875,0.1300383061170578,32.895870208740234,0.7906733155250549
8073,303,0.14794921875,0.12146856635808945,32.5557975769043,0.7974952459335327
8074,281,0.13720703125,0.12142808735370636,32.58610916137695,0.7993205785751343
8075,289,0.14111328125,0.11583515256643295,30.885391235351562,0.8177468180656433
8076,281,0.13720703125,0.10973328351974487,30.106483459472656,0.8250149488449097
8077,297,0.14501953125,0.11667501926422119,30.95850372314453,0.8140639662742615
8078,289,0.14111328125,0.11234297603368759,31.26646614074707,0.8113879561424255
8079,267,0.13037109375,0.11081915348768234,31.47883415222168,0.8080266714096069
8080,144,0.0703125,0.10951544344425201,26.374311447143555,0.8693108558654785
8081,141,0.06884765625,0.10525961220264435,26.06099510192871,0.8659066557884216
8082,131,0.06396484375,0.10936293005943298,25.665639877319336,0.8679855465888977
8083,117,0.05712890625,0.11236511915922165,26.200429916381836,0.8561047315597534
8084,123,0.06005859375,0.10049082338809967,25.613561630249023,0.8644446134567261
8085,135,0.06591796875,0.11208399385213852,28.25369644165039,0.8460630774497986
8086,122,0.0595703125,0.1238194927573204,29.022804260253906,0.8385587334632874
8087,111,0.05419921875,0.10846718400716782,25.412839889526367,0.8689050674438477
8088,114,0.0556640625,0.11138109862804413,26.21637535095215,0.8636916279792786
8089,107,0.05224609375,0.125768780708313,26.997743606567383,0.8547956943511963
8090,109,0.05322265625,0.12826146185398102,26.557466506958008,0.858975350856781
8091,102,0.0498046875,0.14026886224746704,25.94438934326172,0.8660860061645508
8092,107,0.05224609375,0.13060279190540314,25.61819076538086,0.8674755692481995
8093,105,0.05126953125,0.13382969796657562,27.262157440185547,0.8501848578453064
8094,97,0.04736328125,0.13804319500923157,26.18060302734375,0.8632674217224121
8095,99,0.04833984375,0.12677115201950073,25.95756721496582,0.8679761290550232
8096,98,0.0478515625,0.13369455933570862,25.701251983642578,0.8740821480751038
8097,95,0.04638671875,0.146693155169487,27.924352645874023,0.8494982123374939
8098,97,0.04736328125,0.12912119925022125,26.712905883789062,0.8615554571151733
8099,94,0.0458984375,0.14277012646198273,27.6929874420166,0.84990394115448
8100,91,0.04443359375,0.1539289355278015,27.982995986938477,0.8462626934051514
8101,93,0.04541015625,0.14987239241600037,28.73904037475586,0.8419908285140991
8102,96,0.046875,0.15804576873779297,29.33936882019043,0.8242881298065186
8103,95,0.04638671875,0.16058290004730225,27.307157516479492,0.8588457703590393
8104,99,0.04833984375,0.13981275260448456,27.175514221191406,0.853293776512146
8105,106,0.0517578125,0.1377038210630417,26.353158950805664,0.8616389632225037
8106,96,0.046875,0.14642979204654694,25.671754837036133,0.8729610443115234
8107,96,0.046875,0.15446923673152924,28.582290649414062,0.834033191204071
8108,100,0.048828125,0.15027113258838654,27.07550811767578,0.8525108098983765
8109,109,0.05322265625,0.13327057659626007,27.66605567932129,0.8395525217056274
8110,111,0.05419921875,0.1336091309785843,27.34855079650879,0.8493881821632385
8111,110,0.0537109375,0.12744107842445374,26.716108322143555,0.8515178561210632
8112,113,0.05517578125,0.1188911721110344,27.827293395996094,0.84262615442276
8113,113,0.05517578125,0.10608310997486115,27.245643615722656,0.8512401580810547
8114,118,0.0576171875,0.1164451614022255,28.924190521240234,0.8342292904853821
8115,124,0.060546875,0.1027892455458641,28.080585479736328,0.8471611142158508
8116,135,0.06591796875,0.09633129835128784,29.609691619873047,0.8363997936248779
8117,137,0.06689453125,0.10404721647500992,29.69380760192871,0.8318380117416382
8118,135,0.06591796875,0.11602947115898132,29.009187698364258,0.8393222093582153
8119,134,0.0654296875,0.1049412190914154,29.726411819458008,0.8376989364624023
8120,554,0.2705078125,0.15302304923534393,39.32767105102539,0.7126812934875488
8121,528,0.2578125,0.13784050941467285,35.317100524902344,0.7599852681159973
8122,524,0.255859375,0.129025399684906,36.03183364868164,0.7579782605171204
8123,542,0.2646484375,0.13150349259376526,38.1245002746582,0.7344527244567871
8124,526,0.2568359375,0.1141737699508667,35.5690803527832,0.7548425793647766
8125,565,0.27587890625,0.10421758890151978,39.09608840942383,0.7179878950119019
8126,635,0.31005859375,0.12801019847393036,35.97749710083008,0.7518380880355835
8127,595,0.29052734375,0.12347950041294098,33.369590759277344,0.7838926911354065
8128,778,0.3798828125,0.10739698261022568,43.309288024902344,0.6712159514427185
8129,856,0.41796875,0.1098075658082962,46.551029205322266,0.6301578879356384
8130,708,0.345703125,0.12310495227575302,37.30598449707031,0.736802875995636
8131,708,0.345703125,0.1405637562274933,38.785850524902344,0.711474597454071
8132,682,0.3330078125,0.12237586081027985,37.37959671020508,0.736668050289154
8133,720,0.3515625,0.10021704435348511,40.239559173583984,0.7081876993179321
8134,833,0.40673828125,0.12258458882570267,41.55677032470703,0.6870858073234558
8135,799,0.39013671875,0.12489638477563858,40.72068786621094,0.6997145414352417
8136,804,0.392578125,0.15883496403694153,45.88703155517578,0.6307833194732666
8137,839,0.40966796875,0.13594035804271698,43.163204193115234,0.6680193543434143
8138,740,0.361328125,0.1388072520494461,38.809326171875,0.715081512928009
8139,671,0.32763671875,0.11818951368331909,34.56825637817383,0.7762703895568848
8140,661,0.32275390625,0.11497700959444046,34.49201202392578,0.7777529954910278
8141,601,0.29345703125,0.10739785432815552,38.10747528076172,0.7289589047431946
8142,734,0.3583984375,0.10863667726516724,39.20166778564453,0.7178910374641418
8143,885,0.43212890625,0.11158667504787445,42.25336837768555,0.680516242980957
8144,828,0.404296875,0.12386541068553925,40.38411331176758,0.7071279883384705
8145,878,0.4287109375,0.11630634218454361,41.381431579589844,0.6923028826713562
8146,963,0.47021484375,0.11579447239637375,44.66207504272461,0.6520560383796692
8147,971,0.47412109375,0.12085545808076859,45.2487678527832,0.6469501256942749
8148,1063,0.51904296875,0.13580934703350067,50.03779220581055,0.5775007605552673
8149,938,0.4580078125,0.1299622654914856,46.19493865966797,0.6278542280197144
8150,899,0.43896484375,0.12920935451984406,44.609222412109375,0.6568412780761719
8151,898,0.4384765625,0.12732137739658356,43.157569885253906,0.67154461145401
8152,1029,0.50244140625,0.13192947208881378,48.09122085571289,0.6025522947311401
8153,969,0.47314453125,0.16405285894870758,47.20562744140625,0.6191437840461731
8154,918,0.4482421875,0.1472463756799698,46.48462677001953,0.6256574392318726
8155,888,0.43359375,0.14478370547294617,44.34828186035156,0.654888927936554
8156,893,0.43603515625,0.1603076308965683,46.45855712890625,0.6287752985954285
8157,789,0.38525390625,0.16070593893527985,42.67967224121094,0.6705344915390015
8158,783,0.38232421875,0.17502593994140625,44.00300979614258,0.6511877179145813
8159,796,0.388671875,0.1429949700832367,40.04122543334961,0.705325722694397
8160,770,0.3759765625,0.2064943164587021,40.11341094970703,0.7101330757141113
8161,808,0.39453125,0.19344188272953033,38.1922492980957,0.7328327894210815
8162,768,0.375,0.20353949069976807,40.091304779052734,0.7086805701255798
8163,802,0.3916015625,0.20796987414360046,39.73030090332031,0.7089632153511047
8164,790,0.3857421875,0.21308517456054688,40.35267639160156,0.7008458375930786
8165,841,0.41064453125,0.20347081124782562,42.216270446777344,0.682776927947998
8166,850,0.4150390625,0.19583190977573395,40.98074722290039,0.6959628462791443
8167,810,0.3955078125,0.19553431868553162,39.644107818603516,0.7137405276298523
8168,755,0.36865234375,0.1973830759525299,42.491092681884766,0.6882480382919312
8169,746,0.3642578125,0.1617639660835266,37.612335205078125,0.7511584162712097
8170,751,0.36669921875,0.1590217500925064,37.322288513183594,0.749555766582489
8171,761,0.37158203125,0.16410614550113678,37.455413818359375,0.7502471208572388
8172,781,0.38134765625,0.15659187734127045,37.29277038574219,0.7515698075294495
8173,824,0.40234375,0.14618992805480957,35.392799377441406,0.7668869495391846
8174,832,0.40625,0.1549067348241806,35.385921478271484,0.7649801969528198
8175,723,0.35302734375,0.17290975153446198,40.59642791748047,0.7130035161972046
8176,748,0.365234375,0.1796109676361084,36.45689010620117,0.7485629916191101
8177,888,0.43359375,0.17703011631965637,35.99406051635742,0.7644445300102234
8178,1120,0.546875,0.15549278259277344,39.92498779296875,0.7219175696372986
8179,858,0.4189453125,0.17188258469104767,34.60871124267578,0.7735492587089539
8180,715,0.34912109375,0.17315691709518433,38.36302947998047,0.7334412932395935
8181,822,0.4013671875,0.18427343666553497,38.451560974121094,0.7398855686187744
8182,863,0.42138671875,0.1764492243528366,37.24599075317383,0.7536621689796448
8183,798,0.3896484375,0.21320734918117523,37.32947540283203,0.7454323172569275
8184,689,0.33642578125,0.2455364465713501,37.265357971191406,0.7393282651901245
8185,648,0.31640625,0.2582777440547943,36.249637603759766,0.7541524767875671
8186,881,0.43017578125,0.21677324175834656,37.20042419433594,0.7445160746574402
8187,918,0.4482421875,0.21379487216472626,36.30036926269531,0.755030632019043
8188,724,0.353515625,0.24487735331058502,37.01782989501953,0.748649537563324
8189,629,0.30712890625,0.25757068395614624,36.51939392089844,0.7533395290374756
8190,601,0.29345703125,0.26659074425697327,36.34103012084961,0.7584062814712524
8191,667,0.32568359375,0.24406017363071442,36.971702575683594,0.7503058910369873
8192,619,0.30224609375,0.24699172377586365,35.50286865234375,0.763874351978302
8193,581,0.28369140625,0.2633761465549469,35.58283615112305,0.7645899057388306
8194,625,0.30517578125,0.24707001447677612,36.63787841796875,0.7483731508255005
8195,824,0.40234375,0.2143448293209076,38.30836868286133,0.7349816560745239
8196,886,0.4326171875,0.19927163422107697,36.948219299316406,0.7544742822647095
8197,779,0.38037109375,0.2107526659965515,37.09408950805664,0.744895875453949
8198,818,0.3994140625,0.20384520292282104,36.93780517578125,0.7502239942550659
8199,718,0.3505859375,0.22612647712230682,38.92324447631836,0.7253645062446594
8200,37,0.01806640625,0.29512161016464233,32.87506866455078,0.7855092287063599
8201,42,0.0205078125,0.2621716856956482,33.94860076904297,0.7760217785835266
8202,39,0.01904296875,0.2768881022930145,32.72838592529297,0.7970615029335022
8203,35,0.01708984375,0.2999100387096405,32.4199104309082,0.7955668568611145
8204,48,0.0234375,0.24327082931995392,36.422367095947266,0.7561569213867188
8205,43,0.02099609375,0.2615681290626526,32.6911506652832,0.7922674417495728
8206,42,0.0205078125,0.26733651757240295,33.195960998535156,0.7916305065155029
8207,36,0.017578125,0.2686210572719574,33.07408142089844,0.8061403036117554
8208,39,0.01904296875,0.2759495675563812,35.64160919189453,0.7621974945068359
8209,43,0.02099609375,0.2774902880191803,33.31792449951172,0.7963613271713257
8210,48,0.0234375,0.26911139488220215,36.544960021972656,0.7550508379936218
8211,41,0.02001953125,0.25716039538383484,36.567317962646484,0.7603544592857361
8212,43,0.02099609375,0.2876257598400116,31.9393310546875,0.8074529767036438
8213,47,0.02294921875,0.24761129915714264,33.85215759277344,0.7741955518722534
8214,47,0.02294921875,0.23686538636684418,31.890409469604492,0.8054401874542236
8215,49,0.02392578125,0.22186319530010223,33.22676086425781,0.792566180229187
8216,52,0.025390625,0.21697302162647247,31.259376525878906,0.8139693737030029
8217,51,0.02490234375,0.22120888531208038,32.37068557739258,0.8046867251396179
8218,45,0.02197265625,0.25657379627227783,31.481386184692383,0.8129638433456421
8219,43,0.02099609375,0.2587483525276184,31.05182647705078,0.8110004663467407
8220,39,0.01904296875,0.26548394560813904,29.971614837646484,0.8303207159042358
8221,47,0.02294921875,0.22606122493743896,29.266393661499023,0.835598886013031
8222,54,0.0263671875,0.21521401405334473,31.342552185058594,0.8145157098770142
8223,60,0.029296875,0.20291584730148315,30.85033416748047,0.8266969323158264
8224,62,0.0302734375,0.2111545205116272,30.660242080688477,0.8278500437736511
8225,67,0.03271484375,0.1635667383670807,34.83272171020508,0.785474419593811
8226,72,0.03515625,0.16690121591091156,34.30480194091797,0.7785055637359619
8227,59,0.02880859375,0.20156046748161316,31.260398864746094,0.8181618452072144
8228,65,0.03173828125,0.16376301646232605,31.035438537597656,0.8223211169242859
8229,60,0.029296875,0.19924797117710114,32.221622467041016,0.8092957735061646
8230,61,0.02978515625,0.2010638564825058,33.30268859863281,0.7945888638496399
8231,58,0.0283203125,0.19602929055690765,33.268150329589844,0.802250325679779
8232,60,0.029296875,0.18813908100128174,34.03951644897461,0.7952631711959839
8233,58,0.0283203125,0.1814485341310501,35.04576110839844,0.7801144123077393
8234,59,0.02880859375,0.1968451589345932,30.385231018066406,0.8315678834915161
8235,55,0.02685546875,0.1974232792854309,34.097007751464844,0.7927992939949036
8236,48,0.0234375,0.20789001882076263,31.837080001831055,0.8119940757751465
8237,57,0.02783203125,0.21048036217689514,32.63780975341797,0.8086960315704346
8238,46,0.0224609375,0.22779427468776703,28.215539932250977,0.8505836129188538
8239,45,0.02197265625,0.24300497770309448,32.181732177734375,0.7957920432090759
8240,113,0.05517578125,0.22547346353530884,39.74243927001953,0.7255657911300659
8241,108,0.052734375,0.1859060823917389,38.47607421875,0.739706814289093
8242,107,0.05224609375,0.17095232009887695,37.66215896606445,0.7474928498268127
8243,103,0.05029296875,0.18120348453521729,37.50517272949219,0.7497279047966003
8244,111,0.05419921875,0.17507383227348328,38.124366760253906,0.7413140535354614
8245,117,0.05712890625,0.15477444231510162,36.724300384521484,0.756752610206604
8246,121,0.05908203125,0.15419432520866394,36.26103973388672,0.7609919309616089
8247,121,0.05908203125,0.1395428329706192,35.36328125,0.7728782296180725
8248,116,0.056640625,0.14116303622722626,35.34749221801758,0.7709280848503113
8249,109,0.05322265625,0.14744658768177032,38.652183532714844,0.7383584380149841
8250,109,0.05322265625,0.1378796249628067,35.34943771362305,0.7763386368751526
8251,110,0.0537109375,0.15410058200359344,36.66242599487305,0.7574566006660461
8252,114,0.0556640625,0.14352168142795563,35.245487213134766,0.7713714241981506
8253,126,0.0615234375,0.15458586812019348,35.82331848144531,0.761492908000946
8254,125,0.06103515625,0.15565484762191772,35.2015380859375,0.7636654376983643
8255,125,0.06103515625,0.15537329018115997,35.97977828979492,0.7572322487831116
8256,126,0.0615234375,0.15334241092205048,35.038978576660156,0.7725974917411804
8257,117,0.05712890625,0.14431238174438477,36.57561492919922,0.7572842836380005
8258,114,0.0556640625,0.14065179228782654,36.455745697021484,0.7598924040794373
8259,114,0.0556640625,0.16433484852313995,35.57884216308594,0.7697752118110657
8260,111,0.05419921875,0.14723451435565948,34.853641510009766,0.7790554761886597
8261,116,0.056640625,0.1510857492685318,37.20723342895508,0.7435872554779053
8262,123,0.06005859375,0.15497669577598572,36.189579010009766,0.7554663419723511
8263,124,0.060546875,0.1476069539785385,35.34197235107422,0.7630805969238281
8264,109,0.05322265625,0.1680532693862915,37.81427764892578,0.7415934801101685
8265,101,0.04931640625,0.16193120181560516,38.62063217163086,0.7398313283920288
8266,100,0.048828125,0.16166311502456665,36.32502365112305,0.7661957740783691
8267,106,0.0517578125,0.16623064875602722,37.14387893676758,0.7496442198753357
8268,101,0.04931640625,0.17162275314331055,38.186973571777344,0.7477521300315857
8269,106,0.0517578125,0.1809750199317932,37.73308181762695,0.7468516230583191
8270,105,0.05126953125,0.19665157794952393,39.27365493774414,0.7225878834724426
8271,107,0.05224609375,0.19664715230464935,37.47975158691406,0.7436754703521729
8272,107,0.05224609375,0.17630048096179962,37.39582443237305,0.7470343708992004
8273,121,0.05908203125,0.18502844870090485,37.016754150390625,0.7450515031814575
8274,121,0.05908203125,0.16181102395057678,37.08885192871094,0.7468409538269043
8275,114,0.0556640625,0.1803542524576187,37.2147102355957,0.7393406629562378
8276,108,0.052734375,0.17802132666110992,38.21355438232422,0.739475667476654
8277,101,0.04931640625,0.171174556016922,36.929290771484375,0.7590922713279724
8278,111,0.05419921875,0.17685729265213013,38.37494659423828,0.737082839012146
8279,118,0.0576171875,0.16727115213871002,37.977134704589844,0.7373952269554138
8280,581,0.28369140625,0.16063585877418518,44.96904754638672,0.6495686173439026
8281,588,0.287109375,0.1492827981710434,43.653961181640625,0.6672104001045227
8282,570,0.2783203125,0.18779142200946808,44.439300537109375,0.6582149863243103
8283,607,0.29638671875,0.15001535415649414,40.93613815307617,0.7051862478256226
8284,638,0.3115234375,0.1522267609834671,41.34941864013672,0.6962361335754395
8285,663,0.32373046875,0.1328521966934204,40.44716262817383,0.7061978578567505
8286,647,0.31591796875,0.13088515400886536,39.209285736083984,0.721552848815918
8287,659,0.32177734375,0.1313134878873825,40.20673370361328,0.7095659375190735
8288,654,0.3193359375,0.13733318448066711,39.31871032714844,0.7174227237701416
8289,673,0.32861328125,0.11782179772853851,30.17753028869629,0.8155792355537415
8290,661,0.32275390625,0.12121894210577011,30.34347152709961,0.8133772015571594
8291,662,0.3232421875,0.11647764593362808,30.53843116760254,0.8123962879180908
8292,647,0.31591796875,0.1212262213230133,30.294004440307617,0.8149080872535706
8293,677,0.33056640625,0.11427255719900131,30.933610916137695,0.8067057132720947
8294,706,0.3447265625,0.11601923406124115,32.648189544677734,0.794019341468811
8295,668,0.326171875,0.11644020676612854,30.704442977905273,0.8122092485427856
8296,696,0.33984375,0.11534496396780014,32.19640350341797,0.7990233302116394
8297,739,0.36083984375,0.11710789799690247,34.42914962768555,0.7774494886398315
8298,749,0.36572265625,0.11920550465583801,34.665618896484375,0.7755482196807861
8299,679,0.33154296875,0.13422490656375885,33.65390396118164,0.7894262075424194
8300,666,0.3251953125,0.13659954071044922,33.601322174072266,0.7882439494132996
8301,697,0.34033203125,0.1282937228679657,33.53293228149414,0.7847546339035034
8302,672,0.328125,0.15774428844451904,36.94623947143555,0.7464079260826111
8303,699,0.34130859375,0.14194618165493011,35.9241943359375,0.7577551603317261
8304,715,0.34912109375,0.14525564014911652,39.349403381347656,0.7230856418609619
8305,762,0.3720703125,0.1390257030725479,39.41171646118164,0.7242246866226196
8306,777,0.37939453125,0.15966109931468964,42.57539367675781,0.6863416433334351
8307,782,0.3818359375,0.16571466624736786,42.75046920776367,0.6854962706565857
8308,818,0.3994140625,0.16723616421222687,43.16666030883789,0.6781993508338928
8309,874,0.4267578125,0.18113377690315247,45.70866775512695,0.6477231383323669
8310,864,0.421875,0.17247125506401062,44.03837585449219,0.6688533425331116
8311,844,0.412109375,0.14875686168670654,40.65896224975586,0.7087054252624512
8312,817,0.39892578125,0.12725786864757538,36.719810485839844,0.751918613910675
8313,786,0.3837890625,0.1261114925146103,36.3301887512207,0.7565338611602783
8314,766,0.3740234375,0.12454024702310562,35.36958312988281,0.7640280723571777
8315,740,0.361328125,0.12477625161409378,35.199607849121094,0.7700261473655701
8316,707,0.34521484375,0.1485408991575241,40.19430160522461,0.7034613490104675
8317,715,0.34912109375,0.16663147509098053,43.04421615600586,0.6734559535980225
8318,706,0.3447265625,0.18205280601978302,43.98513412475586,0.6629700660705566
8319,693,0.33837890625,0.1863984316587448,46.03990173339844,0.6400196552276611
8320,455,0.22216796875,0.1400037258863449,41.49517822265625,0.6923406720161438
8321,430,0.2099609375,0.14379796385765076,39.73108673095703,0.7129824757575989
8322,435,0.21240234375,0.1489405333995819,39.581356048583984,0.7111836075782776
8323,443,0.21630859375,0.15589487552642822,39.1837043762207,0.7148128151893616
8324,602,0.2939453125,0.12550416588783264,35.591060638427734,0.7616797089576721
8325,645,0.31494140625,0.12271225452423096,35.99031448364258,0.7578033208847046
8326,622,0.3037109375,0.12585824728012085,35.60533142089844,0.7599912285804749
8327,736,0.359375,0.12701430916786194,35.92209243774414,0.7597714066505432
8328,806,0.3935546875,0.12008067220449448,37.78012466430664,0.7388167977333069
8329,702,0.3427734375,0.12256233394145966,35.51453399658203,0.761435329914093
8330,932,0.455078125,0.11014064401388168,39.66016387939453,0.7114417552947998
8331,1031,0.50341796875,0.12489143013954163,41.32314682006836,0.6921110153198242
8332,905,0.44189453125,0.11067279428243637,39.61576843261719,0.711089015007019
8333,944,0.4609375,0.11029032617807388,40.55818176269531,0.6990034580230713
8334,1118,0.5458984375,0.1363898068666458,43.423545837402344,0.6697700619697571
8335,983,0.47998046875,0.1178729310631752,40.96695327758789,0.6969721913337708
8336,1051,0.51318359375,0.12987852096557617,43.4176025390625,0.6685206890106201
8337,1112,0.54296875,0.1299699991941452,42.82295608520508,0.676884651184082
8338,1279,0.62451171875,0.16281446814537048,47.30817794799805,0.6253464221954346
8339,1069,0.52197265625,0.12105072289705276,42.125732421875,0.6826270222663879
8340,1095,0.53466796875,0.12603598833084106,42.358245849609375,0.6794859170913696
8341,1041,0.50830078125,0.12109106779098511,41.88643264770508,0.6830639839172363
8342,1033,0.50439453125,0.12383579462766647,42.41822814941406,0.6759737730026245
8343,889,0.43408203125,0.11562635004520416,43.28286361694336,0.6714934706687927
8344,836,0.408203125,0.11007673293352127,40.82716751098633,0.7016822695732117
8345,837,0.40869140625,0.12658827006816864,42.494239807128906,0.6811875104904175
8346,762,0.3720703125,0.15068575739860535,37.937049865722656,0.7366743087768555
8347,772,0.376953125,0.14707139134407043,38.98277282714844,0.7246493101119995
8348,737,0.35986328125,0.14090807735919952,36.843849182128906,0.7516614198684692
8349,558,0.2724609375,0.18970154225826263,37.73164749145508,0.7413394451141357
8350,617,0.30126953125,0.15496428310871124,36.509281158447266,0.7560628652572632
8351,794,0.3876953125,0.13737057149410248,39.670841217041016,0.717411994934082
8352,807,0.39404296875,0.12507854402065277,40.16429901123047,0.7128835916519165
8353,889,0.43408203125,0.12195660918951035,44.228755950927734,0.6613077521324158
8354,907,0.44287109375,0.14670419692993164,50.55979919433594,0.578133761882782
8355,893,0.43603515625,0.1386616826057434,48.75273132324219,0.601263701915741
8356,914,0.4462890625,0.12414497137069702,44.78263473510742,0.652495801448822
8357,849,0.41455078125,0.11092521995306015,42.591129302978516,0.6841281652450562
8358,909,0.44384765625,0.14299702644348145,48.133140563964844,0.6113921999931335
8359,906,0.4423828125,0.13060419261455536,46.27511978149414,0.6339005827903748
8360,218,0.1064453125,0.14393337070941925,29.276620864868164,0.8403436541557312
8361,234,0.1142578125,0.1526271104812622,29.48170280456543,0.8357856869697571
8362,233,0.11376953125,0.14527566730976105,30.177114486694336,0.830177366733551
8363,228,0.111328125,0.1335073560476303,28.94260597229004,0.8446754813194275
8364,225,0.10986328125,0.13466839492321014,28.260452270507812,0.8520719408988953
8365,218,0.1064453125,0.11374706029891968,29.856122970581055,0.834781289100647
8366,217,0.10595703125,0.1312975287437439,29.670181274414062,0.8368642926216125
8367,226,0.1103515625,0.13694724440574646,29.071189880371094,0.8428551554679871
8368,227,0.11083984375,0.14633744955062866,29.81203269958496,0.8388505578041077
8369,220,0.107421875,0.13886742293834686,30.299800872802734,0.8293569684028625
8370,213,0.10400390625,0.1467680037021637,28.845487594604492,0.8492233753204346
8371,205,0.10009765625,0.1503780037164688,30.394271850585938,0.8296365141868591
8372,192,0.09375,0.16396155953407288,28.520172119140625,0.8475683331489563
8373,192,0.09375,0.1651340276002884,28.003355026245117,0.8522768020629883
8374,184,0.08984375,0.15629933774471283,28.74716567993164,0.8436489105224609
8375,183,0.08935546875,0.14847645163536072,28.203218460083008,0.8493765592575073
8376,197,0.09619140625,0.1546570062637329,27.748615264892578,0.8531960248947144
8377,191,0.09326171875,0.15729323029518127,27.49784278869629,0.8542584180831909
8378,190,0.0927734375,0.15634407103061676,28.596965789794922,0.8422280550003052
8379,192,0.09375,0.15458206832408905,29.111404418945312,0.8367646336555481
8380,204,0.099609375,0.13958925008773804,30.483015060424805,0.8251965045928955
8381,204,0.099609375,0.13440635800361633,32.304893493652344,0.8079138398170471
8382,201,0.09814453125,0.14167742431163788,33.11796188354492,0.8007795810699463
8383,206,0.1005859375,0.13301731646060944,31.482173919677734,0.8163103461265564
8384,207,0.10107421875,0.13205362856388092,32.70573806762695,0.8003813624382019
8385,217,0.10595703125,0.12234406173229218,30.390928268432617,0.8284099102020264
8386,229,0.11181640625,0.11933758854866028,31.976097106933594,0.8106051683425903
8387,229,0.11181640625,0.118344247341156,31.778057098388672,0.8128878474235535
8388,228,0.111328125,0.11590597778558731,31.890378952026367,0.8129980564117432
8389,259,0.12646484375,0.12888400256633759,33.629425048828125,0.7994573712348938
8390,285,0.13916015625,0.14741627871990204,35.944644927978516,0.7702327370643616
8391,309,0.15087890625,0.16292817890644073,41.9870491027832,0.698195219039917
8392,322,0.1572265625,0.16337886452674866,42.96876907348633,0.6868359446525574
8393,327,0.15966796875,0.15759773552417755,40.80075454711914,0.7087433934211731
8394,283,0.13818359375,0.15152888000011444,37.688865661621094,0.74759840965271
8395,269,0.13134765625,0.13637711107730865,36.59593200683594,0.7662299275398254
8396,255,0.12451171875,0.13065168261528015,35.242130279541016,0.7814961671829224
8397,243,0.11865234375,0.12929533421993256,35.29793930053711,0.7783980369567871
8398,239,0.11669921875,0.1232118159532547,33.24203109741211,0.8011366724967957
8399,229,0.11181640625,0.11620398610830307,32.397586822509766,0.807134211063385
8400,59,0.02880859375,0.25209593772888184,44.59633255004883,0.656448483467102
8401,65,0.03173828125,0.23301219940185547,40.32731628417969,0.7103338241577148
8402,61,0.02978515625,0.2268017828464508,42.99691390991211,0.6774322986602783
8403,53,0.02587890625,0.2606169581413269,35.90397262573242,0.7710338234901428
8404,49,0.02392578125,0.23581986129283905,33.632476806640625,0.7903309464454651
8405,41,0.02001953125,0.27342987060546875,37.3597526550293,0.7441969513893127
8406,39,0.01904296875,0.3132985532283783,38.04193115234375,0.7433673739433289
8407,49,0.02392578125,0.23657774925231934,38.033573150634766,0.7401028275489807
8408,45,0.02197265625,0.2816609740257263,36.06358337402344,0.7626431584358215
8409,37,0.01806640625,0.29730239510536194,37.18887710571289,0.7610301971435547
8410,37,0.01806640625,0.3101966977119446,40.485843658447266,0.7191168665885925
8411,32,0.015625,0.3406054377555847,38.794639587402344,0.7396283149719238
8412,40,0.01953125,0.3107735216617584,36.17438507080078,0.7539364099502563
8413,43,0.02099609375,0.28880661725997925,35.73362350463867,0.7720385789871216
8414,38,0.0185546875,0.29995834827423096,36.532554626464844,0.7643922567367554
8415,49,0.02392578125,0.24142691493034363,34.868492126464844,0.7789180278778076
8416,48,0.0234375,0.24051439762115479,36.441307067871094,0.7634897232055664
8417,41,0.02001953125,0.2599065899848938,35.150821685791016,0.7772141098976135
8418,43,0.02099609375,0.2805117070674896,34.184654235839844,0.7829707860946655
8419,57,0.02783203125,0.21437279880046844,37.60175704956055,0.7386294007301331
8420,48,0.0234375,0.2747921645641327,33.965797424316406,0.7958826422691345
8421,39,0.01904296875,0.2971031069755554,36.45740509033203,0.7593467831611633
8422,36,0.017578125,0.30708059668540955,36.956581115722656,0.7583083510398865
8423,37,0.01806640625,0.3043197691440582,37.408721923828125,0.7542020678520203
8424,39,0.01904296875,0.3232661783695221,34.43535232543945,0.7807014584541321
8425,42,0.0205078125,0.29167407751083374,35.784095764160156,0.7641170024871826
8426,50,0.0244140625,0.23735326528549194,33.782379150390625,0.7934631109237671
8427,48,0.0234375,0.2708168029785156,35.782352447509766,0.7677173614501953
8428,55,0.02685546875,0.22807849943637848,34.069580078125,0.7871463298797607
8429,47,0.02294921875,0.27331656217575073,36.335872650146484,0.7538463473320007
8430,38,0.0185546875,0.31600478291511536,31.164827346801758,0.817801296710968
8431,50,0.0244140625,0.23490436375141144,32.732662200927734,0.8020153641700745
8432,57,0.02783203125,0.22292068600654602,35.10061264038086,0.771881639957428
8433,66,0.0322265625,0.20037685334682465,32.14918518066406,0.8052254319190979
8434,72,0.03515625,0.189089834690094,34.338157653808594,0.7798241376876831
8435,66,0.0322265625,0.20155391097068787,31.03095054626465,0.8158679604530334
8436,79,0.03857421875,0.2184796929359436,34.41307830810547,0.7835186123847961
8437,80,0.0390625,0.22269423305988312,33.367164611816406,0.7924625277519226
8438,73,0.03564453125,0.21083644032478333,32.873634338378906,0.7902970314025879
8439,66,0.0322265625,0.2194470912218094,31.204700469970703,0.8023338913917542
8440,1249,0.60986328125,0.1575959175825119,51.22507858276367,0.5622350573539734
8441,1247,0.60888671875,0.15515819191932678,50.81279754638672,0.5667260885238647
8442,1289,0.62939453125,0.15699492394924164,51.19611740112305,0.562380850315094
8443,1294,0.6318359375,0.15234093368053436,50.878562927246094,0.5663328766822815
8444,1297,0.63330078125,0.14758795499801636,49.588436126708984,0.5780036449432373
8445,1306,0.6376953125,0.14757347106933594,49.75218200683594,0.5759077668190002
8446,1348,0.658203125,0.15418316423892975,51.02702331542969,0.5636284947395325
8447,1312,0.640625,0.15117807686328888,49.80046081542969,0.5757464170455933
8448,1241,0.60595703125,0.14939530193805695,47.7728157043457,0.5963928699493408
8449,1308,0.638671875,0.14744701981544495,48.33895492553711,0.5881789326667786
8450,1271,0.62060546875,0.1459115445613861,47.235130310058594,0.5991342067718506
8451,1257,0.61376953125,0.14771594107151031,46.79410934448242,0.6045179963111877
8452,1259,0.61474609375,0.14696849882602692,46.642765045166016,0.6063417196273804
8453,1264,0.6171875,0.14669831097126007,46.942325592041016,0.602918803691864
8454,1269,0.61962890625,0.14627452194690704,46.58534240722656,0.6080980896949768
8455,1268,0.619140625,0.14683793485164642,46.52539825439453,0.607860803604126
8456,1297,0.63330078125,0.14618562161922455,47.1452751159668,0.5994105935096741
8457,1256,0.61328125,0.14469891786575317,46.47805404663086,0.6094135046005249
8458,1265,0.61767578125,0.14215217530727386,46.65730285644531,0.609910786151886
8459,1306,0.6376953125,0.1439347267150879,47.24872970581055,0.5987986922264099
8460,1379,0.67333984375,0.14430101215839386,48.73078918457031,0.5858598947525024
8461,1302,0.6357421875,0.14174161851406097,47.14237594604492,0.6019420027732849
8462,1275,0.62255859375,0.1463472694158554,47.35768508911133,0.6012192964553833
8463,1312,0.640625,0.14533647894859314,48.140377044677734,0.5926000475883484
8464,1338,0.6533203125,0.14789417386054993,48.7577018737793,0.5873978734016418
8465,1314,0.6416015625,0.14478598535060883,47.85976028442383,0.5948901772499084
8466,1361,0.66455078125,0.14670883119106293,49.286415100097656,0.5819777250289917
8467,1321,0.64501953125,0.14660488069057465,47.468505859375,0.6005375385284424
8468,1296,0.6328125,0.14759200811386108,46.87605667114258,0.607067883014679
8469,1286,0.6279296875,0.14576701819896698,46.90333938598633,0.6065178513526917
8470,1319,0.64404296875,0.14536093175411224,47.11845779418945,0.6026054620742798
8471,1277,0.62353515625,0.14700224995613098,46.9134635925293,0.6036220788955688
8472,1239,0.60498046875,0.14489908516407013,47.269474029541016,0.6006847023963928
8473,1249,0.60986328125,0.14338740706443787,47.06039810180664,0.6032596826553345
8474,1242,0.6064453125,0.1470588594675064,47.417823791503906,0.5994123220443726
8475,1234,0.6025390625,0.14569811522960663,47.16514587402344,0.601660430431366
8476,1291,0.63037109375,0.14646774530410767,48.475868225097656,0.5868725776672363
8477,1285,0.62744140625,0.14430920779705048,48.9222297668457,0.585662305355072
8478,1277,0.62353515625,0.14127811789512634,48.47188949584961,0.5903668999671936
8479,1303,0.63623046875,0.14059960842132568,48.89706039428711,0.5841271281242371
8480,140,0.068359375,0.12365716695785522,34.966495513916016,0.7766720652580261
8481,144,0.0703125,0.11956513673067093,36.9506721496582,0.7532690763473511
8482,136,0.06640625,0.11284298449754715,37.7374267578125,0.7463669180870056
8483,141,0.06884765625,0.11492184549570084,38.350345611572266,0.7394906282424927
8484,126,0.0615234375,0.11611601710319519,33.84819030761719,0.7938355803489685
8485,128,0.0625,0.12012410908937454,36.08528518676758,0.7623693943023682
8486,118,0.0576171875,0.1342673897743225,34.701377868652344,0.7737833857536316
8487,129,0.06298828125,0.12719814479351044,36.517765045166016,0.7569996118545532
8488,126,0.0615234375,0.13350746035575867,35.99643325805664,0.7637361884117126
8489,123,0.06005859375,0.14467287063598633,38.5546875,0.7336103320121765
8490,121,0.05908203125,0.14500169456005096,36.69793701171875,0.7575189471244812
8491,121,0.05908203125,0.13313816487789154,36.06639099121094,0.766522228717804
8492,115,0.05615234375,0.12803611159324646,35.512081146240234,0.7696986794471741
8493,122,0.0595703125,0.12274719774723053,35.400146484375,0.7702645063400269
8494,124,0.060546875,0.13023842871189117,36.44791030883789,0.7542322278022766
8495,117,0.05712890625,0.1312423199415207,35.081146240234375,0.7740048766136169
8496,111,0.05419921875,0.1361454874277115,35.460121154785156,0.7692634463310242
8497,106,0.0517578125,0.13042548298835754,33.84345626831055,0.7798494100570679
8498,105,0.05126953125,0.12373688817024231,32.053672790527344,0.8089228868484497
8499,112,0.0546875,0.12849363684654236,34.84377670288086,0.7767606377601624
8500,110,0.0537109375,0.14206300675868988,34.537540435791016,0.7817002534866333
8501,107,0.05224609375,0.1523609757423401,34.912498474121094,0.779205322265625
8502,116,0.056640625,0.14971283078193665,35.84269714355469,0.7655237317085266
8503,120,0.05859375,0.15037468075752258,36.24589538574219,0.7629334926605225
8504,117,0.05712890625,0.1445169299840927,36.1827392578125,0.761381983757019
8505,117,0.05712890625,0.13210511207580566,35.91657638549805,0.7646235823631287
8506,121,0.05908203125,0.13947230577468872,35.49705123901367,0.7701473236083984
8507,117,0.05712890625,0.140696182847023,35.02356719970703,0.7771027684211731
8508,118,0.0576171875,0.1351281702518463,35.86732864379883,0.764773428440094
8509,123,0.06005859375,0.1416902393102646,37.443359375,0.744758665561676
8510,128,0.0625,0.13567261397838593,38.458534240722656,0.735324501991272
8511,131,0.06396484375,0.13110172748565674,37.110782623291016,0.7525569796562195
8512,134,0.0654296875,0.12024196237325668,37.3220100402832,0.7538564205169678
8513,130,0.0634765625,0.12289264053106308,34.64985275268555,0.788206934928894
8514,142,0.0693359375,0.13123032450675964,36.38043212890625,0.7677594423294067
8515,138,0.0673828125,0.1363096833229065,37.716033935546875,0.7528188228607178
8516,131,0.06396484375,0.12006958574056625,35.066322326660156,0.781182587146759
8517,135,0.06591796875,0.12255480140447617,39.08705520629883,0.7329102754592896
8518,128,0.0625,0.1230502501130104,35.14976119995117,0.7809398174285889
8519,133,0.06494140625,0.12312348932027817,36.58961486816406,0.7629303932189941
8520,132,0.064453125,0.1639159768819809,33.22876739501953,0.7923517227172852
8521,133,0.06494140625,0.16358332335948944,34.22886276245117,0.7799564003944397
8522,133,0.06494140625,0.1600545048713684,33.27832794189453,0.7891833186149597
8523,123,0.06005859375,0.13767793774604797,32.720611572265625,0.79043048620224
8524,114,0.0556640625,0.13495059311389923,30.832550048828125,0.8089982271194458
8525,115,0.05615234375,0.12415164709091187,31.153711318969727,0.8140826225280762
8526,109,0.05322265625,0.11143914610147476,31.10540199279785,0.8137608170509338
8527,111,0.05419921875,0.11611174792051315,31.34412956237793,0.8088382482528687
8528,100,0.048828125,0.10867300629615784,29.375682830810547,0.8259668946266174
8529,106,0.0517578125,0.1059151366353035,31.581771850585938,0.8031445145606995
8530,96,0.046875,0.10732070356607437,28.613683700561523,0.8348823189735413
8531,102,0.0498046875,0.10802755504846573,31.849428176879883,0.8030573725700378
8532,100,0.048828125,0.11350400745868683,30.340404510498047,0.8200676441192627
8533,106,0.0517578125,0.12023969739675522,30.14991569519043,0.8216962218284607
8534,97,0.04736328125,0.14512313902378082,28.720388412475586,0.8291782736778259
8535,103,0.05029296875,0.10252591967582703,30.639638900756836,0.8194462060928345
8536,104,0.05078125,0.10816872119903564,30.426939010620117,0.8273701071739197
8537,100,0.048828125,0.10405702888965607,29.198373794555664,0.8415724039077759
8538,99,0.04833984375,0.10284423828125,30.208797454833984,0.8290209770202637
8539,98,0.0478515625,0.1117212101817131,30.536590576171875,0.8231151103973389
8540,104,0.05078125,0.1080486848950386,29.84255599975586,0.8305326700210571
8541,94,0.0458984375,0.11382067948579788,33.247554779052734,0.7978947162628174
8542,91,0.04443359375,0.1137240082025528,33.1977653503418,0.7927008271217346
8543,95,0.04638671875,0.10765603184700012,29.932252883911133,0.8206074237823486
8544,97,0.04736328125,0.10971011966466904,29.26494789123535,0.8344250917434692
8545,93,0.04541015625,0.10688190162181854,30.564844131469727,0.8198597431182861
8546,101,0.04931640625,0.10595594346523285,30.545331954956055,0.8203363418579102
8547,103,0.05029296875,0.10768734663724899,29.779335021972656,0.8311158418655396
8548,96,0.046875,0.10929013043642044,27.250574111938477,0.8541049361228943
8549,111,0.05419921875,0.10594923794269562,30.385271072387695,0.824378490447998
8550,117,0.05712890625,0.10714206099510193,31.447996139526367,0.8166447877883911
8551,118,0.0576171875,0.11023921519517899,31.733715057373047,0.8146224021911621
8552,123,0.06005859375,0.12753090262413025,31.588165283203125,0.8162287473678589
8553,121,0.05908203125,0.11594884842634201,33.96217346191406,0.7881351113319397
8554,118,0.0576171875,0.12976834177970886,32.41188049316406,0.8030431866645813
8555,106,0.0517578125,0.10537897050380707,28.465076446533203,0.8446897268295288
8556,117,0.05712890625,0.10735530406236649,31.031450271606445,0.8174101710319519
8557,125,0.06103515625,0.1398526281118393,32.48406982421875,0.7981347441673279
8558,121,0.05908203125,0.1359196901321411,32.781673431396484,0.8037537932395935
8559,121,0.05908203125,0.13045625388622284,31.963804244995117,0.814702570438385
8560,241,0.11767578125,0.14137014746665955,30.73990821838379,0.823509156703949
8561,263,0.12841796875,0.13229283690452576,32.72064208984375,0.8046819567680359
8562,236,0.115234375,0.1257999986410141,30.288455963134766,0.8333919048309326
8563,246,0.1201171875,0.12563370168209076,29.16745376586914,0.8398131132125854
8564,253,0.12353515625,0.1253107637166977,30.0946102142334,0.829592764377594
8565,237,0.11572265625,0.12294787913560867,31.30769157409668,0.8176500797271729
8566,250,0.1220703125,0.1271253526210785,31.187196731567383,0.8195203542709351
8567,224,0.109375,0.12126505374908447,32.395999908447266,0.8083773851394653
8568,248,0.12109375,0.12558631598949432,32.294639587402344,0.8052171468734741
8569,271,0.13232421875,0.13237249851226807,31.990346908569336,0.8106213808059692
8570,268,0.130859375,0.13607735931873322,31.7005672454834,0.8133617043495178
8571,270,0.1318359375,0.13320288062095642,32.37297821044922,0.8051376938819885
8572,286,0.1396484375,0.13261684775352478,33.05744552612305,0.7945156693458557
8573,312,0.15234375,0.15491241216659546,36.417518615722656,0.7513513565063477
8574,310,0.1513671875,0.14739233255386353,34.81435775756836,0.7718411087989807
8575,253,0.12353515625,0.12863107025623322,29.72357177734375,0.8375270962715149
8576,244,0.119140625,0.1341671645641327,30.450469970703125,0.8261784911155701
8577,250,0.1220703125,0.13675107061862946,29.32352066040039,0.8384836912155151
8578,219,0.10693359375,0.1243700161576271,29.04783821105957,0.8422899842262268
8579,209,0.10205078125,0.12362378090620041,30.51140022277832,0.8259906768798828
8580,187,0.09130859375,0.11905362457036972,30.744260787963867,0.8191455006599426
8581,161,0.07861328125,0.11635848879814148,30.608203887939453,0.8243421316146851
8582,141,0.06884765625,0.10356943309307098,27.727060317993164,0.8496195673942566
8583,147,0.07177734375,0.10987924784421921,28.642366409301758,0.8407986164093018
8584,146,0.0712890625,0.11885884404182434,28.687602996826172,0.8378762602806091
8585,154,0.0751953125,0.12044044584035873,29.269689559936523,0.8311290144920349
8586,150,0.0732421875,0.10522888600826263,26.52113151550293,0.8556969165802002
8587,141,0.06884765625,0.10449332743883133,27.480985641479492,0.8507872819900513
8588,139,0.06787109375,0.10816451907157898,27.433427810668945,0.8485269546508789
8589,141,0.06884765625,0.1098821610212326,28.393678665161133,0.8388853073120117
8590,146,0.0712890625,0.12695415318012238,29.118715286254883,0.8283935189247131
8591,151,0.07373046875,0.1248672679066658,29.731748580932617,0.8223202228546143
8592,162,0.0791015625,0.1142105907201767,29.85240936279297,0.82588130235672
8593,161,0.07861328125,0.133905291557312,31.133630752563477,0.8051714897155762
8594,145,0.07080078125,0.126772940158844,30.149150848388672,0.8283389210700989
8595,149,0.07275390625,0.12959404289722443,29.781190872192383,0.8290387988090515
8596,144,0.0703125,0.12357734143733978,29.76859474182129,0.8258823156356812
8597,144,0.0703125,0.13422057032585144,30.94236183166504,0.8158853650093079
8598,147,0.07177734375,0.12687349319458008,30.382606506347656,0.821415901184082
8599,137,0.06689453125,0.13185042142868042,29.641902923583984,0.831480085849762
8600,180,0.087890625,0.341325044631958,50.23180389404297,0.591101884841919
8601,375,0.18310546875,0.2379491627216339,35.73708724975586,0.7556159496307373
8602,552,0.26953125,0.1711338311433792,32.55073547363281,0.7880574464797974
8603,546,0.2666015625,0.18571852147579193,33.138206481933594,0.7910023331642151
8604,522,0.2548828125,0.1968044936656952,33.94697189331055,0.7723637819290161
8605,588,0.287109375,0.17077061533927917,34.30787658691406,0.774621307849884
8606,674,0.3291015625,0.15351761877536774,34.15431213378906,0.7753287553787231
8607,697,0.34033203125,0.15662427246570587,36.100608825683594,0.756445050239563
8608,702,0.3427734375,0.1595807671546936,37.06924057006836,0.7455605864524841
8609,721,0.35205078125,0.1591440737247467,40.43992614746094,0.7115871906280518
8610,703,0.34326171875,0.1478799730539322,37.826114654541016,0.7416639924049377
8611,696,0.33984375,0.15386299788951874,34.99309539794922,0.7676291465759277
8612,642,0.3134765625,0.15543386340141296,34.1881217956543,0.7762126922607422
8613,745,0.36376953125,0.1642892211675644,39.5206413269043,0.7245439291000366
8614,735,0.35888671875,0.16473761200904846,40.53805160522461,0.7126519680023193
8615,718,0.3505859375,0.15724226832389832,39.193763732910156,0.7264101505279541
8616,724,0.353515625,0.16655588150024414,42.618343353271484,0.6873952746391296
8617,711,0.34716796875,0.1810750514268875,46.369773864746094,0.6419069766998291
8618,732,0.357421875,0.17077022790908813,43.61111068725586,0.6778177618980408
8619,588,0.287109375,0.1694350391626358,34.34845733642578,0.7699012756347656
8620,498,0.2431640625,0.1931690126657486,37.44967269897461,0.7329055666923523
8621,531,0.25927734375,0.18593251705169678,35.945213317871094,0.7523146271705627
8622,525,0.25634765625,0.18315726518630981,31.859638214111328,0.7996622920036316
8623,597,0.29150390625,0.17099235951900482,33.21249008178711,0.787868857383728
8624,519,0.25341796875,0.18355070054531097,33.33056640625,0.7818971276283264
8625,581,0.28369140625,0.1738356649875641,34.70109176635742,0.7695853114128113
8626,290,0.1416015625,0.25160136818885803,37.009033203125,0.7390063405036926
8627,354,0.1728515625,0.2233353704214096,33.6910400390625,0.778816282749176
8628,337,0.16455078125,0.23162172734737396,34.59656524658203,0.7688319683074951
8629,274,0.1337890625,0.24655656516551971,39.61078643798828,0.7206812500953674
8630,351,0.17138671875,0.23632046580314636,36.9156379699707,0.7433252334594727
8631,588,0.287109375,0.17307205498218536,33.270179748535156,0.7816810607910156
8632,598,0.2919921875,0.17934131622314453,34.260501861572266,0.7705276012420654
8633,418,0.2041015625,0.2361128181219101,36.08961486816406,0.7547741532325745
8634,419,0.20458984375,0.26400652527809143,37.00562286376953,0.7520323395729065
8635,537,0.26220703125,0.22228148579597473,35.926639556884766,0.7564743757247925
8636,454,0.2216796875,0.253303587436676,39.33007049560547,0.7290802597999573
8637,307,0.14990234375,0.28195005655288696,39.57618713378906,0.7273218631744385
8638,543,0.26513671875,0.22405211627483368,35.966102600097656,0.7593379020690918
8639,586,0.2861328125,0.20565743744373322,36.77880859375,0.7486670017242432
8640,323,0.15771484375,0.14997096359729767,26.2083797454834,0.8500849008560181
8641,311,0.15185546875,0.16410815715789795,28.113203048706055,0.8413489460945129
8642,320,0.15625,0.16368523240089417,27.223007202148438,0.8443191647529602
8643,323,0.15771484375,0.14316906034946442,26.956523895263672,0.8458384275436401
8644,318,0.1552734375,0.16370435059070587,27.113481521606445,0.846172571182251
8645,323,0.15771484375,0.1606408804655075,27.161508560180664,0.8346611261367798
8646,314,0.1533203125,0.1659899652004242,29.004419326782227,0.8207614421844482
8647,322,0.1572265625,0.1430494636297226,25.56869888305664,0.8535787463188171
8648,321,0.15673828125,0.13998353481292725,25.329402923583984,0.8586005568504333
8649,364,0.177734375,0.1508508026599884,28.907146453857422,0.8282718062400818
8650,364,0.177734375,0.16232794523239136,29.09718894958496,0.8304318189620972
8651,390,0.1904296875,0.17191645503044128,30.586994171142578,0.8177385330200195
8652,396,0.193359375,0.17679770290851593,31.71725845336914,0.806509256362915
8653,401,0.19580078125,0.20235572755336761,32.3000602722168,0.8050504922866821
8654,444,0.216796875,0.20308509469032288,32.47393035888672,0.7987971901893616
8655,464,0.2265625,0.2327432632446289,34.844669342041016,0.7714009881019592
8656,492,0.240234375,0.2362319380044937,35.050086975097656,0.766189455986023
8657,461,0.22509765625,0.2299143671989441,33.4254264831543,0.7871620655059814
8658,435,0.21240234375,0.20632271468639374,31.60828399658203,0.8071178197860718
8659,416,0.203125,0.23587526381015778,32.08182144165039,0.7997361421585083
8660,394,0.1923828125,0.2262759804725647,30.260618209838867,0.8238065242767334
8661,403,0.19677734375,0.25287505984306335,32.030357360839844,0.8039654493331909
8662,406,0.1982421875,0.26457956433296204,32.61589813232422,0.7970452308654785
8663,400,0.1953125,0.2479396015405655,31.671255111694336,0.8094743490219116
8664,389,0.18994140625,0.2670951783657074,32.38630676269531,0.801500678062439
8665,367,0.17919921875,0.2441038191318512,32.2490348815918,0.8032130002975464
8666,350,0.1708984375,0.21268129348754883,30.62836265563965,0.8196483254432678
8667,357,0.17431640625,0.23290801048278809,32.3966064453125,0.7983257174491882
8668,350,0.1708984375,0.23011723160743713,31.57884407043457,0.8082990646362305
8669,341,0.16650390625,0.2087150365114212,30.49277114868164,0.8208085894584656
8670,323,0.15771484375,0.18066105246543884,31.637737274169922,0.8085370659828186
8671,309,0.15087890625,0.18059633672237396,33.49085235595703,0.7910310626029968
8672,328,0.16015625,0.17960962653160095,31.944570541381836,0.8034143447875977
8673,342,0.1669921875,0.20356020331382751,31.598787307739258,0.8055034279823303
8674,368,0.1796875,0.20589579641819,30.701553344726562,0.817105770111084
8675,361,0.17626953125,0.20339848101139069,31.139766693115234,0.8130298852920532
8676,360,0.17578125,0.20132459700107574,31.037656784057617,0.8178809285163879
8677,375,0.18310546875,0.2390138953924179,32.81056213378906,0.7958084344863892
8678,391,0.19091796875,0.25233855843544006,33.26484680175781,0.791667103767395
8679,427,0.20849609375,0.2832809090614319,36.76300048828125,0.7510606050491333
8680,221,0.10791015625,0.17978188395500183,36.963523864746094,0.759122908115387
8681,223,0.10888671875,0.17350268363952637,36.874454498291016,0.7596099972724915
8682,207,0.10107421875,0.15222716331481934,35.113990783691406,0.7789284586906433
8683,180,0.087890625,0.14411711692810059,34.938053131103516,0.7825709581375122
8684,183,0.08935546875,0.13805951178073883,33.513160705566406,0.7962257862091064
8685,174,0.0849609375,0.15293709933757782,32.9193000793457,0.8017940521240234
8686,164,0.080078125,0.15613257884979248,31.535215377807617,0.8171507716178894
8687,140,0.068359375,0.15910834074020386,32.532466888427734,0.8074629902839661
8688,149,0.07275390625,0.15286432206630707,34.68324661254883,0.7857518792152405
8689,149,0.07275390625,0.16070981323719025,34.285762786865234,0.7837967872619629
8690,159,0.07763671875,0.1553138941526413,35.25252914428711,0.7723350524902344
8691,192,0.09375,0.1451369971036911,31.279863357543945,0.8176822066307068
8692,182,0.0888671875,0.1488083451986313,32.072818756103516,0.8124897480010986
8693,170,0.0830078125,0.14676758646965027,31.110750198364258,0.8197441697120667
8694,169,0.08251953125,0.16167016327381134,30.748323440551758,0.8275976181030273
8695,184,0.08984375,0.17092621326446533,33.65776062011719,0.7936595678329468
8696,186,0.0908203125,0.16090083122253418,32.351078033447266,0.8068456053733826
8697,186,0.0908203125,0.1521853804588318,30.75240707397461,0.8240020275115967
8698,202,0.0986328125,0.15298619866371155,31.49812889099121,0.8112313151359558
8699,191,0.09326171875,0.14692440629005432,31.834632873535156,0.8078925609588623
8700,190,0.0927734375,0.14067095518112183,30.576339721679688,0.8242127299308777
8701,215,0.10498046875,0.14299076795578003,31.246339797973633,0.812003493309021
8702,217,0.10595703125,0.13217677175998688,30.777515411376953,0.8186997771263123
8703,227,0.11083984375,0.13829153776168823,30.953073501586914,0.8135850429534912
8704,218,0.1064453125,0.12759721279144287,30.05889892578125,0.8226107954978943
8705,263,0.12841796875,0.1446249634027481,32.03434371948242,0.8007007837295532
8706,268,0.130859375,0.14451512694358826,32.307701110839844,0.7958284020423889
8707,246,0.1201171875,0.12936840951442719,31.331575393676758,0.8077799081802368
8708,235,0.11474609375,0.12931488454341888,31.27544593811035,0.8085404634475708
8709,277,0.13525390625,0.17244692146778107,31.463930130004883,0.8052048683166504
8710,261,0.12744140625,0.18259702622890472,32.16756820678711,0.7942783832550049
8711,243,0.11865234375,0.1384117603302002,32.592464447021484,0.792427122592926
8712,294,0.1435546875,0.15922708809375763,31.50994873046875,0.8031098246574402
8713,301,0.14697265625,0.15711352229118347,31.521869659423828,0.8010191321372986
8714,274,0.1337890625,0.15551117062568665,29.863258361816406,0.8222489356994629
8715,312,0.15234375,0.1939244419336319,33.03593063354492,0.7865914702415466
8716,279,0.13623046875,0.15321145951747894,30.095521926879883,0.8209911584854126
8717,244,0.119140625,0.1704639196395874,32.55263137817383,0.7967948913574219
8718,270,0.1318359375,0.20753785967826843,32.00477981567383,0.8047770261764526
8719,295,0.14404296875,0.23631267249584198,31.96705436706543,0.7956917881965637
8720,121,0.05908203125,0.12469760328531265,38.34154510498047,0.7446398735046387
8721,112,0.0546875,0.11606162041425705,38.773529052734375,0.7395822405815125
8722,115,0.05615234375,0.11596886068582535,39.04117202758789,0.7305954694747925
8723,121,0.05908203125,0.11771048605442047,35.051246643066406,0.7821025252342224
8724,143,0.06982421875,0.15788863599300385,39.290977478027344,0.7303277850151062
8725,131,0.06396484375,0.1405748575925827,36.76359176635742,0.758804976940155
8726,120,0.05859375,0.11544779688119888,35.2999382019043,0.7744840979576111
8727,107,0.05224609375,0.10984399914741516,36.377567291259766,0.769682765007019
8728,109,0.05322265625,0.11692909151315689,35.51711654663086,0.7751449942588806
8729,104,0.05078125,0.12290699034929276,36.0886116027832,0.767511248588562
8730,102,0.0498046875,0.12234228104352951,36.73140335083008,0.7633668780326843
8731,106,0.0517578125,0.11854615062475204,37.649658203125,0.7495776414871216
8732,111,0.05419921875,0.1174430176615715,37.78920364379883,0.7531368732452393
8733,114,0.0556640625,0.13607706129550934,39.665061950683594,0.7220214605331421
8734,106,0.0517578125,0.12162544578313828,37.956382751464844,0.7536028027534485
8735,108,0.052734375,0.13764159381389618,37.29808807373047,0.7567753195762634
8736,116,0.056640625,0.13353654742240906,39.01250457763672,0.7361546158790588
8737,114,0.0556640625,0.13149860501289368,38.871299743652344,0.7381464838981628
8738,102,0.0498046875,0.13313128054141998,34.22380828857422,0.7903234958648682
8739,100,0.048828125,0.136957585811615,36.359554290771484,0.7679954767227173
8740,94,0.0458984375,0.15602517127990723,38.967567443847656,0.7416049838066101
8741,101,0.04931640625,0.1453014314174652,37.81221008300781,0.7514610886573792
8742,105,0.05126953125,0.12557844817638397,40.20741653442383,0.7259129285812378
8743,106,0.0517578125,0.11924979835748672,38.48562240600586,0.7494841814041138
8744,101,0.04931640625,0.13276192545890808,39.97275161743164,0.724226713180542
8745,97,0.04736328125,0.12990784645080566,39.89246368408203,0.7344274520874023
8746,97,0.04736328125,0.1332453191280365,39.917320251464844,0.7233414053916931
8747,101,0.04931640625,0.13039135932922363,37.54301834106445,0.7449954152107239
8748,98,0.0478515625,0.13137295842170715,37.659942626953125,0.7500860095024109
8749,94,0.0458984375,0.12985798716545105,38.228397369384766,0.7408649921417236
8750,88,0.04296875,0.14143453538417816,37.064945220947266,0.7599658370018005
8751,88,0.04296875,0.140583336353302,39.23283386230469,0.7338237166404724
8752,85,0.04150390625,0.14166514575481415,36.42156219482422,0.7638756036758423
8753,79,0.03857421875,0.1649816632270813,35.48754119873047,0.7720456719398499
8754,75,0.03662109375,0.15579549968242645,37.67674255371094,0.7520526647567749
8755,69,0.03369140625,0.1738743633031845,35.92555236816406,0.7724242210388184
8756,70,0.0341796875,0.16849921643733978,37.24969482421875,0.7578368186950684
8757,73,0.03564453125,0.16547749936580658,37.38605499267578,0.7537490725517273
8758,79,0.03857421875,0.1547699272632599,32.9783935546875,0.8090159893035889
8759,81,0.03955078125,0.15709680318832397,34.63117599487305,0.7854146361351013
8760,524,0.255859375,0.14340533316135406,36.76118087768555,0.7546758055686951
8761,536,0.26171875,0.13237929344177246,35.96439743041992,0.7583866119384766
8762,541,0.26416015625,0.12891696393489838,35.971126556396484,0.7574889659881592
8763,499,0.24365234375,0.13598410785198212,38.15528106689453,0.7328423261642456
8764,540,0.263671875,0.13046881556510925,39.357967376708984,0.7197176218032837
8765,563,0.27490234375,0.13404598832130432,38.83903884887695,0.7299658060073853
8766,525,0.25634765625,0.1368597149848938,39.807533264160156,0.7185548543930054
8767,570,0.2783203125,0.12507124245166779,38.38423538208008,0.730959951877594
8768,583,0.28466796875,0.11704378575086594,39.9897575378418,0.713961124420166
8769,601,0.29345703125,0.11988352984189987,39.88267135620117,0.7147698402404785
8770,934,0.4560546875,0.12235192209482193,44.87128448486328,0.6502947211265564
8771,1128,0.55078125,0.1281135082244873,46.669715881347656,0.6235097646713257
8772,1324,0.646484375,0.12188993394374847,49.35834884643555,0.6064950823783875
8773,546,0.2666015625,0.19416658580303192,49.21824264526367,0.6129619479179382
8774,548,0.267578125,0.20024175941944122,48.93573760986328,0.6111766695976257
8775,541,0.26416015625,0.19025978446006775,49.76322937011719,0.6060695052146912
8776,506,0.2470703125,0.18260324001312256,45.539859771728516,0.6528425812721252
8777,510,0.2490234375,0.20551075041294098,45.55219650268555,0.6532831192016602
8778,1114,0.5439453125,0.1373913586139679,47.416954040527344,0.6180107593536377
8779,1082,0.5283203125,0.14560489356517792,48.309776306152344,0.6079263091087341
8780,923,0.45068359375,0.17447546124458313,47.01728057861328,0.6235319375991821
8781,948,0.462890625,0.16316825151443481,46.95497131347656,0.6214993596076965
8782,925,0.45166015625,0.15857400000095367,46.26325988769531,0.6334559917449951
8783,947,0.46240234375,0.166517436504364,47.00954818725586,0.6242401003837585
8784,1012,0.494140625,0.15235543251037598,47.309165954589844,0.6166182160377502
8785,1160,0.56640625,0.12287438660860062,50.83049392700195,0.5816674828529358
8786,1408,0.6875,0.12361937016248703,49.08614730834961,0.6043181419372559
8787,1379,0.67333984375,0.12949435412883759,47.80084228515625,0.6256851553916931
8788,1307,0.63818359375,0.12753826379776,46.74456787109375,0.6398423314094543
8789,1238,0.6044921875,0.12129941582679749,47.56377410888672,0.6283307075500488
8790,1425,0.69580078125,0.12152237445116043,48.41981506347656,0.6138618588447571
8791,620,0.302734375,0.20359432697296143,51.88349151611328,0.5767672657966614
8792,1190,0.5810546875,0.15234026312828064,46.40068054199219,0.6283795237541199
8793,1079,0.52685546875,0.15247127413749695,47.11715316772461,0.6191734075546265
8794,423,0.20654296875,0.20400938391685486,44.2867546081543,0.6529093980789185
8795,385,0.18798828125,0.2089865654706955,46.010223388671875,0.6360887289047241
8796,544,0.265625,0.17048873007297516,48.19990539550781,0.6172683238983154
8797,573,0.27978515625,0.19214320182800293,47.075653076171875,0.6215882301330566
8798,381,0.18603515625,0.3008868992328644,44.49067687988281,0.6587713956832886
8799,371,0.18115234375,0.26918044686317444,44.93553161621094,0.6476343274116516
