ray_idx,hit_count,hit_ratio,rmse_hit,angle_mean_deg_hit,cos_mean_hit
0,4933,0.5605681538581848,0.12408120185136795,31.957242965698242,0.7993834018707275
1,4986,0.5665909051895142,0.12286309897899628,32.965911865234375,0.7901551127433777
2,4896,0.5563636422157288,0.11825253069400787,32.19785690307617,0.8004021644592285
3,4996,0.567727267742157,0.12994933128356934,31.472763061523438,0.8054046630859375
4,4918,0.558863639831543,0.12365949898958206,30.841796875,0.8127223253250122
5,4767,0.541704535484314,0.14028334617614746,33.10262680053711,0.788099467754364
6,5119,0.5817045569419861,0.12066803872585297,31.308513641357422,0.8072266578674316
7,4769,0.5419318079948425,0.12353722006082535,32.19282150268555,0.7979475259780884
8,4983,0.5662500262260437,0.1344851702451706,32.30583190917969,0.794494092464447
9,5091,0.5785227417945862,0.13336700201034546,31.818782806396484,0.799258291721344
10,4583,0.520795464515686,0.11385896056890488,31.824766159057617,0.8010909557342529
11,5292,0.6013636589050293,0.16033108532428741,34.048187255859375,0.7790297865867615
12,4762,0.5411363840103149,0.12961290776729584,32.55764389038086,0.7926374673843384
13,4757,0.5405681729316711,0.1176108866930008,32.44252395629883,0.7945944666862488
14,5388,0.6122727394104004,0.14174911379814148,32.380672454833984,0.795411229133606
15,4509,0.5123863816261292,0.13013620674610138,30.729551315307617,0.8138656616210938
16,5241,0.5955681800842285,0.1635298728942871,33.453678131103516,0.7852991819381714
17,4883,0.5548863410949707,0.1366530954837799,30.61979103088379,0.814053475856781
18,4436,0.5040909051895142,0.11392461508512497,30.81112289428711,0.8100601434707642
19,5492,0.6240909099578857,0.1387375146150589,32.23080825805664,0.7958592176437378
20,4475,0.5085227489471436,0.12081094831228256,31.27100944519043,0.8061460852622986
21,4882,0.5547727346420288,0.12543204426765442,33.84308624267578,0.7804408073425293
22,5272,0.5990909337997437,0.14528445899486542,31.571624755859375,0.8071755766868591
23,4347,0.49397727847099304,0.11933108419179916,31.013174057006836,0.8111228346824646
24,5524,0.6277272701263428,0.1616612672805786,33.6230354309082,0.7845292091369629
25,4525,0.5142045617103577,0.13073097169399261,31.597679138183594,0.7980583310127258
26,4533,0.5151136517524719,0.10885217040777206,32.65825271606445,0.792809247970581
27,5634,0.6402272582054138,0.20043610036373138,34.57870864868164,0.7745190262794495
28,4204,0.4777272641658783,0.1437109112739563,30.88966941833496,0.8105611801147461
29,5082,0.5774999856948853,0.12897655367851257,33.72473907470703,0.7844690680503845
30,4773,0.5423863530158997,0.1387830674648285,29.921268463134766,0.8161599636077881
31,4279,0.48625001311302185,0.11895183473825455,31.51376724243164,0.8066226243972778
32,5548,0.6304545402526855,0.15055470168590546,32.8419303894043,0.7932109832763672
33,4292,0.4877272844314575,0.1380917876958847,30.382570266723633,0.8146765828132629
34,4551,0.517159104347229,0.11320305615663528,34.37835693359375,0.7740188837051392
35,5414,0.6152272820472717,0.14453501999378204,32.51481628417969,0.7958687543869019
36,4073,0.4628409147262573,0.11886581033468246,31.19394302368164,0.8074108958244324
37,5262,0.5979545712471008,0.14125797152519226,32.104331970214844,0.8005654811859131
38,4343,0.4935227334499359,0.13653384149074554,32.16239929199219,0.7964627146720886
39,4286,0.4870454668998718,0.11148843914270401,30.781814575195312,0.8129749298095703
40,5612,0.6377272605895996,0.15024711191654205,33.75883483886719,0.7806998491287231
41,4093,0.46511363983154297,0.12092221528291702,29.9875545501709,0.8185895681381226
42,4613,0.5242045521736145,0.13560476899147034,34.800537109375,0.7711158990859985
43,4862,0.5525000095367432,0.14412915706634521,31.153656005859375,0.8104529976844788
44,4045,0.4596590995788574,0.12070294469594955,32.69417953491211,0.7908952236175537
45,5368,0.6100000143051147,0.16316188871860504,32.3660774230957,0.796209454536438
46,4157,0.47238636016845703,0.1289532482624054,29.827760696411133,0.8246028423309326
47,4232,0.4809090793132782,0.10783178359270096,31.329395294189453,0.8079537749290466
48,5367,0.6098863482475281,0.15919747948646545,34.1432991027832,0.777117133140564
49,3874,0.4402272701263428,0.11049065738916397,30.87666130065918,0.8134058713912964
50,4869,0.5532954335212708,0.17146867513656616,35.19337463378906,0.7681921720504761
51,4229,0.48056817054748535,0.16206063330173492,30.042858123779297,0.819570004940033
52,4118,0.46795454621315,0.1125442162156105,30.75152015686035,0.8126240372657776
53,5496,0.6245454549789429,0.1449301540851593,33.187137603759766,0.7897136211395264
54,4024,0.4572727382183075,0.11163309961557388,28.884981155395508,0.833294153213501
55,4264,0.4845454692840576,0.11559921503067017,32.07797622680664,0.8001174926757812
56,4969,0.5646591186523438,0.1453445851802826,32.78505325317383,0.7919137477874756
57,3827,0.4348863661289215,0.10855313390493393,31.152841567993164,0.8054060935974121
58,5129,0.5828409194946289,0.17629428207874298,32.34306335449219,0.7987176775932312
59,3981,0.45238634943962097,0.14470046758651733,28.972389221191406,0.8341323137283325
60,4046,0.4597727358341217,0.10731489211320877,30.116762161254883,0.8195136785507202
61,5304,0.6027272939682007,0.14138232171535492,34.78388595581055,0.7688004374504089
62,3819,0.43397727608680725,0.12278515845537186,31.916349411010742,0.7960323095321655
63,4385,0.49829545617103577,0.13475991785526276,33.85071563720703,0.7830031514167786
64,4355,0.4948863685131073,0.14908723533153534,31.966171264648438,0.8001237511634827
65,3894,0.4424999952316284,0.10976704955101013,30.133270263671875,0.8188664317131042
66,5256,0.5972727537155151,0.14249271154403687,32.66353225708008,0.7926072478294373
67,3852,0.43772727251052856,0.11000755429267883,28.871601104736328,0.8356425166130066
68,4028,0.4577272832393646,0.14598514139652252,31.92123031616211,0.8011550903320312
69,5063,0.5753409266471863,0.1441381275653839,34.49910354614258,0.7755460739135742
70,3632,0.4127272665500641,0.12282582372426987,33.2440185546875,0.7864866256713867
71,4727,0.5371590852737427,0.13784755766391754,31.53260612487793,0.8070448040962219
72,3869,0.43965908885002136,0.13585221767425537,30.735599517822266,0.8143142461776733
73,3953,0.44920453429222107,0.10164835304021835,29.70348358154297,0.8224822878837585
74,5292,0.6013636589050293,0.15632081031799316,34.97325134277344,0.7692100405693054
75,3887,0.44170454144477844,0.12599849700927734,30.815004348754883,0.8118405342102051
76,4046,0.4597727358341217,0.12637412548065186,31.296377182006836,0.8087852001190186
77,4436,0.5040909051895142,0.1498909890651703,33.6206169128418,0.7848525047302246
78,3706,0.42113634943962097,0.10911482572555542,30.994827270507812,0.8081854581832886
79,5045,0.5732954740524292,0.1433665156364441,32.787471771240234,0.7944566607475281
80,3685,0.41874998807907104,0.12722085416316986,28.469207763671875,0.8380162119865417
81,3881,0.44102272391319275,0.10331954807043076,30.023412704467773,0.8174060583114624
82,5016,0.5699999928474426,0.12720943987369537,33.02973175048828,0.7889800667762756
83,3613,0.4105681777000427,0.11641107499599457,30.860401153564453,0.8139789700508118
84,4296,0.48818182945251465,0.14495155215263367,32.59262466430664,0.7959140539169312
85,3820,0.43409091234207153,0.14093604683876038,30.771650314331055,0.8146286606788635
86,3770,0.4284090995788574,0.11382091790437698,30.220552444458008,0.820452094078064
87,5098,0.5793181657791138,0.1620745211839676,32.373809814453125,0.7979390025138855
88,3661,0.41602271795272827,0.10429217666387558,29.725828170776367,0.8277592062950134
89,3841,0.43647727370262146,0.11328943073749542,30.002660751342773,0.8200704455375671
90,4606,0.5234090685844421,0.1475665271282196,34.54086685180664,0.773556113243103
91,3457,0.3928409218788147,0.11144831776618958,31.006427764892578,0.8089715838432312
92,4651,0.5285227298736572,0.1302018165588379,33.431800842285156,0.7851740717887878
93,3540,0.4022727310657501,0.12747502326965332,29.1962833404541,0.8318418860435486
94,3765,0.427840918302536,0.12656724452972412,29.205821990966797,0.8262457847595215
95,4912,0.5581818222999573,0.14880183339118958,33.94196701049805,0.7800297141075134
96,3619,0.4112499952316284,0.11114539951086044,29.076753616333008,0.8295933604240417
97,3928,0.446363627910614,0.13069964945316315,32.947086334228516,0.7930639982223511
98,3972,0.45136362314224243,0.13383954763412476,31.758821487426758,0.8035138845443726
99,3623,0.41170454025268555,0.11674407124519348,31.21014976501465,0.8084932565689087
100,4961,0.5637500286102295,0.1322285532951355,32.79735565185547,0.7931603789329529
101,3428,0.3895454406738281,0.11203574389219284,28.27790069580078,0.8383755683898926
102,3686,0.4188636243343353,0.11264144629240036,28.77773666381836,0.8305181264877319
103,4725,0.5369318127632141,0.13787326216697693,33.339256286621094,0.7899686098098755
104,3444,0.39136365056037903,0.12497388571500778,30.794368743896484,0.8100897669792175
105,4240,0.48181816935539246,0.17939123511314392,34.323246002197266,0.7763952612876892
106,3411,0.3876136243343353,0.12753814458847046,29.70471954345703,0.8234331607818604
107,3663,0.41624999046325684,0.1086365282535553,28.8195743560791,0.831468939781189
108,4904,0.557272732257843,0.14795398712158203,34.07415008544922,0.7762008309364319
109,3472,0.39454546570777893,0.16020813584327698,29.523746490478516,0.8303104639053345
110,3619,0.4112499952316284,0.11877569556236267,30.606197357177734,0.8163692951202393
111,4116,0.46772727370262146,0.13127745687961578,32.740577697753906,0.7923104763031006
112,3429,0.3896590769290924,0.12695321440696716,31.649993896484375,0.804267942905426
113,4642,0.5274999737739563,0.1336805522441864,31.408903121948242,0.8079244494438171
114,3202,0.36386364698410034,0.11837735027074814,27.566606521606445,0.8449592590332031
115,3602,0.4093181788921356,0.12143585085868835,28.229650497436523,0.8378209471702576
116,4773,0.5423863530158997,0.14596162736415863,35.24128341674805,0.7672866582870483
117,3508,0.3986363708972931,0.11671604216098785,28.893770217895508,0.8324500322341919
118,3888,0.4418181777000427,0.13472957909107208,34.430908203125,0.7777662873268127
119,3466,0.39386364817619324,0.11996981501579285,31.360200881958008,0.8128315806388855
120,3539,0.40215909481048584,0.1095758005976677,30.023025512695312,0.8218312859535217
121,4920,0.5590909123420715,0.12525182962417603,32.17988586425781,0.7992230653762817
122,3223,0.36625000834465027,0.10910744220018387,27.63680076599121,0.8478478789329529
123,3449,0.39193183183670044,0.10377172380685806,28.002260208129883,0.8399869203567505
124,4365,0.4960227310657501,0.14954565465450287,34.83659744262695,0.773159384727478
125,3247,0.36897727847099304,0.11360322684049606,31.855173110961914,0.8038777112960815
126,4225,0.4801136255264282,0.13150131702423096,30.81118392944336,0.8176140785217285
127,3073,0.34920454025268555,0.13661247491836548,27.9721622467041,0.8409245610237122
128,3558,0.4043181836605072,0.10302203893661499,29.598567962646484,0.823430597782135
129,4673,0.5310227274894714,0.12379104644060135,34.7981071472168,0.769218921661377
130,3311,0.3762499988079071,0.11656755208969116,29.434663772583008,0.8304510712623596
131,3451,0.392159104347229,0.1484185755252838,32.03326416015625,0.8027554154396057
132,3661,0.41602271795272827,0.12915754318237305,32.49167251586914,0.7967564463615417
133,3352,0.3809090852737427,0.12079434841871262,32.567195892333984,0.7931703329086304
134,4648,0.528181791305542,0.138602152466774,32.7078971862793,0.7968928813934326
135,2919,0.3317045569419861,0.12162142992019653,27.002721786499023,0.8543820977210999
136,3425,0.3892045319080353,0.11101426184177399,26.930309295654297,0.8505491614341736
137,4463,0.5071591138839722,0.15538854897022247,33.138450622558594,0.7927647829055786
138,3381,0.38420453667640686,0.16404373943805695,32.90837860107422,0.7914116382598877
139,3856,0.4381818175315857,0.13492627441883087,31.809051513671875,0.8072385787963867
140,3009,0.3419318199157715,0.11261967569589615,32.4290771484375,0.7976945638656616
141,3469,0.3942045569419861,0.11193878948688507,30.294954299926758,0.8166946768760681
142,4715,0.5357954502105713,0.13445641100406647,32.39826202392578,0.8012129664421082
143,3112,0.35363635420799255,0.0972958505153656,28.810688018798828,0.8357383012771606
144,3158,0.35886362195014954,0.11013998091220856,29.66215705871582,0.822533369064331
145,3909,0.44420453906059265,0.12756580114364624,32.84931182861328,0.7917355895042419
146,3162,0.35931816697120667,0.13145272433757782,32.93350601196289,0.7889715433120728
147,4265,0.4846591055393219,0.13403454422950745,31.955129623413086,0.8042309880256653
148,2824,0.3209090828895569,0.1237180233001709,29.375112533569336,0.8257849812507629
149,3392,0.38545453548431396,0.11478069424629211,30.129919052124023,0.8183364272117615
150,4467,0.5076136589050293,0.13039803504943848,34.65309524536133,0.7736459970474243
151,3262,0.3706818222999573,0.10525847226381302,29.475488662719727,0.8280271887779236
152,3482,0.39568182826042175,0.12916697561740875,31.843849182128906,0.8042538166046143
153,3195,0.36306819319725037,0.117768794298172,30.488162994384766,0.8192806839942932
154,3369,0.3828409016132355,0.1521526575088501,31.465030670166016,0.8078022599220276
155,4723,0.5367045402526855,0.12230363488197327,33.72441482543945,0.7854843139648438
156,2786,0.31659090518951416,0.09826569259166718,28.98655891418457,0.833743155002594
157,3119,0.35443180799484253,0.10312496870756149,28.864343643188477,0.8291364908218384
158,4058,0.4611363708972931,0.1370033174753189,31.83819007873535,0.802750289440155
159,3181,0.3614772856235504,0.12264034897089005,30.044921875,0.8204819560050964
160,3892,0.44227272272109985,0.12231725454330444,32.10812759399414,0.8008556365966797
161,2731,0.31034091114997864,0.14161530137062073,28.904136657714844,0.8314712643623352
162,3331,0.37852272391319275,0.12677603960037231,29.262680053710938,0.8270660042762756
163,4544,0.5163636207580566,0.13070130348205566,33.702537536621094,0.7840445637702942
164,3004,0.3413636386394501,0.1521618515253067,29.125619888305664,0.8302925825119019
165,3000,0.34090909361839294,0.11871654540300369,29.806432723999023,0.8245040774345398
166,3473,0.3946591019630432,0.12913905084133148,32.97700881958008,0.7915902137756348
167,3074,0.34931817650794983,0.12777608633041382,32.3665771484375,0.798043429851532
168,4359,0.49534091353416443,0.12571826577186584,30.631824493408203,0.8199822902679443
169,2653,0.3014772832393646,0.11197880655527115,28.50529670715332,0.8346969485282898
170,3173,0.36056819558143616,0.10486795753240585,29.546899795532227,0.8227157592773438
171,4191,0.4762499928474426,0.13457436859607697,32.43955612182617,0.7989875674247742
172,3198,0.3634091019630432,0.1286652535200119,30.546710968017578,0.8200134634971619
173,3532,0.40136364102363586,0.1364026665687561,32.15193557739258,0.7994962334632874
174,2759,0.31352272629737854,0.11336027830839157,31.64666748046875,0.802548885345459
175,3235,0.36761364340782166,0.12024792283773422,31.062744140625,0.8085801601409912
176,4579,0.5203409194946289,0.12926240265369415,32.32017517089844,0.7984554767608643
177,2671,0.3035227358341217,0.09836270660161972,28.561174392700195,0.8400558829307556
178,2840,0.3227272629737854,0.11771359294652939,30.55887222290039,0.8187232613563538
179,3616,0.41090908646583557,0.1361427754163742,30.82633399963379,0.8125912547111511
180,3026,0.3438636362552643,0.12799203395843506,32.645599365234375,0.7923659682273865
181,3854,0.43795454502105713,0.14420613646507263,30.49972915649414,0.8191750645637512
182,2550,0.28977271914482117,0.11810394376516342,27.515398025512695,0.8469088077545166
183,3183,0.361704558134079,0.11716348677873611,28.787656784057617,0.8338147401809692
184,4145,0.47102272510528564,0.11515907198190689,34.41054153442383,0.777246356010437
185,2903,0.32988637685775757,0.10367079079151154,28.195281982421875,0.8414186239242554
186,3027,0.34397727251052856,0.13626177608966827,31.828044891357422,0.8024652600288391
187,3030,0.3443181812763214,0.12776337563991547,31.1777286529541,0.8107202053070068
188,3184,0.36181819438934326,0.1285434514284134,33.94414520263672,0.7791038751602173
189,4383,0.4980681836605072,0.15171411633491516,35.73667907714844,0.7645483613014221
190,2507,0.28488636016845703,0.10106450319290161,29.157215118408203,0.8303738832473755
191,2934,0.3334091007709503,0.10496998578310013,27.26103401184082,0.8501054048538208
192,3886,0.44159090518951416,0.13885873556137085,32.01992416381836,0.7989047169685364
193,3121,0.3546590805053711,0.12465238571166992,31.841970443725586,0.802836537361145
194,3505,0.39829546213150024,0.15327683091163635,30.914762496948242,0.8124343752861023
195,2481,0.2819318175315857,0.13463565707206726,32.67702102661133,0.7934911251068115
196,3091,0.3512499928474426,0.13184568285942078,29.586864471435547,0.8221473693847656
197,4250,0.4829545319080353,0.140106201171875,33.47696304321289,0.7870412468910217
198,2664,0.30272728204727173,0.11210253089666367,30.241498947143555,0.8199712038040161
199,2673,0.30375000834465027,0.15026262402534485,29.17677879333496,0.8272719383239746
200,3241,0.36829546093940735,0.12266675382852554,32.1983642578125,0.8003457188606262
201,2969,0.3373863697052002,0.12000347673892975,32.03913497924805,0.7999313473701477
202,4006,0.4552272856235504,0.17728953063488007,33.270938873291016,0.7913893461227417
203,2410,0.27386364340782166,0.10521189123392105,28.67024040222168,0.8367061614990234
204,2953,0.3355681896209717,0.12022504955530167,28.962860107421875,0.8341293931007385
205,3840,0.4363636374473572,0.12486999481916428,32.71269989013672,0.7935750484466553
206,2951,0.3353409171104431,0.11982615292072296,29.618921279907227,0.8281490206718445
207,3102,0.35249999165534973,0.13382267951965332,31.604724884033203,0.802268922328949
208,2604,0.2959090769290924,0.1281031370162964,30.40507698059082,0.8189722299575806
209,3091,0.3512499928474426,0.11282562464475632,30.808176040649414,0.8111240267753601
210,4185,0.47556817531585693,0.27674761414527893,34.55751419067383,0.7759149074554443
211,2384,0.2709091007709503,0.09753934293985367,29.455720901489258,0.8297564387321472
212,2675,0.30397728085517883,0.1175820529460907,28.86402130126953,0.8340010046958923
213,3483,0.39579546451568604,0.11961256712675095,32.093414306640625,0.803767204284668
214,2963,0.3367045521736145,0.1192280575633049,30.44366455078125,0.8167151808738708
215,3431,0.38988634943962097,0.15569603443145752,29.889240264892578,0.8251179456710815
216,2293,0.26056817173957825,0.11122310161590576,28.016796112060547,0.8440394997596741
217,3010,0.34204545617103577,0.11008259654045105,29.05550193786621,0.8291200399398804
218,3943,0.44806817173957825,0.2084943801164627,33.55418014526367,0.7886322140693665
219,2682,0.3047727346420288,0.10398173332214355,28.705533981323242,0.8378518223762512
220,2687,0.3053409159183502,0.1445155143737793,31.30562400817871,0.8096385598182678
221,2910,0.33068183064460754,0.1438664048910141,31.996902465820312,0.8052735924720764
222,2959,0.3362500071525574,0.12505784630775452,31.292085647583008,0.8079920411109924
223,3979,0.4521590769290924,0.12874092161655426,31.000295639038086,0.8156350255012512
224,2309,0.26238635182380676,0.10973255336284637,28.130990982055664,0.8391011953353882
225,2772,0.3149999976158142,0.11902418732643127,29.2061767578125,0.831150233745575
226,3656,0.41545453667640686,0.12592777609825134,31.22262191772461,0.8111067414283752
227,2991,0.3398863673210144,0.11294913291931152,31.344186782836914,0.8091176152229309
228,3101,0.35238635540008545,0.13093015551567078,28.954904556274414,0.8306765556335449
229,2309,0.26238635182380676,0.12749437987804413,30.658851623535156,0.815589427947998
230,2939,0.33397728204727173,0.11876438558101654,28.456972122192383,0.8356809616088867
231,3910,0.44431817531585693,0.1188155934214592,31.138811111450195,0.8095657825469971
232,2352,0.2672727406024933,0.10339666157960892,29.669384002685547,0.8256864547729492
233,2500,0.28409090638160706,0.14614254236221313,30.401002883911133,0.8151363730430603
234,3037,0.3451136350631714,0.12305902689695358,30.53447151184082,0.8145455718040466
235,2916,0.33136364817619324,0.13755010068416595,31.82582664489746,0.8044816851615906
236,3574,0.4061363637447357,0.14636977016925812,30.196500778198242,0.8209643363952637
237,2195,0.2494318187236786,0.1081356629729271,30.18486976623535,0.8280836343765259
238,2778,0.3156818151473999,0.11004508286714554,28.701656341552734,0.8363981246948242
239,3560,0.40454545617103577,0.13336807489395142,32.18095779418945,0.8017563223838806
240,2717,0.3087500035762787,0.09900104254484177,29.125164031982422,0.830316960811615
241,2734,0.3106818199157715,0.11732099205255508,31.153043746948242,0.808463990688324
242,2512,0.28545454144477844,0.10888555645942688,30.670400619506836,0.8167024850845337
243,3023,0.34352272748947144,0.1105344295501709,31.12636375427246,0.8072440028190613
244,3872,0.4399999976158142,0.12921878695487976,32.0041389465332,0.8024481534957886
245,2223,0.2526136338710785,0.11799108237028122,30.137659072875977,0.8182260394096375
246,2532,0.2877272665500641,0.12212179601192474,29.499874114990234,0.8282684087753296
247,3364,0.38227272033691406,0.12846122682094574,30.489530563354492,0.8177914023399353
248,2877,0.32693180441856384,0.14556631445884705,31.96013069152832,0.8049156665802002
249,3083,0.35034090280532837,0.13008439540863037,31.09357261657715,0.8071407079696655
250,2133,0.2423863708972931,0.12775705754756927,28.753948211669922,0.8388209939002991
251,2870,0.32613635063171387,0.11376103013753891,27.695846557617188,0.8434988260269165
252,3739,0.4248863756656647,0.1184040904045105,31.352670669555664,0.8115662336349487
253,2395,0.2721590995788574,0.09859670698642731,29.696617126464844,0.8270221948623657
254,2449,0.27829545736312866,0.14073427021503448,30.535140991210938,0.8158288598060608
255,2683,0.3048863708972931,0.11105456203222275,31.142820358276367,0.8089196681976318
256,2875,0.3267045319080353,0.11374052613973618,31.713594436645508,0.8054187893867493
257,3605,0.40965908765792847,0.14253616333007812,28.918407440185547,0.8313699960708618
258,2142,0.24340909719467163,0.11133110523223877,30.60345458984375,0.8154451847076416
259,2615,0.2971591055393219,0.1543760746717453,28.873371124267578,0.8339939117431641
260,3365,0.38238635659217834,0.12996196746826172,32.994117736816406,0.7913007736206055
261,2764,0.31409090757369995,0.11569291353225708,30.82257080078125,0.815615713596344
262,2769,0.31465908885002136,0.13289231061935425,30.17356300354004,0.8186565041542053
263,2190,0.24886363744735718,0.12656526267528534,32.22367858886719,0.8042139410972595
264,2862,0.3252272605895996,0.10981446504592896,28.382179260253906,0.8380687236785889
265,3620,0.4113636314868927,0.12075362354516983,31.5662784576416,0.805533230304718
266,2159,0.24534091353416443,0.10269273072481155,29.77977752685547,0.8284865021705627
267,2363,0.2685227394104004,0.15298250317573547,31.03257179260254,0.8165076971054077
268,2948,0.33500000834465027,0.11890842020511627,30.347139358520508,0.8192574977874756
269,2840,0.3227272629737854,0.12291525304317474,30.68264389038086,0.8130971193313599
270,3153,0.3582954406738281,0.13335292041301727,30.182327270507812,0.8185796737670898
271,2026,0.2302272766828537,0.09789436310529709,31.629924774169922,0.8052644729614258
272,2659,0.3021591007709503,0.10181467980146408,29.011917114257812,0.8296010494232178
273,3420,0.38863635063171387,0.130454882979393,32.963863372802734,0.7884766459465027
274,2536,0.2881818115711212,0.09998591244220734,29.877233505249023,0.825019121170044
275,2475,0.28125,0.14498403668403625,32.884613037109375,0.7931433320045471
276,2365,0.26875001192092896,0.15277470648288727,33.4630126953125,0.7893757820129395
277,2915,0.33125001192092896,0.1223217248916626,31.188020706176758,0.8092647194862366
278,3649,0.4146590828895569,0.11793407052755356,32.44069290161133,0.7948811054229736
279,2083,0.23670454323291779,0.13487017154693604,30.117435455322266,0.817815363407135
280,2402,0.2729545533657074,0.13146059215068817,27.893367767333984,0.8437971472740173
281,3152,0.35818180441856384,0.13063178956508636,33.66190719604492,0.7849920988082886
282,2793,0.31738635897636414,0.15243446826934814,31.320138931274414,0.8130452632904053
283,2778,0.3156818151473999,0.12523525953292847,31.3843936920166,0.8060552477836609
284,1955,0.22215908765792847,0.11195816099643707,30.84512710571289,0.8183453679084778
285,2753,0.31284090876579285,0.10961756855249405,29.765390396118164,0.8185727596282959
286,3445,0.3914772868156433,0.11822506040334702,31.675827026367188,0.8014109134674072
287,2158,0.24522727727890015,0.12736979126930237,31.570558547973633,0.7999786138534546
288,2309,0.26238635182380676,0.12728753685951233,32.721710205078125,0.795529305934906
289,2540,0.28863635659217834,0.12423080950975418,32.48664474487305,0.795461118221283
290,2767,0.3144318163394928,0.1344711035490036,32.45615768432617,0.7968007922172546
291,3289,0.3737500011920929,0.1262105107307434,29.2576961517334,0.8295403122901917
292,1966,0.22340908646583557,0.13198205828666687,32.59981918334961,0.7939153909683228
293,2459,0.2794318199157715,0.11178141832351685,27.929363250732422,0.841088056564331
294,3121,0.3546590805053711,0.11688533425331116,32.992313385009766,0.7910045981407166
295,2571,0.2921590805053711,0.17572221159934998,29.48779296875,0.8290509581565857
296,2519,0.2862499952316284,0.148090660572052,32.61322021484375,0.7892115712165833
297,2051,0.23306818306446075,0.15182587504386902,33.82805633544922,0.7839124798774719
298,2833,0.3219318091869354,0.13163430988788605,28.8898868560791,0.828533411026001
299,3428,0.3895454406738281,0.10990536957979202,30.88249397277832,0.8128666281700134
300,2012,0.22863636910915375,0.11568532884120941,30.712820053100586,0.8170382976531982
301,2241,0.25465908646583557,0.10737334936857224,31.314971923828125,0.8032192587852478
302,2804,0.31863635778427124,0.13252007961273193,30.30462074279785,0.8217247724533081
303,2702,0.30704545974731445,0.1318589299917221,32.952144622802734,0.7893602848052979
304,2844,0.32318180799484253,0.11252397298812866,32.41648483276367,0.7920640110969543
305,1858,0.2111363708972931,0.11562620103359222,30.548051834106445,0.8149722814559937
306,2525,0.2869318127632141,0.10683877021074295,30.42024803161621,0.8139292597770691
307,3201,0.36375001072883606,0.11382351070642471,30.249475479125977,0.8209196329116821
308,2269,0.2578409016132355,0.1101473867893219,31.123443603515625,0.8068637847900391
309,2224,0.2527272701263428,0.10709865391254425,31.597368240356445,0.8075828552246094
310,2207,0.25079545378685,0.1173211857676506,34.6901741027832,0.7770323753356934
311,2808,0.31909090280532837,0.12651821970939636,33.024654388427734,0.7902806997299194
312,3319,0.37715908885002136,0.1299804449081421,31.816308975219727,0.8019883632659912
313,1907,0.21670454740524292,0.13949403166770935,31.352012634277344,0.8069247007369995
314,2278,0.258863627910614,0.1082870364189148,29.212257385253906,0.827224612236023
315,2908,0.330454558134079,0.11913163959980011,32.8394889831543,0.7896090745925903
316,2572,0.2922727167606354,0.11824898421764374,31.371858596801758,0.8120323419570923
317,2538,0.2884090840816498,0.12644578516483307,31.69940948486328,0.801960825920105
318,1836,0.2086363583803177,0.13617898523807526,33.4389533996582,0.7870170474052429
319,2685,0.30511364340782166,0.12270383536815643,29.7794132232666,0.8188042044639587
320,3225,0.36647728085517883,0.10319281369447708,29.229291915893555,0.8297495245933533
321,1974,0.22431817650794983,0.11102306842803955,35.079429626464844,0.7670292854309082
322,2143,0.2435227334499359,0.12447721511125565,31.82756805419922,0.804699182510376
323,2396,0.2722727358341217,0.12787938117980957,32.83760452270508,0.7913191318511963
324,2658,0.30204546451568604,0.1345653533935547,32.049198150634766,0.7984296679496765
325,2911,0.3307954668998718,0.11099351942539215,29.376218795776367,0.8270781636238098
326,1758,0.19977273046970367,0.12576879560947418,31.55791473388672,0.8089280128479004
327,2331,0.26488634943962097,0.11822035163640976,29.118940353393555,0.8284527063369751
328,2911,0.3307954668998718,0.11899951845407486,33.503395080566406,0.7834999561309814
329,2402,0.2729545533657074,0.12944984436035156,30.882604598999023,0.8103824257850647
330,2256,0.2563636302947998,0.12077571451663971,32.34342575073242,0.7978294491767883
331,1938,0.22022727131843567,0.1503855288028717,33.15311813354492,0.7936055660247803
332,2811,0.3194318115711212,0.14978228509426117,32.41973876953125,0.7908398509025574
333,3194,0.3629545569419861,0.14857712388038635,32.6348762512207,0.790590763092041
334,1873,0.21284091472625732,0.12506349384784698,31.451433181762695,0.8095993399620056
335,2126,0.24159090220928192,0.10399871319532394,30.49380111694336,0.8158955574035645
336,2607,0.29624998569488525,0.11521763354539871,36.14799499511719,0.759750247001648
337,2520,0.2863636314868927,0.13918428122997284,32.25743865966797,0.8010958433151245
338,2593,0.2946590781211853,0.14034920930862427,32.45697021484375,0.7910692095756531
339,1697,0.19284090399742126,0.11423825472593307,30.68302345275879,0.8195133805274963
340,2426,0.27568182349205017,0.10938970744609833,29.979583740234375,0.8141870498657227
341,3062,0.34795454144477844,0.12245698273181915,33.56795120239258,0.786116361618042
342,2074,0.23568181693553925,0.12226296961307526,35.37702560424805,0.7643274068832397
343,2065,0.2346590906381607,0.11202691495418549,32.82977294921875,0.7903925776481628
344,2080,0.23636363446712494,0.1301761418581009,34.31488037109375,0.7790647149085999
345,2739,0.3112500011920929,0.12127658724784851,32.92980194091797,0.7921485900878906
346,2967,0.33715909719467163,0.12688270211219788,31.18654441833496,0.8128724098205566
347,1731,0.19670455157756805,0.13509449362754822,32.61384582519531,0.7929722666740417
348,2149,0.2442045509815216,0.10094092786312103,28.38869857788086,0.8306922912597656
349,2760,0.3136363625526428,0.12662279605865479,32.375892639160156,0.7996551990509033
350,2384,0.2709091007709503,0.12425240874290466,28.62364959716797,0.8382359743118286
351,2317,0.263295441865921,0.12942345440387726,32.969970703125,0.7906754016876221
352,1742,0.19795455038547516,0.12200713157653809,33.86924743652344,0.7856030464172363
353,2619,0.29761365056037903,0.13037361204624176,30.066186904907227,0.817499041557312
354,3037,0.3451136350631714,0.10752532631158829,31.108150482177734,0.8113265037536621
355,1809,0.20556817948818207,0.11088505387306213,32.821041107177734,0.795520544052124
356,1991,0.22624999284744263,0.09386337548494339,30.2232666015625,0.8216825723648071
357,2279,0.2589772641658783,0.13781611621379852,33.2650032043457,0.7864377498626709
358,2523,0.28670454025268555,0.14407134056091309,33.55558776855469,0.7795202732086182
359,2599,0.295340895652771,0.12519414722919464,30.859819412231445,0.8069532513618469
360,1617,0.1837500035762787,0.13149669766426086,31.636226654052734,0.8042477369308472
361,2208,0.25090909004211426,0.12766918540000916,30.029722213745117,0.820434033870697
362,2799,0.31806817650794983,0.10749023407697678,32.7032470703125,0.7925021648406982
363,2157,0.24511364102363586,0.12319832295179367,30.609237670898438,0.816914439201355
364,2013,0.22875000536441803,0.12227018177509308,34.99302291870117,0.7684277296066284
365,1869,0.2123863697052002,0.10748165100812912,36.54838943481445,0.7554033994674683
366,2701,0.30693182349205017,0.15606895089149475,33.9106330871582,0.7799310684204102
367,2880,0.3272727131843567,0.12189828604459763,32.20204162597656,0.7991021275520325
368,1706,0.1938636302947998,0.13088928163051605,34.33530807495117,0.7744914293289185
369,1994,0.22659091651439667,0.10037283599376678,30.45903205871582,0.8158668875694275
370,2468,0.28045454621315,0.11458780616521835,32.97412109375,0.7923327088356018
371,2341,0.2660227417945862,0.11231965571641922,31.353343963623047,0.8106840252876282
372,2356,0.2677272856235504,0.1341376006603241,32.81782150268555,0.7865434288978577
373,1595,0.18125000596046448,0.12741631269454956,33.47691345214844,0.7827915549278259
374,2351,0.267159104347229,0.12470512092113495,29.785655975341797,0.8205441236495972
375,2882,0.32749998569488525,0.11127977073192596,32.29458236694336,0.7964485883712769
376,1876,0.21318182349205017,0.12462422251701355,32.99155807495117,0.7915282845497131
377,1887,0.21443182229995728,0.10639131814241409,32.77193832397461,0.7945488095283508
378,1960,0.22272726893424988,0.12029165774583817,36.38174819946289,0.7530099749565125
379,2493,0.2832954525947571,0.11668846756219864,31.764795303344727,0.8055818676948547
380,2612,0.29681816697120667,0.11391447484493256,30.558631896972656,0.8175455331802368
381,1575,0.17897726595401764,0.13785724341869354,31.662445068359375,0.80199134349823
382,2035,0.23125000298023224,0.11331033706665039,29.52243995666504,0.8251334428787231
383,2608,0.29636362195014954,0.1234712302684784,33.01758575439453,0.7915067076683044
384,2281,0.25920453667640686,0.1295371800661087,30.80300521850586,0.8153879642486572
385,2072,0.23545454442501068,0.1278447061777115,32.707183837890625,0.7924668192863464
386,1692,0.19227272272109985,0.1358199119567871,35.82204818725586,0.761503279209137
387,2583,0.2935227155685425,0.1319136917591095,31.159976959228516,0.8064114451408386
388,2793,0.31738635897636414,0.13296590745449066,33.588130950927734,0.7827106714248657
389,1695,0.1926136314868927,0.10819673538208008,33.886268615722656,0.7811396718025208
390,1834,0.20840908586978912,0.10382121056318283,30.837482452392578,0.8085864186286926
391,2140,0.24318182468414307,0.12505221366882324,35.29218292236328,0.7647420167922974
392,2300,0.2613636255264282,0.1253422051668167,33.44905471801758,0.7826191782951355
393,2365,0.26875001192092896,0.10972965508699417,32.650569915771484,0.7902339696884155
394,1515,0.1721590906381607,0.12909866869449615,35.67301940917969,0.7553932666778564
395,2108,0.23954544961452484,0.14153386652469635,31.216167449951172,0.8083705306053162
396,2694,0.3061363697052002,0.10463052988052368,32.322265625,0.7947487831115723
397,2004,0.2277272790670395,0.13319514691829681,32.95001983642578,0.7931060194969177
398,1783,0.20261363685131073,0.11160892993211746,34.20260238647461,0.7760875821113586
399,1787,0.20306818187236786,0.13559593260288239,36.64585876464844,0.749741792678833
400,2580,0.29318180680274963,0.13115522265434265,34.54596710205078,0.7754257321357727
401,2627,0.2985227406024933,0.14941182732582092,34.26759338378906,0.7755664587020874
402,1554,0.1765909045934677,0.13223375380039215,29.874530792236328,0.8218704462051392
403,1912,0.21727272868156433,0.10092050582170486,30.68221092224121,0.8131119012832642
404,2415,0.27443182468414307,0.1724279522895813,33.54532241821289,0.7831531763076782
405,2218,0.2520454525947571,0.11639556288719177,30.889734268188477,0.8129869699478149
406,2104,0.2390909045934677,0.12862864136695862,33.29694366455078,0.7818109393119812
407,1501,0.17056818306446075,0.13254383206367493,34.99758529663086,0.7684846520423889
408,2345,0.2664772868156433,0.20505784451961517,30.904287338256836,0.8102073073387146
409,2675,0.30397728085517883,0.11502493917942047,30.592998504638672,0.8174434304237366
410,1703,0.19352272152900696,0.12718147039413452,34.12998580932617,0.7728696465492249
411,1714,0.19477272033691406,0.1128716990351677,33.558876037597656,0.7841918468475342
412,1896,0.21545454859733582,0.14590699970722198,33.97780227661133,0.7851058840751648
413,2354,0.26750001311302185,0.11743225157260895,32.946693420410156,0.7898165583610535
414,2308,0.2622727155685425,0.12841056287288666,31.88152313232422,0.7965054512023926
415,1451,0.16488637030124664,0.1484249234199524,35.8160514831543,0.757998526096344
416,1950,0.22159090638160706,0.10476899147033691,33.147762298583984,0.784081220626831
417,2488,0.28272727131843567,0.1049286499619484,34.34420394897461,0.7778549790382385
418,2080,0.23636363446712494,0.15487979352474213,33.84165573120117,0.7825019955635071
419,1835,0.2085227221250534,0.10572528839111328,33.989524841308594,0.7774679064750671
420,1655,0.1880681812763214,0.1197742447257042,38.15485382080078,0.7332155108451843
421,2491,0.2830681800842285,0.12679898738861084,32.429359436035156,0.7914848923683167
422,2525,0.2869318127632141,0.12543484568595886,31.33442497253418,0.8030670881271362
423,1545,0.17556817829608917,0.1412535458803177,34.606266021728516,0.7735413908958435
424,1731,0.19670455157756805,0.11113794147968292,33.28654479980469,0.7885614633560181
425,2064,0.23454545438289642,0.1255635917186737,37.72394561767578,0.7370415329933167
426,2171,0.24670454859733582,0.12264268100261688,35.463401794433594,0.7597677111625671
427,2140,0.24318182468414307,0.1241597831249237,32.35800552368164,0.7954870462417603
428,1402,0.15931817889213562,0.12725694477558136,34.7366943359375,0.7723067998886108
429,2071,0.2353409081697464,0.11624617129564285,32.23796844482422,0.7939023971557617
430,2569,0.29193180799484253,0.10684715211391449,34.504432678222656,0.7744628190994263
431,1751,0.1989772766828537,0.1328807920217514,31.943958282470703,0.7977648973464966
432,1624,0.18454545736312866,0.11429677903652191,34.077293395996094,0.7759172320365906
433,1711,0.19443181157112122,0.14163550734519958,37.05643081665039,0.7465797662734985
434,2437,0.2769318222999573,0.13669875264167786,32.916561126708984,0.7920061349868774
435,2316,0.26318180561065674,0.1259392648935318,31.8734188079834,0.7985864877700806
436,1434,0.16295453906059265,0.12095292657613754,32.364131927490234,0.798554539680481
437,1816,0.20636363327503204,0.11458928138017654,30.111003875732422,0.8198091387748718
438,2302,0.2615908980369568,0.1183372214436531,34.44379806518555,0.774833619594574
439,2118,0.24068181216716766,0.12946157157421112,32.433799743652344,0.7981842756271362
440,1889,0.21465909481048584,0.11142069846391678,31.9562931060791,0.801154375076294
441,1472,0.16727273166179657,0.12604689598083496,35.860504150390625,0.7626835107803345
442,2314,0.2629545331001282,0.146535724401474,32.56554412841797,0.7877117395401001
443,2483,0.28215909004211426,0.10751950740814209,31.822921752929688,0.8021883964538574
444,1565,0.17784090340137482,0.13463300466537476,36.94257354736328,0.7412014007568359
445,1588,0.1804545521736145,0.11192340403795242,31.860742568969727,0.7984640598297119
446,1801,0.2046590894460678,0.12520818412303925,39.354705810546875,0.7156448364257812
447,2163,0.24579545855522156,0.12526118755340576,35.456241607666016,0.7618644833564758
448,2145,0.24375000596046448,0.1224232167005539,35.18315887451172,0.7646287083625793
449,1371,0.15579545497894287,0.12232663482427597,34.32941818237305,0.7727654576301575
450,1852,0.2104545384645462,0.11154793202877045,32.322120666503906,0.7930269241333008
451,2432,0.27636364102363586,0.11155470460653305,33.41557693481445,0.7846492528915405
452,1897,0.2155681848526001,0.12759526073932648,35.31757736206055,0.7630065679550171
453,1627,0.1848863661289215,0.12516437470912933,33.97834014892578,0.7808142304420471
454,1609,0.18284091353416443,0.13870587944984436,36.20905303955078,0.7564005255699158
455,2410,0.27386364340782166,0.11649177223443985,33.75598907470703,0.7857981324195862
456,2318,0.2634090781211853,0.10764789581298828,33.0294303894043,0.7866775393486023
457,1399,0.15897727012634277,0.13345350325107574,34.41386413574219,0.7788183689117432
458,1701,0.1932954490184784,0.0986345186829567,32.911643981933594,0.7857366800308228
459,2041,0.23193182051181793,0.11285074055194855,36.8763313293457,0.7460600733757019
460,2102,0.23886363208293915,0.12032903730869293,34.35774230957031,0.7701325416564941
461,1942,0.2206818163394928,0.12740984559059143,34.303932189941406,0.7758563756942749
462,1339,0.15215909481048584,0.12334176152944565,34.78110885620117,0.7759634256362915
463,2033,0.23102273046970367,0.1223064512014389,35.25687026977539,0.762914776802063
464,2422,0.27522727847099304,0.11383891850709915,34.04008102416992,0.7822075486183167
465,1584,0.18000000715255737,0.15456968545913696,34.734825134277344,0.7688716053962708
466,1475,0.16761364042758942,0.10900220274925232,33.731651306152344,0.7866916060447693
467,1636,0.18590909242630005,0.14056695997714996,36.211063385009766,0.7583109140396118
468,2263,0.2571590840816498,0.13512179255485535,34.44721984863281,0.7764398455619812
469,2071,0.2353409081697464,0.11178537458181381,32.858306884765625,0.7882304191589355
470,1337,0.15193182229995728,0.12222982197999954,37.67464065551758,0.7340448498725891
471,1730,0.19659091532230377,0.10294527560472488,34.191307067871094,0.7726247906684875
472,2233,0.2537499964237213,0.10390236973762512,34.79506301879883,0.7676542401313782
473,1986,0.22568181157112122,0.19466903805732727,32.6145133972168,0.7940731048583984
474,1723,0.1957954615354538,0.12998773157596588,32.888572692871094,0.7913798689842224
475,1469,0.16693182289600372,0.13549384474754333,38.06893539428711,0.7368916273117065
476,2261,0.2569318115711212,0.1285453885793686,33.30524444580078,0.7822970747947693
477,2282,0.25931817293167114,0.11882320791482925,33.235984802246094,0.7868724465370178
478,1404,0.15954545140266418,0.132198765873909,36.74958038330078,0.7501426935195923
479,1490,0.16931818425655365,0.10888874530792236,33.9296989440918,0.779800295829773
480,1740,0.1977272778749466,0.10958971083164215,36.76388168334961,0.751827597618103
481,2050,0.23295454680919647,0.14014293253421783,35.70944595336914,0.7615042328834534
482,1989,0.22602272033691406,0.11938493698835373,31.940162658691406,0.7975555658340454
483,1283,0.14579544961452484,0.15994994342327118,34.79879379272461,0.7725904583930969
484,1784,0.202727273106575,0.12176346033811569,33.05417251586914,0.7854083180427551
485,2325,0.2642045319080353,0.09960535168647766,33.55195617675781,0.7819471955299377
486,1669,0.18965908885002136,0.17719075083732605,35.34873962402344,0.7643647789955139
487,1483,0.16852273046970367,0.14309221506118774,33.96656036376953,0.7811486124992371
488,1537,0.17465908825397491,0.1268962025642395,37.11885070800781,0.7461331486701965
489,2283,0.2594318091869354,0.13129939138889313,33.567440032958984,0.7869836688041687
490,2113,0.24011363089084625,0.11027035862207413,32.78314971923828,0.7896411418914795
491,1276,0.14499999582767487,0.13437043130397797,36.82047653198242,0.7461255788803101
492,1609,0.18284091353416443,0.12568005919456482,31.421281814575195,0.8076438307762146
493,1992,0.2263636291027069,0.10762035846710205,36.093936920166016,0.7563892006874084
494,2012,0.22863636910915375,0.15927013754844666,32.29058074951172,0.8001521825790405
495,1752,0.19909091293811798,0.11831320822238922,36.06040573120117,0.7537498474121094
496,1315,0.14943182468414307,0.14716288447380066,39.04774475097656,0.7272630929946899
497,2027,0.23034091293811798,0.12352915853261948,33.572242736816406,0.7816770076751709
498,2232,0.25363636016845703,0.11126469820737839,34.051395416259766,0.7802764177322388
499,1452,0.16500000655651093,0.15181945264339447,36.072078704833984,0.7585946321487427
500,1362,0.15477272868156433,0.10064622014760971,34.448387145996094,0.7750425934791565
501,1559,0.17715908586978912,0.13535919785499573,37.32258224487305,0.7419723868370056
502,2096,0.23818181455135345,0.14560538530349731,35.29386520385742,0.7630070447921753
503,1940,0.22045454382896423,0.10932499915361404,33.26931381225586,0.7828481197357178
504,1255,0.14261363446712494,0.1424926519393921,36.96623611450195,0.7418189644813538
505,1627,0.1848863661289215,0.11061561107635498,34.22879409790039,0.7751613855361938
506,2177,0.2473863661289215,0.11314790695905685,35.96708679199219,0.7577220797538757
507,1811,0.20579545199871063,0.1494596004486084,32.321842193603516,0.7976430654525757
508,1547,0.17579545080661774,0.10559845715761185,35.877349853515625,0.7571187615394592
509,1432,0.1627272665500641,0.1300765573978424,39.250694274902344,0.725191593170166
510,2216,0.2518181800842285,0.13035306334495544,32.71217346191406,0.7911891341209412
511,2119,0.24079544842243195,0.13849054276943207,35.132728576660156,0.7664170861244202
512,1268,0.1440909057855606,0.12394330650568008,34.35896682739258,0.7756553888320923
513,1426,0.1620454490184784,0.10573562979698181,33.50372314453125,0.785888135433197
514,1725,0.19602273404598236,0.12779799103736877,38.08763885498047,0.7340946197509766
515,1990,0.22613635659217834,0.14234009385108948,34.91743850708008,0.7671054005622864
516,1808,0.20545454323291779,0.15951186418533325,35.41676712036133,0.7608470320701599
517,1187,0.13488636910915375,0.13593633472919464,39.76762771606445,0.7091673612594604
518,1748,0.19863636791706085,0.11955278366804123,32.270301818847656,0.7956826686859131
519,2177,0.2473863661289215,0.11329279839992523,34.332637786865234,0.7788459658622742
520,1483,0.16852273046970367,0.17512086033821106,34.566001892089844,0.7721764445304871
521,1327,0.15079545974731445,0.10203426331281662,38.85227584838867,0.7231302857398987
522,1470,0.167045459151268,0.11579049378633499,41.09683609008789,0.6964408755302429
523,2198,0.24977272748947144,0.16118597984313965,34.01222610473633,0.7784523367881775
524,1907,0.21670454740524292,0.11729567497968674,35.4457893371582,0.7613440752029419
525,1189,0.1351136416196823,0.12722325325012207,33.865509033203125,0.7742688655853271
526,1517,0.17238636314868927,0.1184232160449028,33.63505172729492,0.7842804193496704
527,1981,0.2251136302947998,0.10325182974338531,37.28525161743164,0.7432968020439148
528,1904,0.21636363863945007,0.16219590604305267,33.786190032958984,0.7799358367919922
529,1614,0.18340909481048584,0.11592721939086914,36.01311111450195,0.7625148296356201
530,1311,0.14897727966308594,0.1269819587469101,41.54786682128906,0.6970059275627136
531,2019,0.22943182289600372,0.13968710601329803,33.41109085083008,0.7861570715904236
532,2079,0.23624999821186066,0.12150970846414566,34.56575393676758,0.772739827632904
533,1288,0.14636363089084625,0.14223355054855347,36.72532653808594,0.7462242841720581
534,1293,0.14693181216716766,0.10530997812747955,34.27151107788086,0.7772859930992126
535,1518,0.17249999940395355,0.10899858176708221,41.64902114868164,0.6903454065322876
536,1969,0.22374999523162842,0.1473330706357956,36.551170349121094,0.7509758472442627
537,1811,0.20579545199871063,0.1319141685962677,32.249202728271484,0.7982140183448792
538,1165,0.13238635659217834,0.13672658801078796,35.3372688293457,0.7613248229026794
539,1570,0.17840908467769623,0.10393831878900528,35.361690521240234,0.7614603042602539
540,2092,0.23772726953029633,0.1132604256272316,35.715362548828125,0.7581338882446289
541,1579,0.17943181097507477,0.19018647074699402,35.201560974121094,0.7673087120056152
542,1405,0.15965908765792847,0.12357693910598755,36.79940414428711,0.7453284859657288
543,1403,0.1594318151473999,0.11785459518432617,39.190887451171875,0.7228651642799377
544,2164,0.24590909481048584,0.13757050037384033,34.48091125488281,0.7799527645111084
545,1946,0.22113636136054993,0.13955596089363098,35.3262825012207,0.7655532360076904
546,1171,0.13306818902492523,0.15681864321231842,35.38776397705078,0.7570051550865173
547,1408,0.1599999964237213,0.09607608616352081,33.88911819458008,0.7789526581764221
548,1736,0.19727273285388947,0.13252946734428406,38.60938262939453,0.7254319190979004
549,1927,0.21897727251052856,0.14209245145320892,36.358516693115234,0.7533398866653442
550,1663,0.18897727131843567,0.11545904725790024,36.97178649902344,0.7381752729415894
551,1156,0.1313636302947998,0.12273507565259933,43.74298858642578,0.6640479564666748
552,1798,0.20431818068027496,0.1611478328704834,35.113983154296875,0.7651405334472656
553,1993,0.2264772653579712,0.11438384652137756,36.327537536621094,0.7536253333091736
554,1306,0.14840908348560333,0.13252970576286316,35.41130447387695,0.7600690722465515
555,1213,0.13784091174602509,0.13041959702968597,38.95732879638672,0.718632161617279
556,1372,0.15590909123420715,0.1301673948764801,40.88579559326172,0.7011685967445374
557,2066,0.234772726893425,0.12805630266666412,35.33208084106445,0.7629804015159607
558,1769,0.20102272927761078,0.11994698643684387,33.854896545410156,0.7810180187225342
559,1121,0.12738636136054993,0.12977126240730286,37.67716979980469,0.7382200956344604
560,1472,0.16727273166179657,0.10170718282461166,35.21062469482422,0.7625781297683716
561,1957,0.22238636016845703,0.1318603903055191,38.19186019897461,0.7321251630783081
562,1720,0.19545455276966095,0.14064916968345642,37.0169677734375,0.7454385161399841
563,1479,0.16806818544864655,0.09388825297355652,36.99604797363281,0.7407071590423584
564,1265,0.14374999701976776,0.12170088291168213,40.31192398071289,0.7020047307014465
565,2022,0.22977273166179657,0.13203704357147217,33.12335205078125,0.7841484546661377
566,1976,0.2245454490184784,0.1323467195034027,35.614967346191406,0.7600876092910767
567,1172,0.13318182528018951,0.14180798828601837,36.63812255859375,0.7500185370445251
568,1234,0.140227273106575,0.09555221349000931,37.652488708496094,0.7391573786735535
569,1524,0.17318181693553925,0.1228494644165039,40.35654830932617,0.71024489402771
570,1899,0.21579545736312866,0.13285766541957855,36.361717224121094,0.757301926612854
571,1683,0.1912499964237213,0.1590430587530136,37.26199722290039,0.740329921245575
572,1052,0.11954545229673386,0.12960147857666016,39.310585021972656,0.7164134383201599
573,1537,0.17465908825397491,0.12771089375019073,36.755645751953125,0.7458459734916687
574,1962,0.22295454144477844,0.11777552962303162,37.65657043457031,0.7371538877487183
575,1356,0.15409091114997864,0.13590620458126068,34.776065826416016,0.7650836110115051
576,1259,0.14306817948818207,0.1171368882060051,37.039302825927734,0.7448604106903076
577,1334,0.15159091353416443,0.13466224074363708,42.023685455322266,0.6821535229682922
578,2055,0.23352272808551788,0.14042037725448608,36.344852447509766,0.7479135394096375
579,1763,0.20034091174602509,0.1290597766637802,36.10072708129883,0.7560344934463501
580,1070,0.12159091234207153,0.11133144050836563,38.79856872558594,0.7174968719482422
581,1368,0.15545454621315002,0.11986874788999557,37.49992752075195,0.7471004128456116
582,1762,0.2002272754907608,0.11152593791484833,39.13051223754883,0.7244212031364441
583,1804,0.20499999821186066,0.1369987577199936,33.93941879272461,0.7789813280105591
584,1531,0.17397727072238922,0.108718641102314,37.033729553222656,0.741016685962677
585,1144,0.12999999523162842,0.18042154610157013,42.427467346191406,0.6900805830955505
586,1808,0.20545454323291779,0.12374337017536163,36.24101638793945,0.746676504611969
587,1869,0.2123863697052002,0.10695847868919373,37.19883728027344,0.7462441921234131
588,1178,0.1338636428117752,0.1321287453174591,37.83418655395508,0.7367366552352905
589,1150,0.1306818127632141,0.15981493890285492,38.91145324707031,0.7242714762687683
590,1345,0.15284091234207153,0.14698833227157593,41.72077178955078,0.6866656541824341
591,1921,0.21829545497894287,0.1623716801404953,35.231544494628906,0.7660413384437561
592,1670,0.18977272510528564,0.13005484640598297,35.327117919921875,0.7632272839546204
593,1050,0.11931817978620529,0.14121109247207642,41.910400390625,0.6867693662643433
594,1404,0.15954545140266418,0.11778981983661652,36.938148498535156,0.7378297448158264
595,1909,0.21693181991577148,0.1104796752333641,36.746341705322266,0.74952632188797
596,1433,0.16284090280532837,0.14908835291862488,34.746299743652344,0.7688957452774048
597,1341,0.1523863673210144,0.1173836961388588,38.6726188659668,0.7258681058883667
598,1252,0.1422727257013321,0.18241959810256958,43.251914978027344,0.6761194467544556
599,1977,0.22465908527374268,0.17160381376743317,35.10639190673828,0.7597247362136841
600,1830,0.207954540848732,0.11923523992300034,39.16297912597656,0.7240007519721985
601,1067,0.12125000357627869,0.1465960294008255,37.4533805847168,0.7325899600982666
602,1212,0.1377272754907608,0.10286854207515717,37.95688247680664,0.7293030619621277
603,1576,0.17909090220928192,0.12024711817502975,42.242855072021484,0.6839654445648193
604,1842,0.20931817591190338,0.14822331070899963,35.556800842285156,0.763029158115387
605,1564,0.17772726714611053,0.11500629782676697,36.54645538330078,0.7518990635871887
606,1018,0.11568181961774826,0.11961232125759125,42.65985107421875,0.6787525415420532
607,1501,0.17056818306446075,0.1254354566335678,37.499961853027344,0.7293323874473572
608,1815,0.20624999701976776,0.14798396825790405,38.6479606628418,0.7292537093162537
609,1176,0.13363637030124664,0.12355439364910126,34.34646224975586,0.768502950668335
610,1147,0.13034090399742126,0.13398271799087524,37.270851135253906,0.7446866035461426
611,1227,0.13943181931972504,0.12618550658226013,41.80445861816406,0.6857650279998779
612,1888,0.21454545855522156,0.1457519680261612,37.942623138427734,0.7318962216377258
613,1648,0.18727272748947144,0.12270542979240417,35.96731948852539,0.7527239322662354
614,991,0.11261363327503204,0.11953660100698471,37.51332473754883,0.7333787083625793
615,1338,0.15204545855522156,0.11175679415464401,38.28878402709961,0.7244685292243958
616,1774,0.2015909105539322,0.11164376139640808,37.59725570678711,0.7383147478103638
617,1632,0.18545454740524292,0.15097850561141968,37.36932373046875,0.7357165813446045
618,1397,0.1587499976158142,0.12464354932308197,39.32695770263672,0.715244710445404
619,1132,0.12863636016845703,0.12375233322381973,42.872161865234375,0.6809011697769165
620,1808,0.20545454323291779,0.1297515332698822,33.447513580322266,0.7867968678474426
621,1801,0.2046590894460678,0.1386934220790863,35.75411605834961,0.7614307999610901
622,1103,0.12534090876579285,0.1446147859096527,39.148658752441406,0.7181283831596375
623,1097,0.12465909123420715,0.10331806540489197,38.68474578857422,0.7294579148292542
624,1375,0.15625,0.12395871430635452,42.02668762207031,0.6875331401824951
625,1805,0.20511363446712494,0.14390388131141663,36.39966583251953,0.7532054781913757
626,1567,0.17806817591190338,0.1300128549337387,34.79730987548828,0.767072856426239
627,983,0.11170454323291779,0.13099458813667297,42.75456237792969,0.6783969402313232
628,1366,0.15522727370262146,0.12481711804866791,37.26340103149414,0.7376986742019653
629,1797,0.20420454442501068,0.1238032728433609,39.364280700683594,0.7190319299697876
630,1220,0.13863636553287506,0.12712785601615906,36.0137825012207,0.7589684724807739
631,1222,0.13886363804340363,0.1407235860824585,39.546878814697266,0.7150812745094299
632,1199,0.13625000417232513,0.12963047623634338,44.917198181152344,0.653384268283844
633,1936,0.2199999988079071,0.15289747714996338,36.25233459472656,0.753555953502655
634,1684,0.1913636326789856,0.12466800957918167,39.6417121887207,0.7115943431854248
635,994,0.11295454204082489,0.1367165893316269,37.115177154541016,0.7386448383331299
636,1216,0.13818182051181793,0.10707302391529083,39.064483642578125,0.7192696332931519
637,1590,0.18068182468414307,0.11786916851997375,39.14520263671875,0.719874918460846
638,1698,0.19295454025268555,0.13076001405715942,35.7318229675293,0.7632962465286255
639,1436,0.16318181157112122,0.12042322754859924,36.93755340576172,0.7474417686462402
640,996,0.11318181455135345,0.16156676411628723,45.337467193603516,0.6543599963188171
641,1557,0.17693181335926056,0.13865873217582703,36.19111251831055,0.7450795769691467
642,1704,0.19363635778427124,0.11460015177726746,36.716827392578125,0.7502424120903015
643,1068,0.12136363983154297,0.13992422819137573,37.29650115966797,0.7443349957466125
644,1055,0.1198863610625267,0.10001516342163086,43.539825439453125,0.6745815277099609
645,1228,0.13954545557498932,0.12389809638261795,42.26490020751953,0.6815363764762878
646,1844,0.20954544842243195,0.14299489557743073,36.2358283996582,0.7517780661582947
647,1538,0.1747727245092392,0.13163107633590698,38.69061279296875,0.7242599725723267
648,946,0.10750000178813934,0.14790956676006317,39.310325622558594,0.7190565466880798
649,1284,0.14590908586978912,0.13857024908065796,38.60624694824219,0.7288520932197571
650,1737,0.19738636910915375,0.1172495037317276,38.16873550415039,0.7336585521697998
651,1351,0.15352272987365723,0.15261933207511902,36.248390197753906,0.750403642654419
652,1293,0.14693181216716766,0.1294821947813034,39.68680953979492,0.7105766534805298
653,1102,0.12522727251052856,0.1337413638830185,46.745723724365234,0.6334326267242432
654,1797,0.20420454442501068,0.14889559149742126,33.63270950317383,0.7817309498786926
655,1727,0.19625000655651093,0.13406206667423248,40.20679473876953,0.7107484340667725
656,995,0.11306817829608917,0.1367257982492447,36.706214904785156,0.7471088171005249
657,1042,0.11840908974409103,0.1479702591896057,44.635963439941406,0.6550343632698059
658,1414,0.160681813955307,0.11803943663835526,43.711158752441406,0.6665886044502258
659,1788,0.20318181812763214,0.1734892576932907,38.0666389465332,0.7318276166915894
660,1450,0.16477273404598236,0.13180425763130188,37.52811813354492,0.739017128944397
661,927,0.10534090548753738,0.12862563133239746,45.699737548828125,0.6437352895736694
662,1356,0.15409091114997864,0.10906268656253815,34.71885681152344,0.7669036984443665
663,1668,0.18954545259475708,0.12371823936700821,40.772743225097656,0.7084950804710388
664,1093,0.12420454621315002,0.16317100822925568,36.00373077392578,0.7539940476417542
665,1122,0.1274999976158142,0.15465843677520752,39.8971061706543,0.7155975699424744
666,1138,0.12931817770004272,0.1222245916724205,44.72621154785156,0.6574534177780151
667,1798,0.20431818068027496,0.15236914157867432,37.31742477416992,0.7367623448371887
668,1537,0.17465908825397491,0.1336163431406021,38.096282958984375,0.7310857176780701
669,900,0.10227272659540176,0.14586172997951508,40.68384552001953,0.7024765610694885
670,1201,0.1364772766828537,0.11297287046909332,41.07277297973633,0.6972278952598572
671,1586,0.18022727966308594,0.12821121513843536,40.654762268066406,0.7043697834014893
672,1558,0.17704544961452484,0.14412358403205872,35.97016525268555,0.7553681135177612
673,1334,0.15159091353416443,0.12599417567253113,41.15748977661133,0.697363018989563
674,994,0.11295454204082489,0.14965857565402985,45.19586181640625,0.654697597026825
675,1614,0.18340909481048584,0.12645210325717926,34.203453063964844,0.7717245817184448
676,1651,0.18761363625526428,0.13779516518115997,44.61977005004883,0.6564391255378723
677,993,0.11284090578556061,0.15856723487377167,37.03018569946289,0.7446269989013672
678,1013,0.11511363834142685,0.11145593971014023,41.218017578125,0.6959987282752991
679,1239,0.14079545438289642,0.11701483279466629,46.07986068725586,0.6303000450134277
680,1728,0.1963636428117752,0.14329013228416443,34.79570007324219,0.7757372260093689
681,1455,0.16534091532230377,0.13751272857189178,35.092098236083984,0.76744145154953
682,879,0.09988636523485184,0.1360100358724594,39.27735137939453,0.7222315669059753
683,1254,0.14249999821186066,0.09376849979162216,39.19151306152344,0.7207578420639038
684,1655,0.1880681812763214,0.12423829734325409,40.8798828125,0.7005743384361267
685,1150,0.1306818127632141,0.18054816126823425,37.489532470703125,0.7375015616416931
686,1187,0.13488636910915375,0.12308923900127411,39.07063293457031,0.7214067578315735
687,1071,0.12170454859733582,0.15869095921516418,47.91276931762695,0.608553409576416
688,1779,0.2021590918302536,0.15433412790298462,36.864479064941406,0.7458871603012085
689,1605,0.1823863685131073,0.14749212563037872,40.71742630004883,0.7011255621910095
690,907,0.10306818038225174,0.15728890895843506,39.68999099731445,0.7087525725364685
691,1045,0.11874999850988388,0.1507904976606369,42.394622802734375,0.678102433681488
692,1444,0.16409091651439667,0.12089848518371582,41.13191604614258,0.698787271976471
693,1625,0.18465909361839294,0.1209336444735527,34.09822463989258,0.7824001908302307
694,1356,0.15409091114997864,0.1362544298171997,43.37529373168945,0.6660230755805969
695,914,0.10386363416910172,0.13303087651729584,42.855995178222656,0.6850258708000183
696,1357,0.15420454740524292,0.138182133436203,35.50767135620117,0.7602779269218445
697,1587,0.18034091591835022,0.17590747773647308,41.819026947021484,0.6898968815803528
698,1001,0.11375000327825546,0.15597347915172577,34.791263580322266,0.7621700763702393
699,1009,0.11465909332036972,0.12717583775520325,42.71769332885742,0.6836301684379578
700,1134,0.1288636326789856,0.13174568116664886,47.7496452331543,0.612788200378418
701,1712,0.1945454478263855,0.14430122077465057,35.37807846069336,0.7631580829620361
702,1446,0.16431818902492523,0.13538169860839844,38.02723693847656,0.7304286360740662
703,879,0.09988636523485184,0.12932874262332916,38.86045455932617,0.7274072766304016
704,1155,0.13124999403953552,0.12425359338521957,42.36494064331055,0.6789384484291077
705,1581,0.17965908348560333,0.12265115976333618,39.55890655517578,0.7163841724395752
706,1339,0.15215909481048584,0.15449851751327515,37.661407470703125,0.7368444204330444
707,1237,0.14056818187236786,0.11093443632125854,41.23381423950195,0.6984219551086426
708,980,0.11136363446712494,0.1326318383216858,48.17302322387695,0.6147817373275757
709,1650,0.1875,0.14102289080619812,36.94685363769531,0.74446040391922
710,1607,0.18261364102363586,0.1479923129081726,43.195194244384766,0.6730178594589233
711,940,0.10681818425655365,0.15754279494285583,37.66933059692383,0.7342389225959778
712,962,0.10931818187236786,0.11044643074274063,45.72294235229492,0.6444249153137207
713,1293,0.14693181216716766,0.12165650725364685,44.589439392089844,0.6506001949310303
714,1696,0.19272726774215698,0.1667831540107727,36.67079544067383,0.7505108714103699
715,1358,0.1543181836605072,0.1346767395734787,41.94523620605469,0.6877818703651428
716,844,0.09590908885002136,0.13685083389282227,42.198368072509766,0.6835029721260071
717,1251,0.1421590894460678,0.1404309868812561,40.55039978027344,0.702264666557312
718,1562,0.17749999463558197,0.15892353653907776,41.570682525634766,0.694078266620636
719,1027,0.1167045459151268,0.12427416443824768,37.21305847167969,0.743209958076477
720,1082,0.12295454740524292,0.13471195101737976,41.44545364379883,0.6930032968521118
721,1044,0.1186363622546196,0.14646705985069275,44.79178237915039,0.6525000929832458
722,1733,0.19693182408809662,0.16312545537948608,40.1358642578125,0.7072583436965942
723,1499,0.1703409105539322,0.14316138625144958,40.894412994384766,0.69639652967453
724,835,0.09488636255264282,0.12700937688350677,42.004093170166016,0.6875641942024231
725,1027,0.1167045459151268,0.16330337524414062,40.183109283447266,0.7083346247673035
726,1458,0.16568182408809662,0.1306169629096985,40.34270477294922,0.7047890424728394
727,1488,0.16909091174602509,0.14301475882530212,36.55316925048828,0.7445724010467529
728,1272,0.14454545080661774,0.11731135845184326,39.18156814575195,0.7195204496383667
729,891,0.10125000029802322,0.1705823540687561,49.64214324951172,0.6015118360519409
730,1409,0.1601136326789856,0.15291103720664978,37.55621337890625,0.7418866753578186
731,1539,0.17488636076450348,0.12453097105026245,41.074188232421875,0.6984705328941345
732,936,0.10636363923549652,0.12610317766666412,37.81633758544922,0.7406060695648193
733,940,0.10681818425655365,0.1299595832824707,44.74516296386719,0.6574360132217407
734,1130,0.12840908765792847,0.13176016509532928,45.3952522277832,0.6422556638717651
735,1717,0.1951136291027069,0.15977102518081665,38.60857391357422,0.7222697138786316
736,1375,0.15625,0.16239793598651886,39.37792205810547,0.7175562977790833
737,822,0.09340909123420715,0.12893523275852203,44.64398956298828,0.6654324531555176
738,1131,0.12852272391319275,0.11053026467561722,42.69969940185547,0.6769987344741821
739,1534,0.17431817948818207,0.12592874467372894,42.5319709777832,0.6727836728096008
740,1121,0.12738636136054993,0.14702552556991577,38.65801239013672,0.7258878946304321
741,1150,0.1306818127632141,0.13303081691265106,39.70476150512695,0.7168278694152832
742,963,0.10943181812763214,0.13943932950496674,46.87788391113281,0.6297568082809448
743,1633,0.1855681836605072,0.13913442194461823,36.41862487792969,0.7494519352912903
744,1543,0.1753409057855606,0.16865327954292297,44.81465148925781,0.6527203917503357
745,855,0.09715908765792847,0.14445383846759796,40.59603500366211,0.7038953304290771
746,914,0.10386363416910172,0.11423344910144806,45.563663482666016,0.6379193663597107
747,1319,0.1498863697052002,0.1281132698059082,45.146305084228516,0.6505751609802246
748,1612,0.18318182229995728,0.14810867607593536,35.04917526245117,0.7728475332260132
749,1279,0.1453409045934677,0.128486767411232,41.62697219848633,0.6915271282196045
750,840,0.09545454382896423,0.18926528096199036,47.80396270751953,0.6146648526191711
751,1237,0.14056818187236786,0.1205022782087326,37.75572967529297,0.7308169007301331
752,1506,0.17113636434078217,0.11561150848865509,43.5101432800293,0.6704592704772949
753,950,0.10795454680919647,0.13333728909492493,37.620906829833984,0.7417930364608765
754,965,0.1096590906381607,0.14914190769195557,44.38636779785156,0.6572154760360718
755,1036,0.11772727221250534,0.18178115785121918,48.48672866821289,0.6056711077690125
756,1623,0.18443182110786438,0.15180803835391998,38.3068962097168,0.7185131311416626
757,1362,0.15477272868156433,0.15955083072185516,42.177040100097656,0.6837026476860046
758,805,0.09147727489471436,0.16484549641609192,43.154273986816406,0.6764345765113831
759,1023,0.11625000089406967,0.15245792269706726,41.919532775878906,0.6911668181419373
760,1469,0.16693182289600372,0.1358349323272705,42.1009635925293,0.686504602432251
761,1343,0.15261363983154297,0.14711444079875946,39.77854919433594,0.7165111303329468
762,1187,0.13488636910915375,0.12329185754060745,42.830474853515625,0.6772289872169495
763,897,0.10193181782960892,0.16683444380760193,51.41783905029297,0.5697954893112183
764,1472,0.16727273166179657,0.12658783793449402,39.4742317199707,0.7068578600883484
765,1491,0.16943182051181793,0.12567082047462463,46.25811767578125,0.6430462002754211
766,872,0.09909091144800186,0.12785963714122772,40.653568267822266,0.6997764706611633
767,885,0.10056818276643753,0.13598893582820892,43.71956253051758,0.6650803089141846
768,1147,0.13034090399742126,0.12513525784015656,45.673828125,0.6399508118629456
769,1632,0.18545454740524292,0.16658778488636017,36.81127166748047,0.7483091950416565
770,1284,0.14590908586978912,0.1379229724407196,39.60591506958008,0.7165617942810059
771,786,0.0893181785941124,0.13502639532089233,46.09724807739258,0.6437418460845947
772,1124,0.12772727012634277,0.13058218359947205,39.65171432495117,0.7166286706924438
773,1487,0.1689772754907608,0.11775252968072891,44.638526916503906,0.6518521904945374
774,996,0.11318181455135345,0.14521142840385437,38.73752975463867,0.7307870388031006
775,1054,0.11977272480726242,0.13327908515930176,41.648128509521484,0.6911826729774475
776,926,0.1052272692322731,0.16752192378044128,48.527183532714844,0.6092164516448975
777,1601,0.18193182349205017,0.15363039076328278,36.53807830810547,0.7467890977859497
778,1442,0.1638636291027069,0.16814319789409637,43.792598724365234,0.6674790978431702
779,779,0.08852272480726242,0.12962308526039124,39.014930725097656,0.7188347578048706
780,906,0.10295454412698746,0.13137485086917877,47.49615478515625,0.61955326795578
781,1351,0.15352272987365723,0.13224874436855316,45.690303802490234,0.6431059837341309
782,1469,0.16693182289600372,0.16037176549434662,35.5553092956543,0.7635679244995117
783,1210,0.13750000298023224,0.14297397434711456,41.097572326660156,0.6970539689064026
784,808,0.0918181836605072,0.18152278661727905,48.66220474243164,0.6108760833740234
785,1260,0.14318181574344635,0.13098768889904022,38.62754821777344,0.723757266998291
786,1442,0.1638636291027069,0.11743897199630737,45.47317123413086,0.6429392695426941
787,892,0.1013636365532875,0.12762469053268433,35.99791717529297,0.758281409740448
788,897,0.10193181782960892,0.12102952599525452,45.65258026123047,0.6409957408905029
789,1021,0.11602272838354111,0.1619061678647995,50.18867111206055,0.5782291889190674
790,1617,0.1837500035762787,0.15511487424373627,37.82234573364258,0.7379172444343567
791,1295,0.14715908467769623,0.1351335197687149,42.253440856933594,0.680681049823761
792,774,0.08795454353094101,0.1343049705028534,48.62969207763672,0.6047406792640686
793,1003,0.11397727578878403,0.14500625431537628,43.43629837036133,0.670944094657898
794,1460,0.16590909659862518,0.14004236459732056,44.2921028137207,0.6554660201072693
795,1106,0.1256818175315857,0.1450323909521103,39.992156982421875,0.7098796367645264
796,1100,0.125,0.11864657700061798,41.26866912841797,0.7007343173027039
797,882,0.10022727400064468,0.19018150866031647,49.816184997558594,0.5915807485580444
798,1501,0.17056818306446075,0.15566959977149963,34.83110427856445,0.7651501893997192
799,1440,0.16363635659217834,0.1588851511478424,45.77063751220703,0.645394504070282
800,800,0.09090909361839294,0.13456501066684723,44.785789489746094,0.6573928594589233
801,831,0.0944318175315857,0.15548032522201538,47.260982513427734,0.6200386881828308
802,1203,0.13670454919338226,0.15312837064266205,44.286521911621094,0.659055769443512
803,1589,0.18056818842887878,0.13157011568546295,34.051780700683594,0.7793958187103271
804,1210,0.13750000298023224,0.1417263299226761,43.267818450927734,0.6720173358917236
805,761,0.08647727221250534,0.13974177837371826,43.71894836425781,0.6713569164276123
806,1137,0.12920454144477844,0.1299935281276703,40.478515625,0.7035961151123047
807,1427,0.16215908527374268,0.12575140595436096,45.33420181274414,0.6455520987510681
808,928,0.10545454174280167,0.12761148810386658,42.333778381347656,0.6799537539482117
809,934,0.10613636672496796,0.17466837167739868,46.8387451171875,0.6305026412010193
810,933,0.10602273046970367,0.16453489661216736,47.30512237548828,0.6161442399024963
811,1544,0.1754545420408249,0.17241171002388,39.58933639526367,0.7226117253303528
812,1337,0.15193182229995728,0.16530758142471313,43.66533660888672,0.6678967475891113
813,750,0.08522727340459824,0.1403522938489914,39.81464385986328,0.7096190452575684
814,882,0.10022727400064468,0.1739453822374344,46.30486297607422,0.6362907886505127
815,1378,0.15659090876579285,0.12981829047203064,46.07186508178711,0.6357619166374207
816,1320,0.15000000596046448,0.1774941235780716,37.45327377319336,0.7415613532066345
817,1122,0.1274999976158142,0.1434389352798462,42.98967742919922,0.6731606721878052
818,816,0.09272727370262146,0.18526901304721832,50.85468292236328,0.5809506773948669
819,1319,0.1498863697052002,0.13265259563922882,35.601219177246094,0.7577404975891113
820,1411,0.16034090518951416,0.14058569073677063,44.07301330566406,0.6649622917175293
821,846,0.09613636136054993,0.15918582677841187,38.52280807495117,0.7308675646781921
822,837,0.09511363506317139,0.13408498466014862,48.13590621948242,0.6091749668121338
823,1031,0.11715909093618393,0.16748136281967163,46.37127685546875,0.631706714630127
824,1566,0.1779545396566391,0.17853271961212158,39.13698196411133,0.7170480489730835
825,1233,0.14011363685131073,0.1701159030199051,39.083030700683594,0.7278324365615845
826,740,0.08409091085195541,0.14240069687366486,45.72674560546875,0.6429834961891174
827,1009,0.11465909332036972,0.1525077372789383,41.14093780517578,0.702236533164978
828,1428,0.16227272152900696,0.15485428273677826,47.34823989868164,0.6138854622840881
829,985,0.11193181574344635,0.15765300393104553,40.290122985839844,0.7032272815704346
830,1005,0.11420454829931259,0.12314847856760025,44.99789810180664,0.6561156511306763
831,851,0.09670454263687134,0.1406734585762024,51.094879150390625,0.5757969617843628
832,1487,0.1689772754907608,0.19622980058193207,37.162811279296875,0.7411473989486694
833,1367,0.15534090995788574,0.149909108877182,43.4647331237793,0.6723505258560181
834,721,0.08193181455135345,0.1449453979730606,40.93206024169922,0.7060753703117371
835,806,0.09159091114997864,0.16224955022335052,43.897159576416016,0.663140594959259
836,1228,0.13954545557498932,0.1435382217168808,43.791412353515625,0.6688482165336609
837,1487,0.1689772754907608,0.1372445523738861,37.217708587646484,0.7451420426368713
838,1124,0.12772727012634277,0.1670060008764267,46.395408630371094,0.6358320116996765
839,750,0.08522727340459824,0.2155868411064148,49.10381317138672,0.6042997241020203
840,1126,0.12795454263687134,0.14359650015830994,41.473812103271484,0.6937839388847351
841,1373,0.15602272748947144,0.15409088134765625,47.40727996826172,0.6220057010650635
842,876,0.09954545646905899,0.1300487071275711,37.02828598022461,0.7434622049331665
843,865,0.09829545766115189,0.1378815770149231,48.57194900512695,0.6076125502586365
844,942,0.10704545676708221,0.1468682885169983,48.142189025878906,0.6129368543624878
845,1524,0.17318181693553925,0.14501546323299408,38.16580581665039,0.7328726649284363
846,1244,0.14136363565921783,0.1611037403345108,46.24502182006836,0.6308273673057556
847,733,0.08329545706510544,0.13449504971504211,47.304866790771484,0.6279852390289307
848,879,0.09988636523485184,0.1150439903140068,44.93302917480469,0.6489763259887695
849,1377,0.15647727251052856,0.1435430645942688,44.85269546508789,0.6473672986030579
850,1124,0.12772727012634277,0.17012116312980652,39.78902816772461,0.7064023017883301
851,1055,0.1198863610625267,0.15858788788318634,45.06859588623047,0.6497220993041992
852,826,0.09386363625526428,0.16647981107234955,53.60306930541992,0.5428352952003479
853,1344,0.15272727608680725,0.1553756445646286,37.92228317260742,0.7301701903343201
854,1370,0.1556818187236786,0.15125194191932678,48.05506896972656,0.6169447302818298
855,763,0.0867045447230339,0.15926983952522278,43.79186248779297,0.6675829291343689
856,788,0.08954545110464096,0.16118736565113068,46.14458084106445,0.6354416608810425
857,1074,0.12204545736312866,0.14231829345226288,48.576927185058594,0.6040882468223572
858,1527,0.1735227257013321,0.15519759058952332,37.5460319519043,0.7384073734283447
859,1168,0.1327272653579712,0.1480402648448944,44.01523208618164,0.6633613705635071
860,719,0.08170454204082489,0.14688518643379211,45.715152740478516,0.6407478451728821
861,1020,0.11590909212827682,0.16679641604423523,42.008941650390625,0.6943678259849548
862,1370,0.1556818187236786,0.13887901604175568,45.2792854309082,0.6455433368682861
863,919,0.10443181544542313,0.13477343320846558,34.65650939941406,0.7665401697158813
864,920,0.10454545170068741,0.11662811040878296,46.564937591552734,0.6343390345573425
865,858,0.09749999642372131,0.15369047224521637,52.02749252319336,0.5623009204864502
866,1443,0.1639772653579712,0.152617409825325,36.912025451660156,0.7459588050842285
867,1288,0.14636363089084625,0.16860729455947876,44.55009460449219,0.6612876057624817
868,720,0.08181817829608917,0.16084475815296173,41.612178802490234,0.6933695673942566
869,787,0.08943181484937668,0.14146777987480164,49.06226348876953,0.5938078165054321
870,1244,0.14136363565921783,0.13492748141288757,47.98339080810547,0.6095852255821228
871,1267,0.14397726953029633,0.14071457087993622,38.52838134765625,0.7286345362663269
872,1049,0.11920454353094101,0.15120841562747955,44.669639587402344,0.6572540402412415
873,763,0.0867045447230339,0.1841805875301361,46.87642288208008,0.6328187584877014
874,1160,0.13181817531585693,0.11345646530389786,40.97347640991211,0.6974737048149109
875,1352,0.1536363661289215,0.1471521258354187,45.264347076416016,0.6507540941238403
876,840,0.09545454382896423,0.13979187607765198,39.207183837890625,0.7183952927589417
877,814,0.0925000011920929,0.15273551642894745,52.01924514770508,0.5601227283477783
878,945,0.10738636553287506,0.15892262756824493,47.45038986206055,0.6149545907974243
879,1460,0.16590909659862518,0.17943254113197327,36.899349212646484,0.74076247215271
880,1184,0.1345454603433609,0.15050604939460754,44.6509895324707,0.6559469103813171
881,713,0.0810227245092392,0.14357760548591614,46.223106384277344,0.6327558755874634
882,899,0.10215909034013748,0.13435746729373932,46.06402587890625,0.6411183476448059
883,1348,0.15318182110786438,0.1332908421754837,45.503116607666016,0.6411764621734619
884,987,0.11215908825397491,0.1547367423772812,41.79212188720703,0.6840397715568542
885,968,0.10999999940395355,0.14059939980506897,46.78523254394531,0.6254433393478394
886,804,0.09136363863945007,0.14715878665447235,49.626583099365234,0.5949323177337646
887,1368,0.15545454621315002,0.19919033348560333,35.428321838378906,0.7598099112510681
888,1302,0.1479545384645462,0.15586672723293304,50.21376419067383,0.5869788527488708
889,693,0.07874999940395355,0.19807815551757812,43.60704040527344,0.6774000525474548
890,743,0.08443181961774826,0.1349455863237381,46.77214431762695,0.6289061903953552
891,1105,0.1255681812763214,0.16177572309970856,44.427268981933594,0.6541811227798462
892,1448,0.1645454615354538,0.1620148867368698,35.9214973449707,0.761273980140686
893,1068,0.12136363983154297,0.14777062833309174,46.1182975769043,0.6337007880210876
894,719,0.08170454204082489,0.17248371243476868,50.12709045410156,0.5849772095680237
895,1027,0.1167045459151268,0.12318507581949234,44.086387634277344,0.6644625663757324
896,1304,0.14818181097507477,0.14786526560783386,45.981563568115234,0.637103259563446
897,861,0.09784091264009476,0.1314140260219574,38.89983367919922,0.7336934208869934
898,830,0.09431818127632141,0.1397307813167572,46.18764877319336,0.6422745585441589
899,862,0.09795454889535904,0.16582627594470978,50.47526168823242,0.5765818357467651
900,1450,0.16477273404598236,0.17393198609352112,39.04961395263672,0.7235113978385925
901,1215,0.13806818425655365,0.16458553075790405,44.65621566772461,0.6571570038795471
902,706,0.08022727072238922,0.1601724475622177,44.8333740234375,0.6596584320068359
903,777,0.08829545229673386,0.13219428062438965,49.83302688598633,0.5826401114463806
904,1267,0.14397726953029633,0.1517522633075714,45.566001892089844,0.643263041973114
905,1126,0.12795454263687134,0.180937260389328,44.38921356201172,0.6638650894165039
906,998,0.11340909451246262,0.14671579003334045,45.63179397583008,0.6412581205368042
907,751,0.08534090965986252,0.21420080959796906,50.045143127441406,0.5924122929573059
908,1224,0.1390909105539322,0.1442708522081375,39.55886459350586,0.7170191407203674
909,1288,0.14636363089084625,0.15382367372512817,47.91208267211914,0.6236865520477295
910,765,0.08693181723356247,0.17876015603542328,44.041175842285156,0.6633595824241638
911,748,0.08500000089406967,0.16323672235012054,45.438899993896484,0.6477139592170715
912,967,0.10988636314868927,0.18163885176181793,45.43703079223633,0.6483916640281677
913,1422,0.16159090399742126,0.14976803958415985,38.34027099609375,0.7261802554130554
914,1112,0.1263636350631714,0.15119855105876923,46.512054443359375,0.6297056078910828
915,686,0.07795454561710358,0.14228315651416779,49.2877197265625,0.590425431728363
916,914,0.10386363416910172,0.13289424777030945,46.5883903503418,0.6327089667320251
917,1301,0.14784090220928192,0.18055309355258942,47.503414154052734,0.6171531677246094
918,904,0.10272727161645889,0.1511710286140442,41.297298431396484,0.689851701259613
919,893,0.10147727280855179,0.13265450298786163,48.37726974487305,0.6050398349761963
920,783,0.08897726982831955,0.1694902628660202,50.763790130615234,0.5802120566368103
921,1353,0.1537500023841858,0.2029350996017456,41.414161682128906,0.688689649105072
922,1225,0.13920454680919647,0.15843555331230164,45.31198501586914,0.6541603803634644
923,681,0.07738636434078217,0.14778082072734833,44.89676284790039,0.6630616784095764
924,711,0.08079545199871063,0.1270494908094406,49.605472564697266,0.5852741599082947
925,1144,0.12999999523162842,0.14791156351566315,44.56454849243164,0.6557742953300476
926,1252,0.1422727257013321,0.1673726886510849,38.85837936401367,0.7231213450431824
927,991,0.11261363327503204,0.14803768694400787,44.86601257324219,0.6534327268600464
928,711,0.08079545199871063,0.1817355453968048,47.655616760253906,0.6212874054908752
929,1032,0.11727272719144821,0.14548958837985992,43.76850128173828,0.6687338948249817
930,1277,0.14511363208293915,0.15238799154758453,48.472347259521484,0.6100691556930542
931,818,0.09295454621315002,0.20837007462978363,41.796573638916016,0.6907805800437927
932,779,0.08852272480726242,0.1371111273765564,51.70600509643555,0.5684666633605957
933,878,0.09977272897958755,0.1420077681541443,51.06758499145508,0.570942223072052
934,1392,0.1581818163394928,0.20496658980846405,38.32567596435547,0.7321318984031677
935,1146,0.13022726774215698,0.14613422751426697,50.58333969116211,0.5821253061294556
936,684,0.07772727310657501,0.1676378697156906,45.73447036743164,0.6471850872039795
937,796,0.09045454859733582,0.24053898453712463,46.91986846923828,0.6281692385673523
938,1266,0.14386363327503204,0.18747428059577942,47.97977828979492,0.6100764870643616
939,970,0.11022727191448212,0.18594886362552643,40.11700439453125,0.706815242767334
940,930,0.10568182170391083,0.13978514075279236,44.48594665527344,0.6593869924545288
941,755,0.08579545468091965,0.1952729970216751,52.573726654052734,0.5559040904045105
942,1257,0.1428409069776535,0.13372951745986938,38.80148696899414,0.7135848999023438
943,1250,0.14204545319080353,0.14867812395095825,46.20861053466797,0.6363928914070129
944,678,0.07704545557498932,0.1525072455406189,44.77508544921875,0.6551837921142578
945,696,0.0790909081697464,0.16060282289981842,50.725486755371094,0.5788725018501282
946,1000,0.11363636702299118,0.14991243183612823,43.98173522949219,0.6617854833602905
947,1386,0.1574999988079071,0.14053526520729065,36.86198806762695,0.7395519614219666
948,1035,0.11761363595724106,0.1782698929309845,44.532012939453125,0.6585054993629456
949,689,0.07829545438289642,0.12459506094455719,50.173484802246094,0.5864743590354919
950,940,0.10681818425655365,0.1646285057067871,46.31616973876953,0.6379055976867676
951,1259,0.14306817948818207,0.1265200525522232,45.87303161621094,0.6426844000816345
952,829,0.09420454502105713,0.1297575831413269,36.26598358154297,0.7524378895759583
953,817,0.09284090995788574,0.15285159647464752,46.610862731933594,0.6317055821418762
954,801,0.09102272987365723,0.142965167760849,51.88673400878906,0.5655916929244995
955,1323,0.15034091472625732,0.1651308387517929,39.52970504760742,0.7199583649635315
956,1160,0.13181817531585693,0.18820959329605103,45.597373962402344,0.6470659971237183
957,676,0.07681818306446075,0.17643442749977112,44.49565124511719,0.6516520977020264
958,701,0.07965908944606781,0.12729066610336304,45.59671401977539,0.6491327285766602
959,1154,0.13113635778427124,0.12409129738807678,46.99505615234375,0.6223520040512085
960,1132,0.12863636016845703,0.19673722982406616,44.07966232299805,0.6587680578231812
961,936,0.10636363923549652,0.1268644630908966,43.8835563659668,0.6637560129165649
962,692,0.07863636314868927,0.24200822412967682,52.00128173828125,0.5674232244491577
963,1068,0.12136363983154297,0.12712426483631134,39.019325256347656,0.7221351265907288
964,1221,0.13875000178813934,0.14103396236896515,47.149810791015625,0.6271316409111023
965,752,0.0854545459151268,0.18135040998458862,42.53262710571289,0.6869341135025024
966,730,0.08295454829931259,0.17068977653980255,48.63187789916992,0.6022146344184875
967,895,0.10170454531908035,0.14227576553821564,45.71714401245117,0.6403284668922424
968,1321,0.15011364221572876,0.15691900253295898,37.14999771118164,0.7439618110656738
969,1083,0.1230681836605072,0.1649530529975891,47.83219909667969,0.6162961721420288
970,650,0.07386363297700882,0.1806141585111618,49.40467071533203,0.5982347726821899
971,816,0.09272727370262146,0.1493343561887741,51.56712341308594,0.5637951493263245
972,1246,0.1415909081697464,0.12695208191871643,45.66673278808594,0.6417512893676758
973,893,0.10147727280855179,0.15848293900489807,42.3968391418457,0.6800330877304077
974,847,0.09624999761581421,0.15705545246601105,46.973976135253906,0.6287676095962524
975,738,0.08386363834142685,0.1516607701778412,49.54609298706055,0.5931576490402222
976,1237,0.14056818187236786,0.1580798178911209,38.18875503540039,0.7313868403434753
977,1193,0.13556818664073944,0.1582394540309906,49.730655670166016,0.5939684510231018
978,664,0.07545454800128937,0.181695356965065,45.3089599609375,0.6520408987998962
979,660,0.07500000298023224,0.1638491153717041,50.64797592163086,0.5700531005859375
980,1046,0.11886363476514816,0.12971597909927368,46.143943786621094,0.627932608127594
981,1226,0.13931818306446075,0.1932743638753891,41.81380081176758,0.688561201095581
982,946,0.10750000178813934,0.19913317263126373,47.21028518676758,0.6266495585441589
983,662,0.0752272754907608,0.17353002727031708,48.28860092163086,0.6105140447616577
984,939,0.10670454800128937,0.14219388365745544,43.07194900512695,0.673032820224762
985,1207,0.1371590942144394,0.13896527886390686,45.97928237915039,0.6400160789489746
986,774,0.08795454353094101,0.1373944878578186,38.51378631591797,0.7286919355392456
987,748,0.08500000089406967,0.13832123577594757,47.450462341308594,0.6247833371162415
988,798,0.09068182110786438,0.14714430272579193,49.881656646728516,0.5891832113265991
989,1294,0.14704544842243195,0.18016603589057922,42.45618438720703,0.6798819303512573
990,1091,0.12397727370262146,0.17331695556640625,49.626888275146484,0.5925816297531128
991,669,0.07602272927761078,0.14611731469631195,45.228694915771484,0.6524374485015869
992,697,0.07920454442501068,0.14064638316631317,51.57984161376953,0.5638197064399719
993,1169,0.13284091651439667,0.14012254774570465,44.43740463256836,0.6541590094566345
994,991,0.11261363327503204,0.18781830370426178,41.12734603881836,0.6962416172027588
995,884,0.10045454651117325,0.15526984632015228,46.48591995239258,0.6346954703330994
996,674,0.07659091055393219,0.2225300371646881,53.71826934814453,0.5420754551887512
997,1148,0.13045454025268555,0.14151746034622192,39.460880279541016,0.7128368020057678
998,1162,0.1320454478263855,0.1358470767736435,51.03831100463867,0.5772009491920471
999,670,0.07613636553287506,0.20645849406719208,44.54612350463867,0.6631448864936829
1000,670,0.07613636553287506,0.15344056487083435,50.58867645263672,0.5815690159797668
1001,915,0.103977270424366,0.16339945793151855,48.594425201416016,0.6063600182533264
1002,1291,0.1467045396566391,0.1570519357919693,39.640159606933594,0.7085604667663574
1003,1001,0.11375000327825546,0.15840017795562744,50.53934097290039,0.5850052833557129
1004,656,0.07454545795917511,0.1947626769542694,51.484352111816406,0.573084831237793
1005,849,0.09647727012634277,0.15708577632904053,46.51139831542969,0.635189950466156
1006,1203,0.13670454919338226,0.12932714819908142,49.10279846191406,0.600674569606781
1007,804,0.09136363863945007,0.22214080393314362,40.867679595947266,0.7038824558258057
1008,786,0.0893181785941124,0.14730200171470642,47.787227630615234,0.6214256286621094
1009,742,0.08431818336248398,0.1631801426410675,47.7537956237793,0.6171338558197021
1010,1169,0.13284091651439667,0.1532597690820694,40.0893440246582,0.7093989849090576
1011,1114,0.12659090757369995,0.20917169749736786,50.16005325317383,0.590760350227356
1012,652,0.07409090548753738,0.1361253559589386,44.714012145996094,0.6591715216636658
1013,644,0.07318181544542313,0.15231668949127197,52.446266174316406,0.5503751635551453
1014,1075,0.12215909361839294,0.12559948861598969,47.9713134765625,0.6090463995933533
1015,1085,0.12329545617103577,0.1798005849123001,39.33734893798828,0.7164008021354675
1016,881,0.1001136377453804,0.17789074778556824,44.99478530883789,0.6528512239456177
1017,654,0.07431818544864655,0.1696390062570572,49.68643569946289,0.5971956253051758
1018,959,0.10897727310657501,0.13997508585453033,42.63446807861328,0.6843206882476807
1019,1145,0.1301136314868927,0.1329348385334015,48.36766815185547,0.6042268872261047
1020,723,0.08215909451246262,0.16400082409381866,47.44580841064453,0.6240053772926331
1021,705,0.08011363446712494,0.1600978523492813,44.6460075378418,0.6559551358222961
1022,820,0.09318181872367859,0.14507415890693665,48.147789001464844,0.6100360155105591
1023,1261,0.14329545199871063,0.20980285108089447,40.106910705566406,0.7045578360557556
1024,1048,0.11909090727567673,0.15419074892997742,49.21432113647461,0.5991067290306091
1025,634,0.0720454528927803,0.18669161200523376,49.78844451904297,0.5891363620758057
1026,732,0.08318182080984116,0.13430660963058472,48.84348678588867,0.6017895936965942
1027,1184,0.1345454603433609,0.1422906517982483,48.657108306884766,0.6050154566764832
1028,887,0.1007954552769661,0.16538068652153015,39.30646514892578,0.7184145450592041
1029,824,0.09363636374473572,0.17998117208480835,50.71210861206055,0.5837206244468689
1030,695,0.07897727191448212,0.19450196623802185,51.780609130859375,0.5682493448257446
1031,1161,0.13193181157112122,0.16849103569984436,39.426307678222656,0.7161765098571777
1032,1145,0.1301136314868927,0.16623768210411072,48.56293869018555,0.6088081002235413
1033,628,0.07136363536119461,0.16602912545204163,50.24851989746094,0.5931411385536194
1034,635,0.07215908914804459,0.14833441376686096,43.9061279296875,0.6663646101951599
1035,965,0.1096590906381607,0.13971222937107086,46.50771713256836,0.6324852108955383
1036,1155,0.13124999403953552,0.18511570990085602,36.90571975708008,0.7466870546340942
1037,916,0.10409090667963028,0.16378101706504822,48.2885856628418,0.6136555075645447
1038,623,0.0707954540848732,0.17609569430351257,53.36221694946289,0.5490144491195679
1039,868,0.09863636642694473,0.1466551274061203,46.3858528137207,0.6341716051101685
1040,1160,0.13181817531585693,0.1332709640264511,44.86920928955078,0.6540933847427368
1041,739,0.08397727459669113,0.19114471971988678,40.955963134765625,0.7094618082046509
1042,719,0.08170454204082489,0.14018674194812775,49.9135856628418,0.5970250368118286
1043,746,0.08477272838354111,0.1636222004890442,48.06487274169922,0.6118156909942627
1044,1162,0.1320454478263855,0.14460335671901703,42.25947570800781,0.6807858347892761
1045,1042,0.11840908974409103,0.2067776471376419,48.103363037109375,0.6140276789665222
1046,651,0.0739772692322731,0.15993674099445343,47.06462478637695,0.6310476064682007
1047,641,0.07284090667963028,0.14846348762512207,47.71329116821289,0.6169840693473816
1048,1060,0.12045454233884811,0.12503965198993683,48.505069732666016,0.6027191281318665
1049,1026,0.11659090965986252,0.16663534939289093,40.637203216552734,0.6986388564109802
1050,850,0.09659090638160706,0.13600210845470428,47.05360412597656,0.6267771124839783
1051,631,0.07170454412698746,0.19628719985485077,52.29348373413086,0.5584995150566101
1052,1009,0.11465909332036972,0.12362216413021088,41.17103958129883,0.6962005496025085
1053,1098,0.12477272748947144,0.136153906583786,47.71831130981445,0.6167849898338318
1054,660,0.07500000298023224,0.16351227462291718,43.821067810058594,0.6682952046394348
1055,662,0.0752272754907608,0.16848865151405334,52.26980209350586,0.5675814747810364
1056,828,0.09409090876579285,0.14636574685573578,49.3611946105957,0.5941500067710876
1057,1193,0.13556818664073944,0.1625116765499115,37.11835479736328,0.7443004846572876
1058,964,0.10954545438289642,0.15986940264701843,46.043819427490234,0.6346468329429626
1059,612,0.0695454552769661,0.24908143281936646,46.70957946777344,0.6299680471420288
1060,759,0.08624999970197678,0.15142586827278137,50.8641357421875,0.5853109955787659
1061,1162,0.1320454478263855,0.1354026049375534,49.847816467285156,0.5897337198257446
1062,801,0.09102272987365723,0.14898742735385895,39.96685028076172,0.7119505405426025
1063,764,0.08681818097829819,0.14599984884262085,48.758697509765625,0.6067588925361633
1064,687,0.07806818187236786,0.17513611912727356,50.300655364990234,0.5867716670036316
1065,1094,0.1243181824684143,0.15453681349754333,40.8375358581543,0.694627583026886
1066,1065,0.12102272361516953,0.17987725138664246,49.03844451904297,0.6043980121612549
1067,626,0.07113636285066605,0.16684187948703766,45.69007110595703,0.6489639282226562
1068,608,0.06909091025590897,0.19629313051700592,48.725250244140625,0.6052932143211365
1069,998,0.11340909451246262,0.1453784704208374,45.6242790222168,0.6405677199363708
1070,1059,0.12034090608358383,0.17193958163261414,39.38950729370117,0.7118169069290161
1071,850,0.09659090638160706,0.18554148077964783,43.12571334838867,0.6798539757728577
1072,612,0.0695454552769661,0.1774674654006958,49.036102294921875,0.6071920990943909
1073,879,0.09988636523485184,0.21905291080474854,44.24210739135742,0.6611500382423401
1074,1106,0.1256818175315857,0.2188839316368103,46.54084014892578,0.6329187750816345
1075,698,0.07931818068027496,0.16148781776428223,42.76687240600586,0.6773241758346558
1076,674,0.07659091055393219,0.22928276658058167,56.23480987548828,0.5110827088356018
1077,760,0.08636363595724106,0.19944573938846588,47.687313079833984,0.6196522116661072
1078,1149,0.13056817650794983,0.18671730160713196,42.41123580932617,0.6803972125053406
1079,978,0.11113636195659637,0.17750905454158783,53.12834167480469,0.5486557483673096
1080,630,0.07159090787172318,0.14509324729442596,46.76435089111328,0.6265763640403748
1081,655,0.07443182170391083,0.16315679252147675,49.20216369628906,0.598227322101593
1082,1083,0.1230681836605072,0.1525149643421173,46.26658630371094,0.6361826658248901
1083,892,0.1013636365532875,0.1765051782131195,40.72847366333008,0.7038133144378662
1084,792,0.09000000357627869,0.17864051461219788,46.84584045410156,0.6316831111907959
1085,641,0.07284090667963028,0.1895262897014618,52.86985778808594,0.5507250428199768
1086,1052,0.11954545229673386,0.1701061725616455,42.68893051147461,0.6756261587142944
1087,1054,0.11977272480726242,0.14508987963199615,49.53599166870117,0.5980612635612488
1088,604,0.06863636523485184,0.18038341403007507,48.87033462524414,0.613036572933197
1089,618,0.07022727280855179,0.18132685124874115,56.79867172241211,0.5022812485694885
1090,873,0.09920454770326614,0.20851461589336395,44.039329528808594,0.6596288681030273
1091,1083,0.1230681836605072,0.16009145975112915,42.5699348449707,0.6817335486412048
1092,896,0.10181818157434464,0.19032862782478333,48.63814163208008,0.6096596717834473
1093,588,0.06681818515062332,0.18117639422416687,52.91020965576172,0.553945004940033
1094,791,0.0898863673210144,0.16834507882595062,51.37763214111328,0.5755568742752075
1095,1117,0.1269318163394928,0.1515091210603714,47.398162841796875,0.620281457901001
1096,724,0.0822727307677269,0.16568930447101593,44.964271545410156,0.6484800577163696
1097,704,0.07999999821186066,0.12505359947681427,53.895057678222656,0.5333353281021118
1098,705,0.08011363446712494,0.1576390415430069,49.80438995361328,0.5887210965156555
1099,1045,0.11874999850988388,0.18142923712730408,42.70856475830078,0.6701134443283081
1100,992,0.11272726953029633,0.1477012038230896,49.82560348510742,0.5954225659370422
1101,632,0.07181818038225174,0.19839631021022797,46.96597671508789,0.6316413879394531
1102,595,0.0676136389374733,0.20258574187755585,50.37977981567383,0.5899417400360107
1103,996,0.11318181455135345,0.1243792250752449,46.13436508178711,0.6356662511825562
1104,1021,0.11602272838354111,0.19003397226333618,41.62741470336914,0.6910492181777954
1105,792,0.09000000357627869,0.1825617253780365,47.15407180786133,0.6202428936958313
1106,600,0.06818182021379471,0.17979900538921356,51.76444625854492,0.5708504915237427
1107,924,0.10499999672174454,0.13663436472415924,43.47713851928711,0.665288507938385
1108,1045,0.11874999850988388,0.16726119816303253,47.653446197509766,0.6151421070098877
1109,649,0.07374999672174454,0.217757910490036,45.96804428100586,0.6421313881874084
1110,633,0.07193181663751602,0.2554262578487396,51.69612121582031,0.5700356364250183
1111,769,0.0873863622546196,0.1718876212835312,47.746002197265625,0.6148068308830261
1112,1115,0.12670454382896423,0.23137931525707245,41.53335952758789,0.694434404373169
1113,943,0.1071590930223465,0.23490837216377258,48.072994232177734,0.6152161359786987
1114,562,0.06386363506317139,0.17466436326503754,50.710662841796875,0.5858917236328125
1115,669,0.07602272927761078,0.13179202377796173,45.66914749145508,0.6521336436271667
1116,1104,0.12545454502105713,0.141557514667511,45.90642547607422,0.6412896513938904
1117,806,0.09159091114997864,0.20114855468273163,41.51253890991211,0.6922066807746887
1118,737,0.08375000208616257,0.13493838906288147,47.26062774658203,0.6319235563278198
1119,639,0.07261363416910172,0.17794592678546906,52.719032287597656,0.5557742714881897
1120,1023,0.11625000089406967,0.15589912235736847,43.211448669433594,0.671941339969635
1121,1020,0.11590909212827682,0.15560923516750336,48.149654388427734,0.6151047348976135
1122,599,0.06806818395853043,0.1384609192609787,51.02302932739258,0.5794996619224548
1123,589,0.0669318214058876,0.2120763063430786,53.426025390625,0.5395522713661194
1124,918,0.10431817919015884,0.15569376945495605,46.95889663696289,0.6232401728630066
1125,1026,0.11659090965986252,0.2007361203432083,40.664398193359375,0.7047309279441833
1126,829,0.09420454502105713,0.19474683701992035,44.472877502441406,0.6617637276649475
1127,578,0.0656818151473999,0.18397748470306396,49.55727767944336,0.5991570353507996
1128,795,0.09034091234207153,0.12946105003356934,45.35969543457031,0.6510717868804932
1129,1053,0.11965908855199814,0.1423114538192749,51.20186233520508,0.574113667011261
1130,676,0.07681818306446075,0.2569204866886139,49.51334762573242,0.5967553853988647
1131,661,0.07511363923549652,0.20637506246566772,54.17494201660156,0.5364823937416077
1132,713,0.0810227245092392,0.15669359266757965,47.78064727783203,0.6141967177391052
1133,1061,0.1205681785941124,0.19142763316631317,40.083797454833984,0.7079300880432129
1134,927,0.10534090548753738,0.2041425108909607,52.00713348388672,0.5603281855583191
1135,611,0.06943181902170181,0.14255736768245697,50.43373107910156,0.5886674523353577
1136,598,0.06795454770326614,0.16376721858978271,49.04965591430664,0.6061022877693176
1137,1006,0.11431818455457687,0.1640540361404419,45.62977981567383,0.6401206851005554
1138,930,0.10568182170391083,0.18346261978149414,40.898406982421875,0.6993415355682373
1139,762,0.08659090846776962,0.17389924824237823,46.94111251831055,0.630847156047821
1140,583,0.06624999642372131,0.2311222404241562,51.78944396972656,0.5687630772590637
1141,945,0.10738636553287506,0.14441658556461334,46.77348709106445,0.6315802335739136
1142,1000,0.11363636702299118,0.13382305204868317,50.839683532714844,0.5775782465934753
1143,572,0.06499999761581421,0.2505750060081482,46.26338195800781,0.630950927734375
1144,608,0.06909091025590897,0.1733245849609375,51.591243743896484,0.5743719935417175
1145,803,0.09125000238418579,0.14646583795547485,50.159481048583984,0.58488929271698
1146,1069,0.12147727608680725,0.20072919130325317,40.280616760253906,0.7130271792411804
1147,881,0.1001136377453804,0.18203884363174438,47.94558334350586,0.6145799160003662
1148,552,0.06272727251052856,0.19454963505268097,51.20053482055664,0.5745017528533936
1149,715,0.08124999701976776,0.15871617197990417,49.751983642578125,0.5977345705032349
1150,1062,0.12068181484937668,0.13946199417114258,47.45986557006836,0.6232569813728333
1151,723,0.08215909451246262,0.14436443150043488,42.091285705566406,0.6852257251739502
1152,681,0.07738636434078217,0.16507723927497864,47.735103607177734,0.6224662065505981
1153,654,0.07431818544864655,0.21584078669548035,52.79896545410156,0.5568286180496216
1154,988,0.1122727245092392,0.18529634177684784,43.81850051879883,0.6660372018814087
1155,940,0.10681818425655365,0.1578480303287506,51.02702713012695,0.5774012804031372
1156,601,0.06829545646905899,0.15013809502124786,40.506351470947266,0.7034240365028381
1157,552,0.06272727251052856,0.18041017651557922,47.44874572753906,0.6161168813705444
1158,962,0.10931818187236786,0.13633394241333008,45.213321685791016,0.6481278538703918
1159,963,0.10943181812763214,0.2015017569065094,39.22905731201172,0.7262701988220215
1160,766,0.08704545348882675,0.18566569685935974,45.090057373046875,0.6502077579498291
1161,555,0.06306818127632141,0.17786121368408203,51.454559326171875,0.5650056600570679
1162,841,0.09556818008422852,0.13330845534801483,48.07221984863281,0.6154924035072327
1163,1014,0.11522727459669113,0.14212100207805634,47.24905014038086,0.6242125034332275
1164,642,0.07295454293489456,0.21667346358299255,49.76350402832031,0.5862889289855957
1165,616,0.07000000029802322,0.21086783707141876,50.3864860534668,0.5843572020530701
1166,719,0.08170454204082489,0.18418940901756287,50.66067886352539,0.5815890431404114
1167,1032,0.11727272719144821,0.1777484118938446,45.87521743774414,0.6402320265769958
1168,902,0.10249999910593033,0.1851024627685547,49.937374114990234,0.5929189324378967
1169,544,0.06181818246841431,0.15686775743961334,49.42314529418945,0.5989376306533813
1170,605,0.06875000149011612,0.1718050241470337,49.268211364746094,0.6028286814689636
1171,1039,0.11806818097829819,0.1389569789171219,49.85687255859375,0.5876237750053406
1172,812,0.09227272868156433,0.22873809933662415,44.607269287109375,0.6549031734466553
1173,712,0.08090908825397491,0.1927509605884552,49.28558349609375,0.5992199182510376
1174,594,0.06750000268220901,0.1605815440416336,54.57138442993164,0.5337743759155273
1175,949,0.10784091055393219,0.1451089084148407,42.9804801940918,0.6692402362823486
1176,970,0.11022727191448212,0.16142596304416656,51.541717529296875,0.5754335522651672
1177,555,0.06306818127632141,0.1498510241508484,53.365081787109375,0.5409694314002991
1178,571,0.06488636136054993,0.15881678462028503,58.15375900268555,0.47419244050979614
1179,846,0.09613636136054993,0.15127874910831451,48.76402282714844,0.5970206260681152
1180,958,0.10886363685131073,0.21067605912685394,46.08502960205078,0.6439260244369507
1181,823,0.09352272748947144,0.16748321056365967,47.94832229614258,0.6179484128952026
1182,545,0.06193181872367859,0.1761937290430069,54.31472396850586,0.5360550880432129
1183,743,0.08443181961774826,0.17250113189220428,46.9476203918457,0.6318385004997253
1184,1016,0.1154545471072197,0.1489289104938507,49.306217193603516,0.5977624654769897
1185,682,0.07750000059604645,0.44279712438583374,41.953250885009766,0.6973209977149963
1186,632,0.07181818038225174,0.21557918190956116,56.20949172973633,0.5153510570526123
1187,655,0.07443182170391083,0.16009435057640076,50.973758697509766,0.5767887234687805
1188,973,0.11056818068027496,0.17023900151252747,44.90199279785156,0.6514880657196045
1189,896,0.10181818157434464,0.17125260829925537,48.241519927978516,0.6135537028312683
1190,600,0.06818182021379471,0.18905137479305267,43.40618133544922,0.6695214509963989
1191,544,0.06181818246841431,0.16480764746665955,51.93046569824219,0.5724809765815735
1192,949,0.10784091055393219,0.13136379420757294,45.702945709228516,0.643747866153717
1193,952,0.10818181931972504,0.17213766276836395,44.312740325927734,0.6648119688034058
1194,717,0.08147726953029633,0.17291578650474548,49.899505615234375,0.5973318815231323
1195,539,0.061250001192092896,0.15936295688152313,56.0782356262207,0.5117037892341614
1196,865,0.09829545766115189,0.1702030599117279,49.91981506347656,0.5943508148193359
1197,950,0.10795454680919647,0.15279245376586914,51.94493865966797,0.5681591629981995
1198,563,0.06397727131843567,0.27132648229599,52.55474090576172,0.5584797859191895
1199,590,0.06704545766115189,0.16416825354099274,53.70438766479492,0.5492203831672668
1200,741,0.0842045471072197,0.1601981371641159,48.13315963745117,0.6170937418937683
1201,1014,0.11522727459669113,0.17125484347343445,44.017295837402344,0.6670675873756409
1202,861,0.09784091264009476,0.16116908192634583,48.4724235534668,0.6082831621170044
1203,524,0.059545453637838364,0.20797458291053772,49.43779373168945,0.6023851633071899
1204,632,0.07181818038225174,0.13552062213420868,51.75398635864258,0.5710213780403137
1205,1029,0.11693181842565536,0.14113201200962067,49.443790435791016,0.5950800180435181
1206,729,0.08284091204404831,0.2204950898885727,43.70469665527344,0.6683135032653809
1207,670,0.07613636553287506,0.1519191414117813,46.183021545410156,0.6362959742546082
1208,603,0.06852272897958755,0.24553349614143372,51.921356201171875,0.5638083815574646
1209,926,0.1052272692322731,0.1528933346271515,44.45920944213867,0.6517729163169861
1210,899,0.10215909034013748,0.16051189601421356,51.469757080078125,0.5741932392120361
1211,566,0.06431818008422852,0.16640494763851166,49.604496002197266,0.6097531914710999
1212,530,0.06022727116942406,0.15883992612361908,52.41511535644531,0.5530335903167725
1213,883,0.10034091025590897,0.14523762464523315,45.9736442565918,0.6396661400794983
1214,897,0.10193181782960892,0.20335425436496735,39.398807525634766,0.7149917483329773
1215,742,0.08431818336248398,0.2541654109954834,42.42327117919922,0.686480700969696
1216,532,0.06045454367995262,0.18308930099010468,49.802772521972656,0.5969592332839966
1217,759,0.08624999970197678,0.1720014363527298,48.9183349609375,0.617639422416687
1218,976,0.11090908944606781,0.1641228348016739,52.81999206542969,0.5558189749717712
1219,627,0.07124999910593033,0.18700794875621796,42.39269256591797,0.6869831681251526
1220,600,0.06818182021379471,0.1723882108926773,50.54520034790039,0.5808017253875732
1221,677,0.07693181931972504,0.19838564097881317,49.85570526123047,0.5870198011398315
1222,981,0.11147727072238922,0.16800732910633087,44.49138641357422,0.6519847512245178
1223,867,0.09852273017168045,0.16475644707679749,50.71814727783203,0.5859102010726929
1224,527,0.05988636240363121,0.21463575959205627,46.54362106323242,0.6365370154380798
1225,559,0.06352272629737854,0.19745175540447235,52.916072845458984,0.5557917952537537
1226,984,0.11181817948818207,0.13174375891685486,48.571067810058594,0.6031569838523865
1227,822,0.09340909123420715,0.19431154429912567,45.20183563232422,0.6536245346069336
1228,672,0.07636363804340363,0.19050109386444092,47.87602996826172,0.6105464100837708
1229,537,0.06102272868156433,0.24480123817920685,52.31087112426758,0.5687251091003418
1230,882,0.10022727400064468,0.20275144279003143,48.33250427246094,0.6131726503372192
1231,921,0.10465908795595169,0.17755469679832458,53.219276428222656,0.5483230948448181
1232,530,0.06022727116942406,0.16420231759548187,44.27866744995117,0.6674489378929138
1233,550,0.0625,0.16801822185516357,53.662288665771484,0.535686731338501
1234,798,0.09068182110786438,0.1453295797109604,44.778499603271484,0.655705451965332
1235,935,0.10625000298023224,0.19249741733074188,45.95273971557617,0.6416310667991638
1236,793,0.09011363983154297,0.2210346907377243,47.94852828979492,0.6122658848762512
1237,520,0.059090908616781235,0.1598558872938156,49.96257019042969,0.5997881293296814
1238,678,0.07704545557498932,0.15292394161224365,48.31012725830078,0.6178274750709534
1239,981,0.11147727072238922,0.13000686466693878,50.26892852783203,0.5871155261993408
1240,675,0.07670454680919647,0.3092176914215088,39.881309509277344,0.710356593132019
1241,620,0.07045454531908035,0.17037028074264526,44.752777099609375,0.6577175855636597
1242,607,0.06897727400064468,0.32236066460609436,51.061317443847656,0.5679550766944885
1243,911,0.10352272540330887,0.17695342004299164,46.06364822387695,0.6405537128448486
1244,860,0.09772727638483047,0.1919480413198471,50.524810791015625,0.5878331661224365
1245,564,0.06409090757369995,0.15878060460090637,54.449214935302734,0.530709981918335
1246,510,0.05795454606413841,0.20310348272323608,51.17021942138672,0.5720739364624023
1247,894,0.10159090906381607,0.15494495630264282,47.750640869140625,0.6189836859703064
1248,892,0.1013636365532875,0.19724756479263306,37.903175354003906,0.7365739345550537
1249,705,0.08011363446712494,0.24465297162532806,49.009761810302734,0.6115528345108032
1250,522,0.0593181811273098,0.1890559196472168,54.19535446166992,0.5402474403381348
1251,797,0.0905681848526001,0.16316774487495422,46.006832122802734,0.6438356637954712
1252,917,0.10420454293489456,0.16210965812206268,49.84529495239258,0.5900744199752808
1253,575,0.06534090638160706,0.24223433434963226,53.31389236450195,0.5441035628318787
1254,575,0.06534090638160706,0.2508922219276428,57.38785171508789,0.49505117535591125
1255,706,0.08022727072238922,0.17168642580509186,48.88560104370117,0.604259729385376
1256,957,0.10875000059604645,0.20795707404613495,44.27927017211914,0.6625732183456421
1257,822,0.09340909123420715,0.16323456168174744,45.61211395263672,0.645343542098999
1258,494,0.0561363622546196,0.17668932676315308,47.732261657714844,0.6191184520721436
1259,562,0.06386363506317139,0.15266841650009155,50.80982208251953,0.5829090476036072
1260,966,0.10977272689342499,0.14497965574264526,48.68399429321289,0.6080927848815918
1261,740,0.08409091085195541,0.21428626775741577,46.69355392456055,0.6217044591903687
1262,628,0.07136363536119461,0.17847470939159393,55.33955764770508,0.523815929889679
1263,544,0.06181818246841431,0.1980821192264557,51.229888916015625,0.5746107697486877
1264,864,0.0981818214058876,0.18797677755355835,50.23369216918945,0.5884890556335449
1265,869,0.09875000268220901,0.18244434893131256,48.4034309387207,0.6108555793762207
1266,524,0.059545453637838364,0.16340206563472748,47.17835235595703,0.6265079379081726
1267,511,0.058068182319402695,0.18794307112693787,51.8764533996582,0.5591250061988831
1268,812,0.09227272868156433,0.14269091188907623,43.11946105957031,0.6729683876037598
1269,835,0.09488636255264282,0.17718197405338287,44.18608856201172,0.6678964495658875
1270,732,0.08318182080984116,0.2074064016342163,51.037147521972656,0.5858587622642517
1271,508,0.05772727355360985,0.17320667207241058,49.89893341064453,0.5952093601226807
1272,700,0.07954545319080353,0.1827271580696106,48.737945556640625,0.6118714213371277
1273,939,0.10670454800128937,0.13992978632450104,53.551788330078125,0.5396810173988342
1274,634,0.0720454528927803,0.2060876339673996,40.6585807800293,0.7029680609703064
1275,582,0.06613636016845703,0.14463947713375092,53.38033676147461,0.5451838374137878
1276,621,0.07056818157434464,0.16013593971729279,52.29410934448242,0.5590786933898926
1277,922,0.10477272421121597,0.20665030181407928,47.17424392700195,0.6222360134124756
1278,821,0.09329545497894287,0.21928656101226807,49.85783767700195,0.5938148498535156
1279,515,0.058522727340459824,0.17188186943531036,51.33732604980469,0.5759484767913818
1280,518,0.05886363610625267,0.1865086704492569,55.70433044433594,0.5213639736175537
1281,902,0.10249999910593033,0.16007329523563385,48.69368362426758,0.6057279706001282
1282,817,0.09284090995788574,0.20155468583106995,43.0164794921875,0.6827021241188049
1283,658,0.07477273046970367,0.1787780523300171,51.208255767822266,0.5676538944244385
1284,502,0.057045456022024155,0.2234429568052292,54.8068733215332,0.5367670059204102
1285,797,0.0905681848526001,0.1484033316373825,48.402381896972656,0.6101923584938049
1286,864,0.0981818214058876,0.18453219532966614,50.74714660644531,0.5854979753494263
1287,523,0.05943181738257408,0.16435426473617554,48.29966735839844,0.6172552704811096
1288,537,0.06102272868156433,0.1997443586587906,54.31881332397461,0.5391167402267456
1289,741,0.0842045471072197,0.12491148710250854,48.62101364135742,0.6049818396568298
1290,910,0.10340908914804459,0.2319508045911789,45.26430892944336,0.6564999222755432
1291,778,0.08840908855199814,0.17145949602127075,53.57939147949219,0.5472474098205566
1292,495,0.05624999850988388,0.1590619683265686,47.99319839477539,0.6169856190681458
1293,611,0.06943181902170181,0.17042872309684753,52.72560501098633,0.5642645955085754
1294,948,0.10772727429866791,0.13089343905448914,52.95473861694336,0.5544411540031433
1295,673,0.07647727429866791,0.21132734417915344,49.88607406616211,0.5847811698913574
1296,606,0.0688636377453804,0.17319786548614502,44.93054962158203,0.6589341759681702
1297,563,0.06397727131843567,0.19819511473178864,53.7664909362793,0.5373867750167847
1298,859,0.0976136326789856,0.15864603221416473,49.572776794433594,0.5921239852905273
1299,816,0.09272727370262146,0.20820507407188416,53.12601089477539,0.5557679533958435
1300,533,0.0605681836605072,0.17002186179161072,51.86388397216797,0.5600967407226562
1301,495,0.05624999850988388,0.16698001325130463,50.96759033203125,0.5763550400733948
1302,837,0.09511363506317139,0.12723107635974884,46.176998138427734,0.6390216946601868
1303,829,0.09420454502105713,0.21181002259254456,46.967411041259766,0.6249343752861023
1304,678,0.07704545557498932,0.1898365467786789,48.344913482666016,0.6138085126876831
1305,499,0.05670454725623131,0.17474797368049622,53.169105529785156,0.5537093281745911
1306,715,0.08124999701976776,0.15454891324043274,54.861663818359375,0.5249216556549072
1307,899,0.10215909034013748,0.1317654252052307,52.6097297668457,0.556526243686676
1308,574,0.06522727012634277,0.18227733671665192,49.3553581237793,0.6056147217750549
1309,546,0.06204545497894287,0.23742297291755676,57.95885467529297,0.48820388317108154
1310,652,0.07409090548753738,0.15027154982089996,48.833709716796875,0.6020411849021912
1311,895,0.10170454531908035,0.21710948646068573,43.10347366333008,0.6754316091537476
1312,789,0.08965908735990524,0.1699482798576355,54.0871467590332,0.5407288670539856
1313,479,0.054431818425655365,0.158333882689476,50.77480697631836,0.5879852771759033
1314,521,0.05920454487204552,0.2350655049085617,53.496280670166016,0.5509955883026123
1315,925,0.10511363297700882,0.1443144679069519,54.42976379394531,0.5264870524406433
1316,740,0.08409091085195541,0.1889335811138153,46.560821533203125,0.6257961392402649
1317,607,0.06897727400064468,0.14303015172481537,51.53449249267578,0.5695513486862183
1318,511,0.058068182319402695,0.16793957352638245,56.48200225830078,0.5096057653427124
1319,819,0.0930681824684143,0.18929843604564667,45.13627624511719,0.6464120149612427
1320,819,0.0930681824684143,0.16746272146701813,53.014976501464844,0.5502153038978577
1321,512,0.05818181857466698,0.1488415151834488,48.7577018737793,0.6092652082443237
1322,507,0.057613637298345566,0.25260964035987854,49.3156623840332,0.5970342755317688
1323,765,0.08693181723356247,0.1695689707994461,46.309207916259766,0.6321679353713989
1324,824,0.09363636374473572,0.2014358937740326,45.58456802368164,0.650744616985321
1325,717,0.08147726953029633,0.2123822271823883,45.6403923034668,0.6470907330513
1326,502,0.057045456022024155,0.2041233330965042,49.42325973510742,0.6048498749732971
1327,640,0.072727270424366,0.1695510894060135,50.756168365478516,0.5821131467819214
1328,924,0.10499999672174454,0.2872816026210785,48.015586853027344,0.6175559163093567
1329,627,0.07124999910593033,0.22604763507843018,39.69049072265625,0.7098368406295776
1330,565,0.06420454382896423,0.15647317469120026,55.43608093261719,0.5256919264793396
1331,580,0.06590908765792847,0.1781141757965088,51.89630126953125,0.5675318837165833
1332,857,0.09738636016845703,0.22429008781909943,47.13142395019531,0.6226000189781189
1333,782,0.08886363357305527,0.1571142077445984,48.5842399597168,0.6056051850318909
1334,507,0.057613637298345566,0.15435504913330078,52.57425308227539,0.5589095950126648
1335,477,0.0542045459151268,0.18792830407619476,56.27865219116211,0.515140950679779
1336,858,0.09749999642372131,0.1393471360206604,48.600685119628906,0.6049870848655701
1337,813,0.09238636493682861,0.19950933754444122,45.54964065551758,0.6532063484191895
1338,633,0.07193181663751602,0.20722056925296783,51.94026565551758,0.5684401988983154
1339,491,0.05579545348882675,0.16859857738018036,58.33888244628906,0.4859136641025543
1340,752,0.0854545459151268,0.19182096421718597,46.486053466796875,0.6368715167045593
1341,827,0.09397727251052856,0.20314976572990417,51.975704193115234,0.5620754361152649
1342,522,0.0593181811273098,0.1881023496389389,45.73686981201172,0.6453035473823547
1343,517,0.05874999985098839,0.23375745117664337,53.76222229003906,0.5477976202964783
1344,681,0.07738636434078217,0.1619175672531128,46.605857849121094,0.6312275528907776
1345,873,0.09920454770326614,0.22082145512104034,45.88576889038086,0.6541205048561096
1346,755,0.08579545468091965,0.21055474877357483,45.525211334228516,0.6460418701171875
1347,481,0.05465909093618393,0.16381241381168365,50.194419860839844,0.5912601947784424
1348,531,0.06034090742468834,0.1649385243654251,47.09712600708008,0.6281720995903015
1349,915,0.103977270424366,0.14805886149406433,47.17398452758789,0.6284295320510864
1350,668,0.0759090930223465,0.2018110752105713,43.29396438598633,0.6659916639328003
1351,577,0.06556817889213562,0.17077380418777466,50.52137756347656,0.5837105512619019
1352,520,0.059090908616781235,0.19756703078746796,53.89247512817383,0.5375115871429443
1353,795,0.09034091234207153,0.18131251633167267,45.43138885498047,0.6572341918945312
1354,785,0.08920454233884811,0.18272316455841064,52.18140411376953,0.5632873773574829
1355,503,0.05715909227728844,0.18185777962207794,50.346736907958984,0.5856143236160278
1356,483,0.054886363446712494,0.19130875170230865,53.3588752746582,0.5418540835380554
1357,799,0.09079545736312866,0.1491028070449829,48.778873443603516,0.5995859503746033
1358,784,0.08909090608358383,0.3388653099536896,52.001502990722656,0.5625963807106018
1359,670,0.07613636553287506,0.27320197224617004,48.58821487426758,0.6077880859375
1360,493,0.056022725999355316,0.17118322849273682,53.00951385498047,0.5577531456947327
1361,670,0.07613636553287506,0.1573866605758667,52.02775955200195,0.5597413182258606
1362,872,0.09909091144800186,0.15010987222194672,54.237220764160156,0.5373387932777405
1363,566,0.06431818008422852,0.20487013459205627,43.8639030456543,0.671700656414032
1364,523,0.05943181738257408,0.26185286045074463,50.81226348876953,0.5908865928649902
1365,607,0.06897727400064468,0.15892866253852844,48.40550231933594,0.6023291349411011
1366,856,0.09727272391319275,0.18465685844421387,47.49518966674805,0.6088082790374756
1367,749,0.08511363714933395,0.23661471903324127,53.48249816894531,0.5517162680625916
1368,465,0.052840910851955414,0.1924474686384201,47.83061981201172,0.6166262030601501
1369,486,0.05522727221250534,0.22816678881645203,52.66866683959961,0.5674763917922974
1370,876,0.09954545646905899,0.1386634111404419,50.83138656616211,0.5713891386985779
1371,745,0.08465909212827682,0.24841094017028809,46.235172271728516,0.6306225657463074
1372,584,0.0663636326789856,0.18941956758499146,55.79811096191406,0.519794225692749
1373,485,0.05511363595724106,0.2331920713186264,53.82566833496094,0.5422699451446533
1374,752,0.0854545459151268,0.1435554474592209,52.67094421386719,0.5538497567176819
1375,790,0.08977272361516953,0.14309248328208923,50.9171028137207,0.5802908539772034
1376,501,0.05693181976675987,0.19260665774345398,47.65595626831055,0.6170921325683594
1377,496,0.05636363476514816,0.16019569337368011,49.972164154052734,0.5886254906654358
1378,714,0.08113636076450348,0.14765360951423645,50.28139877319336,0.5892956256866455
1379,803,0.09125000238418579,0.29348522424697876,48.320308685302734,0.6168285608291626
1380,703,0.07988636195659637,0.17937591671943665,53.642356872558594,0.5473526120185852
1381,477,0.0542045459151268,0.16660676896572113,46.39779281616211,0.6340426802635193
1382,589,0.0669318214058876,0.1618579775094986,55.494815826416016,0.5227993130683899
1383,890,0.10113636404275894,0.14640526473522186,50.584049224853516,0.5855955481529236
1384,613,0.06965909153223038,0.22158655524253845,45.09870147705078,0.6551270484924316
1385,536,0.06090909242630005,0.17742857336997986,55.451297760009766,0.52121502161026
1386,539,0.061250001192092896,0.17914065718650818,50.890785217285156,0.5790501236915588
1387,793,0.09011363983154297,0.20881861448287964,47.54677200317383,0.6202173829078674
1388,744,0.08454545587301254,0.17293332517147064,52.07633972167969,0.5731901526451111
1389,478,0.05431818217039108,0.16224472224712372,47.05664825439453,0.6173661947250366
1390,464,0.05272727087140083,0.19375330209732056,58.852882385253906,0.47120657563209534
1391,805,0.09147727489471436,0.1396114081144333,50.616878509521484,0.5789976716041565
1392,780,0.0886363610625267,0.24020227789878845,47.23591613769531,0.6262931823730469
1393,622,0.07068181782960892,0.23272523283958435,52.957916259765625,0.5527422428131104
1394,476,0.05409090965986252,0.19130729138851166,54.05720520019531,0.5385298132896423
1395,691,0.07852272689342499,0.17026349902153015,53.388980865478516,0.5554872751235962
1396,800,0.09090909361839294,0.1538705676794052,55.291160583496094,0.5236568450927734
1397,509,0.05784090980887413,0.1967427134513855,51.327552795410156,0.572399377822876
1398,493,0.056022725999355316,0.1895204335451126,57.346981048583984,0.504034161567688
1399,633,0.07193181663751602,0.20195791125297546,46.46745300292969,0.6313992142677307
1400,817,0.09284090995788574,0.21810048818588257,42.73926544189453,0.6815357208251953
1401,711,0.08079545199871063,0.17625698447227478,50.21489715576172,0.5902172327041626
1402,458,0.05204545333981514,0.16074323654174805,46.600074768066406,0.6249028444290161
1403,483,0.054886363446712494,0.20724612474441528,51.22456741333008,0.5799641609191895
1404,884,0.10045454651117325,0.15500575304031372,51.4288444519043,0.5674875378608704
1405,671,0.07625000178813934,0.1947382539510727,46.932987213134766,0.6155980825424194
1406,547,0.06215909123420715,0.23786161839962006,50.47480010986328,0.5902417898178101
1407,480,0.05454545468091965,0.1974467933177948,51.40876388549805,0.5703875422477722
1408,759,0.08624999970197678,0.2084183692932129,48.95649719238281,0.5990490317344666
1409,761,0.08647727221250534,0.176955446600914,53.26832962036133,0.5527215003967285
1410,490,0.05568181723356247,0.20848898589611053,50.437965393066406,0.5816729664802551
1411,465,0.052840910851955414,0.17639018595218658,49.888912200927734,0.5865550637245178
1412,752,0.0854545459151268,0.13722600042819977,50.453407287597656,0.580878734588623
1413,749,0.08511363714933395,0.23184731602668762,44.881019592285156,0.6541534066200256
1414,650,0.07386363297700882,0.2523016035556793,44.715187072753906,0.6566274762153625
1415,477,0.0542045459151268,0.19858106970787048,54.35857009887695,0.5368204712867737
1416,628,0.07136363536119461,0.20683765411376953,54.56351852416992,0.5395568013191223
1417,851,0.09670454263687134,0.1456805169582367,50.88401412963867,0.583119809627533
1418,575,0.06534090638160706,0.22747845947742462,43.34981918334961,0.6752970814704895
1419,502,0.057045456022024155,0.1666962206363678,54.735111236572266,0.5315835475921631
1420,560,0.06363636255264282,0.15656544268131256,50.33608627319336,0.5888017416000366
1421,808,0.0918181836605072,0.19446396827697754,47.4444580078125,0.6106012463569641
1422,720,0.08181817829608917,0.19551068544387817,52.30404281616211,0.5657615065574646
1423,454,0.05159090831875801,0.15520153939723969,49.417564392089844,0.5906254053115845
1424,461,0.052386362105607986,0.17636431753635406,53.982845306396484,0.5455082654953003
1425,820,0.09318181872367859,0.162810817360878,50.00357437133789,0.5844293236732483
1426,748,0.08500000089406967,0.21357232332229614,48.00790023803711,0.6128839254379272
1427,573,0.06511363387107849,0.24049201607704163,53.2287712097168,0.5550554990768433
1428,463,0.05261363461613655,0.17626544833183289,54.344635009765625,0.5360124111175537
1429,699,0.07943181693553925,0.15792517364025116,49.87394332885742,0.597689688205719
1430,756,0.08590909093618393,0.22126507759094238,50.88725662231445,0.5867191553115845
1431,493,0.056022725999355316,0.18726879358291626,51.3532829284668,0.5728983283042908
1432,476,0.05409090965986252,0.18862199783325195,59.68183898925781,0.47425001859664917
1433,659,0.07488636672496796,0.14913806319236755,52.772315979003906,0.5511786937713623
1434,798,0.09068182110786438,0.20493003726005554,43.711090087890625,0.6768355965614319
1435,672,0.07636363804340363,0.19822987914085388,52.23112487792969,0.5699330568313599
1436,462,0.05249999836087227,0.14270645380020142,50.35762023925781,0.5932207703590393
1437,510,0.05795454606413841,0.17238613963127136,47.45104217529297,0.6262223720550537
1438,852,0.09681817889213562,0.17955486476421356,49.851806640625,0.5898452401161194
1439,621,0.07056818157434464,0.14986629784107208,42.504798889160156,0.6839633584022522
1440,520,0.059090908616781235,0.2696554958820343,54.28226852416992,0.5386403203010559
1441,495,0.05624999850988388,0.17764952778816223,51.296630859375,0.575851559638977
1442,743,0.08443181961774826,0.32696110010147095,47.60829162597656,0.6207932233810425
1443,733,0.08329545706510544,0.19935892522335052,51.61851501464844,0.5743814706802368
1444,461,0.052386362105607986,0.18320851027965546,45.95820617675781,0.6347565650939941
1445,445,0.05056818202137947,0.1682465821504593,52.824066162109375,0.5578013062477112
1446,770,0.08749999850988388,0.12903933227062225,50.27949523925781,0.5808664560317993
1447,737,0.08375000208616257,0.20935556292533875,53.206459045410156,0.542747437953949
1448,617,0.0701136365532875,0.1946510523557663,52.032958984375,0.573384165763855
1449,469,0.05329545587301254,0.18804247677326202,56.27067565917969,0.5139942765235901
1450,647,0.07352272421121597,0.18510322272777557,53.45560073852539,0.5429520606994629
1451,804,0.09136363863945007,0.14337721467018127,55.33437728881836,0.5251451730728149
1452,509,0.05784090980887413,0.19126684963703156,43.61639404296875,0.6711621880531311
1453,468,0.05318181961774826,0.21443606913089752,54.379783630371094,0.534650981426239
1454,598,0.06795454770326614,0.15794920921325684,52.60625457763672,0.5554226040840149
1455,782,0.08886363357305527,0.18870878219604492,44.86377716064453,0.6523330807685852
1456,690,0.0784090906381607,0.19237245619297028,49.122108459472656,0.609115719795227
1457,440,0.05000000074505806,0.20874200761318207,49.45462417602539,0.5963448286056519
1458,451,0.051249999552965164,0.2523750066757202,50.644527435302734,0.586708128452301
1459,833,0.09465909004211426,0.17281994223594666,50.6354866027832,0.5824623703956604
1460,674,0.07659091055393219,0.24862328171730042,47.33028030395508,0.6273878812789917
1461,525,0.059659089893102646,0.2235817313194275,53.215518951416016,0.5498234033584595
1462,462,0.05249999836087227,0.1666424572467804,56.60547637939453,0.5044028759002686
1463,718,0.08159090578556061,0.22822971642017365,51.194854736328125,0.5737266540527344
1464,736,0.08363636583089828,0.1862366795539856,51.790340423583984,0.5708744525909424
1465,486,0.05522727221250534,0.27607518434524536,50.26689529418945,0.5868135094642639
1466,457,0.05193181708455086,0.2511417269706726,51.78141403198242,0.5707964897155762
1467,708,0.08045454323291779,0.18385504186153412,52.273075103759766,0.5647376775741577
1468,743,0.08443181961774826,0.22527974843978882,48.11274337768555,0.6198045611381531
1469,632,0.07181818038225174,0.20578181743621826,46.763919830322266,0.6360101699829102
1470,460,0.052272725850343704,0.18461136519908905,52.9517707824707,0.5489422678947449
1471,570,0.06477272510528564,0.18734310567378998,52.963279724121094,0.5632582902908325
1472,825,0.09375,0.15568499267101288,48.13737869262695,0.6151092648506165
1473,576,0.06545454263687134,0.27100637555122375,53.38726806640625,0.5450158715248108
1474,473,0.05375000089406967,0.16331474483013153,55.68315887451172,0.5192572474479675
1475,515,0.058522727340459824,0.17847932875156403,50.85407638549805,0.5818201899528503
1476,746,0.08477272838354111,0.20529243350028992,50.30852127075195,0.5889045596122742
1477,700,0.07954545319080353,0.18516363203525543,50.592041015625,0.5879859328269958
1478,447,0.050795454531908035,0.20564408600330353,50.51676940917969,0.5735259056091309
1479,434,0.049318183213472366,0.24027995765209198,51.610103607177734,0.5751125812530518
1480,780,0.0886363610625267,0.167708620429039,52.46907043457031,0.5578758120536804
1481,750,0.08522727340459824,0.2239917516708374,49.230743408203125,0.5995073318481445
1482,567,0.0644318163394928,0.19388805329799652,49.81278991699219,0.5953065752983093
1483,460,0.052272725850343704,0.15599219501018524,53.41713333129883,0.5490371584892273
1484,658,0.07477273046970367,0.1922968477010727,54.82526779174805,0.5289989113807678
1485,753,0.08556818217039108,0.14680881798267365,51.7296028137207,0.5690362453460693
1486,483,0.054886363446712494,0.21144869923591614,48.10328674316406,0.6195753812789917
1487,443,0.050340909510850906,0.1816457062959671,58.39107894897461,0.4966110587120056
1488,626,0.07113636285066605,0.1730942577123642,49.5004997253418,0.5933040976524353
1489,744,0.08454545587301254,0.16481873393058777,41.9075927734375,0.6877102851867676
1490,638,0.07249999791383743,0.2470085620880127,51.12804412841797,0.5777695775032043
1491,446,0.05068181827664375,0.20866237580776215,46.160030364990234,0.6310901045799255
1492,462,0.05249999836087227,0.1778692603111267,58.14007568359375,0.49013835191726685
1493,821,0.09329545497894287,0.14414408802986145,50.25677490234375,0.5894800424575806
1494,626,0.07113636285066605,0.1911102831363678,50.76995086669922,0.5621214509010315
1495,479,0.054431818425655365,0.1803247481584549,54.65481948852539,0.5339621305465698
1496,470,0.053409092128276825,0.19089296460151672,55.791927337646484,0.514003336429596
1497,696,0.0790909081697464,0.1514815241098404,51.98050308227539,0.5679673552513123
1498,703,0.07988636195659637,0.1939813494682312,50.74635314941406,0.5881388187408447
1499,459,0.05215908959507942,0.2123832255601883,54.092891693115234,0.5370404124259949
1500,431,0.04897727444767952,0.2548576295375824,52.058406829833984,0.5742713212966919
1501,722,0.08204545825719833,0.18008679151535034,50.24769973754883,0.5856290459632874
1502,707,0.0803409069776535,0.21516390144824982,52.01382827758789,0.5654852390289307
1503,590,0.06704545766115189,0.20373885333538055,49.0843391418457,0.6104334592819214
1504,459,0.05215908959507942,0.18845120072364807,56.987247467041016,0.5031582713127136
1505,592,0.06727273017168045,0.18394309282302856,51.27816390991211,0.5736368894577026
1506,793,0.09011363983154297,0.16266773641109467,53.16484069824219,0.5548125505447388
1507,510,0.05795454606413841,0.376825213432312,50.17683410644531,0.5895641446113586
1508,443,0.050340909510850906,0.20808014273643494,50.106380462646484,0.60224848985672
1509,553,0.06284090876579285,0.16977064311504364,53.67451858520508,0.5377813577651978
1510,745,0.08465909212827682,0.20307491719722748,47.367897033691406,0.6153497099876404
1511,662,0.0752272754907608,0.17790351808071136,48.94091033935547,0.6126990914344788
1512,435,0.04943181946873665,0.28843387961387634,49.582359313964844,0.6000785231590271
1513,422,0.04795454442501068,0.22004148364067078,61.3143310546875,0.4510904550552368
1514,787,0.08943181484937668,0.15031228959560394,50.95017623901367,0.5744807124137878
1515,686,0.07795454561710358,0.2839580774307251,50.49082565307617,0.591197669506073
1516,521,0.05920454487204552,0.16349075734615326,44.97925567626953,0.6602712869644165
1517,449,0.0510227270424366,0.18896923959255219,53.8540153503418,0.5352501273155212
1518,665,0.07556818425655365,0.31564825773239136,58.80123519897461,0.4759264588356018
1519,715,0.08124999701976776,0.17491748929023743,52.30202102661133,0.5634521245956421
1520,473,0.05375000089406967,0.21083427965641022,49.051815032958984,0.6039203405380249
1521,430,0.04886363819241524,0.2668386399745941,50.61101150512695,0.5856505036354065
1522,665,0.07556818425655365,0.1462688446044922,51.52522277832031,0.5731400847434998
1523,733,0.08329545706510544,0.23778410255908966,45.86787033081055,0.6358276009559631
1524,626,0.07113636285066605,0.23855920135974884,55.32469940185547,0.5226658582687378
1525,442,0.050227273255586624,0.17352288961410522,53.41756820678711,0.5478308200836182
1526,489,0.05556818097829819,0.20546002686023712,59.48924255371094,0.47319620847702026
1527,799,0.09079545736312866,0.16773627698421478,51.54696273803711,0.5768056511878967
1528,582,0.06613636016845703,0.2326824963092804,42.163150787353516,0.6877858638763428
1529,457,0.05193181708455086,0.24689477682113647,57.75895309448242,0.48939061164855957
1530,483,0.054886363446712494,0.19705265760421753,55.295066833496094,0.5247074365615845
1531,695,0.07897727191448212,0.19173461198806763,56.20585632324219,0.5010089874267578
1532,676,0.07681818306446075,0.22733166813850403,55.49492645263672,0.5221152901649475
1533,437,0.04965909197926521,0.1581774353981018,48.45925521850586,0.6040058135986328
1534,403,0.04579545557498932,0.1865071952342987,48.527183532714844,0.6125100255012512
1535,744,0.08454545587301254,0.1571887582540512,49.39813232421875,0.5990075469017029
1536,710,0.08068181574344635,0.26267993450164795,53.082096099853516,0.5401186943054199
1537,547,0.06215909123420715,0.19490022957324982,53.10432434082031,0.5534870028495789
1538,454,0.05159090831875801,0.2070421278476715,55.00635528564453,0.5302067995071411
1539,614,0.06977272778749466,0.22439740598201752,58.66730880737305,0.4768828749656677
1540,732,0.08318182080984116,0.15449762344360352,52.631282806396484,0.557543158531189
1541,471,0.05352272838354111,0.19522763788700104,49.584075927734375,0.597140371799469
1542,409,0.04647727310657501,0.1914670467376709,55.35798645019531,0.5258298516273499
1543,589,0.0669318214058876,0.19164428114891052,52.059818267822266,0.5661245584487915
1544,714,0.08113636076450348,0.20733745396137238,54.025779724121094,0.5398499965667725
1545,619,0.07034090906381607,0.23918390274047852,49.183753967285156,0.6042866110801697
1546,417,0.04738636314868927,0.2118023931980133,47.86280059814453,0.6167207956314087
1547,430,0.04886363819241524,0.2541203200817108,54.17898941040039,0.5375588536262512
1548,779,0.08852272480726242,0.15014337003231049,52.17466735839844,0.563330352306366
1549,628,0.07136363536119461,0.2371235191822052,46.48237991333008,0.6340646147727966
1550,467,0.05306818336248398,0.19441726803779602,58.097747802734375,0.49487224221229553
1551,445,0.05056818202137947,0.1698741316795349,50.39009094238281,0.5857502818107605
1552,674,0.07659091055393219,0.18334923684597015,51.14741134643555,0.5800068378448486
1553,674,0.07659091055393219,0.16362766921520233,53.1469612121582,0.550331711769104
1554,442,0.050227273255586624,0.21631546318531036,49.22176742553711,0.5905129909515381
1555,411,0.04670454561710358,0.17733803391456604,51.99376678466797,0.5723497271537781
1556,680,0.07727272808551788,0.1820271611213684,50.595359802246094,0.5841413736343384
1557,693,0.07874999940395355,0.17511999607086182,54.82688522338867,0.5265824198722839
1558,579,0.06579545140266418,0.2167273908853531,52.29673767089844,0.5673675537109375
1559,440,0.05000000074505806,0.1824137270450592,53.11284255981445,0.5558153390884399
1560,535,0.06079545617103577,0.19533921778202057,56.98016357421875,0.4985777735710144
1561,770,0.08749999850988388,0.14671599864959717,51.250953674316406,0.5883803963661194
1562,524,0.059545453637838364,0.25731468200683594,48.39421463012695,0.6142487525939941
1563,430,0.04886363819241524,0.17690223455429077,55.61430358886719,0.5183696746826172
1564,513,0.05829545482993126,0.18416064977645874,50.53642654418945,0.5843907594680786
1565,702,0.07977272570133209,0.190015509724617,48.308895111083984,0.6148171424865723
1566,643,0.07306817919015884,0.1903361976146698,48.97567367553711,0.6080336570739746
1567,419,0.047613635659217834,0.17659351229667664,51.24226379394531,0.5782157182693481
1568,390,0.04431818053126335,0.1966336965560913,50.35700988769531,0.5904505252838135
1569,750,0.08522727340459824,0.22844204306602478,52.29674530029297,0.5626636743545532
1570,688,0.07818181812763214,0.23666098713874817,50.3889274597168,0.5835607051849365
1571,511,0.058068182319402695,0.22830219566822052,55.62267303466797,0.5231091976165771
1572,435,0.04943181946873665,0.22282055020332336,55.57268142700195,0.5250463485717773
1573,616,0.07000000029802322,0.16744709014892578,53.19727325439453,0.557197630405426
1574,697,0.07920454442501068,0.18417136371135712,53.6276741027832,0.5452225208282471
1575,463,0.05261363461613655,0.19080793857574463,58.25532531738281,0.48818182945251465
1576,400,0.04545454680919647,0.1726560890674591,54.20082092285156,0.5407540798187256
1577,615,0.06988636404275894,0.20201140642166138,51.80996322631836,0.570440948009491
1578,679,0.0771590918302536,0.22118844091892242,49.05491638183594,0.6081628203392029
1579,587,0.06670454889535904,0.18761247396469116,55.619510650634766,0.5103808045387268
1580,420,0.04772727191448212,0.16159823536872864,48.615142822265625,0.6146560907363892
1581,452,0.051363635808229446,0.15561513602733612,54.85902786254883,0.5291191339492798
1582,775,0.08806817978620529,0.18790677189826965,49.531314849853516,0.5991705656051636
1583,589,0.0669318214058876,0.19531434774398804,50.69621276855469,0.5797960162162781
1584,428,0.048636361956596375,0.25521740317344666,60.86849594116211,0.4497006833553314
1585,463,0.05261363461613655,0.1943543255329132,53.987770080566406,0.539795994758606
1586,664,0.07545454800128937,0.23350873589515686,49.1773567199707,0.6000612378120422
1587,655,0.07443182170391083,0.1852143108844757,53.70317459106445,0.5479655265808105
1588,421,0.0478409081697464,0.16890986263751984,45.37809753417969,0.6509135365486145
1589,394,0.04477272555232048,0.21592041850090027,50.02012634277344,0.5965365767478943
1590,696,0.0790909081697464,0.14176154136657715,49.48040008544922,0.5872781872749329
1591,676,0.07681818306446075,0.2493680715560913,46.48165512084961,0.6383407115936279
1592,525,0.059659089893102646,0.18097077310085297,53.179996490478516,0.5543031692504883
1593,442,0.050227273255586624,0.24664011597633362,49.6251220703125,0.5968782305717468
1594,563,0.06397727131843567,0.18978825211524963,54.679161071777344,0.5344187617301941
1595,715,0.08124999701976776,0.18448814749717712,55.17730712890625,0.5187856554985046
1596,466,0.052954547107219696,0.24352341890335083,44.52985382080078,0.6587188839912415
1597,402,0.04568181931972504,0.18458940088748932,50.44353103637695,0.5920695066452026
1598,551,0.06261363625526428,0.16824203729629517,51.83993911743164,0.565980851650238
1599,669,0.07602272927761078,0.2584211528301239,48.87382507324219,0.6037353873252869
1600,596,0.06772727519273758,0.21578681468963623,53.95848846435547,0.5423484444618225
1601,411,0.04670454561710358,0.17509861290454865,43.131282806396484,0.6763468980789185
1602,396,0.04500000178813934,0.27637407183647156,59.178043365478516,0.483705073595047
1603,758,0.0861363634467125,0.16237303614616394,54.23392105102539,0.5350353121757507
1604,618,0.07022727280855179,0.18967777490615845,50.61827087402344,0.582646369934082
1605,456,0.051818180829286575,0.23319005966186523,54.80792236328125,0.5379048585891724
1606,441,0.05011363700032234,0.1554308980703354,52.83342361450195,0.5597931146621704
1607,628,0.07136363536119461,0.22466012835502625,60.177398681640625,0.4643925428390503
1608,669,0.07602272927761078,0.1557304561138153,51.22874069213867,0.5811135768890381
1609,433,0.049204546958208084,0.19435009360313416,44.25093460083008,0.6602799296379089
1610,373,0.042386364191770554,0.20022939145565033,49.74809265136719,0.6031964421272278
1611,647,0.07352272421121597,0.17724347114562988,53.16273498535156,0.5463606119155884
1612,666,0.07568182051181793,0.2735341489315033,48.75157928466797,0.6148982048034668
1613,571,0.06488636136054993,0.20613044500350952,50.00935745239258,0.5910325050354004
1614,425,0.04829545319080353,0.21518874168395996,51.345497131347656,0.5789125561714172
1615,466,0.052954547107219696,0.2033122032880783,53.525596618652344,0.5532512068748474
1616,744,0.08454545587301254,0.15517863631248474,51.36408615112305,0.5691215991973877
1617,531,0.06034090742468834,0.20441484451293945,50.00041961669922,0.5941788554191589
1618,403,0.04579545557498932,0.1664949655532837,52.91962814331055,0.5546241998672485
1619,486,0.05522727221250534,0.1841457337141037,52.11573028564453,0.5680927634239197
1620,664,0.07545454800128937,0.17297542095184326,54.35790252685547,0.5266633629798889
1621,625,0.07102272659540176,0.21416273713111877,52.25295639038086,0.5637637376785278
1622,409,0.04647727310657501,0.19462774693965912,45.0617561340332,0.6514415144920349
1623,370,0.04204545542597771,0.1847831755876541,57.289485931396484,0.5105129480361938
1624,719,0.08170454204082489,0.15718849003314972,53.176002502441406,0.5433263778686523
1625,659,0.07488636672496796,0.24242515861988068,53.08027267456055,0.5495191216468811
1626,501,0.05693181976675987,0.21134547889232635,56.17812728881836,0.51297527551651
1627,422,0.04795454442501068,0.21155549585819244,52.17458724975586,0.5724575519561768
1628,579,0.06579545140266418,0.18281807005405426,54.258426666259766,0.5411670804023743
1629,688,0.07818181812763214,0.15890684723854065,48.61603546142578,0.6066418290138245
1630,446,0.05068181827664375,0.2535320818424225,42.50227355957031,0.6929417848587036
1631,373,0.042386364191770554,0.175031378865242,56.2840461730957,0.5137921571731567
1632,581,0.06602272391319275,0.1492348462343216,50.04106521606445,0.5988590717315674
1633,647,0.07352272421121597,0.22865229845046997,44.575965881347656,0.6671498417854309
1634,561,0.0637499988079071,0.2359296828508377,55.6058349609375,0.5228691101074219
1635,399,0.04534091055393219,0.20563502609729767,47.13206481933594,0.6267064213752747
1636,408,0.04636363685131073,0.3180176913738251,53.27547836303711,0.5419941544532776
1637,736,0.08363636583089828,0.16725362837314606,53.88654708862305,0.5434066653251648
1638,578,0.0656818151473999,0.29640838503837585,47.565242767333984,0.6110333204269409
1639,415,0.047159090638160706,0.2071189433336258,53.862117767333984,0.5439233779907227
1640,438,0.049772728234529495,0.19650468230247498,53.3763427734375,0.5480244159698486
1641,637,0.07238636165857315,0.19734099507331848,48.612335205078125,0.6074012517929077
1642,642,0.07295454293489456,0.22187116742134094,51.41428756713867,0.5738661289215088
1643,413,0.04693181812763214,0.16451263427734375,47.253135681152344,0.621885359287262
1644,369,0.041931819170713425,0.18944866955280304,58.706687927246094,0.4798473119735718
1645,659,0.07488636672496796,0.17614592611789703,54.486515045166016,0.5300582647323608
1646,650,0.07386363297700882,0.2738129496574402,54.23469161987305,0.5376939177513123
1647,535,0.06079545617103577,0.2696993052959442,53.39524841308594,0.5547566413879395
1648,424,0.048181816935539246,0.17916850745677948,54.770748138427734,0.5349186658859253
1649,512,0.05818181857466698,0.22030572593212128,55.000850677490234,0.5323807001113892
1650,701,0.07965908944606781,0.17213010787963867,56.131919860839844,0.5146304368972778
1651,483,0.054886363446712494,0.22572721540927887,51.4202766418457,0.5703601837158203
1652,381,0.04329545423388481,0.17982417345046997,58.417076110839844,0.4873304069042206
1653,527,0.05988636240363121,0.17397907376289368,51.016117095947266,0.5778350234031677
1654,642,0.07295454293489456,0.2263685017824173,47.31612014770508,0.6291359066963196
1655,589,0.0669318214058876,0.2315211296081543,52.557464599609375,0.5669079422950745
1656,399,0.04534091055393219,0.20758089423179626,54.00825119018555,0.5541483759880066
1657,355,0.040340907871723175,0.17800889909267426,55.55255889892578,0.5171743035316467
1658,732,0.08318182080984116,0.1984432190656662,48.984107971191406,0.6017794013023376
1659,612,0.0695454552769661,0.2479296773672104,48.513919830322266,0.6104111075401306
1660,456,0.051818180829286575,0.2539002299308777,52.66084289550781,0.5650761723518372
1661,412,0.04681818187236786,0.15575045347213745,57.316856384277344,0.4908880889415741
1662,580,0.06590908765792847,0.20905515551567078,51.05193328857422,0.5856649875640869
1663,648,0.07363636046648026,0.17319542169570923,56.07411193847656,0.5160282254219055
1664,425,0.04829545319080353,0.18820101022720337,53.14190673828125,0.5539097785949707
1665,362,0.04113636538386345,0.18197371065616608,52.128753662109375,0.5712082386016846
1666,602,0.06840909272432327,0.18036289513111115,48.636680603027344,0.6094343066215515
1667,635,0.07215908914804459,0.217855304479599,52.165802001953125,0.5706782341003418
1668,554,0.06295454502105713,0.278297483921051,50.7692756652832,0.5857279896736145
1669,407,0.04625000059604645,0.18442456424236298,53.70014190673828,0.5517568588256836
1670,424,0.048181816935539246,0.18569020926952362,50.98948669433594,0.595822274684906
1671,716,0.08136363327503204,0.19138062000274658,54.662105560302734,0.5383641719818115
1672,528,0.05999999865889549,0.24828381836414337,50.56760025024414,0.577172040939331
1673,392,0.044545453041791916,0.20885314047336578,51.21612548828125,0.5845529437065125
1674,448,0.05090909078717232,0.22578616440296173,54.397186279296875,0.5342009663581848
1675,627,0.07124999910593033,0.20264294743537903,52.77157974243164,0.5620148777961731
1676,602,0.06840909272432327,0.1770755797624588,53.706764221191406,0.5532326698303223
1677,402,0.04568181931972504,0.20433679223060608,48.303466796875,0.6131023168563843
1678,347,0.03943181782960892,0.24087069928646088,48.2381591796875,0.6123995184898376
1679,682,0.07750000059604645,0.15294884145259857,50.49737548828125,0.5831931233406067
1680,635,0.07215908914804459,0.2856856882572174,53.48823165893555,0.546939492225647
1681,493,0.056022725999355316,0.29438745975494385,54.570743560791016,0.5394524335861206
1682,412,0.04681818187236786,0.2143612802028656,53.50468063354492,0.5513328909873962
1683,536,0.06090909242630005,0.2418428212404251,50.46335983276367,0.5918335914611816
1684,671,0.07625000178813934,0.18963153660297394,57.17984390258789,0.49873417615890503
1685,446,0.05068181827664375,0.2567915916442871,55.43123245239258,0.5290070176124573
1686,358,0.04068181663751602,0.2155725657939911,58.633827209472656,0.48983249068260193
1687,537,0.06102272868156433,0.21418191492557526,50.8306999206543,0.5868513584136963
1688,611,0.06943181902170181,0.19150343537330627,46.340694427490234,0.6385974287986755
1689,557,0.06329545378684998,0.2435816377401352,51.7007942199707,0.5761471390724182
1690,386,0.04386363551020622,0.19163796305656433,53.39270782470703,0.549095869064331
1691,371,0.04215909168124199,0.19982832670211792,51.578067779541016,0.5792978405952454
1692,715,0.08124999701976776,0.1699559986591339,52.003944396972656,0.5650420784950256
1693,565,0.06420454382896423,0.22986792027950287,50.55549621582031,0.5787574052810669
1694,414,0.04704545438289642,0.2166493833065033,55.284645080566406,0.5251628160476685
1695,422,0.04795454442501068,0.16926763951778412,56.17121887207031,0.5111339092254639
1696,616,0.07000000029802322,0.1883993148803711,50.042457580566406,0.5985185503959656
1697,626,0.07113636285066605,0.1935357302427292,48.24277877807617,0.6186383962631226
1698,399,0.04534091055393219,0.16534529626369476,48.283119201660156,0.6092362403869629
1699,347,0.03943181782960892,0.21848808228969574,52.1030158996582,0.5694310665130615
1700,640,0.072727270424366,0.17853876948356628,49.38055419921875,0.5994885563850403
1701,616,0.07000000029802322,0.2920662462711334,57.96805191040039,0.47925493121147156
1702,534,0.060681819915771484,0.1902669370174408,57.03020477294922,0.5034050941467285
1703,401,0.045568183064460754,0.1812167465686798,50.02076721191406,0.5927600264549255
1704,452,0.051363635808229446,0.21582168340682983,53.80121612548828,0.5528331995010376
1705,691,0.07852272689342499,0.1999080330133438,56.72991943359375,0.5051474571228027
1706,478,0.05431818217039108,0.21198230981826782,54.28898239135742,0.5310097932815552
1707,355,0.040340907871723175,0.16605229675769806,57.22227096557617,0.5030909776687622
1708,492,0.055909089744091034,0.18998391926288605,50.92867660522461,0.5757046341896057
1709,621,0.07056818157434464,0.22625769674777985,46.75925827026367,0.6253024935722351
1710,566,0.06431818008422852,0.30058279633522034,54.831050872802734,0.5346654653549194
1711,381,0.04329545423388481,0.19681842625141144,48.41565704345703,0.60783451795578
1712,328,0.037272728979587555,0.19784238934516907,56.98749542236328,0.4966619610786438
1713,711,0.08079545199871063,0.15815934538841248,51.32856369018555,0.5770912170410156
1714,607,0.06897727400064468,0.23749296367168427,48.45741653442383,0.6109512448310852
1715,446,0.05068181827664375,0.17431171238422394,60.839111328125,0.45742133259773254
1716,396,0.04500000178813934,0.2206524759531021,57.161956787109375,0.50192791223526
1717,550,0.0625,0.2462444305419922,56.87901306152344,0.5005884170532227
1718,627,0.07124999910593033,0.2133466899394989,54.30693054199219,0.5342574715614319
1719,413,0.04693181812763214,0.2129083275794983,53.76893997192383,0.5488124489784241
1720,339,0.03852272778749466,0.1773107796907425,60.495662689208984,0.4614551365375519
1721,563,0.06397727131843567,0.15054042637348175,51.86347579956055,0.5642704367637634
1722,598,0.06795454770326614,0.39176270365715027,58.56069564819336,0.4808310270309448
1723,535,0.06079545617103577,0.25013792514801025,55.130165100097656,0.5283179879188538
1724,384,0.04363636299967766,0.16367468237876892,53.3429069519043,0.5451562404632568
1725,386,0.04386363551020622,0.17714537680149078,60.30084228515625,0.4538901448249817
1726,699,0.07943181693553925,0.1600782722234726,53.82869338989258,0.5422778725624084
1727,514,0.05840909108519554,0.21192072331905365,44.41147994995117,0.6570768356323242
1728,378,0.042954545468091965,0.2314690798521042,55.408992767333984,0.5294535160064697
1729,421,0.0478409081697464,0.1893618404865265,50.7707633972168,0.5869411826133728
1730,602,0.06840909272432327,0.2537148892879486,51.13813018798828,0.580449104309082
1731,574,0.06522727012634277,0.20602266490459442,56.12543487548828,0.5168306827545166
1732,385,0.04374999925494194,0.16771261394023895,46.452693939208984,0.6333694458007812
1733,334,0.03795454651117325,0.19539639353752136,50.59508514404297,0.5857245326042175
1734,639,0.07261363416910172,0.1697259396314621,52.82814407348633,0.5489646792411804
1735,601,0.06829545646905899,0.24916742742061615,54.853023529052734,0.5254265666007996
1736,497,0.056477271020412445,0.21528251469135284,52.53787612915039,0.5614218711853027
1737,394,0.04477272555232048,0.28379905223846436,55.715782165527344,0.5102142691612244
1738,489,0.05556818097829819,0.2328513264656067,58.1243782043457,0.48757240176200867
1739,644,0.07318181544542313,0.18415115773677826,55.95033645629883,0.5110225081443787
1740,438,0.049772728234529495,0.3021436929702759,47.64390182495117,0.6271915435791016
1741,338,0.03840909153223038,0.19747287034988403,53.936702728271484,0.5413063168525696
1742,514,0.05840909108519554,0.1942930817604065,48.81244659423828,0.6104703545570374
1743,588,0.06681818515062332,0.1776222139596939,49.034908294677734,0.5998278856277466
1744,534,0.060681819915771484,0.2132302224636078,57.156192779541016,0.5069820880889893
1745,374,0.042500000447034836,0.1570972055196762,53.637428283691406,0.5454424023628235
1746,319,0.036249998956918716,0.1855160892009735,54.95891571044922,0.5371886491775513
1747,698,0.07931818068027496,0.17570140957832336,49.926334381103516,0.590833306312561
1748,554,0.06295454502105713,0.2970874309539795,50.271095275878906,0.587615966796875
1749,412,0.04681818187236786,0.21203924715518951,57.29521560668945,0.5026492476463318
1750,397,0.045113638043403625,0.17614875733852386,52.24373245239258,0.563600480556488
1751,554,0.06295454502105713,0.20860975980758667,58.62308120727539,0.4702436625957489
1752,607,0.06897727400064468,0.2206272929906845,53.11930847167969,0.5491822957992554
1753,392,0.044545453041791916,0.14896158874034882,52.21677780151367,0.5608019828796387
1754,324,0.03681818023324013,0.17942753434181213,54.43115997314453,0.5311049222946167
1755,598,0.06795454770326614,0.18711185455322266,49.826683044433594,0.5929532647132874
1756,588,0.06681818515062332,0.24509847164154053,58.39065170288086,0.47529658675193787
1757,506,0.057500001043081284,0.24362662434577942,52.088531494140625,0.5645602345466614
1758,383,0.043522726744413376,0.25787490606307983,54.6129150390625,0.5313075184822083
1759,405,0.04602272808551788,0.23679934442043304,60.769744873046875,0.4554239809513092
1760,678,0.07704545557498932,0.21830415725708008,56.87267303466797,0.508952796459198
1761,480,0.05454545468091965,0.19036391377449036,51.16689682006836,0.5651671290397644
1762,357,0.04056818038225174,0.21021437644958496,61.14168167114258,0.4559474587440491
1763,450,0.05113636329770088,0.18372832238674164,49.10627746582031,0.600139319896698
1764,592,0.06727273017168045,0.1834566742181778,56.898719787597656,0.5013123154640198
1765,548,0.062272727489471436,0.24666060507297516,53.98944854736328,0.5446351766586304
1766,378,0.042954545468091965,0.1595076471567154,55.935760498046875,0.5165310502052307
1767,308,0.03500000014901161,0.21497587859630585,60.18836212158203,0.46183282136917114
1768,672,0.07636363804340363,0.1654026210308075,49.73149108886719,0.592444658279419
1769,600,0.06818182021379471,0.3679475486278534,54.865779876708984,0.5293421149253845
1770,440,0.05000000074505806,0.2217216044664383,61.84152603149414,0.44638314843177795
1771,390,0.04431818053126335,0.18742406368255615,55.9868278503418,0.5162316560745239
1772,510,0.05795454606413841,0.24098823964595795,54.319496154785156,0.5413246154785156
1773,617,0.0701136365532875,0.21159586310386658,52.10013961791992,0.5684572458267212
1774,407,0.04625000059604645,0.24821893870830536,57.62422180175781,0.4942623972892761
1775,323,0.036704543977975845,0.20862528681755066,54.80602264404297,0.5366910696029663
1776,540,0.06136363744735718,0.18835747241973877,51.372108459472656,0.5683144927024841
1777,574,0.06522727012634277,0.2509002983570099,47.851409912109375,0.6175139546394348
1778,517,0.05874999985098839,0.27907794713974,51.15251159667969,0.5823018550872803
1779,356,0.04045454412698746,0.22613383829593658,50.163551330566406,0.5900226831436157
1780,332,0.037727274000644684,0.19569852948188782,57.857608795166016,0.4948086142539978
1781,672,0.07636363804340363,0.20230792462825775,52.57904815673828,0.5554981827735901
1782,511,0.058068182319402695,0.2044767141342163,45.032081604003906,0.6578905582427979
1783,371,0.04215909168124199,0.21895743906497955,52.7650260925293,0.561647355556488
1784,406,0.046136364340782166,0.1897469162940979,50.40372848510742,0.5834975242614746
1785,593,0.06738636642694473,0.2159663289785385,56.16777801513672,0.5143994688987732
1786,563,0.06397727131843567,0.19418030977249146,56.96424102783203,0.5070655345916748
1787,365,0.041477274149656296,0.14780229330062866,55.75249481201172,0.5257592797279358
1788,320,0.036363635212183,0.22034984827041626,50.847198486328125,0.5847276449203491
1789,623,0.0707954540848732,0.1561499834060669,52.27530288696289,0.5618309378623962
1790,573,0.06511363387107849,0.25270214676856995,55.298309326171875,0.5144213438034058
1791,482,0.05477272719144821,0.16844803094863892,55.366737365722656,0.5242907404899597
1792,381,0.04329545423388481,0.2484908103942871,49.316097259521484,0.6058874130249023
1793,443,0.050340909510850906,0.17231030762195587,49.74089050292969,0.5989839434623718
1794,642,0.07295454293489456,0.19306184351444244,55.78581237792969,0.5229016542434692
1795,439,0.04988636448979378,0.170346200466156,54.92866134643555,0.5306158661842346
1796,333,0.037840910255908966,0.1929522156715393,57.00173568725586,0.5083726048469543
1797,488,0.055454544723033905,0.18197260797023773,54.758766174316406,0.5258219242095947
1798,578,0.0656818151473999,0.19315432012081146,47.94317626953125,0.6144919991493225
1799,522,0.0593181811273098,0.20756708085536957,52.597835540771484,0.5660723447799683
1800,362,0.04113636538386345,0.1770622879266739,48.51244354248047,0.6076068878173828
1801,294,0.03340909257531166,0.3214983344078064,57.36989974975586,0.5020504593849182
1802,678,0.07704545557498932,0.19450104236602783,53.636131286621094,0.5436808466911316
1803,565,0.06420454382896423,0.26240310072898865,52.85905075073242,0.5474044680595398
1804,407,0.04625000059604645,0.20085245370864868,61.75534439086914,0.4416344165802002
1805,380,0.04318181797862053,0.18707066774368286,57.85893630981445,0.49157950282096863
1806,523,0.05943181738257408,0.20303073525428772,51.568721771240234,0.5681062936782837
1807,588,0.06681818515062332,0.16292710602283478,51.65517044067383,0.5728372931480408
1808,378,0.042954545468091965,0.1692882478237152,50.589622497558594,0.5789956450462341
1809,308,0.03500000014901161,0.2006997913122177,51.795650482177734,0.5736581087112427
1810,554,0.06295454502105713,0.1764828860759735,50.183738708496094,0.5944151878356934
1811,573,0.06511363387107849,0.254133015871048,54.240718841552734,0.5377255082130432
1812,501,0.05693181976675987,0.16370752453804016,53.27912521362305,0.554876446723938
1813,366,0.04159091040492058,0.18392202258110046,54.77791976928711,0.5345408916473389
1814,356,0.04045454412698746,0.1726534068584442,59.49861145019531,0.47031375765800476
1815,645,0.07329545170068741,0.17739084362983704,52.4311408996582,0.5703748464584351
1816,480,0.05454545468091965,0.20146678388118744,53.34117889404297,0.5410827398300171
1817,342,0.038863636553287506,0.27181652188301086,59.74179458618164,0.4663771688938141
1818,417,0.04738636314868927,0.19589954614639282,50.22288513183594,0.59417724609375
1819,577,0.06556817889213562,0.19588890671730042,56.37688446044922,0.5131779909133911
1820,535,0.06079545617103577,0.19057966768741608,59.67186737060547,0.4713773727416992
1821,367,0.04170454666018486,0.270170658826828,54.14629364013672,0.5491172671318054
1822,295,0.03352272883057594,0.2738184332847595,53.44044494628906,0.5502129197120667
1823,635,0.07215908914804459,0.22778360545635223,47.19902038574219,0.6222884654998779
1824,578,0.0656818151473999,0.23052160441875458,52.437992095947266,0.5623043775558472
1825,437,0.04965909197926521,0.2759086489677429,54.85346603393555,0.5314978361129761
1826,376,0.0427272729575634,0.21522095799446106,52.99274826049805,0.5591200590133667
1827,475,0.053977273404598236,0.1472085863351822,46.11170959472656,0.6412965655326843
1828,604,0.06863636523485184,0.25161659717559814,54.99439239501953,0.535820484161377
1829,397,0.045113638043403625,0.21707651019096375,43.962928771972656,0.6722667217254639
1830,313,0.03556818142533302,0.23229582607746124,63.94352340698242,0.40931135416030884
1831,496,0.05636363476514816,0.18549026548862457,50.94575500488281,0.5860641598701477
1832,552,0.06272727251052856,0.21587181091308594,58.997623443603516,0.47344014048576355
1833,503,0.05715909227728844,0.23984859883785248,54.552528381347656,0.5362972021102905
1834,345,0.03920454531908035,0.2400655299425125,50.334320068359375,0.5765175819396973
1835,299,0.03397727385163307,0.17895527184009552,53.86051559448242,0.5380174517631531
1836,651,0.0739772692322731,0.23805339634418488,53.19134521484375,0.554132342338562
1837,510,0.05795454606413841,0.27559882402420044,47.512691497802734,0.6250842213630676
1838,372,0.04227272793650627,0.3127608895301819,59.66188430786133,0.47526127099990845
1839,385,0.04374999925494194,0.2023104876279831,57.99877166748047,0.48825377225875854
1840,538,0.06113636493682861,0.16880108416080475,53.7404899597168,0.5448247194290161
1841,557,0.06329545378684998,0.18752311170101166,54.419551849365234,0.537673830986023
1842,352,0.03999999910593033,0.16422633826732635,47.078369140625,0.6224696040153503
1843,304,0.03454545512795448,0.18269003927707672,55.37399673461914,0.5281663537025452
1844,579,0.06579545140266418,0.1797151416540146,48.31099319458008,0.6159380674362183
1845,550,0.0625,0.24376900494098663,57.69834899902344,0.49057871103286743
1846,478,0.05431818217039108,0.16130897402763367,57.52113723754883,0.4888530373573303
1847,358,0.04068181663751602,0.18812872469425201,53.5886116027832,0.551788330078125
1848,392,0.044545453041791916,0.2532755434513092,57.842002868652344,0.4978562295436859
1849,631,0.07170454412698746,0.22053387761116028,57.77299880981445,0.49365055561065674
1850,443,0.050340909510850906,0.16837629675865173,48.661033630371094,0.6093218326568604
1851,324,0.03681818023324013,0.1957567036151886,61.28685760498047,0.45839932560920715
1852,453,0.05147727206349373,0.21146516501903534,53.964141845703125,0.5421653389930725
1853,563,0.06397727131843567,0.229661762714386,57.899375915527344,0.4909902811050415
1854,510,0.05795454606413841,0.2685610353946686,53.42873764038086,0.5486238598823547
1855,360,0.040909089148044586,0.199971005320549,57.198577880859375,0.5050806403160095
1856,274,0.031136363744735718,0.22346343100070953,57.18296813964844,0.5046303868293762
1857,639,0.07261363416910172,0.17538714408874512,56.04818344116211,0.5066813826560974
1858,571,0.06488636136054993,0.24334506690502167,54.87491226196289,0.5262847542762756
1859,393,0.0446590892970562,0.19532641768455505,65.2308120727539,0.3917459547519684
1860,370,0.04204545542597771,0.2043403685092926,57.10923385620117,0.5074608325958252
1861,496,0.05636363476514816,0.23719795048236847,53.41279983520508,0.5553556680679321
1862,562,0.06386363506317139,0.19695104658603668,57.73881530761719,0.4959271550178528
1863,375,0.04261363670229912,0.20836549997329712,54.6632194519043,0.5367188453674316
1864,297,0.03375000134110451,0.22318081557750702,57.10261535644531,0.5128633975982666
1865,518,0.05886363610625267,0.18498244881629944,48.88270950317383,0.6076029539108276
1866,543,0.061704546213150024,0.25543200969696045,58.11954879760742,0.4856206476688385
1867,489,0.05556818097829819,0.19365206360816956,58.40164566040039,0.4787607192993164
1868,347,0.03943181782960892,0.1956271529197693,61.552650451660156,0.44765716791152954
1869,314,0.035681817680597305,0.2553883194923401,52.55642318725586,0.5706601738929749
1870,629,0.07147727161645889,0.17503979802131653,55.01095962524414,0.5332951545715332
1871,484,0.054999999701976776,0.22427278757095337,52.81313705444336,0.5513008236885071
1872,340,0.03863636404275894,0.16396519541740417,63.276981353759766,0.41645917296409607
1873,395,0.04488636180758476,0.17378973960876465,58.147003173828125,0.48117271065711975
1874,556,0.0631818175315857,0.3087991178035736,53.287471771240234,0.545390784740448
1875,523,0.05943181738257408,0.2806444466114044,55.73180389404297,0.5206757187843323
1876,355,0.040340907871723175,0.18779459595680237,48.30436706542969,0.6159489750862122
1877,280,0.03181818127632141,0.18120929598808289,52.76716232299805,0.5559056997299194
1878,603,0.06852272897958755,0.27903062105178833,51.29452133178711,0.5670911073684692
1879,536,0.06090909242630005,0.24238979816436768,54.71312713623047,0.5378471612930298
1880,434,0.049318183213472366,0.21263109147548676,58.765098571777344,0.482883483171463
1881,351,0.039886362850666046,0.21800316870212555,56.862422943115234,0.5008942484855652
1882,422,0.04795454442501068,0.2204306721687317,58.068843841552734,0.4966292679309845
1883,590,0.06704545766115189,0.20235587656497955,57.13973617553711,0.5045528411865234
1884,399,0.04534091055393219,0.2340126484632492,50.195518493652344,0.5911319255828857
1885,307,0.03488636389374733,0.2206013798713684,57.4502067565918,0.49375489354133606
1886,468,0.05318181961774826,0.22216758131980896,48.935447692871094,0.6028361320495605
1887,549,0.06238636374473572,0.2531033754348755,56.428340911865234,0.5117377638816833
1888,487,0.05534090846776962,0.21567551791667938,54.86476516723633,0.5287154912948608
1889,340,0.03863636404275894,0.20182108879089355,52.54571533203125,0.5633789896965027
1890,278,0.03159090876579285,0.2093898057937622,61.21968460083008,0.44448721408843994
1891,638,0.07249999791383743,0.2190628945827484,52.488067626953125,0.5663918256759644
1892,533,0.0605681836605072,0.292466938495636,48.876800537109375,0.6035473346710205
1893,364,0.041363637894392014,0.19699938595294952,62.33240509033203,0.42892664670944214
1894,365,0.041477274149656296,0.22507666051387787,58.798465728759766,0.4796929657459259
1895,501,0.05693181976675987,0.26290932297706604,52.53697204589844,0.5605251789093018
1896,535,0.06079545617103577,0.23718950152397156,51.47341537475586,0.5727579593658447
1897,350,0.039772726595401764,0.18649350106716156,59.59516143798828,0.46964678168296814
1898,288,0.03272727131843567,0.29768142104148865,53.31672668457031,0.5500882267951965
1899,547,0.06215909123420715,0.18520967662334442,53.351158142089844,0.5470719337463379
1900,538,0.06113636493682861,0.21126288175582886,54.899375915527344,0.5300887227058411
1901,465,0.052840910851955414,0.22731223702430725,56.24447250366211,0.5185415744781494
1902,344,0.03909090906381607,0.20584072172641754,56.908634185791016,0.49929073452949524
1903,337,0.038295455276966095,0.21066690981388092,55.10654830932617,0.5259354710578918
1904,602,0.06840909272432327,0.17791615426540375,54.540626525878906,0.536992073059082
1905,455,0.05170454457402229,0.20867706835269928,52.8365478515625,0.5487736463546753
1906,322,0.03659090772271156,0.2806701362133026,47.972293853759766,0.6211472749710083
1907,416,0.04727272689342499,0.17671146988868713,58.0394287109375,0.4924337565898895
1908,549,0.06238636374473572,0.1698434203863144,57.318302154541016,0.5025762319564819
1909,501,0.05693181976675987,0.20911994576454163,57.881282806396484,0.4947412610054016
1910,353,0.04011363536119461,0.1837889701128006,56.91219711303711,0.502159595489502
1911,266,0.03022727183997631,0.1868974268436432,54.053279876708984,0.5488465428352356
1912,613,0.06965909153223038,0.26785701513290405,52.294281005859375,0.5632482171058655
1913,557,0.06329545378684998,0.24024848639965057,53.56657028198242,0.5474931597709656
1914,390,0.04431818053126335,0.28561925888061523,57.494049072265625,0.4915333390235901
1915,356,0.04045454412698746,0.19182297587394714,60.331016540527344,0.45841607451438904
1916,446,0.05068181827664375,0.2578586935997009,55.055877685546875,0.528407633304596
1917,547,0.06215909123420715,0.20149438083171844,55.863773345947266,0.5169448852539062
1918,369,0.041931819170713425,0.22704638540744781,49.96794891357422,0.5946416854858398
1919,291,0.033068180084228516,0.3184051215648651,55.79862594604492,0.5206016302108765
1920,488,0.055454544723033905,0.21294192969799042,49.29303741455078,0.5982508063316345
1921,517,0.05874999985098839,0.23757494986057281,58.386138916015625,0.4812484681606293
1922,479,0.054431818425655365,0.2036779671907425,55.26118850708008,0.5222923755645752
1923,332,0.037727274000644684,0.23923920094966888,57.216209411621094,0.5006248950958252
1924,285,0.03238636255264282,0.29295453429222107,59.24146270751953,0.4835278391838074
1925,605,0.06875000149011612,0.22328431904315948,56.55535888671875,0.5089628100395203
1926,484,0.054999999701976776,0.21347776055335999,49.017391204833984,0.5956661105155945
1927,343,0.03897727280855179,0.2000986784696579,54.42222213745117,0.5419355034828186
1928,369,0.041931819170713425,0.19787080585956573,62.13387680053711,0.43777018785476685
1929,527,0.05988636240363121,0.1852736473083496,51.94652557373047,0.5724115371704102
1930,507,0.057613637298345566,0.1955825388431549,53.15765380859375,0.5583335161209106
1931,339,0.03852272778749466,0.23150211572647095,54.28902816772461,0.5530743598937988
1932,271,0.03079545497894287,0.3530944883823395,55.48139953613281,0.5278369188308716
1933,572,0.06499999761581421,0.1761452704668045,52.424949645996094,0.5604727268218994
1934,503,0.05715909227728844,0.24866725504398346,53.95735168457031,0.5374236702919006
1935,435,0.04943181946873665,0.17522048950195312,57.52985763549805,0.5023264288902283
1936,340,0.03863636404275894,0.20141543447971344,55.003726959228516,0.5302001237869263
1937,365,0.041477274149656296,0.2439357191324234,51.70241928100586,0.5709593296051025
1938,580,0.06590908765792847,0.19567838311195374,56.18620681762695,0.5117723941802979
1939,407,0.04625000059604645,0.21688558161258698,50.070194244384766,0.5916597843170166
1940,306,0.03477272763848305,0.19843819737434387,59.65354537963867,0.46763426065444946
1941,442,0.050227273255586624,0.3170466721057892,48.20743179321289,0.6081036329269409
1942,530,0.06022727116942406,0.1886535882949829,59.414791107177734,0.473499596118927
1943,478,0.05431818217039108,0.20936651527881622,57.93836975097656,0.48625892400741577
1944,335,0.03806818276643753,0.15092074871063232,56.299888610839844,0.52043217420578
1945,254,0.028863636776804924,0.2096480280160904,58.72798538208008,0.482596218585968
1946,624,0.07090909034013748,0.2484419196844101,51.032020568847656,0.5753145813941956
1947,537,0.06102272868156433,0.27521297335624695,56.43557357788086,0.5070905685424805
1948,367,0.04170454666018486,0.19946831464767456,60.00882339477539,0.4670751392841339
1949,351,0.039886362850666046,0.18719908595085144,57.974342346191406,0.4857384264469147
1950,465,0.052840910851955414,0.17572233080863953,52.60801315307617,0.5532179474830627
1951,531,0.06034090742468834,0.22683583199977875,57.4437141418457,0.49803635478019714
1952,345,0.03920454531908035,0.21104755997657776,57.685569763183594,0.497758686542511
1953,279,0.03170454502105713,0.21270523965358734,46.17654037475586,0.6417797803878784
1954,517,0.05874999985098839,0.1909114569425583,52.554283142089844,0.5598941445350647
1955,515,0.058522727340459824,0.24127809703350067,59.11621856689453,0.466360867023468
1956,451,0.051249999552965164,0.2382541000843048,59.05168151855469,0.4739413857460022
1957,324,0.03681818023324013,0.1580847203731537,60.00929641723633,0.4599030017852783
1958,303,0.0344318188726902,0.186754509806633,60.10900115966797,0.4733514189720154
1959,588,0.06681818515062332,0.2806132435798645,59.39891052246094,0.47624439001083374
1960,462,0.05249999836087227,0.2164803445339203,51.486900329589844,0.5611568689346313
1961,317,0.03602272644639015,0.24938105046749115,61.26460266113281,0.44863030314445496
1962,396,0.04500000178813934,0.22018685936927795,54.20176696777344,0.5349750518798828
1963,524,0.059545453637838364,0.17547428607940674,53.95570373535156,0.5449520945549011
1964,487,0.05534090846776962,0.3057710528373718,55.13776779174805,0.5274173617362976
1965,337,0.038295455276966095,0.1908981204032898,63.15514373779297,0.42627301812171936
1966,256,0.02909090928733349,0.257745623588562,51.84538269042969,0.5776885747909546
1967,584,0.0663636326789856,0.1808197945356369,53.045387268066406,0.5492261648178101
1968,521,0.05920454487204552,0.2917134165763855,49.71669387817383,0.5982109904289246
1969,393,0.0446590892970562,0.2348981350660324,57.718353271484375,0.4914761185646057
1970,343,0.03897727280855179,0.16718794405460358,54.457149505615234,0.5269027948379517
1971,396,0.04500000178813934,0.1919095814228058,59.398658752441406,0.47374504804611206
1972,539,0.061250001192092896,0.28589239716529846,58.06805419921875,0.49200281500816345
1973,361,0.04102272912859917,0.2620478570461273,55.32330322265625,0.5268267393112183
1974,282,0.032045453786849976,0.2552618086338043,54.83057403564453,0.5351753830909729
1975,465,0.052840910851955414,0.30621111392974854,51.748207092285156,0.5721064209938049
1976,516,0.058636363595724106,0.5130389928817749,60.24102020263672,0.4566681385040283
1977,460,0.052272725850343704,0.20249588787555695,53.730682373046875,0.5413211584091187
1978,317,0.03602272644639015,0.17054441571235657,53.33247375488281,0.5487116575241089
1979,265,0.03011363558471203,0.2068188339471817,54.901405334472656,0.5299979448318481
1980,591,0.06715909391641617,0.19145306944847107,53.76719665527344,0.5511611700057983
1981,510,0.05795454606413841,0.2909013032913208,43.30634307861328,0.6756592392921448
1982,339,0.03852272778749466,0.2602541744709015,62.57272720336914,0.4298030436038971
1983,358,0.04068181663751602,0.20545771718025208,55.948055267333984,0.5173559188842773
1984,472,0.05363636463880539,0.20524565875530243,55.35761260986328,0.5157381296157837
1985,498,0.05659090727567673,0.281842440366745,57.61450958251953,0.4941006898880005
1986,329,0.03738636523485184,0.16971085965633392,59.638423919677734,0.4688718914985657
1987,266,0.03022727183997631,0.21024921536445618,54.046897888183594,0.5511441230773926
1988,548,0.062272727489471436,0.1794414520263672,51.74287796020508,0.5721533298492432
1989,489,0.05556818097829819,0.2560974061489105,52.45276641845703,0.5612267255783081
1990,421,0.0478409081697464,0.3413568437099457,54.743309020996094,0.5360558032989502
1991,326,0.03704545274376869,0.18023638427257538,61.406490325927734,0.4529796540737152
1992,328,0.037272728979587555,0.2834234833717346,59.09947204589844,0.4723181426525116
1993,557,0.06329545378684998,0.23868750035762787,57.278900146484375,0.5005149841308594
1994,422,0.04795454442501068,0.22149409353733063,50.89079284667969,0.5825841426849365
1995,296,0.033636365085840225,0.18197636306285858,62.69200134277344,0.4252921938896179
1996,408,0.04636363685131073,0.22462554275989532,53.40644073486328,0.5508270859718323
1997,506,0.057500001043081284,0.27566587924957275,56.94313430786133,0.5042614340782166
1998,464,0.05272727087140083,0.20666103065013885,58.668785095214844,0.4788801372051239
1999,334,0.03795454651117325,0.18409806489944458,56.28034210205078,0.5107870697975159
2000,242,0.027499999850988388,0.23587720096111298,59.64396286010742,0.464799702167511
2001,590,0.06704545766115189,0.20282872021198273,57.58948516845703,0.4965667128562927
2002,534,0.060681819915771484,0.3151238262653351,54.67427062988281,0.5283635258674622
2003,373,0.042386364191770554,0.25016340613365173,60.44757843017578,0.4547196924686432
2004,343,0.03897727280855179,0.1716482788324356,61.28365707397461,0.452574759721756
2005,420,0.04772727191448212,0.18622539937496185,56.31966018676758,0.512990415096283
2006,517,0.05874999985098839,0.20458368957042694,53.10063552856445,0.5561891794204712
2007,342,0.038863636553287506,0.2719990909099579,52.93561553955078,0.5499340295791626
2008,274,0.031136363744735718,0.3116081953048706,58.93706512451172,0.47759491205215454
2009,489,0.05556818097829819,0.2276197075843811,52.22129440307617,0.5646292567253113
2010,480,0.05454545468091965,0.2808733284473419,57.98927688598633,0.4923397898674011
2011,441,0.05011363700032234,0.26356831192970276,56.502044677734375,0.5111464262008667
2012,313,0.03556818142533302,0.19573983550071716,53.545658111572266,0.5557184219360352
2013,267,0.030340909957885742,0.2856184244155884,55.39781951904297,0.5197940468788147
2014,560,0.06363636255264282,0.18365712463855743,55.1556282043457,0.5278538465499878
2015,464,0.05272727087140083,0.25901421904563904,46.593719482421875,0.6255207061767578
2016,308,0.03500000014901161,0.2321121245622635,59.26841354370117,0.47675541043281555
2017,368,0.04181818291544914,0.2030385136604309,55.12856674194336,0.533624529838562
2018,494,0.0561363622546196,0.2872556149959564,53.5540771484375,0.5486670732498169
2019,477,0.0542045459151268,0.25894954800605774,55.49592208862305,0.5249587893486023
2020,328,0.037272728979587555,0.19394053518772125,51.4225959777832,0.5802013874053955
2021,252,0.02863636426627636,0.2938397526741028,50.35914993286133,0.5914140343666077
2022,559,0.06352272629737854,0.18586112558841705,53.54405212402344,0.5502118468284607
2023,473,0.05375000089406967,0.20255975425243378,52.14842987060547,0.5624783635139465
2024,396,0.04500000178813934,0.2900438904762268,57.06100082397461,0.5006426572799683
2025,316,0.03590909019112587,0.18136179447174072,52.21828079223633,0.5685025453567505
2026,343,0.03897727280855179,0.44866809248924255,59.2396125793457,0.47992560267448425
2027,526,0.05977272614836693,0.21110838651657104,59.57795333862305,0.468853622674942
2028,372,0.04227272793650627,0.22372841835021973,55.23982620239258,0.5245223045349121
2029,282,0.032045453786849976,0.18420055508613586,54.29269027709961,0.5404958724975586
2030,434,0.049318183213472366,0.18236124515533447,51.86343765258789,0.5698193311691284
2031,503,0.05715909227728844,0.23218116164207458,53.063724517822266,0.5489460825920105
2032,444,0.05045454576611519,0.19987261295318604,54.56447219848633,0.5421037673950195
2033,308,0.03500000014901161,0.18625441193580627,51.49997329711914,0.5857833623886108
2034,243,0.02761363610625267,0.20628252625465393,58.351951599121094,0.48327288031578064
2035,572,0.06499999761581421,0.20297300815582275,54.32878112792969,0.5351372361183167
2036,507,0.057613637298345566,0.28002381324768066,53.98465347290039,0.5354282259941101
2037,333,0.037840910255908966,0.29791438579559326,61.09217834472656,0.45330923795700073
2038,346,0.039318181574344635,0.17747583985328674,56.35036087036133,0.5115436911582947
2039,440,0.05000000074505806,0.47659817337989807,52.61434555053711,0.5613576173782349
2040,487,0.05534090846776962,0.22223319113254547,54.88528823852539,0.5327121615409851
2041,319,0.036249998956918716,0.19042454659938812,58.516700744628906,0.4894271790981293
2042,259,0.029431818053126335,0.3484574258327484,51.494327545166016,0.5704543590545654
2043,503,0.05715909227728844,0.20368751883506775,53.701961517333984,0.5458892583847046
2044,485,0.05511363595724106,0.23725122213363647,56.500675201416016,0.5089934468269348
2045,413,0.04693181812763214,0.2466372549533844,57.542823791503906,0.5024808645248413
2046,305,0.034659091383218765,0.20113211870193481,57.17197036743164,0.4955357313156128
2047,293,0.03329545632004738,0.19126030802726746,55.02145004272461,0.522035539150238
