sample_idx,hit_count,hit_ratio,rmse_hit,angle_mean_deg_hit,cos_mean_hit
0,210,0.1025390625,0.13865415751934052,34.13872146606445,0.7768980264663696
1,192,0.09375,0.14741383492946625,32.93492889404297,0.7930202484130859
2,205,0.10009765625,0.14239944517612457,34.62444305419922,0.7721886038780212
3,234,0.1142578125,0.13453234732151031,32.74794006347656,0.7921969294548035
4,259,0.12646484375,0.15126609802246094,34.164093017578125,0.77430260181427
5,302,0.1474609375,0.13659675419330597,32.30662155151367,0.7917304039001465
6,349,0.17041015625,0.1523856818675995,31.665145874023438,0.8017575740814209
7,331,0.16162109375,0.13058146834373474,32.39500045776367,0.7946686148643494
8,352,0.171875,0.12209656834602356,33.24115753173828,0.7820581197738647
9,356,0.173828125,0.12059807777404785,32.01607131958008,0.796181321144104
10,392,0.19140625,0.12605158984661102,31.788076400756836,0.7951741218566895
11,457,0.22314453125,0.118390291929245,31.97953987121582,0.7897747755050659
12,399,0.19482421875,0.11227574944496155,32.90597915649414,0.7809666395187378
13,426,0.2080078125,0.1227385476231575,34.5378303527832,0.7640833854675293
14,534,0.2607421875,0.11965440213680267,34.34082794189453,0.7668462991714478
15,655,0.31982421875,0.11994876712560654,35.110233306884766,0.7647286057472229
16,640,0.3125,0.12232555449008942,36.2078742980957,0.7558034658432007
17,586,0.2861328125,0.11764760315418243,31.363290786743164,0.7914746999740601
18,547,0.26708984375,0.10999511927366257,31.17457389831543,0.8029884696006775
19,536,0.26171875,0.11047252267599106,30.603179931640625,0.8084642291069031
20,470,0.2294921875,0.14099185168743134,32.7056770324707,0.7901070713996887
21,498,0.2431640625,0.15343640744686127,34.269657135009766,0.773575484752655
22,503,0.24560546875,0.1594598889350891,34.60652542114258,0.7717318534851074
23,515,0.25146484375,0.15077538788318634,34.92369079589844,0.7735211253166199
24,544,0.265625,0.15277165174484253,34.55388641357422,0.7748783826828003
25,524,0.255859375,0.13880519568920135,35.66557693481445,0.7614104151725769
26,610,0.2978515625,0.14217235147953033,32.8160400390625,0.7897091507911682
27,600,0.29296875,0.15168587863445282,35.15433120727539,0.7637884020805359
28,759,0.37060546875,0.13739889860153198,32.91252136230469,0.7849010229110718
29,871,0.42529296875,0.16281984746456146,35.051334381103516,0.7594702839851379
30,793,0.38720703125,0.15365684032440186,34.32748794555664,0.7717312574386597
31,721,0.35205078125,0.13539963960647583,31.033294677734375,0.8075388073921204
32,680,0.33203125,0.1266935020685196,31.553064346313477,0.8075295090675354
33,568,0.27734375,0.12836556136608124,31.722305297851562,0.8062720894813538
34,593,0.28955078125,0.1384105235338211,32.80255889892578,0.7918547987937927
35,636,0.310546875,0.13351751863956451,31.433734893798828,0.8076604008674622
36,561,0.27392578125,0.12713760137557983,33.29908752441406,0.7893717885017395
37,599,0.29248046875,0.12800611555576324,34.06373977661133,0.7793400883674622
38,571,0.27880859375,0.11877073347568512,33.065162658691406,0.7887535691261292
39,664,0.32421875,0.1397964060306549,36.514373779296875,0.7516961693763733
40,475,0.23193359375,0.10941685736179352,25.1474666595459,0.8705183863639832
41,415,0.20263671875,0.10199884325265884,24.479904174804688,0.8780820369720459
42,387,0.18896484375,0.10333895683288574,29.3592586517334,0.828204870223999
43,370,0.1806640625,0.09979023784399033,26.634496688842773,0.8573101758956909
44,368,0.1796875,0.09807390719652176,26.8533878326416,0.8526354432106018
45,411,0.20068359375,0.10055054724216461,24.96602439880371,0.8734625577926636
46,386,0.1884765625,0.10318166762590408,28.970111846923828,0.8339184522628784
47,374,0.1826171875,0.10671193897724152,25.80214500427246,0.8640198111534119
48,365,0.17822265625,0.11025098711252213,27.813264846801758,0.8402880430221558
49,363,0.17724609375,0.12176929414272308,31.01604652404785,0.8043302297592163
50,374,0.1826171875,0.12946432828903198,31.43019676208496,0.8094210028648376
51,352,0.171875,0.13107991218566895,33.63457107543945,0.7827612161636353
52,375,0.18310546875,0.11301667988300323,27.661752700805664,0.8465536832809448
53,406,0.1982421875,0.10753078758716583,26.621185302734375,0.8616249561309814
54,506,0.2470703125,0.11089132726192474,25.240549087524414,0.8732947707176208
55,525,0.25634765625,0.11111297458410263,24.885812759399414,0.8772116899490356
56,521,0.25439453125,0.11041587591171265,25.599889755249023,0.8689551949501038
57,697,0.34033203125,0.14871260523796082,27.114919662475586,0.8524835705757141
58,507,0.24755859375,0.11687059700489044,27.397686004638672,0.8499425649642944
59,581,0.28369140625,0.12168098986148834,25.90000343322754,0.8676753640174866
60,560,0.2734375,0.2007591277360916,25.774600982666016,0.8426870107650757
61,664,0.32421875,0.12832853198051453,26.70711898803711,0.8564903736114502
62,694,0.3388671875,0.16102798283100128,27.06000328063965,0.8453711867332458
63,722,0.3525390625,0.140086829662323,29.441747665405273,0.822988748550415
64,590,0.2880859375,0.1120978370308876,29.012317657470703,0.8297479748725891
65,587,0.28662109375,0.1035412847995758,25.169145584106445,0.8663082718849182
66,511,0.24951171875,0.11872784048318863,29.08091163635254,0.8286888599395752
67,495,0.24169921875,0.11334189772605896,29.34741973876953,0.823517918586731
68,525,0.25634765625,0.11317834258079529,31.691539764404297,0.8014808297157288
69,515,0.25146484375,0.11044789850711823,28.44049072265625,0.8305409550666809
70,577,0.28173828125,0.10520357638597488,25.24014663696289,0.87060546875
71,488,0.23828125,0.10589800029993057,23.741865158081055,0.8771156072616577
72,411,0.20068359375,0.10068919509649277,23.495264053344727,0.8841723799705505
73,374,0.1826171875,0.09825945645570755,25.166715621948242,0.867049515247345
74,377,0.18408203125,0.09876549988985062,24.01407814025879,0.8750154376029968
75,338,0.1650390625,0.098546102643013,24.307621002197266,0.8725847601890564
76,355,0.17333984375,0.09705757349729538,24.839426040649414,0.8664883375167847
77,357,0.17431640625,0.1013316959142685,25.20682144165039,0.8653030395507812
78,382,0.1865234375,0.10464838147163391,25.207319259643555,0.8677235841751099
79,374,0.1826171875,0.10196083039045334,25.079483032226562,0.8705276250839233
80,112,0.0546875,0.17291663587093353,34.27872085571289,0.7891348004341125
81,120,0.05859375,0.17618010938167572,35.845802307128906,0.7709177732467651
82,126,0.0615234375,0.17563337087631226,37.31095504760742,0.7510285377502441
83,121,0.05908203125,0.1678905487060547,36.22751998901367,0.7652379274368286
84,124,0.060546875,0.16798460483551025,39.82998275756836,0.712421715259552
85,123,0.06005859375,0.16410696506500244,39.55837631225586,0.7204272747039795
86,119,0.05810546875,0.16810406744480133,36.83708190917969,0.7587500810623169
87,120,0.05859375,0.17375032603740692,38.61487579345703,0.7409182786941528
88,103,0.05029296875,0.18576304614543915,36.6529655456543,0.764358401298523
89,103,0.05029296875,0.19091513752937317,37.05373001098633,0.7619200944900513
90,95,0.04638671875,0.19162806868553162,36.356544494628906,0.7644855976104736
91,101,0.04931640625,0.173519104719162,36.46092224121094,0.7676756978034973
92,102,0.0498046875,0.17113113403320312,36.78264236450195,0.7641096115112305
93,104,0.05078125,0.17208798229694366,36.53603744506836,0.7653772830963135
94,98,0.0478515625,0.1727054864168167,35.65385055541992,0.7801563739776611
95,92,0.044921875,0.17133614420890808,35.118194580078125,0.78040611743927
96,89,0.04345703125,0.18226677179336548,38.18598937988281,0.7428888082504272
97,88,0.04296875,0.18515987694263458,38.24384689331055,0.7534238696098328
98,99,0.04833984375,0.17774616181850433,38.3746452331543,0.7498942613601685
99,102,0.0498046875,0.17286309599876404,37.94358444213867,0.7523732781410217
100,97,0.04736328125,0.18795545399188995,40.16837692260742,0.7258588075637817
101,95,0.04638671875,0.1750175505876541,37.81409454345703,0.7528672814369202
102,102,0.0498046875,0.1703500896692276,37.14571762084961,0.7604167461395264
103,105,0.05126953125,0.16882900893688202,35.531097412109375,0.7823641300201416
104,115,0.05615234375,0.17117828130722046,35.63701248168945,0.773747444152832
105,102,0.0498046875,0.17162497341632843,34.9648551940918,0.7823525071144104
106,109,0.05322265625,0.16975589096546173,36.515445709228516,0.7728169560432434
107,104,0.05078125,0.17309258878231049,37.191707611083984,0.7591918706893921
108,105,0.05126953125,0.18155118823051453,36.1695556640625,0.7685046195983887
109,120,0.05859375,0.1657458394765854,38.259090423583984,0.7437435984611511
110,108,0.052734375,0.1688627302646637,38.339351654052734,0.7422452569007874
111,102,0.0498046875,0.17383059859275818,36.932796478271484,0.76060950756073
112,99,0.04833984375,0.17270226776599884,38.417545318603516,0.7383447289466858
113,96,0.046875,0.19914549589157104,36.81306076049805,0.7501990795135498
114,89,0.04345703125,0.18354491889476776,36.541969299316406,0.7551608085632324
115,107,0.05224609375,0.19212013483047485,37.364219665527344,0.7481492757797241
116,99,0.04833984375,0.20138217508792877,39.34775161743164,0.7225044965744019
117,85,0.04150390625,0.2127024382352829,37.145362854003906,0.747124195098877
118,82,0.0400390625,0.22872163355350494,37.0258674621582,0.751736044883728
119,109,0.05322265625,0.19479689002037048,39.67997741699219,0.7200185656547546
120,45,0.02197265625,0.17723813652992249,37.53919982910156,0.7529267072677612
121,54,0.0263671875,0.16529956459999084,39.19240188598633,0.7382664084434509
122,57,0.02783203125,0.16287097334861755,42.31302261352539,0.6957913041114807
123,65,0.03173828125,0.15695704519748688,42.53221130371094,0.6891823410987854
124,54,0.0263671875,0.1550072431564331,40.68047332763672,0.7138549089431763
125,47,0.02294921875,0.17468371987342834,40.249053955078125,0.7285159230232239
126,41,0.02001953125,0.18951402604579926,38.67019271850586,0.744896411895752
127,41,0.02001953125,0.1789555847644806,42.95331573486328,0.6969947814941406
128,31,0.01513671875,0.19202442467212677,39.616764068603516,0.7359925508499146
129,30,0.0146484375,0.1965319663286209,34.88655090332031,0.7915627360343933
130,28,0.013671875,0.23039935529232025,36.55233383178711,0.7757472991943359
131,23,0.01123046875,0.239406019449234,35.766273498535156,0.7815626263618469
132,23,0.01123046875,0.2464328557252884,33.568016052246094,0.8092375993728638
133,30,0.0146484375,0.23639588057994843,32.224544525146484,0.810975193977356
134,36,0.017578125,0.21504445374011993,35.07343292236328,0.7849547863006592
135,36,0.017578125,0.21454687416553497,33.29781723022461,0.812659502029419
136,43,0.02099609375,0.22223716974258423,35.361167907714844,0.7842054963111877
137,48,0.0234375,0.19661562144756317,32.987064361572266,0.8068187236785889
138,42,0.0205078125,0.20985452830791473,33.86397933959961,0.7967332005500793
139,46,0.0224609375,0.19919057190418243,35.243404388427734,0.7799983620643616
140,33,0.01611328125,0.21005140244960785,33.34077072143555,0.7968661189079285
141,27,0.01318359375,0.18644188344478607,30.268356323242188,0.8246451616287231
142,30,0.0146484375,0.2292155623435974,33.859806060791016,0.7959206700325012
143,36,0.017578125,0.1960354596376419,34.22993850708008,0.7904956340789795
144,23,0.01123046875,0.23900116980075836,34.385231018066406,0.7877708673477173
145,23,0.01123046875,0.21495448052883148,35.825103759765625,0.7812505960464478
146,29,0.01416015625,0.22266177833080292,36.69116973876953,0.7587400674819946
147,33,0.01611328125,0.20107749104499817,36.553565979003906,0.7672585248947144
148,34,0.0166015625,0.17742618918418884,31.32061767578125,0.8111712336540222
149,37,0.01806640625,0.16606056690216064,30.9657039642334,0.8177154064178467
150,40,0.01953125,0.19443468749523163,33.093902587890625,0.8044332265853882
151,45,0.02197265625,0.1986798793077469,32.823585510253906,0.8031164407730103
152,30,0.0146484375,0.22065816819667816,33.06767272949219,0.7949961423873901
153,30,0.0146484375,0.22868244349956512,36.91841506958008,0.7621760964393616
154,27,0.01318359375,0.21822260320186615,35.94929122924805,0.7777748107910156
155,22,0.0107421875,0.2071729153394699,41.757389068603516,0.7009570002555847
156,32,0.015625,0.19395628571510315,35.519901275634766,0.7723580598831177
157,23,0.01123046875,0.2003144472837448,35.544708251953125,0.7636623978614807
158,34,0.0166015625,0.21846945583820343,35.223323822021484,0.7687011957168579
159,40,0.01953125,0.20938219130039215,35.355804443359375,0.7658581137657166
160,171,0.08349609375,0.15410886704921722,40.09260177612305,0.7195911407470703
161,184,0.08984375,0.15041646361351013,37.046775817871094,0.7506580352783203
162,178,0.0869140625,0.1486077606678009,37.43564224243164,0.7524891495704651
163,191,0.09326171875,0.14368502795696259,37.96952819824219,0.7449749708175659
164,201,0.09814453125,0.1480199545621872,36.1916389465332,0.764527440071106
165,219,0.10693359375,0.15556320548057556,37.46249008178711,0.7451651096343994
166,210,0.1025390625,0.14147083461284637,35.45387268066406,0.7730961441993713
167,216,0.10546875,0.1491965800523758,34.46745681762695,0.7824481129646301
168,208,0.1015625,0.14232207834720612,33.740909576416016,0.7943719625473022
169,211,0.10302734375,0.13960212469100952,33.691986083984375,0.7925651669502258
170,233,0.11376953125,0.15148815512657166,35.499629974365234,0.7680787444114685
171,206,0.1005859375,0.14048825204372406,32.62601089477539,0.8059945106506348
172,187,0.09130859375,0.1487729549407959,33.372337341308594,0.7990424633026123
173,176,0.0859375,0.14552389085292816,32.2681999206543,0.8129822015762329
174,174,0.0849609375,0.14771100878715515,33.775245666503906,0.7933891415596008
175,179,0.08740234375,0.13983578979969025,33.173397064208984,0.7965940237045288
176,180,0.087890625,0.14065514504909515,32.92523193359375,0.7978415489196777
177,208,0.1015625,0.1369675248861313,34.23844909667969,0.7872000336647034
178,193,0.09423828125,0.1364930272102356,33.695037841796875,0.7916087508201599
179,196,0.095703125,0.1352042257785797,34.5885009765625,0.7819237112998962
180,208,0.1015625,0.13221964240074158,34.29363250732422,0.7840089797973633
181,206,0.1005859375,0.13130222260951996,33.45698928833008,0.7937221527099609
182,221,0.10791015625,0.14516329765319824,33.73522186279297,0.7896463871002197
183,209,0.10205078125,0.1321798413991928,33.32490921020508,0.7909955978393555
184,197,0.09619140625,0.1441878229379654,31.586261749267578,0.8128537535667419
185,215,0.10498046875,0.139230415225029,32.91922378540039,0.7978444695472717
186,195,0.09521484375,0.14242683351039886,32.426368713378906,0.8065338134765625
187,194,0.0947265625,0.15024060010910034,33.08966064453125,0.8013022541999817
188,187,0.09130859375,0.14802774786949158,32.94184494018555,0.7964131832122803
189,183,0.08935546875,0.13739073276519775,31.084678649902344,0.8204184174537659
190,185,0.09033203125,0.13916893303394318,32.931583404541016,0.7935961484909058
191,196,0.095703125,0.1385601907968521,31.6418514251709,0.8114262819290161
192,192,0.09375,0.1359138786792755,30.476503372192383,0.8236088752746582
193,192,0.09375,0.1390373557806015,30.19276237487793,0.8253870010375977
194,186,0.0908203125,0.1523193120956421,32.911441802978516,0.7959346175193787
195,193,0.09423828125,0.14262652397155762,31.3991756439209,0.8128424882888794
196,209,0.10205078125,0.1325802356004715,30.644886016845703,0.8239092826843262
197,200,0.09765625,0.1428394913673401,31.540000915527344,0.815193235874176
198,182,0.0888671875,0.14897693693637848,31.156856536865234,0.8165754675865173
199,196,0.095703125,0.1623169481754303,32.97555923461914,0.7964748740196228
200,148,0.072265625,0.14503483474254608,39.553035736083984,0.7214147448539734
201,155,0.07568359375,0.1416807770729065,40.29730987548828,0.7087092995643616
202,156,0.076171875,0.14253191649913788,38.645057678222656,0.7286357879638672
203,162,0.0791015625,0.13795465230941772,37.38355255126953,0.7424256801605225
204,163,0.07958984375,0.1410970538854599,39.3050422668457,0.7229852676391602
205,167,0.08154296875,0.13465054333209991,39.56387710571289,0.7161741852760315
206,156,0.076171875,0.1316397488117218,38.86466598510742,0.7299199104309082
207,176,0.0859375,0.1390792280435562,36.631832122802734,0.7593703866004944
208,177,0.08642578125,0.1535365879535675,36.43996810913086,0.7603176832199097
209,181,0.08837890625,0.15343524515628815,34.54998779296875,0.7808050513267517
210,179,0.08740234375,0.16138318181037903,37.259918212890625,0.7466416954994202
211,182,0.0888671875,0.15758100152015686,38.44377899169922,0.7356576323509216
212,197,0.09619140625,0.151651993393898,37.28184127807617,0.7548562288284302
213,196,0.095703125,0.14689551293849945,38.13911437988281,0.7471941709518433
214,197,0.09619140625,0.14143876731395721,36.83024978637695,0.7633950710296631
215,216,0.10546875,0.14443379640579224,38.30500030517578,0.7382361888885498
216,227,0.11083984375,0.14475291967391968,36.80752944946289,0.7588573098182678
217,232,0.11328125,0.13593286275863647,35.230342864990234,0.776384711265564
218,235,0.11474609375,0.1314859390258789,34.54434585571289,0.7797576189041138
219,259,0.12646484375,0.12392774224281311,33.99717330932617,0.7857080101966858
220,274,0.1337890625,0.12078197300434113,34.15043258666992,0.7835715413093567
221,298,0.1455078125,0.12187634408473969,34.140419006347656,0.7853844165802002
222,306,0.1494140625,0.12567850947380066,35.62004852294922,0.768841028213501
223,278,0.1357421875,0.11030040681362152,32.846954345703125,0.8020336627960205
224,286,0.1396484375,0.11450331658124924,32.336910247802734,0.8059669137001038
225,310,0.1513671875,0.12459095567464828,33.0699348449707,0.796116292476654
226,307,0.14990234375,0.12068244814872742,32.888999938964844,0.7994421720504761
227,271,0.13232421875,0.12166609615087509,31.7235107421875,0.8106185793876648
228,256,0.125,0.12228073924779892,30.88490104675293,0.8165661692619324
229,244,0.119140625,0.11434820294380188,32.591514587402344,0.7968054413795471
230,227,0.11083984375,0.1139618456363678,33.4576416015625,0.7891074419021606
231,219,0.10693359375,0.11445033550262451,33.13074493408203,0.7924367785453796
232,232,0.11328125,0.11723607033491135,32.915252685546875,0.7908362150192261
233,259,0.12646484375,0.1242745965719223,32.471946716308594,0.7966486811637878
234,236,0.115234375,0.11249103397130966,31.32235336303711,0.8114935159683228
235,209,0.10205078125,0.10950718820095062,32.672828674316406,0.8008926510810852
236,208,0.1015625,0.11423520743846893,33.51287078857422,0.7851711511611938
237,214,0.1044921875,0.11133281886577606,31.838165283203125,0.8081784248352051
238,193,0.09423828125,0.11780376732349396,34.81842041015625,0.7715972065925598
239,202,0.0986328125,0.11440686881542206,33.20273971557617,0.7867637872695923
240,64,0.03125,0.11969830095767975,24.27507209777832,0.8735795617103577
241,69,0.03369140625,0.12469060719013214,25.592391967773438,0.8543406128883362
242,60,0.029296875,0.11939949542284012,24.59722137451172,0.8719738721847534
243,59,0.02880859375,0.128584623336792,23.880207061767578,0.87791907787323
244,60,0.029296875,0.12274842709302902,22.685176849365234,0.8916991949081421
245,68,0.033203125,0.12619538605213165,24.24695587158203,0.873518168926239
246,75,0.03662109375,0.12434422969818115,26.945098876953125,0.8443499207496643
247,83,0.04052734375,0.12830495834350586,28.227991104125977,0.8362021446228027
248,76,0.037109375,0.13214974105358124,26.697877883911133,0.8534246683120728
249,80,0.0390625,0.13294105231761932,28.165918350219727,0.8380122184753418
250,79,0.03857421875,0.1280205398797989,27.996023178100586,0.8395124077796936
251,72,0.03515625,0.13150934875011444,27.704282760620117,0.8343123197555542
252,78,0.0380859375,0.16053131222724915,26.733551025390625,0.8423560857772827
253,77,0.03759765625,0.14328540861606598,28.64913558959961,0.8239096403121948
254,81,0.03955078125,0.14265955984592438,29.58094596862793,0.8198546171188354
255,77,0.03759765625,0.14389784634113312,28.249563217163086,0.8289676308631897
256,72,0.03515625,0.14380121231079102,27.335256576538086,0.833491861820221
257,79,0.03857421875,0.13380558788776398,28.512895584106445,0.8333113193511963
258,74,0.0361328125,0.1403077393770218,27.167896270751953,0.8432010412216187
259,74,0.0361328125,0.14806248247623444,27.99297332763672,0.8264670372009277
260,68,0.033203125,0.14179550111293793,26.063034057617188,0.8481770157814026
261,74,0.0361328125,0.14996594190597534,27.481243133544922,0.8343995809555054
262,78,0.0380859375,0.15738168358802795,27.503955841064453,0.832099437713623
263,70,0.0341796875,0.16572734713554382,26.966876983642578,0.8474335074424744
264,61,0.02978515625,0.13289225101470947,27.13143539428711,0.849143922328949
265,69,0.03369140625,0.13544237613677979,27.700963973999023,0.8366329073905945
266,66,0.0322265625,0.13021381199359894,27.831838607788086,0.8487623333930969
267,74,0.0361328125,0.13511218130588531,28.065366744995117,0.8444945216178894
268,74,0.0361328125,0.14351744949817657,27.58298110961914,0.8497850298881531
269,70,0.0341796875,0.1301409751176834,29.31455421447754,0.8271006345748901
270,74,0.0361328125,0.13713780045509338,27.954078674316406,0.8415152430534363
271,76,0.037109375,0.1361059546470642,28.840036392211914,0.8415449857711792
272,84,0.041015625,0.14434196054935455,32.782920837402344,0.7980242371559143
273,82,0.0400390625,0.1374713033437729,30.55856704711914,0.8169510364532471
274,79,0.03857421875,0.1577666848897934,29.249765396118164,0.8347640037536621
275,77,0.03759765625,0.1443900316953659,31.053068161010742,0.809302806854248
276,79,0.03857421875,0.15472595393657684,32.28859329223633,0.8082608580589294
277,71,0.03466796875,0.1408294290304184,31.064611434936523,0.8167563676834106
278,69,0.03369140625,0.14074960350990295,30.49951171875,0.8263512849807739
279,72,0.03515625,0.15477266907691956,31.42430877685547,0.8173233270645142
280,159,0.07763671875,0.21248632669448853,33.55274963378906,0.7987620830535889
281,164,0.080078125,0.20426294207572937,33.21946334838867,0.8001511693000793
282,160,0.078125,0.20343844592571259,34.06088638305664,0.7902170419692993
283,166,0.0810546875,0.21197272837162018,34.98815155029297,0.7787215709686279
284,165,0.08056640625,0.20374062657356262,34.8999137878418,0.7764644026756287
285,173,0.08447265625,0.21103160083293915,32.861106872558594,0.8022960424423218
286,183,0.08935546875,0.21811231970787048,33.13357925415039,0.8002378344535828
287,180,0.087890625,0.21181775629520416,31.8250732421875,0.8129088282585144
288,177,0.08642578125,0.22269433736801147,32.376827239990234,0.8056331276893616
289,180,0.087890625,0.21674448251724243,31.545087814331055,0.8146637082099915
290,186,0.0908203125,0.1999386101961136,30.100234985351562,0.8324559330940247
291,204,0.099609375,0.20234286785125732,31.843368530273438,0.8100853562355042
292,199,0.09716796875,0.1935259848833084,29.92111587524414,0.8306731581687927
293,187,0.09130859375,0.19872182607650757,30.9050350189209,0.8210461735725403
294,184,0.08984375,0.19509130716323853,31.051271438598633,0.8158208727836609
295,187,0.09130859375,0.1927448958158493,29.84418296813965,0.833709716796875
296,180,0.087890625,0.19218523800373077,30.914770126342773,0.8172324895858765
297,187,0.09130859375,0.1812625229358673,31.351470947265625,0.8164358735084534
298,183,0.08935546875,0.18484319746494293,32.44538879394531,0.8069349527359009
299,182,0.0888671875,0.1716729700565338,32.19511795043945,0.8066375851631165
300,182,0.0888671875,0.1705944687128067,33.14203643798828,0.7975261807441711
301,190,0.0927734375,0.1748792827129364,33.86344909667969,0.782871663570404
302,205,0.10009765625,0.16564495861530304,33.426231384277344,0.7922182679176331
303,201,0.09814453125,0.16027958691120148,33.71578598022461,0.7871416211128235
304,208,0.1015625,0.16610585153102875,32.44321823120117,0.8033257722854614
305,218,0.1064453125,0.16714148223400116,33.971248626708984,0.7849016785621643
306,218,0.1064453125,0.1585819274187088,32.50493621826172,0.8015972375869751
307,225,0.10986328125,0.16669368743896484,32.69508361816406,0.7981080412864685
308,214,0.1044921875,0.15890106558799744,31.800796508789062,0.8091135025024414
309,228,0.111328125,0.15306037664413452,31.903528213500977,0.8094982504844666
310,238,0.1162109375,0.161147803068161,30.937097549438477,0.8204853534698486
311,247,0.12060546875,0.1661624014377594,33.8314208984375,0.7842573523521423
312,233,0.11376953125,0.15841689705848694,30.759811401367188,0.8202652335166931
313,230,0.1123046875,0.14790230989456177,31.429323196411133,0.8127206563949585
314,251,0.12255859375,0.1669110357761383,34.31907272338867,0.7790564894676208
315,235,0.11474609375,0.1561651974916458,31.19038963317871,0.8150535225868225
316,246,0.1201171875,0.17119666934013367,32.407127380371094,0.7982356548309326
317,243,0.11865234375,0.15372519195079803,34.34653854370117,0.7790921926498413
318,257,0.12548828125,0.16080792248249054,33.892642974853516,0.7860424518585205
319,260,0.126953125,0.15953853726387024,35.26204299926758,0.7672494053840637
320,117,0.05712890625,0.15330469608306885,34.88296127319336,0.7814786434173584
321,126,0.0615234375,0.15468302369117737,33.603904724121094,0.7917203903198242
322,125,0.06103515625,0.1498768925666809,34.302467346191406,0.7837770581245422
323,122,0.0595703125,0.14814475178718567,34.00105667114258,0.7871622443199158
324,126,0.0615234375,0.15391185879707336,32.34819793701172,0.8043792843818665
325,128,0.0625,0.15382537245750427,31.370929718017578,0.8093855977058411
326,133,0.06494140625,0.14847548305988312,32.64388656616211,0.7925861477851868
327,139,0.06787109375,0.1485995054244995,32.48324203491211,0.7956065535545349
328,139,0.06787109375,0.1394549310207367,32.7641716003418,0.7940102815628052
329,148,0.072265625,0.16214385628700256,33.90974807739258,0.7833713293075562
330,146,0.0712890625,0.15152162313461304,34.33738708496094,0.7741952538490295
331,143,0.06982421875,0.15796226263046265,32.840763092041016,0.790975034236908
332,131,0.06396484375,0.15324944257736206,32.29117965698242,0.8052693009376526
333,127,0.06201171875,0.1395312249660492,31.567659378051758,0.8118135929107666
334,128,0.0625,0.14727509021759033,30.666215896606445,0.8209705948829651
335,117,0.05712890625,0.13341647386550903,31.730274200439453,0.8091767430305481
336,119,0.05810546875,0.13697919249534607,33.894493103027344,0.7844918370246887
337,109,0.05322265625,0.1422935575246811,31.460704803466797,0.817179799079895
338,108,0.052734375,0.13215455412864685,31.346996307373047,0.8116747736930847
339,128,0.0625,0.13962338864803314,31.42474937438965,0.8082438707351685
340,127,0.06201171875,0.1295887976884842,31.026941299438477,0.8175629377365112
341,128,0.0625,0.14123448729515076,31.50832748413086,0.809185266494751
342,120,0.05859375,0.13294737040996552,30.454235076904297,0.8206780552864075
343,126,0.0615234375,0.14397622644901276,32.21259307861328,0.8021087646484375
344,136,0.06640625,0.14504867792129517,32.622169494628906,0.7971394062042236
345,144,0.0703125,0.1531434804201126,31.60561180114746,0.8134545683860779
346,138,0.0673828125,0.14870794117450714,30.866943359375,0.8196669220924377
347,126,0.0615234375,0.13713064789772034,30.257648468017578,0.8229265809059143
348,142,0.0693359375,0.15239502489566803,32.30567169189453,0.8007543087005615
349,124,0.060546875,0.13466107845306396,31.01930046081543,0.8165848851203918
350,122,0.0595703125,0.15439549088478088,33.178428649902344,0.789965808391571
351,108,0.052734375,0.1440788060426712,32.41011047363281,0.7967811822891235
352,112,0.0546875,0.1496310830116272,33.86039733886719,0.7770114541053772
353,118,0.0576171875,0.1645687371492386,34.42787170410156,0.7718101143836975
354,113,0.05517578125,0.16199642419815063,33.46799087524414,0.7873700857162476
355,106,0.0517578125,0.15182560682296753,33.166343688964844,0.790010929107666
356,108,0.052734375,0.16410936415195465,34.57730484008789,0.7798577547073364
357,109,0.05322265625,0.16518661379814148,36.337406158447266,0.7546173334121704
358,118,0.0576171875,0.17044901847839355,36.25439453125,0.7558950781822205
359,114,0.0556640625,0.17720897495746613,35.724830627441406,0.7617014050483704
360,260,0.126953125,0.13632752001285553,31.54471206665039,0.7939682602882385
361,254,0.1240234375,0.1295902580022812,31.018856048583984,0.8046090602874756
362,229,0.11181640625,0.13586559891700745,32.31303787231445,0.7862433791160583
363,242,0.1181640625,0.13427959382534027,29.803091049194336,0.8220847845077515
364,247,0.12060546875,0.1407352089881897,31.684974670410156,0.7961029410362244
365,219,0.10693359375,0.16042353212833405,33.080810546875,0.7812010049819946
366,206,0.1005859375,0.14477238059043884,32.50034713745117,0.7891092300415039
367,204,0.099609375,0.14793828129768372,32.63267517089844,0.7872304916381836
368,228,0.111328125,0.13204863667488098,31.88743019104004,0.797692596912384
369,239,0.11669921875,0.14558178186416626,30.28560447692871,0.8130739331245422
370,239,0.11669921875,0.14615671336650848,31.09381103515625,0.8009517788887024
371,253,0.12353515625,0.14054667949676514,30.187227249145508,0.81344074010849
372,230,0.1123046875,0.1638932079076767,31.553905487060547,0.8008538484573364
373,285,0.13916015625,0.17836448550224304,32.278255462646484,0.793287992477417
374,303,0.14794921875,0.1680333912372589,32.37022018432617,0.7875609993934631
375,289,0.14111328125,0.15769948065280914,32.18124008178711,0.7885000109672546
376,270,0.1318359375,0.15184827148914337,30.51600456237793,0.8101933598518372
377,236,0.115234375,0.14444714784622192,33.11956024169922,0.781571626663208
378,225,0.10986328125,0.1441216915845871,33.21745300292969,0.7820357084274292
379,239,0.11669921875,0.142411470413208,32.89082336425781,0.7873663306236267
380,260,0.126953125,0.1407003253698349,31.13102912902832,0.8024562001228333
381,254,0.1240234375,0.13591070473194122,32.57858657836914,0.7892428636550903
382,246,0.1201171875,0.14312095940113068,33.19758224487305,0.787673830986023
383,263,0.12841796875,0.14181716740131378,31.608034133911133,0.8036298155784607
384,266,0.1298828125,0.14039775729179382,30.605506896972656,0.8096669912338257
385,261,0.12744140625,0.1444796770811081,30.7382869720459,0.8084062337875366
386,292,0.142578125,0.14577539265155792,30.543319702148438,0.8091944456100464
387,243,0.11865234375,0.14655306935310364,35.980289459228516,0.763209879398346
388,265,0.12939453125,0.15135705471038818,32.943641662597656,0.7938287258148193
389,291,0.14208984375,0.15292198956012726,33.33362579345703,0.788623034954071
390,309,0.15087890625,0.1475067138671875,32.07945251464844,0.7978904843330383
391,335,0.16357421875,0.15754888951778412,30.66752052307129,0.8081110119819641
392,344,0.16796875,0.15434201061725616,31.542522430419922,0.7987042665481567
393,315,0.15380859375,0.15654215216636658,30.764644622802734,0.8052635788917542
394,316,0.154296875,0.15775960683822632,30.497716903686523,0.8063493371009827
395,268,0.130859375,0.15434840321540833,31.457162857055664,0.7963957786560059
396,270,0.1318359375,0.15452511608600616,31.417444229125977,0.8011491298675537
397,353,0.17236328125,0.17803381383419037,30.520967483520508,0.8079022169113159
398,320,0.15625,0.17135414481163025,30.502986907958984,0.8076077699661255
399,279,0.13623046875,0.15980015695095062,32.788063049316406,0.790712296962738
400,1495,0.72998046875,0.16421052813529968,57.51788330078125,0.49882766604423523
401,694,0.3388671875,0.13243505358695984,38.17591094970703,0.7415503859519958
402,551,0.26904296875,0.09419351071119308,37.92863845825195,0.7507752180099487
403,762,0.3720703125,0.14334514737129211,40.86698913574219,0.7092198729515076
404,705,0.34423828125,0.10297434777021408,38.998634338378906,0.7407289743423462
405,622,0.3037109375,0.10397741198539734,39.919151306152344,0.7264191508293152
406,687,0.33544921875,0.09053406864404678,35.34308624267578,0.7779292464256287
407,606,0.2958984375,0.09402438253164291,36.68252944946289,0.747142493724823
408,1581,0.77197265625,0.09837304055690765,33.37301254272461,0.7754873633384705
409,1702,0.8310546875,0.11410968750715256,40.043975830078125,0.7106865644454956
410,685,0.33447265625,0.10552627593278885,39.22953796386719,0.7083112001419067
411,663,0.32373046875,0.11476904153823853,38.710243225097656,0.7147710919380188
412,651,0.31787109375,0.11855662614107132,40.571144104003906,0.7086772322654724
413,654,0.3193359375,0.13458287715911865,40.972068786621094,0.7069162726402283
414,1412,0.689453125,0.12775777280330658,41.560123443603516,0.6994805335998535
415,598,0.2919921875,0.11101645231246948,38.366241455078125,0.7174486517906189
416,576,0.28125,0.1076936423778534,39.7021369934082,0.7040239572525024
417,647,0.31591796875,0.0955512598156929,36.569576263427734,0.7415833473205566
418,1403,0.68505859375,0.1339045614004135,49.0483512878418,0.607872486114502
419,620,0.302734375,0.08800675719976425,38.89241409301758,0.7157670259475708
420,653,0.31884765625,0.08396521955728531,37.086631774902344,0.7323455214500427
421,570,0.2783203125,0.11138938367366791,40.870323181152344,0.6730376482009888
422,1492,0.728515625,0.10427264869213104,32.876739501953125,0.7816339731216431
423,959,0.46826171875,0.13550004363059998,37.68830490112305,0.7399038076400757
424,909,0.44384765625,0.13822253048419952,37.199058532714844,0.7461837530136108
425,1010,0.4931640625,0.13070425391197205,30.321094512939453,0.8087523579597473
426,1421,0.69384765625,0.10839483141899109,26.06707191467285,0.8455528616905212
427,1287,0.62841796875,0.101203054189682,26.254962921142578,0.8472008109092712
428,923,0.45068359375,0.13616438210010529,28.17967414855957,0.8294077515602112
429,923,0.45068359375,0.1321699023246765,27.381446838378906,0.8384890556335449
430,1032,0.50390625,0.13601596653461456,35.9422607421875,0.7635639905929565
431,752,0.3671875,0.13165290653705597,34.79682159423828,0.7572903037071228
432,1042,0.5087890625,0.13326148688793182,28.091693878173828,0.8320744037628174
433,1541,0.75244140625,0.11364792287349701,33.763031005859375,0.7722391486167908
434,615,0.30029296875,0.12210555374622345,34.23957443237305,0.743495762348175
435,691,0.33740234375,0.11951789259910583,35.40422821044922,0.7499775886535645
436,670,0.3271484375,0.1259693205356598,36.371803283691406,0.7351353764533997
437,1282,0.6259765625,0.1041186973452568,28.624011993408203,0.8283966779708862
438,605,0.29541015625,0.10872097313404083,34.522499084472656,0.739787757396698
439,544,0.265625,0.11869563162326813,33.45792007446289,0.7650777101516724
440,97,0.04736328125,0.12722165882587433,37.77387619018555,0.7407405972480774
441,97,0.04736328125,0.11986849457025528,35.945892333984375,0.7641572952270508
442,101,0.04931640625,0.12777471542358398,38.14886474609375,0.7360447645187378
443,99,0.04833984375,0.1203840970993042,36.15126419067383,0.7520411610603333
444,108,0.052734375,0.12321294099092484,34.14777374267578,0.7811409831047058
445,112,0.0546875,0.125867560505867,33.12025833129883,0.7954383492469788
446,124,0.060546875,0.13644972443580627,34.72942352294922,0.7645698189735413
447,105,0.05126953125,0.12861287593841553,35.77907180786133,0.7615606188774109
448,112,0.0546875,0.13466593623161316,35.036624908447266,0.7670325636863708
449,123,0.06005859375,0.14309196174144745,34.96417236328125,0.7647044062614441
450,101,0.04931640625,0.12795127928256989,33.5500373840332,0.7944827675819397
451,105,0.05126953125,0.1271134316921234,34.17137908935547,0.7838658094406128
452,106,0.0517578125,0.1303238868713379,32.58773422241211,0.8008891940116882
453,98,0.0478515625,0.12487964332103729,34.6799430847168,0.7774221301078796
454,93,0.04541015625,0.13629977405071259,33.97141647338867,0.7856152653694153
455,93,0.04541015625,0.12872503697872162,37.31642532348633,0.7479729652404785
456,81,0.03955078125,0.11797782778739929,36.573577880859375,0.7695812582969666
457,76,0.037109375,0.13066300749778748,38.54887771606445,0.7487664222717285
458,74,0.0361328125,0.12862901389598846,38.56420135498047,0.7454137802124023
459,73,0.03564453125,0.12213501334190369,37.02435302734375,0.7646557688713074
460,85,0.04150390625,0.10996176302433014,37.262939453125,0.7563741207122803
461,86,0.0419921875,0.10600341111421585,38.131595611572266,0.7391756772994995
462,75,0.03662109375,0.10940138250589371,35.686676025390625,0.7721602320671082
463,83,0.04052734375,0.11426057666540146,38.40624237060547,0.7420674562454224
464,89,0.04345703125,0.10374600440263748,38.98899459838867,0.7247039079666138
465,84,0.041015625,0.11956731230020523,37.2789192199707,0.7447428107261658
466,87,0.04248046875,0.1119433119893074,37.280853271484375,0.7504940629005432
467,85,0.04150390625,0.10900633782148361,34.15085983276367,0.7773785591125488
468,91,0.04443359375,0.11331506073474884,34.80966567993164,0.7693653106689453
469,99,0.04833984375,0.13054609298706055,37.02214431762695,0.7410001158714294
470,90,0.0439453125,0.10281586647033691,36.759281158447266,0.7497464418411255
471,80,0.0390625,0.10632456839084625,38.23305130004883,0.733232319355011
472,85,0.04150390625,0.10325459390878677,35.94916534423828,0.7644421458244324
473,85,0.04150390625,0.10312725603580475,36.80843734741211,0.7482227087020874
474,88,0.04296875,0.10371509939432144,37.174339294433594,0.7468809485435486
475,78,0.0380859375,0.11395899206399918,36.39788818359375,0.7581468820571899
476,70,0.0341796875,0.10710150003433228,38.60749816894531,0.740880012512207
477,82,0.0400390625,0.10142647475004196,38.102596282958984,0.7443884611129761
478,77,0.03759765625,0.10966992378234863,35.767818450927734,0.7706482410430908
479,76,0.037109375,0.114745132625103,38.972198486328125,0.7223082184791565
480,46,0.0224609375,0.2435036152601242,37.846927642822266,0.7562798261642456
481,50,0.0244140625,0.23648078739643097,36.893959045410156,0.7586340308189392
482,29,0.01416015625,0.290058970451355,35.94866180419922,0.7747358083724976
483,37,0.01806640625,0.28012779355049133,37.40570068359375,0.7691762447357178
484,31,0.01513671875,0.30708950757980347,37.31572341918945,0.7704312205314636
485,31,0.01513671875,0.315115749835968,37.34187316894531,0.7735032439231873
486,33,0.01611328125,0.3036341667175293,36.940696716308594,0.7672998905181885
487,37,0.01806640625,0.2871432602405548,36.02473449707031,0.7816731929779053
488,28,0.013671875,0.32948440313339233,36.12045669555664,0.771316409111023
489,33,0.01611328125,0.31034955382347107,38.62226104736328,0.7508443593978882
490,32,0.015625,0.315062940120697,37.596343994140625,0.7598187327384949
491,20,0.009765625,0.3231012523174286,32.492393493652344,0.8240277171134949
492,16,0.0078125,0.3750786781311035,33.205116271972656,0.8035835027694702
493,21,0.01025390625,0.34973272681236267,33.41978073120117,0.8126794099807739
494,25,0.01220703125,0.32269930839538574,35.754276275634766,0.7688475251197815
495,28,0.013671875,0.3050154745578766,34.90612030029297,0.7822632193565369
496,29,0.01416015625,0.2950475811958313,35.14727020263672,0.782829761505127
497,37,0.01806640625,0.25103291869163513,35.551605224609375,0.7785230875015259
498,48,0.0234375,0.22647076845169067,34.36410140991211,0.7882912755012512
499,53,0.02587890625,0.21737545728683472,34.3387565612793,0.7818992733955383
500,59,0.02880859375,0.21580016613006592,36.212646484375,0.7679405808448792
501,55,0.02685546875,0.217719167470932,35.88562774658203,0.7666483521461487
502,50,0.0244140625,0.22621504962444305,35.44929122924805,0.7753167152404785
503,51,0.02490234375,0.23056849837303162,36.58114242553711,0.7607887983322144
504,48,0.0234375,0.17886754870414734,37.09801483154297,0.7574983239173889
505,55,0.02685546875,0.1877562701702118,36.40092468261719,0.7669046521186829
506,64,0.03125,0.20705504715442657,35.52853775024414,0.7767584323883057
507,39,0.01904296875,0.21321874856948853,36.6400146484375,0.7585943937301636
508,34,0.0166015625,0.2165817767381668,39.195892333984375,0.7474560737609863
509,40,0.01953125,0.25891008973121643,33.22107696533203,0.8012941479682922
510,48,0.0234375,0.2523348927497864,33.983158111572266,0.7855671048164368
511,42,0.0205078125,0.2730897068977356,35.157047271728516,0.7780632972717285
512,43,0.02099609375,0.2569081485271454,34.102943420410156,0.7909656167030334
513,44,0.021484375,0.2636380195617676,38.89107894897461,0.7521808743476868
514,52,0.025390625,0.24711938202381134,36.55451202392578,0.7612841129302979
515,54,0.0263671875,0.2238798290491104,36.244205474853516,0.7736996412277222
516,52,0.025390625,0.22499756515026093,34.897647857666016,0.7850027084350586
517,48,0.0234375,0.23260284960269928,35.35539627075195,0.7885540127754211
518,63,0.03076171875,0.21530315279960632,36.489986419677734,0.7664598822593689
519,57,0.02783203125,0.1765841692686081,42.71710968017578,0.6947578191757202
520,395,0.19287109375,0.1330946981906891,32.64122009277344,0.7975916862487793
521,484,0.236328125,0.14631511270999908,33.1097412109375,0.7889389991760254
522,409,0.19970703125,0.12337532639503479,33.474491119384766,0.794127345085144
523,377,0.18408203125,0.11723212897777557,33.77956771850586,0.7885586023330688
524,393,0.19189453125,0.11909149587154388,33.30744171142578,0.7976434230804443
525,407,0.19873046875,0.13617072999477386,31.420385360717773,0.8146405816078186
526,410,0.2001953125,0.1375245600938797,31.70132827758789,0.8056904673576355
527,421,0.20556640625,0.12482409179210663,32.093631744384766,0.8092702627182007
528,415,0.20263671875,0.13095836341381073,30.12606430053711,0.8207541704177856
529,445,0.21728515625,0.125814288854599,29.306026458740234,0.8243229985237122
530,444,0.216796875,0.1239028126001358,30.1501522064209,0.8198992609977722
531,457,0.22314453125,0.12126217037439346,29.394426345825195,0.8241244554519653
532,493,0.24072265625,0.1680884212255478,35.3736686706543,0.7610167264938354
533,422,0.2060546875,0.11510680615901947,30.403745651245117,0.8141903281211853
534,345,0.16845703125,0.10784514248371124,30.147192001342773,0.8200539350509644
535,297,0.14501953125,0.10354816913604736,31.076868057250977,0.8097744584083557
536,295,0.14404296875,0.10870257019996643,31.644981384277344,0.8016481995582581
537,274,0.1337890625,0.10576887428760529,31.629459381103516,0.8033900856971741
538,259,0.12646484375,0.10731542110443115,31.91300392150879,0.800136387348175
539,246,0.1201171875,0.11123664677143097,32.856475830078125,0.7921602129936218
540,240,0.1171875,0.11497780680656433,32.9260368347168,0.7903145551681519
541,231,0.11279296875,0.11084683239459991,32.503936767578125,0.7975403666496277
542,213,0.10400390625,0.11461494863033295,33.07522201538086,0.7888558506965637
543,204,0.099609375,0.11454617232084274,32.33209991455078,0.7940307855606079
544,169,0.08251953125,0.1201634556055069,31.305002212524414,0.8080629706382751
545,165,0.08056640625,0.12038122117519379,33.338768005371094,0.7913945913314819
546,152,0.07421875,0.12420620024204254,32.4764289855957,0.8036075830459595
547,142,0.0693359375,0.14799006283283234,34.73726272583008,0.7737503051757812
548,130,0.0634765625,0.14432214200496674,32.71721649169922,0.7977253198623657
549,129,0.06298828125,0.13869419693946838,33.09236526489258,0.7962920069694519
550,140,0.068359375,0.13597169518470764,32.73922348022461,0.8049965500831604
551,133,0.06494140625,0.1384318619966507,34.6706657409668,0.782941997051239
552,162,0.0791015625,0.12255362421274185,33.451026916503906,0.7963541150093079
553,157,0.07666015625,0.1216086596250534,34.598087310791016,0.7853384613990784
554,161,0.07861328125,0.12341101467609406,34.00840377807617,0.7806885242462158
555,169,0.08251953125,0.11327868700027466,34.07023239135742,0.7788801789283752
556,174,0.0849609375,0.11041297018527985,34.61089324951172,0.7720102071762085
557,176,0.0859375,0.10715747624635696,33.353145599365234,0.7856079339981079
558,183,0.08935546875,0.11187820881605148,34.62535095214844,0.7737475037574768
559,198,0.0966796875,0.10807893425226212,34.19509506225586,0.7794023156166077
560,150,0.0732421875,0.15976481139659882,32.94451904296875,0.789730429649353
561,137,0.06689453125,0.15624871850013733,31.952070236206055,0.8054023385047913
562,139,0.06787109375,0.1599581092596054,33.99795150756836,0.7843081951141357
563,136,0.06640625,0.16477082669734955,33.374393463134766,0.7923370003700256
564,130,0.0634765625,0.15890225768089294,35.59424591064453,0.765357494354248
565,130,0.0634765625,0.15861226618289948,34.38191223144531,0.7793691754341125
566,135,0.06591796875,0.15534038841724396,34.497318267822266,0.774642288684845
567,127,0.06201171875,0.1572265625,34.32743453979492,0.7824416756629944
568,124,0.060546875,0.16073943674564362,32.80349349975586,0.7965564727783203
569,118,0.0576171875,0.16913706064224243,33.92195129394531,0.7870950698852539
570,135,0.06591796875,0.16262617707252502,35.095680236816406,0.7727901339530945
571,113,0.05517578125,0.17912834882736206,33.47773361206055,0.7926425337791443
572,114,0.0556640625,0.17013657093048096,34.15165710449219,0.7832403779029846
573,115,0.05615234375,0.18209141492843628,33.31597137451172,0.795758068561554
574,116,0.056640625,0.1748756617307663,34.04817581176758,0.7857680320739746
575,122,0.0595703125,0.165363609790802,33.35582733154297,0.7950860261917114
576,117,0.05712890625,0.16338802874088287,33.5513916015625,0.7928454875946045
577,117,0.05712890625,0.16928917169570923,34.4617919921875,0.7733818292617798
578,120,0.05859375,0.15869665145874023,33.33736038208008,0.7906743288040161
579,123,0.06005859375,0.15487897396087646,34.38062286376953,0.7764902710914612
580,113,0.05517578125,0.16939197480678558,33.30636978149414,0.7924668788909912
581,114,0.0556640625,0.18161307275295258,34.00605773925781,0.7915691137313843
582,111,0.05419921875,0.1791684627532959,33.92137908935547,0.7895495891571045
583,105,0.05126953125,0.15317068994045258,33.338172912597656,0.7992146015167236
584,104,0.05078125,0.16809509694576263,33.43032455444336,0.7919614315032959
585,98,0.0478515625,0.16389702260494232,31.453388214111328,0.8182145953178406
586,87,0.04248046875,0.16864101588726044,32.314659118652344,0.8085148334503174
587,96,0.046875,0.17167118191719055,34.61240005493164,0.7844653725624084
588,102,0.0498046875,0.17685160040855408,32.91654586791992,0.804688036441803
589,94,0.0458984375,0.1738429218530655,33.594295501708984,0.8020486831665039
590,110,0.0537109375,0.17778368294239044,33.00132751464844,0.7985597252845764
591,109,0.05322265625,0.1785920113325119,32.50475311279297,0.8019009232521057
592,107,0.05224609375,0.1719837337732315,33.1020622253418,0.7998734712600708
593,105,0.05126953125,0.17390753328800201,33.5064697265625,0.792752206325531
594,117,0.05712890625,0.17277690768241882,35.53295135498047,0.7708571553230286
595,110,0.0537109375,0.19215618073940277,33.95744323730469,0.7878474593162537
596,121,0.05908203125,0.19514723122119904,33.84743118286133,0.7878516316413879
597,128,0.0625,0.19229865074157715,35.963226318359375,0.7689162492752075
598,177,0.08642578125,0.17856553196907043,37.90899658203125,0.7411893606185913
599,191,0.09326171875,0.19456343352794647,39.20556640625,0.7257112860679626
600,155,0.07568359375,0.13441532850265503,29.666522979736328,0.8277688026428223
601,158,0.0771484375,0.13093914091587067,29.815872192382812,0.8284491896629333
602,150,0.0732421875,0.12761349976062775,27.70808982849121,0.8466117978096008
603,143,0.06982421875,0.12518303096294403,27.85094451904297,0.849595308303833
604,138,0.0673828125,0.13841408491134644,29.44952964782715,0.8346433043479919
605,139,0.06787109375,0.12975522875785828,29.51327896118164,0.831183135509491
606,126,0.0615234375,0.12159927934408188,28.33859634399414,0.8434004187583923
607,134,0.0654296875,0.11409541964530945,29.94171142578125,0.8317936658859253
608,139,0.06787109375,0.12942007184028625,30.441238403320312,0.8254569172859192
609,129,0.06298828125,0.11819768697023392,31.585922241210938,0.8166537880897522
610,139,0.06787109375,0.11660738289356232,30.338367462158203,0.827085554599762
611,134,0.0654296875,0.11525677889585495,29.88309669494629,0.8326221108436584
612,132,0.064453125,0.12059016525745392,29.076263427734375,0.8345007300376892
613,133,0.06494140625,0.11482515931129456,29.870254516601562,0.828654408454895
614,136,0.06640625,0.11439285427331924,28.072223663330078,0.8439533114433289
615,135,0.06591796875,0.11491375416517258,28.343046188354492,0.8422862887382507
616,133,0.06494140625,0.11128173023462296,28.96872329711914,0.8381197452545166
617,142,0.0693359375,0.10384493321180344,30.178377151489258,0.8243456482887268
618,138,0.0673828125,0.1193968653678894,29.105724334716797,0.8393734693527222
619,135,0.06591796875,0.13140177726745605,30.565824508666992,0.8274370431900024
620,142,0.0693359375,0.1309298574924469,29.879484176635742,0.8325325846672058
621,141,0.06884765625,0.12386821210384369,28.787979125976562,0.8425242900848389
622,139,0.06787109375,0.12357571721076965,30.449499130249023,0.8222866654396057
623,142,0.0693359375,0.12586872279644012,31.45652198791504,0.8197081685066223
624,135,0.06591796875,0.1220778226852417,30.7603702545166,0.8280604481697083
625,155,0.07568359375,0.12912654876708984,32.21614456176758,0.8095187544822693
626,146,0.0712890625,0.13017895817756653,30.372146606445312,0.8319986462593079
627,151,0.07373046875,0.12452773004770279,31.217145919799805,0.8194556832313538
628,161,0.07861328125,0.12586942315101624,31.77963638305664,0.8128069043159485
629,151,0.07373046875,0.11837151646614075,32.026187896728516,0.8121073246002197
630,155,0.07568359375,0.12987734377384186,32.013126373291016,0.808335542678833
631,146,0.0712890625,0.11904416978359222,30.609525680541992,0.821398913860321
632,151,0.07373046875,0.12549255788326263,31.241979598999023,0.8155636787414551
633,148,0.072265625,0.11487581580877304,30.940776824951172,0.8222565650939941
634,160,0.078125,0.12249132990837097,33.346336364746094,0.7916442155838013
635,165,0.08056640625,0.11459873616695404,31.789932250976562,0.8015269637107849
636,159,0.07763671875,0.1159524992108345,32.7811393737793,0.798116147518158
637,142,0.0693359375,0.1269681453704834,32.702919006347656,0.8007259368896484
638,157,0.07666015625,0.1324179321527481,33.78494644165039,0.7902620434761047
639,162,0.0791015625,0.12223920226097107,33.86910629272461,0.7890791893005371
640,467,0.22802734375,0.08340419083833694,24.7777156829834,0.8684287071228027
641,505,0.24658203125,0.07963787764310837,26.184974670410156,0.8525373935699463
642,562,0.2744140625,0.08415158092975616,25.926189422607422,0.8535906076431274
643,633,0.30908203125,0.09097828716039658,26.56745147705078,0.8427627086639404
644,1086,0.5302734375,0.10656002163887024,35.406192779541016,0.761086642742157
645,925,0.45166015625,0.09836213290691376,35.00114822387695,0.7651697993278503
646,1362,0.6650390625,0.1427565962076187,48.55904769897461,0.6149359345436096
647,300,0.146484375,0.14272360503673553,44.410743713378906,0.6602064967155457
648,980,0.478515625,0.11825679987668991,33.6351203918457,0.7892003059387207
649,689,0.33642578125,0.08914213627576828,24.650745391845703,0.8666049838066101
650,854,0.4169921875,0.09568323940038681,31.31425666809082,0.813912570476532
651,819,0.39990234375,0.09725100547075272,23.814302444458008,0.8733892440795898
652,687,0.33544921875,0.09987492114305496,24.600711822509766,0.8784539699554443
653,693,0.33837890625,0.09054513275623322,20.38033676147461,0.8995110392570496
654,619,0.30224609375,0.10422469675540924,29.803144454956055,0.8248366117477417
655,623,0.30419921875,0.09898456931114197,25.335603713989258,0.8678234219551086
656,602,0.2939453125,0.09713181108236313,23.05398941040039,0.887267529964447
657,507,0.24755859375,0.1236782819032669,26.5678653717041,0.852916419506073
658,542,0.2646484375,0.10150571912527084,23.65224266052246,0.8798742294311523
659,517,0.25244140625,0.09451710432767868,22.628150939941406,0.8922203779220581
660,616,0.30078125,0.08067945390939713,23.361780166625977,0.8935766816139221
661,711,0.34716796875,0.08961353451013565,23.170557022094727,0.8895938396453857
662,919,0.44873046875,0.10997755825519562,23.278532028198242,0.8759334087371826
663,726,0.3544921875,0.09264268726110458,27.54644775390625,0.862080454826355
664,711,0.34716796875,0.08930996060371399,21.057567596435547,0.906261146068573
665,615,0.30029296875,0.09358468651771545,22.699953079223633,0.8920974135398865
666,644,0.314453125,0.09168529510498047,21.941356658935547,0.8964358568191528
667,541,0.26416015625,0.10359726846218109,23.331865310668945,0.8844572305679321
668,540,0.263671875,0.09642347693443298,21.63993263244629,0.8958653807640076
669,647,0.31591796875,0.08707539737224579,21.47593116760254,0.8937571048736572
670,564,0.275390625,0.09261304885149002,28.227041244506836,0.8387121558189392
671,545,0.26611328125,0.0922732949256897,28.144458770751953,0.8410243391990662
672,534,0.2607421875,0.09590774774551392,29.94431495666504,0.8257859349250793
673,504,0.24609375,0.13765892386436462,28.9770450592041,0.8270899653434753
674,493,0.24072265625,0.1327245533466339,29.480703353881836,0.8173127174377441
675,444,0.216796875,0.142680823802948,28.573158264160156,0.8277970552444458
676,417,0.20361328125,0.1387743502855301,27.900100708007812,0.834405779838562
677,392,0.19140625,0.15697237849235535,31.601682662963867,0.8017392754554749
678,362,0.1767578125,0.17722034454345703,32.219017028808594,0.7997958064079285
679,337,0.16455078125,0.1799107789993286,33.77339172363281,0.7843366265296936
680,942,0.4599609375,0.1706191748380661,45.926124572753906,0.6544100642204285
681,884,0.431640625,0.16824579238891602,30.60902214050293,0.8190774321556091
682,889,0.43408203125,0.1325663924217224,28.055116653442383,0.8384298086166382
683,878,0.4287109375,0.1336241215467453,34.285804748535156,0.7830750346183777
684,909,0.44384765625,0.12410847842693329,33.849613189697266,0.7845004796981812
685,772,0.376953125,0.11212227493524551,34.60069274902344,0.7691749334335327
686,642,0.3134765625,0.1009880006313324,35.083885192871094,0.7648895382881165
687,610,0.2978515625,0.09705960750579834,35.23130416870117,0.7631406784057617
688,467,0.22802734375,0.09783781319856644,32.575286865234375,0.7913510203361511
689,519,0.25341796875,0.1119089350104332,35.000465393066406,0.7695659399032593
690,455,0.22216796875,0.09985314309597015,31.23395347595215,0.8029066324234009
691,428,0.208984375,0.09343728423118591,31.307479858398438,0.7982075810432434
692,384,0.1875,0.0964697077870369,30.816102981567383,0.8064143061637878
693,406,0.1982421875,0.09052062779664993,30.32170295715332,0.814937174320221
694,461,0.22509765625,0.10998068749904633,33.22246170043945,0.7834961414337158
695,450,0.2197265625,0.11558549851179123,32.87462615966797,0.7843474745750427
696,468,0.228515625,0.09503325074911118,31.596406936645508,0.7973656058311462
697,453,0.22119140625,0.0926416739821434,32.52421951293945,0.7845519185066223
698,459,0.22412109375,0.09845103323459625,32.22359848022461,0.7875255942344666
699,449,0.21923828125,0.10032840818166733,30.48777198791504,0.8092322945594788
700,352,0.171875,0.0967511311173439,29.338117599487305,0.8211092352867126
701,382,0.1865234375,0.09188438206911087,30.38023567199707,0.8110293745994568
702,367,0.17919921875,0.09057443588972092,28.01004981994629,0.8382810354232788
703,388,0.189453125,0.09994684159755707,30.38173484802246,0.8094526529312134
704,396,0.193359375,0.10314787179231644,31.755874633789062,0.7938141226768494
705,414,0.2021484375,0.1019967719912529,30.2912654876709,0.8142940402030945
706,389,0.18994140625,0.09995508193969727,27.973609924316406,0.8285698890686035
707,405,0.19775390625,0.09525264799594879,26.609418869018555,0.8534717559814453
708,387,0.18896484375,0.10517586767673492,27.901992797851562,0.8377153277397156
709,366,0.1787109375,0.11202245205640793,28.610023498535156,0.8396331071853638
710,378,0.1845703125,0.11209908127784729,30.130327224731445,0.8231774568557739
711,381,0.18603515625,0.10295069217681885,26.427003860473633,0.8549203276634216
712,390,0.1904296875,0.10424601286649704,25.168378829956055,0.8616220355033875
713,354,0.1728515625,0.10527169704437256,25.535531997680664,0.8522138595581055
714,347,0.16943359375,0.1106359139084816,31.40970230102539,0.788936197757721
715,435,0.21240234375,0.12141498178243637,32.32714080810547,0.7755841612815857
716,484,0.236328125,0.13106566667556763,32.614620208740234,0.7712712287902832
717,539,0.26318359375,0.13377755880355835,28.336923599243164,0.8191080689430237
718,480,0.234375,0.12838971614837646,26.47313117980957,0.8436934351921082
719,465,0.22705078125,0.1310032159090042,27.42509651184082,0.8356345295906067
720,183,0.08935546875,0.15046754479408264,33.32313537597656,0.802158772945404
721,196,0.095703125,0.14898191392421722,34.0648307800293,0.7897562980651855
722,186,0.0908203125,0.1526801437139511,33.00978088378906,0.8072443604469299
723,174,0.0849609375,0.14138075709342957,32.995216369628906,0.8064984679222107
724,213,0.10400390625,0.2248235046863556,36.24844741821289,0.759488582611084
725,192,0.09375,0.13408488035202026,35.06523132324219,0.7759786248207092
726,169,0.08251953125,0.130662202835083,32.319122314453125,0.8147461414337158
727,179,0.08740234375,0.13402621448040009,35.02240753173828,0.7775996327400208
728,196,0.095703125,0.14770402014255524,35.504478454589844,0.7701088786125183
729,204,0.099609375,0.14860396087169647,35.20594787597656,0.7733078598976135
730,214,0.1044921875,0.1384759247303009,35.96495819091797,0.7608539462089539
731,199,0.09716796875,0.14240239560604095,34.11924743652344,0.7867218255996704
732,243,0.11865234375,0.24115177989006042,35.41642379760742,0.7682353854179382
733,268,0.130859375,0.16125401854515076,37.135337829589844,0.7455747723579407
734,293,0.14306640625,0.3310635983943939,37.14670944213867,0.746800422668457
735,275,0.13427734375,0.19317509233951569,35.93702697753906,0.7572579383850098
736,271,0.13232421875,0.13676489889621735,36.19140625,0.7588897347450256
737,231,0.11279296875,0.1241471990942955,33.56196975708008,0.7868772745132446
738,224,0.109375,0.11920405924320221,33.94650650024414,0.7833775877952576
739,211,0.10302734375,0.11354780942201614,32.847843170166016,0.798913300037384
740,213,0.10400390625,0.11554224789142609,32.81349563598633,0.7991681694984436
741,250,0.1220703125,0.1251370757818222,35.956993103027344,0.7585279941558838
742,203,0.09912109375,0.1139015406370163,33.13893127441406,0.7970731854438782
743,202,0.0986328125,0.12424387037754059,34.096134185791016,0.7836335897445679
744,201,0.09814453125,0.11644621193408966,34.9157600402832,0.7770416736602783
745,186,0.0908203125,0.12805558741092682,36.08173751831055,0.7607802748680115
746,196,0.095703125,0.13454940915107727,34.72633361816406,0.7733699083328247
747,200,0.09765625,0.12727761268615723,35.45539474487305,0.7677394151687622
748,198,0.0966796875,0.12332043051719666,34.26983642578125,0.789151668548584
749,195,0.09521484375,0.117215096950531,33.92693328857422,0.7885339856147766
750,211,0.10302734375,0.11615247279405594,34.00811767578125,0.7849816083908081
751,209,0.10205078125,0.12494345009326935,34.7006950378418,0.7762906551361084
752,232,0.11328125,0.1318894773721695,35.78657531738281,0.7589185237884521
753,211,0.10302734375,0.13040566444396973,37.72999954223633,0.7461167573928833
754,217,0.10595703125,0.13652271032333374,35.190677642822266,0.7686259150505066
755,207,0.10107421875,0.13702580332756042,34.84467697143555,0.7728736400604248
756,207,0.10107421875,0.13375072181224823,35.54206085205078,0.7607673406600952
757,198,0.0966796875,0.14513720571994781,38.02427291870117,0.7401269674301147
758,196,0.095703125,0.14552953839302063,39.973026275634766,0.719791829586029
759,193,0.09423828125,0.1378040462732315,38.6367301940918,0.7352496385574341
760,265,0.12939453125,0.13858574628829956,36.880184173583984,0.7463117241859436
761,270,0.1318359375,0.13003553450107574,35.19138717651367,0.7634216547012329
762,227,0.11083984375,0.10082172602415085,31.69528579711914,0.8021818995475769
763,199,0.09716796875,0.09741731733083725,32.241050720214844,0.7969266772270203
764,190,0.0927734375,0.09933583438396454,31.564435958862305,0.8045817613601685
765,186,0.0908203125,0.09688656032085419,33.610870361328125,0.7838001251220703
766,181,0.08837890625,0.10158419609069824,34.21556091308594,0.7747083902359009
767,200,0.09765625,0.09752853959798813,32.98735427856445,0.7901638746261597
768,221,0.10791015625,0.1004830151796341,33.85282897949219,0.7873226404190063
769,319,0.15576171875,0.11367721855640411,34.27745056152344,0.7850172519683838
770,305,0.14892578125,0.11235403269529343,35.632049560546875,0.774036169052124
771,310,0.1513671875,0.11482459306716919,36.579463958740234,0.7630106210708618
772,286,0.1396484375,0.11204574257135391,36.559261322021484,0.7660212516784668
773,314,0.1533203125,0.11687919497489929,40.94775390625,0.7128672003746033
774,272,0.1328125,0.10547000914812088,33.91322326660156,0.7881932854652405
775,251,0.12255859375,0.11849915981292725,35.85554504394531,0.7678631544113159
776,313,0.15283203125,0.1252335011959076,34.35771942138672,0.7820427417755127
777,302,0.1474609375,0.1096305400133133,33.53777313232422,0.7837698459625244
778,283,0.13818359375,0.11410537362098694,29.374279022216797,0.8326091170310974
779,265,0.12939453125,0.11045296490192413,25.80992317199707,0.8629988431930542
780,276,0.134765625,0.11029155552387238,27.85126304626465,0.8393977284431458
781,236,0.115234375,0.11367280781269073,27.588275909423828,0.8446587324142456
782,283,0.13818359375,0.12251593917608261,32.588890075683594,0.8043615221977234
783,264,0.12890625,0.11370427906513214,31.966588973999023,0.8110082745552063
784,256,0.125,0.11577370762825012,32.19011688232422,0.809217095375061
785,265,0.12939453125,0.1260381042957306,32.610774993896484,0.8044871091842651
786,273,0.13330078125,0.12261322140693665,31.92115592956543,0.8124573826789856
787,249,0.12158203125,0.10853081196546555,30.85715103149414,0.8179930448532104
788,235,0.11474609375,0.10665474086999893,33.83973693847656,0.7810775637626648
789,264,0.12890625,0.10717161744832993,37.58232879638672,0.7411121726036072
790,301,0.14697265625,0.11589827388525009,35.328514099121094,0.7651263475418091
791,251,0.12255859375,0.11111906170845032,30.087507247924805,0.8301827907562256
792,240,0.1171875,0.10588578134775162,28.51509666442871,0.8379539847373962
793,258,0.1259765625,0.1165865808725357,29.32756996154785,0.8308990001678467
794,218,0.1064453125,0.12444371730089188,29.849605560302734,0.823209822177887
795,245,0.11962890625,0.1179530993103981,28.989084243774414,0.8330824375152588
796,295,0.14404296875,0.1295933723449707,29.320581436157227,0.834369957447052
797,316,0.154296875,0.12273414433002472,28.74246597290039,0.8390228748321533
798,277,0.13525390625,0.12721771001815796,28.835498809814453,0.8372396230697632
799,292,0.142578125,0.13205836713314056,27.75008773803711,0.8468945026397705
800,219,0.10693359375,0.1569863259792328,25.563446044921875,0.867838978767395
801,185,0.09033203125,0.14262345433235168,26.28761863708496,0.8620752096176147
802,211,0.10302734375,0.15667514503002167,25.51698875427246,0.8647814393043518
803,235,0.11474609375,0.15804997086524963,27.511531829833984,0.841904878616333
804,234,0.1142578125,0.1626186966896057,24.438419342041016,0.875557541847229
805,226,0.1103515625,0.15375834703445435,24.814563751220703,0.8664830923080444
806,251,0.12255859375,0.16409552097320557,25.788372039794922,0.8592977523803711
807,242,0.1181640625,0.15243232250213623,23.750507354736328,0.8765617609024048
808,239,0.11669921875,0.14023160934448242,23.50169563293457,0.8802788853645325
809,270,0.1318359375,0.13306409120559692,24.663095474243164,0.8679642081260681
810,255,0.12451171875,0.135356605052948,23.43937110900879,0.8782637119293213
811,253,0.12353515625,0.13701339066028595,27.43001937866211,0.8398187160491943
812,293,0.14306640625,0.1314164251089096,26.068603515625,0.853060781955719
813,294,0.1435546875,0.12035419791936874,28.82198715209961,0.8267354369163513
814,247,0.12060546875,0.12240699678659439,24.79756736755371,0.8685442209243774
815,212,0.103515625,0.10783378034830093,26.566925048828125,0.8562889099121094
816,195,0.09521484375,0.10946185886859894,24.23939323425293,0.8793125152587891
817,175,0.08544921875,0.11266297847032547,25.140239715576172,0.8741796016693115
818,188,0.091796875,0.11682751029729843,25.732797622680664,0.8646324872970581
819,194,0.0947265625,0.11313272267580032,27.646760940551758,0.8351925611495972
820,202,0.0986328125,0.11423978954553604,27.826759338378906,0.8382081985473633
821,251,0.12255859375,0.10544700175523758,30.359296798706055,0.8216860294342041
822,262,0.1279296875,0.10223951935768127,30.564208984375,0.8170547485351562
823,256,0.125,0.12071678042411804,32.09431838989258,0.8090599179267883
824,288,0.140625,0.13207584619522095,35.41793441772461,0.7617518901824951
825,271,0.13232421875,0.14183609187602997,35.983951568603516,0.7569733262062073
826,363,0.17724609375,0.1277732402086258,35.21644592285156,0.7724335193634033
827,387,0.18896484375,0.12217680364847183,35.652706146240234,0.7621699571609497
828,377,0.18408203125,0.12119374424219131,34.87450408935547,0.7715926766395569
829,451,0.22021484375,0.15079279243946075,46.36606216430664,0.6405333876609802
830,407,0.19873046875,0.11866766214370728,36.02225875854492,0.7591989040374756
831,461,0.22509765625,0.13572479784488678,38.35120391845703,0.73088538646698
832,430,0.2099609375,0.1266973465681076,38.03581619262695,0.742680549621582
833,362,0.1767578125,0.11938460916280746,31.937999725341797,0.802014946937561
834,329,0.16064453125,0.1348884105682373,38.936187744140625,0.7349338531494141
835,316,0.154296875,0.13231593370437622,29.774215698242188,0.8117599487304688
836,294,0.1435546875,0.13776375353336334,29.254348754882812,0.81852787733078
837,423,0.20654296875,0.1437206268310547,30.258577346801758,0.8149564862251282
838,384,0.1875,0.13143758475780487,31.14223289489746,0.7995243072509766
839,274,0.1337890625,0.14302918314933777,31.817161560058594,0.7902395129203796
840,71,0.03466796875,0.1658065766096115,31.748205184936523,0.8249716758728027
841,60,0.029296875,0.15938538312911987,31.859357833862305,0.8113217949867249
842,46,0.0224609375,0.16106261312961578,31.458890914916992,0.8194082379341125
843,48,0.0234375,0.15872900187969208,31.643781661987305,0.8159266114234924
844,73,0.03564453125,0.1500854641199112,31.940776824951172,0.8192180395126343
845,94,0.0458984375,0.14294202625751495,31.515100479125977,0.8236314654350281
846,95,0.04638671875,0.13916639983654022,31.803607940673828,0.8087897300720215
847,85,0.04150390625,0.14464521408081055,31.07586097717285,0.8227131366729736
848,101,0.04931640625,0.14485622942447662,30.86013412475586,0.8215526938438416
849,100,0.048828125,0.14575670659542084,29.089101791381836,0.8417815566062927
850,86,0.0419921875,0.15081645548343658,30.562702178955078,0.8255100846290588
851,87,0.04248046875,0.15456072986125946,28.797964096069336,0.8456050753593445
852,93,0.04541015625,0.15195173025131226,28.849018096923828,0.8447209596633911
853,81,0.03955078125,0.15680129826068878,29.227602005004883,0.8361532092094421
854,58,0.0283203125,0.16368257999420166,29.334897994995117,0.8407575488090515
855,52,0.025390625,0.16629531979560852,28.595272064208984,0.8500778675079346
856,52,0.025390625,0.17641033232212067,30.863868713378906,0.8280478715896606
857,53,0.02587890625,0.18335622549057007,30.23845672607422,0.8317299485206604
858,52,0.025390625,0.17981693148612976,32.162437438964844,0.8161641359329224
859,46,0.0224609375,0.18939867615699768,30.454818725585938,0.8384115099906921
860,47,0.02294921875,0.18255262076854706,29.899742126464844,0.8387080430984497
861,54,0.0263671875,0.14797565340995789,29.63326644897461,0.8427164554595947
862,54,0.0263671875,0.14965751767158508,29.081430435180664,0.8458316922187805
863,49,0.02392578125,0.15288560092449188,30.498069763183594,0.8254315257072449
864,52,0.025390625,0.1779182404279709,31.090848922729492,0.8246753215789795
865,55,0.02685546875,0.19240038096904755,30.15423011779785,0.8365381956100464
866,47,0.02294921875,0.18247753381729126,29.8031005859375,0.8414465188980103
867,42,0.0205078125,0.16921141743659973,29.791175842285156,0.8434364795684814
868,40,0.01953125,0.13260576128959656,33.12240219116211,0.7999234199523926
869,48,0.0234375,0.15576870739459991,32.90116882324219,0.8019621968269348
870,43,0.02099609375,0.13927797973155975,29.143695831298828,0.8397886753082275
871,45,0.02197265625,0.16004127264022827,28.97389030456543,0.8453031182289124
872,50,0.0244140625,0.16894203424453735,29.864482879638672,0.8387726545333862
873,63,0.03076171875,0.17027002573013306,31.399372100830078,0.8191701173782349
874,46,0.0224609375,0.1776966154575348,34.3640251159668,0.7922471761703491
875,48,0.0234375,0.18027906119823456,31.119359970092773,0.8275062441825867
876,51,0.02490234375,0.15406456589698792,30.06394386291504,0.8349227905273438
877,68,0.033203125,0.1502145528793335,29.60107421875,0.834618866443634
878,74,0.0361328125,0.1539170891046524,30.60137367248535,0.8273860812187195
879,74,0.0361328125,0.15362656116485596,33.790870666503906,0.7881827354431152
880,666,0.3251953125,0.09850989282131195,22.410903930664062,0.893402099609375
881,666,0.3251953125,0.09638096392154694,20.291015625,0.9071227312088013
882,738,0.3603515625,0.09623312950134277,20.50153160095215,0.9097323417663574
883,695,0.33935546875,0.09393595159053802,19.605836868286133,0.9159215092658997
884,636,0.310546875,0.10070626437664032,17.843345642089844,0.9226552844047546
885,646,0.3154296875,0.09360293298959732,18.157928466796875,0.9263457655906677
886,634,0.3095703125,0.09524210542440414,17.304035186767578,0.9252657294273376
887,600,0.29296875,0.10182597488164902,20.186935424804688,0.9111818671226501
888,672,0.328125,0.09815242141485214,17.64769172668457,0.9286885857582092
889,702,0.3427734375,0.09704392403364182,17.90326690673828,0.9265367984771729
890,693,0.33837890625,0.09637580811977386,20.20537567138672,0.9119495153427124
891,602,0.2939453125,0.10234392434358597,19.41300392150879,0.9116612672805786
892,701,0.34228515625,0.096277616918087,16.99000358581543,0.9303063750267029
893,721,0.35205078125,0.09244269877672195,16.017040252685547,0.9348659515380859
894,662,0.3232421875,0.09046388417482376,15.623438835144043,0.9371132254600525
895,711,0.34716796875,0.08754707872867584,17.717937469482422,0.9258040189743042
896,867,0.42333984375,0.0872059091925621,16.277759552001953,0.9370677471160889
897,1080,0.52734375,0.09835006296634674,16.99624252319336,0.9326081275939941
898,861,0.42041015625,0.08871382474899292,17.095468521118164,0.9316421151161194
899,661,0.32275390625,0.10074011236429214,19.335233688354492,0.9117336273193359
900,757,0.36962890625,0.09271364659070969,17.04098892211914,0.9282790422439575
901,832,0.40625,0.09340403974056244,16.317302703857422,0.9328282475471497
902,839,0.40966796875,0.09518662840127945,17.129838943481445,0.9297179579734802
903,713,0.34814453125,0.10077248513698578,16.875391006469727,0.9328244924545288
904,845,0.41259765625,0.09721001982688904,18.01585578918457,0.925153374671936
905,1003,0.48974609375,0.09680036455392838,20.5775146484375,0.913068413734436
906,1398,0.6826171875,0.11311934143304825,24.93419075012207,0.8635462522506714
907,1234,0.6025390625,0.10927044600248337,20.340890884399414,0.9071958065032959
908,1006,0.4912109375,0.10006246715784073,16.913665771484375,0.9342437982559204
909,1099,0.53662109375,0.1065731793642044,16.335163116455078,0.9367470145225525
910,1036,0.505859375,0.10369417816400528,15.113180160522461,0.9462040066719055
911,1286,0.6279296875,0.1159178838133812,18.759634017944336,0.9087883234024048
912,924,0.451171875,0.09956827759742737,15.664501190185547,0.9419726729393005
913,756,0.369140625,0.10018640011548996,16.320777893066406,0.9343594312667847
914,662,0.3232421875,0.09814932197332382,16.99700164794922,0.9286318421363831
915,758,0.3701171875,0.09789763391017914,14.762604713439941,0.9409252405166626
916,801,0.39111328125,0.09678928554058075,15.079941749572754,0.9371434450149536
917,730,0.3564453125,0.09953099489212036,14.927706718444824,0.940241813659668
918,723,0.35302734375,0.10070203244686127,15.592795372009277,0.9350663423538208
919,739,0.36083984375,0.10417895764112473,15.905214309692383,0.9347829818725586
920,43,0.02099609375,0.3304077684879303,44.25458908081055,0.6819762587547302
921,43,0.02099609375,0.32359305024147034,43.51930618286133,0.6922627091407776
922,51,0.02490234375,0.2991546392440796,46.50741958618164,0.6513517498970032
923,40,0.01953125,0.3329906165599823,43.275779724121094,0.6768225431442261
924,33,0.01611328125,0.36935731768608093,41.94912338256836,0.7005006074905396
925,30,0.0146484375,0.3165445029735565,41.86245346069336,0.7164446711540222
926,29,0.01416015625,0.31053948402404785,42.412723541259766,0.7076229453086853
927,21,0.01025390625,0.2953115999698639,47.620262145996094,0.6293296813964844
928,17,0.00830078125,0.25467777252197266,45.36622619628906,0.6736448407173157
929,20,0.009765625,0.16356875002384186,41.1971321105957,0.7066124677658081
930,19,0.00927734375,0.17055343091487885,50.81517028808594,0.5671972036361694
931,18,0.0087890625,0.21737293899059296,42.68778991699219,0.6794282793998718
932,19,0.00927734375,0.32833132147789,43.25214767456055,0.6973375678062439
933,23,0.01123046875,0.3281615078449249,41.60403060913086,0.6914108991622925
934,28,0.013671875,0.3255839943885803,44.49457550048828,0.6699739694595337
935,20,0.009765625,0.37866970896720886,40.561012268066406,0.7306561470031738
936,31,0.01513671875,0.31600716710090637,42.78811264038086,0.7026204466819763
937,29,0.01416015625,0.31357768177986145,41.24903106689453,0.7140937447547913
938,22,0.0107421875,0.30859869718551636,41.558860778808594,0.7136876583099365
939,20,0.009765625,0.3570650517940521,43.72570037841797,0.6949877738952637
940,16,0.0078125,0.2639602720737457,44.9286003112793,0.6587110161781311
941,35,0.01708984375,0.2029043585062027,41.77768325805664,0.6905755996704102
942,30,0.0146484375,0.24077288806438446,38.26125717163086,0.7448227405548096
943,38,0.0185546875,0.25898808240890503,43.594085693359375,0.6857187151908875
944,24,0.01171875,0.18307101726531982,44.51955795288086,0.6670059561729431
945,20,0.009765625,0.1779133528470993,42.65668487548828,0.7018136382102966
946,23,0.01123046875,0.19361136853694916,46.4071159362793,0.6430565714836121
947,29,0.01416015625,0.19175966084003448,45.724666595458984,0.6500045657157898
948,17,0.00830078125,0.3280865550041199,40.16752243041992,0.7140159606933594
949,23,0.01123046875,0.3216269314289093,43.77476501464844,0.6889356970787048
950,26,0.0126953125,0.33976680040359497,46.39311218261719,0.6524708271026611
951,24,0.01171875,0.3849617838859558,40.32241439819336,0.7172305583953857
952,17,0.00830078125,0.34884074330329895,37.18657302856445,0.7377212047576904
953,34,0.0166015625,0.3164478540420532,42.85470199584961,0.6765546202659607
954,46,0.0224609375,0.2843146324157715,44.474029541015625,0.6704968810081482
955,36,0.017578125,0.3037984371185303,41.68364715576172,0.6996028423309326
956,51,0.02490234375,0.27133801579475403,41.50841522216797,0.7120394706726074
957,61,0.02978515625,0.2448337972164154,42.41982650756836,0.6975984573364258
958,51,0.02490234375,0.26277199387550354,36.30496597290039,0.7676441669464111
959,63,0.03076171875,0.22410517930984497,41.16474533081055,0.7116026282310486
960,248,0.12109375,0.15498599410057068,36.314945220947266,0.7455907464027405
961,279,0.13623046875,0.13923628628253937,33.78925704956055,0.7759205102920532
962,262,0.1279296875,0.13526861369609833,32.227806091308594,0.7897108197212219
963,241,0.11767578125,0.1381576657295227,31.850725173950195,0.7923297882080078
964,266,0.1298828125,0.15358872711658478,33.693817138671875,0.7829456925392151
965,291,0.14208984375,0.1639021784067154,36.051841735839844,0.764528751373291
966,304,0.1484375,0.15809574723243713,34.332576751708984,0.7746226191520691
967,278,0.1357421875,0.14167119562625885,33.19529342651367,0.7837353944778442
968,220,0.107421875,0.12991145253181458,34.03276062011719,0.7643237113952637
969,213,0.10400390625,0.13628330826759338,35.44667053222656,0.7522619366645813
970,227,0.11083984375,0.1318824589252472,35.988258361816406,0.7415484189987183
971,259,0.12646484375,0.1319585144519806,35.93033981323242,0.7441847324371338
972,239,0.11669921875,0.1348971724510193,34.384830474853516,0.7655230164527893
973,233,0.11376953125,0.13693282008171082,35.18889617919922,0.7542592287063599
974,264,0.12890625,0.13362565636634827,34.44813537597656,0.7621427178382874
975,257,0.12548828125,0.12929338216781616,33.463218688964844,0.77115797996521
976,241,0.11767578125,0.12661731243133545,34.30833053588867,0.7667589783668518
977,221,0.10791015625,0.11823776364326477,36.00396728515625,0.756963849067688
978,225,0.10986328125,0.11533532291650772,36.63887405395508,0.7514117956161499
979,211,0.10302734375,0.10869069397449493,36.82093811035156,0.7533297538757324
980,192,0.09375,0.10569019615650177,37.88591384887695,0.7441319823265076
981,182,0.0888671875,0.11442533135414124,37.84019470214844,0.7477119565010071
982,177,0.08642578125,0.12568987905979156,36.02170944213867,0.768882691860199
983,175,0.08544921875,0.12172942608594894,37.974082946777344,0.742201566696167
984,158,0.0771484375,0.12482426315546036,36.34669494628906,0.7588583827018738
985,146,0.0712890625,0.12405367940664291,35.24798583984375,0.7757300138473511
986,151,0.07373046875,0.12972505390644073,35.37787628173828,0.773285448551178
987,150,0.0732421875,0.13762490451335907,35.62909698486328,0.7701175212860107
988,145,0.07080078125,0.13282771408557892,35.51828384399414,0.7778417468070984
989,137,0.06689453125,0.1326141059398651,37.05720901489258,0.757147490978241
990,137,0.06689453125,0.13527452945709229,34.940635681152344,0.7770661115646362
991,141,0.06884765625,0.1307360976934433,35.62088394165039,0.7692645192146301
992,134,0.0654296875,0.14018073678016663,34.75253677368164,0.7770883440971375
993,130,0.0634765625,0.14645762741565704,35.74626159667969,0.7591237425804138
994,150,0.0732421875,0.15637335181236267,36.2701301574707,0.7565357685089111
995,156,0.076171875,0.1539740264415741,37.021583557128906,0.7569052577018738
996,147,0.07177734375,0.14038056135177612,38.86263656616211,0.7269518971443176
997,134,0.0654296875,0.13893678784370422,38.103328704833984,0.7332856059074402
998,124,0.060546875,0.13472960889339447,37.69953536987305,0.7449019551277161
999,118,0.0576171875,0.13606896996498108,36.554473876953125,0.7527890801429749
1000,124,0.060546875,0.14620284736156464,36.09273910522461,0.7795534729957581
1001,138,0.0673828125,0.15249666571617126,38.23250198364258,0.7510796189308167
1002,149,0.07275390625,0.14477451145648956,37.36021423339844,0.7608453035354614
1003,149,0.07275390625,0.13975681364536285,37.246219635009766,0.7594389319419861
1004,161,0.07861328125,0.14013613760471344,37.65510177612305,0.7546073794364929
1005,140,0.068359375,0.1427769511938095,36.85033416748047,0.7675332427024841
1006,132,0.064453125,0.13280266523361206,35.1430549621582,0.7861716151237488
1007,133,0.06494140625,0.15104439854621887,34.6374626159668,0.7935871481895447
1008,119,0.05810546875,0.1415085792541504,37.507137298583984,0.7549015879631042
1009,127,0.06201171875,0.15735052525997162,35.82276153564453,0.7769773602485657
1010,143,0.06982421875,0.17050781846046448,36.94184494018555,0.7566741108894348
1011,133,0.06494140625,0.16070690751075745,35.60614776611328,0.7748634219169617
1012,151,0.07373046875,0.18057000637054443,36.041385650634766,0.7687416076660156
1013,157,0.07666015625,0.17901460826396942,37.7847785949707,0.7461001873016357
1014,127,0.06201171875,0.16674597561359406,34.21135711669922,0.7894632816314697
1015,123,0.06005859375,0.18438655138015747,33.92007827758789,0.7949725389480591
1016,112,0.0546875,0.1914292722940445,35.30006408691406,0.7777622938156128
1017,105,0.05126953125,0.18131497502326965,34.65207290649414,0.7872152328491211
1018,102,0.0498046875,0.17263564467430115,33.307640075683594,0.7947580218315125
1019,99,0.04833984375,0.16504068672657013,34.26280975341797,0.783271312713623
1020,99,0.04833984375,0.15941524505615234,32.9073486328125,0.8054257035255432
1021,94,0.0458984375,0.1362292319536209,32.65924835205078,0.8064565658569336
1022,108,0.052734375,0.15431375801563263,30.351774215698242,0.8313365578651428
1023,98,0.0478515625,0.16457295417785645,32.86391830444336,0.8045746684074402
1024,99,0.04833984375,0.15187786519527435,32.62542724609375,0.8102940320968628
1025,102,0.0498046875,0.14749610424041748,34.68375778198242,0.7836251854896545
1026,107,0.05224609375,0.16875137388706207,32.6983757019043,0.8039590120315552
1027,107,0.05224609375,0.1633879840373993,33.01271438598633,0.801945686340332
1028,120,0.05859375,0.15593841671943665,32.46211624145508,0.8097842931747437
1029,142,0.0693359375,0.2031410038471222,31.983243942260742,0.8151401877403259
1030,135,0.06591796875,0.18107344210147858,33.8404426574707,0.7936524152755737
1031,134,0.0654296875,0.17335142195224762,32.69784927368164,0.809289276599884
1032,122,0.0595703125,0.1705942004919052,34.68768310546875,0.787095844745636
1033,129,0.06298828125,0.17500194907188416,32.97153854370117,0.8055843710899353
1034,140,0.068359375,0.18168561160564423,31.845653533935547,0.8134752511978149
1035,135,0.06591796875,0.1851024329662323,32.09708023071289,0.8136215209960938
1036,116,0.056640625,0.1537538319826126,32.23954391479492,0.8107433915138245
1037,124,0.060546875,0.15457701683044434,33.606021881103516,0.795281171798706
1038,119,0.05810546875,0.1463986486196518,31.738656997680664,0.823897659778595
1039,117,0.05712890625,0.17491835355758667,32.7444953918457,0.8055495023727417
1040,531,0.25927734375,0.11487225443124771,29.60112953186035,0.818701446056366
1041,469,0.22900390625,0.1122756153345108,26.162546157836914,0.8508897423744202
1042,388,0.189453125,0.12235510349273682,31.374094009399414,0.8007633090019226
1043,359,0.17529296875,0.11789794266223907,30.453832626342773,0.8137260675430298
1044,429,0.20947265625,0.11424613744020462,29.47576141357422,0.8195712566375732
1045,470,0.2294921875,0.10382279008626938,28.457443237304688,0.836334228515625
1046,570,0.2783203125,0.0983092188835144,27.900339126586914,0.8458794951438904
1047,579,0.28271484375,0.10907769203186035,31.665006637573242,0.8052778840065002
1048,617,0.30126953125,0.11482600122690201,33.29269790649414,0.7892742156982422
1049,644,0.314453125,0.10569177567958832,28.88381004333496,0.8340808749198914
1050,693,0.33837890625,0.10777297616004944,28.93868637084961,0.8319458961486816
1051,786,0.3837890625,0.11372096091508865,26.806133270263672,0.8502410650253296
1052,755,0.36865234375,0.11380229145288467,26.962955474853516,0.8443881869316101
1053,723,0.35302734375,0.11619675904512405,27.666431427001953,0.8327050805091858
1054,743,0.36279296875,0.1278761327266693,29.248394012451172,0.8175550103187561
1055,714,0.3486328125,0.11129786819219589,26.787700653076172,0.8434337973594666
1056,695,0.33935546875,0.1052793487906456,25.859451293945312,0.8564898371696472
1057,537,0.26220703125,0.102950319647789,28.962276458740234,0.8295481204986572
1058,559,0.27294921875,0.10178595781326294,28.38306427001953,0.8326823115348816
1059,496,0.2421875,0.10569021105766296,28.33541488647461,0.8356265425682068
1060,566,0.2763671875,0.10352039337158203,27.554841995239258,0.8423730134963989
1061,669,0.32666015625,0.10056009143590927,26.278173446655273,0.8521578907966614
1062,744,0.36328125,0.10824667662382126,27.630294799804688,0.8406358361244202
1063,598,0.2919921875,0.09826842695474625,29.196664810180664,0.8337219953536987
1064,646,0.3154296875,0.10844456404447556,29.065221786499023,0.8336266875267029
1065,607,0.29638671875,0.09954696148633957,26.01505470275879,0.8566153645515442
1066,677,0.33056640625,0.104350246489048,29.373788833618164,0.8316919207572937
1067,606,0.2958984375,0.10390269011259079,28.25149154663086,0.8357916474342346
1068,683,0.33349609375,0.11363071203231812,30.262388229370117,0.8196253776550293
1069,599,0.29248046875,0.10937195271253586,28.510818481445312,0.8366988897323608
1070,552,0.26953125,0.11612963676452637,28.788293838500977,0.8287155628204346
1071,542,0.2646484375,0.11942089349031448,29.928913116455078,0.8191313147544861
1072,549,0.26806640625,0.11042780429124832,29.57508659362793,0.823181688785553
1073,629,0.30712890625,0.10786949843168259,30.542938232421875,0.8151660561561584
1074,586,0.2861328125,0.10907703638076782,28.938133239746094,0.8298189640045166
1075,591,0.28857421875,0.11417708545923233,30.204849243164062,0.8213213682174683
1076,511,0.24951171875,0.11230599135160446,31.644893646240234,0.8106243014335632
1077,538,0.2626953125,0.11378386616706848,31.47988510131836,0.8098577260971069
1078,475,0.23193359375,0.11711013317108154,31.981412887573242,0.8056846261024475
1079,420,0.205078125,0.11459984630346298,30.911596298217773,0.8152104020118713
1080,113,0.05517578125,0.22998522222042084,37.076900482177734,0.7491124868392944
1081,127,0.06201171875,0.20998577773571014,38.14845657348633,0.7367624640464783
1082,132,0.064453125,0.21266067028045654,36.03793716430664,0.7695178389549255
1083,161,0.07861328125,0.1564299762248993,33.85580825805664,0.7840301990509033
1084,182,0.0888671875,0.1565854698419571,33.07163619995117,0.7950252294540405
1085,239,0.11669921875,0.1491316705942154,31.35915756225586,0.8042740225791931
1086,251,0.12255859375,0.1499938666820526,29.559375762939453,0.8287467956542969
1087,235,0.11474609375,0.13831181824207306,30.80931282043457,0.8210352063179016
1088,233,0.11376953125,0.16213499009609222,34.26456069946289,0.7882350087165833
1089,303,0.14794921875,0.12686732411384583,31.491355895996094,0.809758722782135
1090,371,0.18115234375,0.12492223083972931,26.535171508789062,0.8519906401634216
1091,343,0.16748046875,0.1255912184715271,28.887697219848633,0.8319633603096008
1092,350,0.1708984375,0.12224540114402771,28.855907440185547,0.8329475522041321
1093,341,0.16650390625,0.12839016318321228,30.96170997619629,0.8143044114112854
1094,324,0.158203125,0.1258370578289032,27.89599609375,0.8448404669761658
1095,321,0.15673828125,0.1303934007883072,29.340774536132812,0.8238099217414856
1096,284,0.138671875,0.14730636775493622,32.6380500793457,0.797414243221283
1097,271,0.13232421875,0.15309861302375793,33.271453857421875,0.7899415493011475
1098,289,0.14111328125,0.15701329708099365,33.6815071105957,0.776009202003479
1099,284,0.138671875,0.15176543593406677,33.53181457519531,0.7837059497833252
1100,278,0.1357421875,0.15165026485919952,30.711334228515625,0.8181370496749878
1101,299,0.14599609375,0.14753015339374542,29.355083465576172,0.831313967704773
1102,320,0.15625,0.14387737214565277,30.374908447265625,0.819701075553894
1103,261,0.12744140625,0.15739424526691437,30.054996490478516,0.8268948197364807
1104,283,0.13818359375,0.16693635284900665,29.365835189819336,0.8316068649291992
1105,245,0.11962890625,0.16069379448890686,31.93769645690918,0.8070555925369263
1106,226,0.1103515625,0.15387369692325592,34.07624435424805,0.7831365466117859
1107,236,0.115234375,0.1720716655254364,34.70124816894531,0.7723084688186646
1108,252,0.123046875,0.15164099633693695,31.494361877441406,0.8098613023757935
1109,351,0.17138671875,0.16113848984241486,29.598663330078125,0.8163338303565979
1110,290,0.1416015625,0.17538709938526154,33.27778625488281,0.7824035882949829
1111,291,0.14208984375,0.1625794768333435,31.83984375,0.7989761233329773
1112,298,0.1455078125,0.15702587366104126,34.42076873779297,0.7709470391273499
1113,277,0.13525390625,0.1503274291753769,33.40178298950195,0.7860016822814941
1114,261,0.12744140625,0.16464585065841675,32.301513671875,0.7984265089035034
1115,322,0.1572265625,0.15757694840431213,32.41432189941406,0.7991244196891785
1116,386,0.1884765625,0.12621815502643585,25.98118782043457,0.8500145077705383
1117,479,0.23388671875,0.12881767749786377,26.7159423828125,0.8504719138145447
1118,576,0.28125,0.17656715214252472,27.082569122314453,0.8515182733535767
1119,409,0.19970703125,0.2248629629611969,30.478912353515625,0.8032829165458679
1120,85,0.04150390625,0.1438250094652176,34.59295654296875,0.7763690948486328
1121,91,0.04443359375,0.1480364054441452,33.72612762451172,0.7861117720603943
1122,97,0.04736328125,0.14545078575611115,31.73676300048828,0.8097238540649414
1123,114,0.0556640625,0.15178535878658295,34.842777252197266,0.7705271244049072
1124,112,0.0546875,0.15039242804050446,32.66951370239258,0.7941416501998901
1125,116,0.056640625,0.1415291577577591,32.25926208496094,0.7980504035949707
1126,123,0.06005859375,0.14719301462173462,34.85319137573242,0.7671493887901306
1127,140,0.068359375,0.1404576599597931,34.60962677001953,0.7752757668495178
1128,131,0.06396484375,0.1386624276638031,33.850521087646484,0.7791797518730164
1129,142,0.0693359375,0.14217332005500793,33.36853790283203,0.7904676198959351
1130,133,0.06494140625,0.15245123207569122,33.39557647705078,0.7867132425308228
1131,143,0.06982421875,0.1469278782606125,34.18702697753906,0.7778235077857971
1132,161,0.07861328125,0.13657358288764954,33.77145767211914,0.7898503541946411
1133,158,0.0771484375,0.13297683000564575,33.899749755859375,0.7810272574424744
1134,140,0.068359375,0.13188257813453674,33.57428741455078,0.7891978025436401
1135,138,0.0673828125,0.13328392803668976,32.05675506591797,0.8061746954917908
1136,138,0.0673828125,0.13024716079235077,32.729461669921875,0.8004288077354431
1137,137,0.06689453125,0.1245821863412857,30.6848201751709,0.8242374658584595
1138,148,0.072265625,0.12577006220817566,30.832008361816406,0.811591386795044
1139,161,0.07861328125,0.1228126585483551,28.965255737304688,0.8390003442764282
1140,169,0.08251953125,0.12611378729343414,31.045589447021484,0.8203431367874146
1141,162,0.0791015625,0.12123443931341171,28.852039337158203,0.8348879218101501
1142,153,0.07470703125,0.12775811553001404,28.76416015625,0.8396030068397522
1143,162,0.0791015625,0.12240275740623474,30.594322204589844,0.8239778876304626
1144,175,0.08544921875,0.1309410035610199,29.530582427978516,0.8270137310028076
1145,183,0.08935546875,0.12787072360515594,29.198444366455078,0.8332887887954712
1146,181,0.08837890625,0.13590557873249054,29.61121940612793,0.8294205665588379
1147,175,0.08544921875,0.13750773668289185,30.13905906677246,0.8280605673789978
1148,177,0.08642578125,0.14334598183631897,30.829742431640625,0.8224332332611084
1149,184,0.08984375,0.13837137818336487,30.753986358642578,0.8252643942832947
1150,174,0.0849609375,0.1364826261997223,30.020654678344727,0.833730936050415
1151,201,0.09814453125,0.146269291639328,31.64510154724121,0.8153099417686462
1152,187,0.09130859375,0.1373048722743988,30.42186164855957,0.8300606608390808
1153,188,0.091796875,0.13953258097171783,32.97136688232422,0.7997109293937683
1154,197,0.09619140625,0.14337264001369476,32.73936080932617,0.8084217309951782
1155,209,0.10205078125,0.15143071115016937,32.67671203613281,0.8075329065322876
1156,231,0.11279296875,0.15407337248325348,33.28683090209961,0.8019798398017883
1157,237,0.11572265625,0.1527436077594757,33.30067443847656,0.8046002984046936
1158,259,0.12646484375,0.15856227278709412,33.418548583984375,0.7982632517814636
1159,237,0.11572265625,0.14967183768749237,32.14767837524414,0.8118740916252136
1160,743,0.36279296875,0.11673057824373245,34.66611099243164,0.7816798686981201
1161,811,0.39599609375,0.11479233205318451,34.00482177734375,0.7875705361366272
1162,834,0.4072265625,0.11032320559024811,34.14404296875,0.7873039245605469
1163,794,0.3876953125,0.11189307272434235,33.93013000488281,0.7866294980049133
1164,793,0.38720703125,0.12359199672937393,33.0530891418457,0.7975250482559204
1165,759,0.37060546875,0.11970647424459457,33.84107971191406,0.7876700162887573
1166,791,0.38623046875,0.12365000694990158,35.14491653442383,0.7756894826889038
1167,690,0.3369140625,0.12347441911697388,33.572052001953125,0.790922224521637
1168,696,0.33984375,0.11814253777265549,33.81399917602539,0.7882991433143616
1169,541,0.26416015625,0.13489983975887299,34.11760711669922,0.782865047454834
1170,618,0.3017578125,0.12690171599388123,31.677127838134766,0.8076188564300537
1171,741,0.36181640625,0.11155866831541061,32.85026931762695,0.7968593239784241
1172,723,0.35302734375,0.1099310889840126,31.986398696899414,0.8048127889633179
1173,757,0.36962890625,0.1079058051109314,32.40727615356445,0.7987545728683472
1174,678,0.3310546875,0.12150298058986664,34.652069091796875,0.7756279110908508
1175,641,0.31298828125,0.11661385744810104,36.88690185546875,0.7514268159866333
1176,682,0.3330078125,0.11358632147312164,36.599212646484375,0.7600176334381104
1177,608,0.296875,0.1285250037908554,35.11678695678711,0.7760409712791443
1178,565,0.27587890625,0.13152633607387543,35.62944412231445,0.7715656757354736
1179,564,0.275390625,0.12597651779651642,34.19602584838867,0.781920313835144
1180,605,0.29541015625,0.11027567088603973,30.352083206176758,0.8196328282356262
1181,651,0.31787109375,0.11473997682332993,29.301698684692383,0.8259208798408508
1182,755,0.36865234375,0.12043796479701996,25.860517501831055,0.8553506135940552
1183,706,0.3447265625,0.12564325332641602,33.47971725463867,0.7875392436981201
1184,734,0.3583984375,0.10880989581346512,31.95925521850586,0.8033894896507263
1185,800,0.390625,0.12095251679420471,34.2030029296875,0.7819692492485046
1186,771,0.37646484375,0.10966432094573975,33.27838134765625,0.793926477432251
1187,799,0.39013671875,0.11959169059991837,37.439884185791016,0.7512491345405579
1188,883,0.43115234375,0.10802582651376724,38.02631378173828,0.7518627643585205
1189,856,0.41796875,0.09370619803667068,37.82212829589844,0.7437307834625244
1190,965,0.47119140625,0.09688051789999008,38.07561111450195,0.735323429107666
1191,959,0.46826171875,0.10173030942678452,30.73920249938965,0.7969787120819092
1192,847,0.41357421875,0.09456417709589005,31.314424514770508,0.7991273403167725
1193,674,0.3291015625,0.08417484909296036,26.543777465820312,0.8530271649360657
1194,633,0.30908203125,0.0843590795993805,28.112260818481445,0.8407302498817444
1195,603,0.29443359375,0.08416065573692322,26.172752380371094,0.8586322665214539
1196,491,0.23974609375,0.13381142914295197,28.58660125732422,0.8393286466598511
1197,479,0.23388671875,0.13665318489074707,30.231651306152344,0.8278154134750366
1198,535,0.26123046875,0.11436150968074799,28.688121795654297,0.842220664024353
1199,636,0.310546875,0.11351610720157623,37.809120178222656,0.7354575991630554
1200,1156,0.564453125,0.09436551481485367,32.530643463134766,0.7876030206680298
1201,1311,0.64013671875,0.1175159141421318,38.72870635986328,0.7066054940223694
1202,544,0.265625,0.1287200152873993,40.226200103759766,0.7050715088844299
1203,627,0.30615234375,0.12617528438568115,38.7333869934082,0.724530041217804
1204,612,0.298828125,0.1147448867559433,41.58515167236328,0.6939050555229187
1205,714,0.3486328125,0.09951768070459366,41.69051742553711,0.6863107681274414
1206,548,0.267578125,0.11138525605201721,42.11862564086914,0.6752623319625854
1207,785,0.38330078125,0.10486853122711182,43.10087966918945,0.6749709844589233
1208,1117,0.54541015625,0.09835788607597351,37.13685607910156,0.7370802760124207
1209,1199,0.58544921875,0.0974353551864624,40.812232971191406,0.7034809589385986
1210,1302,0.6357421875,0.10794901847839355,43.679813385009766,0.6722400188446045
1211,1285,0.62744140625,0.11332015693187714,47.18935012817383,0.6294718384742737
1212,1343,0.65576171875,0.1043170839548111,44.76350021362305,0.6549018621444702
1213,608,0.296875,0.11474357545375824,40.807247161865234,0.7000591158866882
1214,587,0.28662109375,0.12653566896915436,41.29090881347656,0.6899623870849609
1215,563,0.27490234375,0.11934705078601837,37.94811248779297,0.728630781173706
1216,518,0.2529296875,0.12439237534999847,38.54080581665039,0.7189788818359375
1217,507,0.24755859375,0.11793293803930283,39.503021240234375,0.7102030515670776
1218,512,0.25,0.11692045629024506,34.6973762512207,0.7596701383590698
1219,493,0.24072265625,0.1078680157661438,34.20207595825195,0.7666614055633545
1220,562,0.2744140625,0.12424333393573761,40.10226058959961,0.7092762589454651
1221,642,0.3134765625,0.13794590532779694,50.699363708496094,0.5864621996879578
1222,937,0.45751953125,0.11836161464452744,47.44226837158203,0.6211318373680115
1223,790,0.3857421875,0.11928460747003555,49.65995407104492,0.5938395857810974
1224,797,0.38916015625,0.11204704642295837,47.05726623535156,0.6279428005218506
1225,791,0.38623046875,0.15509739518165588,56.35895919799805,0.5160405039787292
1226,716,0.349609375,0.13603024184703827,52.97954559326172,0.5600165128707886
1227,761,0.37158203125,0.1640765517950058,44.58060073852539,0.6636635661125183
1228,730,0.3564453125,0.1492646485567093,43.39406967163086,0.6710811853408813
1229,732,0.357421875,0.13650943338871002,43.542564392089844,0.6609832048416138
1230,777,0.37939453125,0.14441953599452972,41.17742156982422,0.6929880380630493
1231,633,0.30908203125,0.14356887340545654,38.018280029296875,0.7364467978477478
1232,736,0.359375,0.15292738378047943,38.255672454833984,0.7246676087379456
1233,681,0.33251953125,0.1615452915430069,37.33454513549805,0.7459086775779724
1234,625,0.30517578125,0.17374460399150848,36.84493637084961,0.7517493367195129
1235,571,0.27880859375,0.17542247474193573,37.59634780883789,0.7423505187034607
1236,593,0.28955078125,0.18745392560958862,41.736839294433594,0.7015315890312195
1237,621,0.30322265625,0.18472886085510254,39.37186813354492,0.7228561639785767
1238,705,0.34423828125,0.1978149563074112,41.01396560668945,0.7049375772476196
1239,730,0.3564453125,0.19596582651138306,39.64397048950195,0.7200127840042114
1240,92,0.044921875,0.13609321415424347,36.52931213378906,0.7664550542831421
1241,96,0.046875,0.12888386845588684,37.310302734375,0.7525419592857361
1242,104,0.05078125,0.12914803624153137,38.603355407714844,0.7354538440704346
1243,105,0.05126953125,0.12941138446331024,37.665531158447266,0.7464898228645325
1244,97,0.04736328125,0.1250680536031723,36.023681640625,0.768138587474823
1245,92,0.044921875,0.12247920781373978,38.45454025268555,0.7358250021934509
1246,102,0.0498046875,0.12162668257951736,36.68340301513672,0.7616941332817078
1247,96,0.046875,0.1219170093536377,38.88424301147461,0.7289929389953613
1248,104,0.05078125,0.11434255540370941,36.793331146240234,0.7525898218154907
1249,98,0.0478515625,0.12128002196550369,37.53483581542969,0.7464874386787415
1250,91,0.04443359375,0.13341617584228516,38.15438461303711,0.7372148036956787
1251,96,0.046875,0.13276615738868713,38.26955795288086,0.7345530390739441
1252,101,0.04931640625,0.12091504782438278,37.5477409362793,0.7455425262451172
1253,100,0.048828125,0.12133888155221939,36.3104133605957,0.7591825723648071
1254,96,0.046875,0.12147056311368942,36.6222038269043,0.7563115954399109
1255,86,0.0419921875,0.1222216784954071,38.26941680908203,0.7388580441474915
1256,87,0.04248046875,0.12320218980312347,36.98528289794922,0.7497884035110474
1257,83,0.04052734375,0.11565741896629333,37.165565490722656,0.7412970066070557
1258,87,0.04248046875,0.11197954416275024,38.001190185546875,0.7414335012435913
1259,85,0.04150390625,0.11266773194074631,36.73177719116211,0.7553883194923401
1260,77,0.03759765625,0.11626467108726501,37.60110092163086,0.7428672909736633
1261,76,0.037109375,0.11189752072095871,37.235198974609375,0.7574357390403748
1262,65,0.03173828125,0.11524153500795364,36.55522918701172,0.763412356376648
1263,66,0.0322265625,0.1198456734418869,36.16107177734375,0.759970486164093
1264,60,0.029296875,0.12924984097480774,38.357364654541016,0.7406979203224182
1265,57,0.02783203125,0.13446252048015594,38.68408203125,0.7280983328819275
1266,51,0.02490234375,0.14298222959041595,38.23805618286133,0.7353317141532898
1267,48,0.0234375,0.1607385277748108,37.949527740478516,0.7419686317443848
1268,44,0.021484375,0.13559596240520477,38.28807067871094,0.7360398769378662
1269,46,0.0224609375,0.15141530334949493,36.667884826660156,0.7585961818695068
1270,27,0.01318359375,0.1679716259241104,31.825300216674805,0.8097422122955322
1271,14,0.0068359375,0.19940611720085144,25.82826042175293,0.8807286024093628
1272,14,0.0068359375,0.19987332820892334,29.090229034423828,0.850735068321228
1273,7,0.00341796875,0.09294953942298889,27.74845314025879,0.860758900642395
1274,22,0.0107421875,0.17461037635803223,31.28240203857422,0.8042261600494385
1275,15,0.00732421875,0.19827283918857574,34.89112854003906,0.7679919600486755
1276,14,0.0068359375,0.1706257164478302,41.945674896240234,0.7068901062011719
1277,11,0.00537109375,0.20068970322608948,44.93558120727539,0.6533687114715576
1278,8,0.00390625,0.11971614509820938,33.289398193359375,0.7836293578147888
1279,13,0.00634765625,0.12619203329086304,39.239498138427734,0.7274093627929688
1280,99,0.04833984375,0.1327359825372696,33.43861389160156,0.7852653861045837
1281,110,0.0537109375,0.12280254065990448,32.54528045654297,0.8026261329650879
1282,113,0.05517578125,0.12949535250663757,33.38560104370117,0.7894704341888428
1283,94,0.0458984375,0.12783126533031464,34.42619323730469,0.7794676423072815
1284,103,0.05029296875,0.12230883538722992,34.76797103881836,0.7738698124885559
1285,95,0.04638671875,0.12254460901021957,34.50747299194336,0.7841607332229614
1286,87,0.04248046875,0.11812195181846619,34.472862243652344,0.784686267375946
1287,93,0.04541015625,0.11516395211219788,34.80085372924805,0.7682814002037048
1288,92,0.044921875,0.11459289491176605,33.549251556396484,0.7859959006309509
1289,93,0.04541015625,0.12165567278862,32.8658332824707,0.7972270250320435
1290,95,0.04638671875,0.17276689410209656,36.510894775390625,0.7525261044502258
1291,96,0.046875,0.1186564564704895,32.883785247802734,0.7965328097343445
1292,89,0.04345703125,0.11979340761899948,33.34735870361328,0.7904011011123657
1293,94,0.0458984375,0.11328671872615814,34.52533721923828,0.7781516313552856
1294,88,0.04296875,0.11260621249675751,36.46406173706055,0.7491451501846313
1295,76,0.037109375,0.11692969501018524,32.92036056518555,0.7935907244682312
1296,68,0.033203125,0.11945474147796631,35.185943603515625,0.7820859551429749
1297,60,0.029296875,0.13128431141376495,37.841373443603516,0.7516918182373047
1298,59,0.02880859375,0.12866927683353424,40.52333450317383,0.7108843922615051
1299,71,0.03466796875,0.12102723121643066,33.85516357421875,0.7958158254623413
1300,69,0.03369140625,0.1127438098192215,32.97193908691406,0.7950901389122009
1301,82,0.0400390625,0.11546233296394348,34.34531021118164,0.7812229990959167
1302,98,0.0478515625,0.12040451914072037,36.427391052246094,0.7499246597290039
1303,119,0.05810546875,0.13860444724559784,36.08708572387695,0.7680884003639221
1304,104,0.05078125,0.1122489869594574,36.67904281616211,0.7567825317382812
1305,111,0.05419921875,0.11585798114538193,35.937782287597656,0.7691687941551208
1306,133,0.06494140625,0.12060350924730301,37.29055404663086,0.7546141147613525
1307,129,0.06298828125,0.11938667297363281,34.893951416015625,0.7826166152954102
1308,139,0.06787109375,0.12665438652038574,35.31560134887695,0.7753546833992004
1309,169,0.08251953125,0.1444593369960785,36.1562385559082,0.76345294713974
1310,154,0.0751953125,0.13477911055088043,35.187469482421875,0.7742090821266174
1311,174,0.0849609375,0.150813490152359,34.608642578125,0.7772377133369446
1312,145,0.07080078125,0.1308077871799469,32.933345794677734,0.795841634273529
1313,152,0.07421875,0.13979117572307587,35.11052703857422,0.7703443765640259
1314,163,0.07958984375,0.14360979199409485,35.413814544677734,0.7653445601463318
1315,140,0.068359375,0.13334530591964722,35.392242431640625,0.7788940668106079
1316,138,0.0673828125,0.1386159509420395,34.14149475097656,0.7879844307899475
1317,143,0.06982421875,0.1351005733013153,35.477996826171875,0.7740816473960876
1318,154,0.0751953125,0.14232605695724487,35.367088317871094,0.7732031941413879
1319,145,0.07080078125,0.14017820358276367,35.33503341674805,0.7700235247612
1320,479,0.23388671875,0.11326784640550613,31.92716407775879,0.80757075548172
1321,533,0.26025390625,0.11104277521371841,30.77635383605957,0.8157139420509338
1322,491,0.23974609375,0.10823874175548553,32.6027946472168,0.7942546606063843
1323,453,0.22119140625,0.1085253357887268,32.88145065307617,0.7924402356147766
1324,377,0.18408203125,0.11964487284421921,34.190067291259766,0.7825319170951843
1325,372,0.181640625,0.12182807922363281,33.02560043334961,0.7952300906181335
1326,384,0.1875,0.10818149894475937,32.7153434753418,0.7996776103973389
1327,385,0.18798828125,0.11293672025203705,34.811710357666016,0.7747921347618103
1328,402,0.1962890625,0.11327396333217621,35.96615219116211,0.7670395374298096
1329,426,0.2080078125,0.12395571172237396,36.183223724365234,0.7633655667304993
1330,468,0.228515625,0.11764483153820038,36.399269104003906,0.7478890419006348
1331,482,0.2353515625,0.11135461181402206,33.72907257080078,0.7820517420768738
1332,560,0.2734375,0.12222635000944138,32.62916564941406,0.7949973940849304
1333,503,0.24560546875,0.10175734013319016,31.923171997070312,0.8029785752296448
1334,549,0.26806640625,0.10528722405433655,31.418800354003906,0.8017914295196533
1335,606,0.2958984375,0.1073760911822319,30.960227966308594,0.8038522005081177
1336,717,0.35009765625,0.12172234803438187,30.972492218017578,0.7940075993537903
1337,876,0.427734375,0.12917843461036682,35.631649017333984,0.759097695350647
1338,868,0.423828125,0.11020050197839737,30.080909729003906,0.8061844110488892
1339,737,0.35986328125,0.10329961031675339,29.0662899017334,0.8164775371551514
1340,633,0.30908203125,0.09554225206375122,31.777109146118164,0.7931623458862305
1341,619,0.30224609375,0.10092759877443314,31.20450782775879,0.799234926700592
1342,722,0.3525390625,0.09763434529304504,31.457168579101562,0.7917664051055908
1343,884,0.431640625,0.1012583002448082,30.005008697509766,0.7981461882591248
1344,959,0.46826171875,0.0960220992565155,31.83378791809082,0.7776463031768799
1345,1068,0.521484375,0.10598844289779663,32.73737335205078,0.774688720703125
1346,915,0.44677734375,0.1096377894282341,66.0060806274414,0.3788606822490692
1347,1413,0.68994140625,0.0753534659743309,35.46388626098633,0.7623342275619507
1348,1572,0.767578125,0.08287020772695541,37.55545425415039,0.7340577244758606
1349,912,0.4453125,0.10841649025678635,34.635555267333984,0.7602370381355286
1350,1195,0.58349609375,0.0891895592212677,34.966312408447266,0.7658808827400208
1351,1041,0.50830078125,0.08906985819339752,32.53415298461914,0.7850154638290405
1352,1346,0.6572265625,0.10955486446619034,46.47118377685547,0.6281467080116272
1353,1589,0.77587890625,0.10174089670181274,44.54202651977539,0.6530380845069885
1354,1028,0.501953125,0.11835478991270065,46.52901840209961,0.625876247882843
1355,897,0.43798828125,0.09350619465112686,44.4754524230957,0.6568660140037537
1356,1153,0.56298828125,0.08746229857206345,39.62224578857422,0.7152926325798035
1357,1134,0.5537109375,0.09670013934373856,33.84213638305664,0.7730136513710022
1358,770,0.3759765625,0.1135844811797142,36.760162353515625,0.7472094893455505
1359,576,0.28125,0.1243424192070961,41.109100341796875,0.6986690163612366
1360,885,0.43212890625,0.14513106644153595,49.94181823730469,0.5987086892127991
1361,1619,0.79052734375,0.10874717682600021,36.32863235473633,0.7533588409423828
1362,1135,0.55419921875,0.10403641313314438,33.20351028442383,0.7898350954055786
1363,1207,0.58935546875,0.09542857110500336,31.5452823638916,0.8086292147636414
1364,1332,0.650390625,0.06787901371717453,36.03290939331055,0.7577910423278809
1365,1487,0.72607421875,0.07672096788883209,38.182838439941406,0.7311408519744873
1366,1476,0.720703125,0.07321379333734512,36.135128021240234,0.7563903331756592
1367,1117,0.54541015625,0.07624482363462448,30.87369155883789,0.8103994131088257
1368,633,0.30908203125,0.08444324135780334,39.47111129760742,0.6896668672561646
1369,1178,0.5751953125,0.08903098851442337,33.73646545410156,0.7766327261924744
1370,931,0.45458984375,0.08734779059886932,33.42136001586914,0.7796334624290466
1371,843,0.41162109375,0.09146032482385635,31.496784210205078,0.799455463886261
1372,576,0.28125,0.08493218570947647,38.735633850097656,0.7099488973617554
1373,1316,0.642578125,0.09521979838609695,40.145259857177734,0.7096558809280396
1374,938,0.4580078125,0.08940793573856354,34.16777038574219,0.7720209360122681
1375,923,0.45068359375,0.08591780811548233,29.449926376342773,0.827460527420044
1376,945,0.46142578125,0.0838160440325737,24.873689651489258,0.8658316731452942
1377,706,0.3447265625,0.08555234223604202,21.507137298583984,0.9009074568748474
1378,707,0.34521484375,0.09584274888038635,22.907907485961914,0.8902663588523865
1379,877,0.42822265625,0.08954547345638275,25.2124080657959,0.8624433279037476
1380,661,0.32275390625,0.09784511476755142,23.387691497802734,0.8887576460838318
1381,741,0.36181640625,0.09098219126462936,21.80316734313965,0.9002667665481567
1382,945,0.46142578125,0.09232914447784424,22.57682228088379,0.8774412870407104
1383,851,0.41552734375,0.09456893801689148,21.403921127319336,0.8913511037826538
1384,722,0.3525390625,0.09620322287082672,22.511903762817383,0.8893333077430725
1385,649,0.31689453125,0.09294901043176651,21.515390396118164,0.9024889469146729
1386,565,0.27587890625,0.10429307818412781,25.522554397583008,0.8690234422683716
1387,649,0.31689453125,0.09580129384994507,23.365936279296875,0.8863537907600403
1388,662,0.3232421875,0.09720532596111298,22.459129333496094,0.8944719433784485
1389,655,0.31982421875,0.10116816312074661,23.10307502746582,0.8868338465690613
1390,558,0.2724609375,0.10309038311243057,25.282926559448242,0.8700037598609924
1391,460,0.224609375,0.10627193748950958,25.983247756958008,0.866370677947998
1392,519,0.25341796875,0.10682336241006851,23.60701560974121,0.8834963440895081
1393,452,0.220703125,0.10138829797506332,23.951866149902344,0.8825793862342834
1394,489,0.23876953125,0.10474985837936401,23.99497413635254,0.8814069032669067
1395,350,0.1708984375,0.11788149178028107,27.545795440673828,0.8514711260795593
1396,322,0.1572265625,0.126295804977417,29.531583786010742,0.8305826783180237
1397,317,0.15478515625,0.1248222216963768,27.782630920410156,0.8561833500862122
1398,303,0.14794921875,0.12253652513027191,28.5447998046875,0.8499605655670166
1399,333,0.16259765625,0.12648575007915497,27.251527786254883,0.8583214282989502
1400,281,0.13720703125,0.13494324684143066,35.711585998535156,0.7671868205070496
1401,280,0.13671875,0.1525534987449646,35.71857452392578,0.7626879215240479
1402,267,0.13037109375,0.11826929450035095,32.726539611816406,0.7978134751319885
1403,249,0.12158203125,0.10071111470460892,32.09843444824219,0.807621955871582
1404,248,0.12109375,0.11634570360183716,34.14807891845703,0.7820592522621155
1405,262,0.1279296875,0.11128975450992584,33.80370330810547,0.7868830561637878
1406,255,0.12451171875,0.10596240311861038,34.406673431396484,0.7823081612586975
1407,280,0.13671875,0.11986047774553299,32.73054122924805,0.7971644997596741
1408,284,0.138671875,0.14671894907951355,34.704959869384766,0.7785308361053467
1409,270,0.1318359375,0.1702861785888672,35.82023620605469,0.7698431611061096
1410,256,0.125,0.11599206179380417,35.8393669128418,0.7698966860771179
1411,225,0.10986328125,0.11335401237010956,36.49826431274414,0.7623311281204224
1412,209,0.10205078125,0.11174625158309937,35.39885711669922,0.7727193832397461
1413,206,0.1005859375,0.11566270142793655,36.22489547729492,0.7637524604797363
1414,208,0.1015625,0.11527303606271744,34.974647521972656,0.7804439067840576
1415,218,0.1064453125,0.11715872585773468,35.606292724609375,0.768410861492157
1416,234,0.1142578125,0.1482195407152176,35.79681396484375,0.7701265811920166
1417,210,0.1025390625,0.12496776878833771,34.76533126831055,0.7803517580032349
1418,213,0.10400390625,0.11948653310537338,36.177310943603516,0.7642697691917419
1419,224,0.109375,0.11963579058647156,35.05219268798828,0.7800372242927551
1420,265,0.12939453125,0.15470990538597107,37.516597747802734,0.745938241481781
1421,254,0.1240234375,0.1369001269340515,35.45970916748047,0.7734980583190918
1422,249,0.12158203125,0.11528120189905167,35.153953552246094,0.777397871017456
1423,221,0.10791015625,0.11670668423175812,35.88970947265625,0.7718161344528198
1424,229,0.11181640625,0.15306083858013153,36.943336486816406,0.7580171823501587
1425,248,0.12109375,0.11285769939422607,34.709564208984375,0.7769791483879089
1426,218,0.1064453125,0.11767376214265823,35.958473205566406,0.7639293670654297
1427,181,0.08837890625,0.12082961946725845,34.058807373046875,0.7896283268928528
1428,169,0.08251953125,0.10579121857881546,34.612266540527344,0.7867460250854492
1429,178,0.0869140625,0.136658176779747,35.242610931396484,0.7706761956214905
1430,176,0.0859375,0.12653900682926178,34.48764419555664,0.7838824987411499
1431,155,0.07568359375,0.12370402365922928,33.49333572387695,0.7962327003479004
1432,151,0.07373046875,0.11481834203004837,35.82291030883789,0.7722734808921814
1433,162,0.0791015625,0.11028168350458145,33.4796142578125,0.7982789278030396
1434,176,0.0859375,0.11863892525434494,33.62405014038086,0.7969570159912109
1435,172,0.083984375,0.12172164022922516,34.256107330322266,0.7840855717658997
1436,197,0.09619140625,0.10461504012346268,32.81689453125,0.8001342415809631
1437,202,0.0986328125,0.10247859358787537,33.89908981323242,0.7865747809410095
1438,189,0.09228515625,0.10117073357105255,33.56126403808594,0.7977265119552612
1439,179,0.08740234375,0.09782993793487549,34.4927864074707,0.7822189927101135
1440,225,0.10986328125,0.1404854655265808,37.95619201660156,0.753766655921936
1441,279,0.13623046875,0.15085573494434357,35.81599044799805,0.7707599401473999
1442,312,0.15234375,0.16204531490802765,35.95476531982422,0.7651921510696411
1443,301,0.14697265625,0.1466001272201538,36.29270935058594,0.7645809650421143
1444,289,0.14111328125,0.14581060409545898,34.97947692871094,0.7780722379684448
1445,287,0.14013671875,0.13737699389457703,35.327247619628906,0.7745278477668762
1446,322,0.1572265625,0.13762789964675903,35.019287109375,0.7731308341026306
1447,360,0.17578125,0.12888197600841522,34.81119155883789,0.7702924013137817
1448,341,0.16650390625,0.12005686014890671,31.854761123657227,0.7997071146965027
1449,366,0.1787109375,0.11444633454084396,30.20073699951172,0.8207443356513977
1450,333,0.16259765625,0.10964824259281158,29.600683212280273,0.8275464773178101
1451,320,0.15625,0.10623227804899216,30.878520965576172,0.8157159686088562
1452,257,0.12548828125,0.1039636954665184,32.94437789916992,0.7967649102210999
1453,268,0.130859375,0.10140212625265121,31.96700096130371,0.8076794743537903
1454,302,0.1474609375,0.09946742653846741,30.548521041870117,0.8218927383422852
1455,349,0.17041015625,0.10016326606273651,29.11445426940918,0.8320024013519287
1456,350,0.1708984375,0.11011629551649094,29.441654205322266,0.8290870785713196
1457,381,0.18603515625,0.12446954101324081,30.803821563720703,0.8100095987319946
1458,348,0.169921875,0.1129990816116333,29.663524627685547,0.8206512331962585
1459,366,0.1787109375,0.11108854413032532,29.246829986572266,0.8263002634048462
1460,324,0.158203125,0.10170699656009674,28.828155517578125,0.8390163779258728
1461,334,0.1630859375,0.0990760326385498,29.410429000854492,0.8297145366668701
1462,334,0.1630859375,0.1047174334526062,29.270084381103516,0.8310486674308777
1463,353,0.17236328125,0.11488579213619232,29.567794799804688,0.8248145580291748
1464,355,0.17333984375,0.12370994687080383,31.05575180053711,0.807857096195221
1465,316,0.154296875,0.11934226006269455,30.8486328125,0.8150935173034668
1466,293,0.14306640625,0.12060528993606567,32.562442779541016,0.792851448059082
1467,369,0.18017578125,0.14031994342803955,36.497291564941406,0.7472400069236755
1468,352,0.171875,0.15125396847724915,32.222476959228516,0.7954585552215576
1469,322,0.1572265625,0.15678369998931885,31.558876037597656,0.8067001700401306
1470,297,0.14501953125,0.14325082302093506,32.053688049316406,0.7978653311729431
1471,324,0.158203125,0.13205371797084808,30.34093475341797,0.8206192851066589
1472,369,0.18017578125,0.14785510301589966,32.62529754638672,0.7958682775497437
1473,396,0.193359375,0.16098693013191223,35.39839172363281,0.7650691270828247
1474,357,0.17431640625,0.16165989637374878,33.96117401123047,0.7869837880134583
1475,317,0.15478515625,0.15085525810718536,33.303775787353516,0.7933601140975952
1476,343,0.16748046875,0.14694489538669586,31.633136749267578,0.8106303215026855
1477,320,0.15625,0.1368483006954193,32.544960021972656,0.7971482872962952
1478,321,0.15673828125,0.15040826797485352,31.87541389465332,0.8014494776725769
1479,256,0.125,0.15689921379089355,31.938528060913086,0.803055465221405
1480,219,0.10693359375,0.16497543454170227,24.46332550048828,0.8678880929946899
1481,226,0.1103515625,0.16012421250343323,24.491304397583008,0.8655971884727478
1482,253,0.12353515625,0.16537053883075714,23.851152420043945,0.8720511198043823
1483,242,0.1181640625,0.15714821219444275,24.26420783996582,0.86333829164505
1484,303,0.14794921875,0.15048563480377197,22.15524673461914,0.8822373747825623
1485,310,0.1513671875,0.12353861331939697,23.240291595458984,0.8790533542633057
1486,331,0.16162109375,0.1540931910276413,23.02320671081543,0.8776777982711792
1487,353,0.17236328125,0.14867240190505981,22.132490158081055,0.8834785223007202
1488,401,0.19580078125,0.17465750873088837,24.660921096801758,0.8609089255332947
1489,347,0.16943359375,0.1408713012933731,22.756717681884766,0.8784317970275879
1490,418,0.2041015625,0.13800939917564392,23.605451583862305,0.8656680583953857
1491,312,0.15234375,0.14921684563159943,22.48173713684082,0.8828725814819336
1492,338,0.1650390625,0.15615880489349365,21.57775115966797,0.8915287852287292
1493,330,0.1611328125,0.1570308953523636,22.165287017822266,0.8881871104240417
1494,322,0.1572265625,0.15810857713222504,22.048669815063477,0.8931798338890076
1495,295,0.14404296875,0.16174373030662537,22.843040466308594,0.8857987523078918
1496,313,0.15283203125,0.16528238356113434,24.724197387695312,0.8762981295585632
1497,346,0.1689453125,0.16271138191223145,24.745607376098633,0.8773518800735474
1498,375,0.18310546875,0.1681137979030609,24.19264793395996,0.8793390393257141
1499,411,0.20068359375,0.16804946959018707,25.790327072143555,0.8608669638633728
1500,360,0.17578125,0.18070459365844727,27.11669158935547,0.8534605503082275
1501,375,0.18310546875,0.17959657311439514,26.53473472595215,0.8565006256103516
1502,331,0.16162109375,0.1746252030134201,24.85942268371582,0.8716130256652832
1503,298,0.1455078125,0.17549948394298553,24.879011154174805,0.8750997185707092
1504,300,0.146484375,0.17355811595916748,24.195554733276367,0.87905353307724
1505,259,0.12646484375,0.18564999103546143,27.168289184570312,0.8531699776649475
1506,292,0.142578125,0.18034079670906067,26.864683151245117,0.8552378416061401
1507,323,0.15771484375,0.18293268978595734,28.30776023864746,0.8444294333457947
1508,323,0.15771484375,0.18087676167488098,28.502174377441406,0.8450472354888916
1509,271,0.13232421875,0.19027544558048248,29.095293045043945,0.8403778672218323
1510,301,0.14697265625,0.18569526076316833,28.9541072845459,0.8432131409645081
1511,283,0.13818359375,0.20157776772975922,30.791109085083008,0.8231526613235474
1512,293,0.14306640625,0.2024545669555664,29.990190505981445,0.8299626111984253
1513,248,0.12109375,0.19715459644794464,31.853322982788086,0.816835343837738
1514,227,0.11083984375,0.20016691088676453,31.59160804748535,0.8176397681236267
1515,243,0.11865234375,0.20999516546726227,32.63177490234375,0.8081755638122559
1516,285,0.13916015625,0.21090449392795563,35.56197738647461,0.7782549858093262
1517,267,0.13037109375,0.20806081593036652,34.81727600097656,0.786396861076355
1518,303,0.14794921875,0.2673305571079254,39.54357147216797,0.7273802757263184
1519,284,0.138671875,0.2705558240413666,38.715206146240234,0.738574206829071
1520,309,0.15087890625,0.14279799163341522,30.20594024658203,0.8141355514526367
1521,303,0.14794921875,0.15762990713119507,29.674560546875,0.8187165856361389
1522,359,0.17529296875,0.14887835085391998,30.098918914794922,0.8167169690132141
1523,337,0.16455078125,0.131171315908432,30.309688568115234,0.8108789324760437
1524,359,0.17529296875,0.13139747083187103,28.483009338378906,0.8344419002532959
1525,312,0.15234375,0.1281968206167221,28.339941024780273,0.8316267728805542
1526,288,0.140625,0.12845313549041748,28.97403907775879,0.8206619620323181
1527,286,0.1396484375,0.13179908692836761,28.282901763916016,0.830212414264679
1528,249,0.12158203125,0.13703693449497223,29.784595489501953,0.8269219398498535
1529,246,0.1201171875,0.13891029357910156,31.429767608642578,0.8131362795829773
1530,249,0.12158203125,0.13450254499912262,29.261432647705078,0.8305642008781433
1531,273,0.13330078125,0.1308104693889618,28.859975814819336,0.8336933255195618
1532,292,0.142578125,0.11916307359933853,28.413972854614258,0.8386249542236328
1533,322,0.1572265625,0.12573611736297607,28.86355972290039,0.8340588808059692
1534,313,0.15283203125,0.11862947046756744,28.86149024963379,0.8293552398681641
1535,354,0.1728515625,0.11540662497282028,28.8856201171875,0.8332216739654541
1536,336,0.1640625,0.11955170333385468,30.067243576049805,0.821300208568573
1537,304,0.1484375,0.1174071729183197,28.776464462280273,0.8325886130332947
1538,303,0.14794921875,0.1250806301832199,28.72306251525879,0.830576479434967
1539,311,0.15185546875,0.1184125691652298,29.159164428710938,0.8329853415489197
1540,300,0.146484375,0.11668048799037933,29.660350799560547,0.8249770402908325
1541,293,0.14306640625,0.11934103071689606,29.27887725830078,0.8255020380020142
1542,282,0.1376953125,0.11516676098108292,29.047300338745117,0.8314195871353149
1543,288,0.140625,0.11618787050247192,29.033912658691406,0.8351037502288818
1544,318,0.1552734375,0.12041902542114258,30.682682037353516,0.8175729513168335
1545,286,0.1396484375,0.11331001669168472,29.707874298095703,0.8345242738723755
1546,308,0.150390625,0.11706559360027313,29.20172119140625,0.8373221158981323
1547,295,0.14404296875,0.11654383689165115,29.60517692565918,0.8328122496604919
1548,298,0.1455078125,0.11042965948581696,30.092851638793945,0.8232080936431885
1549,306,0.1494140625,0.11516883969306946,29.641071319580078,0.8306480646133423
1550,298,0.1455078125,0.11620777100324631,30.039833068847656,0.827290952205658
1551,266,0.1298828125,0.11199536919593811,31.21156883239746,0.8192177414894104
1552,277,0.13525390625,0.12200511991977692,29.935081481933594,0.8303242325782776
1553,234,0.1142578125,0.12971153855323792,31.962627410888672,0.8091752529144287
1554,259,0.12646484375,0.1258423626422882,30.49373435974121,0.8255788087844849
1555,264,0.12890625,0.13772085309028625,31.392122268676758,0.8163700103759766
1556,282,0.1376953125,0.1241336241364479,30.02341651916504,0.8284463286399841
1557,286,0.1396484375,0.12575854361057281,30.56558609008789,0.8260511159896851
1558,302,0.1474609375,0.13941481709480286,31.78987693786621,0.8105716109275818
1559,321,0.15673828125,0.1484185755252838,33.220027923583984,0.793206512928009
1560,1069,0.52197265625,0.08800970017910004,24.27469253540039,0.8680434823036194
1561,1055,0.51513671875,0.09369231760501862,23.527812957763672,0.8720040917396545
1562,965,0.47119140625,0.10882388800382614,24.471773147583008,0.8640145659446716
1563,1201,0.58642578125,0.0943322405219078,23.239511489868164,0.8670738935470581
1564,959,0.46826171875,0.09239382296800613,22.27241325378418,0.8879109621047974
1565,1054,0.5146484375,0.08511026948690414,21.616334915161133,0.8884262442588806
1566,987,0.48193359375,0.0738590881228447,25.578306198120117,0.8611464500427246
1567,911,0.44482421875,0.09280673414468765,28.989946365356445,0.828374981880188
1568,1230,0.6005859375,0.09004587680101395,25.77449607849121,0.8621614575386047
1569,1490,0.7275390625,0.08575081825256348,29.816055297851562,0.819951057434082
1570,1221,0.59619140625,0.07111537456512451,33.762264251708984,0.7783340811729431
1571,1550,0.7568359375,0.07867211848497391,40.14787673950195,0.7007372379302979
1572,178,0.0869140625,0.2803621292114258,51.56895065307617,0.5763744711875916
1573,180,0.087890625,0.2790217995643616,63.06375503540039,0.42108383774757385
1574,179,0.08740234375,0.27476900815963745,48.011390686035156,0.6132500767707825
1575,1745,0.85205078125,0.09885335713624954,59.07181167602539,0.4766468405723572
1576,171,0.08349609375,0.26365625858306885,44.65571212768555,0.6565088629722595
1577,1722,0.8408203125,0.09827065467834473,59.71673583984375,0.4665730893611908
1578,159,0.07763671875,0.2769421935081482,46.07662582397461,0.6439586877822876
1579,752,0.3671875,0.14031800627708435,42.62424087524414,0.6916010975837708
1580,975,0.47607421875,0.13921532034873962,40.66212463378906,0.7217817902565002
1581,748,0.365234375,0.1638692170381546,26.747684478759766,0.8307847380638123
1582,648,0.31640625,0.16882933676242828,24.331518173217773,0.8437002897262573
1583,674,0.3291015625,0.1693083792924881,25.307933807373047,0.8393108248710632
1584,657,0.32080078125,0.16274841129779816,26.97711181640625,0.8334013223648071
1585,648,0.31640625,0.16426558792591095,25.085317611694336,0.8410655856132507
1586,707,0.34521484375,0.16132284700870514,25.99752426147461,0.8363307118415833
1587,569,0.27783203125,0.1816714107990265,28.817045211791992,0.8082125782966614
1588,611,0.29833984375,0.17715254426002502,28.590723037719727,0.8093709349632263
1589,530,0.2587890625,0.20348650217056274,29.962522506713867,0.7879306077957153
1590,549,0.26806640625,0.22035308182239532,30.40926742553711,0.7854572534561157
1591,528,0.2578125,0.21993058919906616,33.25815963745117,0.7568372488021851
1592,496,0.2421875,0.21552817523479462,32.69367218017578,0.761054277420044
1593,505,0.24658203125,0.22191959619522095,33.00426483154297,0.7584967613220215
1594,526,0.2568359375,0.2212032526731491,35.14415740966797,0.7324325442314148
1595,545,0.26611328125,0.2049773782491684,38.61170196533203,0.7060728669166565
1596,576,0.28125,0.2094803750514984,43.06936264038086,0.6617615818977356
1597,609,0.29736328125,0.21965309977531433,42.516178131103516,0.6689449548721313
1598,543,0.26513671875,0.21289101243019104,39.53537368774414,0.7016434669494629
1599,578,0.2822265625,0.19724580645561218,39.83510971069336,0.6972783207893372
1600,164,0.080078125,0.17740030586719513,35.087310791015625,0.7801099419593811
1601,175,0.08544921875,0.162053644657135,34.48128128051758,0.7897127866744995
1602,173,0.08447265625,0.13718904554843903,34.696956634521484,0.7819956541061401
1603,165,0.08056640625,0.15115034580230713,34.14719009399414,0.7910499572753906
1604,169,0.08251953125,0.15467363595962524,32.74470520019531,0.7999353408813477
1605,177,0.08642578125,0.1410689502954483,31.530380249023438,0.8139429688453674
1606,169,0.08251953125,0.14089101552963257,31.562246322631836,0.8130363821983337
1607,185,0.09033203125,0.12530778348445892,30.380189895629883,0.8222755193710327
1608,177,0.08642578125,0.12437465041875839,29.495161056518555,0.8258150815963745
1609,187,0.09130859375,0.1253424435853958,31.202375411987305,0.814125120639801
1610,181,0.08837890625,0.12849272787570953,30.757890701293945,0.8205356597900391
1611,171,0.08349609375,0.14446915686130524,31.813196182250977,0.8111597895622253
1612,178,0.0869140625,0.14636413753032684,30.622922897338867,0.8258800506591797
1613,165,0.08056640625,0.16644279658794403,33.07389450073242,0.7956798076629639
1614,178,0.0869140625,0.16669955849647522,32.964576721191406,0.796808660030365
1615,200,0.09765625,0.13842740654945374,31.892906188964844,0.8069997429847717
1616,199,0.09716796875,0.16011489927768707,33.56826400756836,0.7890017628669739
1617,194,0.0947265625,0.13077065348625183,30.67484474182129,0.8161504864692688
1618,187,0.09130859375,0.13905763626098633,32.26424789428711,0.8024860620498657
1619,193,0.09423828125,0.1230379268527031,30.945268630981445,0.8143479824066162
1620,192,0.09375,0.12638045847415924,27.363914489746094,0.8552079200744629
1621,190,0.0927734375,0.13152241706848145,27.032737731933594,0.8550275564193726
1622,185,0.09033203125,0.13021233677864075,28.110254287719727,0.8457658290863037
1623,201,0.09814453125,0.1171271875500679,26.996814727783203,0.8534212112426758
1624,228,0.111328125,0.12333928048610687,28.061819076538086,0.8460645079612732
1625,297,0.14501953125,0.12785784900188446,28.752548217773438,0.834157407283783
1626,313,0.15283203125,0.1544371247291565,30.080596923828125,0.8222590088844299
1627,309,0.15087890625,0.15609540045261383,29.935007095336914,0.8207390308380127
1628,304,0.1484375,0.1673775166273117,33.693599700927734,0.7797815799713135
1629,278,0.1357421875,0.12038113921880722,28.91522789001465,0.8329145312309265
1630,304,0.1484375,0.12483997642993927,27.804969787597656,0.8439891934394836
1631,276,0.134765625,0.12250872701406479,26.775312423706055,0.8539004921913147
1632,288,0.140625,0.1252516806125641,26.81053924560547,0.8555545210838318
1633,338,0.1650390625,0.12771375477313995,30.111862182617188,0.8146768808364868
1634,300,0.146484375,0.12663760781288147,29.026472091674805,0.8361243009567261
1635,304,0.1484375,0.12287094444036484,28.299148559570312,0.8439790606498718
1636,288,0.140625,0.1221579760313034,28.42313575744629,0.8414428234100342
1637,298,0.1455078125,0.12184775620698929,27.656646728515625,0.8440213203430176
1638,274,0.1337890625,0.11713259667158127,27.387617111206055,0.849096953868866
1639,261,0.12744140625,0.11848249286413193,28.846954345703125,0.8357168436050415
1640,231,0.11279296875,0.14532829821109772,35.68655776977539,0.7647237181663513
1641,214,0.1044921875,0.15470844507217407,38.602291107177734,0.7413020730018616
1642,248,0.12109375,0.14439953863620758,38.69109344482422,0.7366761565208435
1643,245,0.11962890625,0.14567486941814423,36.60356521606445,0.7585555911064148
1644,240,0.1171875,0.13351303339004517,33.0977668762207,0.7971354126930237
1645,253,0.12353515625,0.13150523602962494,34.19990158081055,0.7784180045127869
1646,295,0.14404296875,0.12460801005363464,32.07170104980469,0.802122950553894
1647,299,0.14599609375,0.1186961904168129,31.02061653137207,0.8046970963478088
1648,250,0.1220703125,0.1291261464357376,31.85892105102539,0.7994490265846252
1649,247,0.12060546875,0.1326337605714798,33.21821975708008,0.7824567556381226
1650,269,0.13134765625,0.1145586222410202,30.759098052978516,0.8139656186103821
1651,255,0.12451171875,0.11965146660804749,33.8730354309082,0.7842810750007629
1652,221,0.10791015625,0.11365923285484314,35.136173248291016,0.7743542194366455
1653,218,0.1064453125,0.11566346138715744,34.60556411743164,0.7709687948226929
1654,219,0.10693359375,0.11787845194339752,33.84618377685547,0.7773681282997131
1655,199,0.09716796875,0.11663753539323807,33.169254302978516,0.785358190536499
1656,189,0.09228515625,0.1094309538602829,30.90530014038086,0.8116010427474976
1657,192,0.09375,0.12154009938240051,31.912109375,0.8028904795646667
1658,204,0.099609375,0.11769021302461624,29.801485061645508,0.8273481726646423
1659,224,0.109375,0.12034820020198822,30.12186050415039,0.8223689198493958
1660,189,0.09228515625,0.11503621935844421,30.56969451904297,0.8200778961181641
1661,176,0.0859375,0.1103520393371582,32.0341682434082,0.8006347417831421
1662,169,0.08251953125,0.10887059569358826,31.61676788330078,0.8089170455932617
1663,176,0.0859375,0.10686628520488739,30.486682891845703,0.8137753009796143
1664,202,0.0986328125,0.11183325946331024,31.037080764770508,0.8150714039802551
1665,213,0.10400390625,0.11407600343227386,30.699119567871094,0.8124563097953796
1666,190,0.0927734375,0.11499568819999695,30.077713012695312,0.8200947046279907
1667,185,0.09033203125,0.10816698521375656,30.3967227935791,0.8161216378211975
1668,194,0.0947265625,0.10274890810251236,29.41996192932129,0.8237295150756836
1669,189,0.09228515625,0.09930753707885742,28.583086013793945,0.8330108523368835
1670,206,0.1005859375,0.10470270365476608,30.341144561767578,0.8128693103790283
1671,192,0.09375,0.10761851817369461,30.365476608276367,0.8135069012641907
1672,187,0.09130859375,0.10491771996021271,29.608930587768555,0.8221344947814941
1673,187,0.09130859375,0.11877121776342392,29.293285369873047,0.8307287693023682
1674,178,0.0869140625,0.10729023814201355,28.24688148498535,0.8365785479545593
1675,189,0.09228515625,0.10689963400363922,29.851621627807617,0.8179305791854858
1676,175,0.08544921875,0.10282135754823685,28.621810913085938,0.8389578461647034
1677,188,0.091796875,0.10743401944637299,30.0172061920166,0.8191830515861511
1678,169,0.08251953125,0.11138200759887695,29.586029052734375,0.8255962133407593
1679,176,0.0859375,0.10621682554483414,28.304771423339844,0.8430925607681274
1680,581,0.28369140625,0.14518405497074127,33.084163665771484,0.7970614433288574
1681,511,0.24951171875,0.1449180245399475,33.54733657836914,0.7840391993522644
1682,541,0.26416015625,0.14869092404842377,34.655731201171875,0.7713133692741394
1683,544,0.265625,0.14719359576702118,35.15346908569336,0.7736672163009644
1684,514,0.2509765625,0.14966802299022675,34.163612365722656,0.7818853855133057
1685,433,0.21142578125,0.152622252702713,35.17830276489258,0.7719224095344543
1686,420,0.205078125,0.15838856995105743,34.71870040893555,0.7774174809455872
1687,389,0.18994140625,0.14926305413246155,34.38311004638672,0.7801180481910706
1688,401,0.19580078125,0.1506730318069458,33.56080627441406,0.7869793176651001
1689,409,0.19970703125,0.1431702971458435,32.28804397583008,0.7987180948257446
1690,396,0.193359375,0.14421963691711426,32.92010498046875,0.7930605411529541
1691,350,0.1708984375,0.15008066594600677,35.68577194213867,0.7667973041534424
1692,363,0.17724609375,0.14771048724651337,36.962284088134766,0.7530773878097534
1693,408,0.19921875,0.13596320152282715,35.71808624267578,0.7644302248954773
1694,473,0.23095703125,0.14248371124267578,36.47666931152344,0.7588368654251099
1695,425,0.20751953125,0.14227412641048431,35.65753936767578,0.7637465000152588
1696,424,0.20703125,0.14483994245529175,36.36408233642578,0.753279983997345
1697,410,0.2001953125,0.13999225199222565,34.99312973022461,0.7714972496032715
1698,386,0.1884765625,0.1520383656024933,36.68613052368164,0.75394207239151
1699,390,0.1904296875,0.1504594087600708,34.742523193359375,0.7723484039306641
1700,378,0.1845703125,0.15404459834098816,33.93987274169922,0.7841122150421143
1701,354,0.1728515625,0.15144510567188263,34.83135986328125,0.7738931179046631
1702,416,0.203125,0.15448635816574097,33.268253326416016,0.7882117033004761
1703,449,0.21923828125,0.1466963291168213,31.540700912475586,0.8015871047973633
1704,426,0.2080078125,0.14947162568569183,33.53499984741211,0.7873079776763916
1705,473,0.23095703125,0.1441805362701416,31.78632354736328,0.803254246711731
1706,482,0.2353515625,0.15195544064044952,32.915283203125,0.7924212217330933
1707,510,0.2490234375,0.14108212292194366,33.424072265625,0.7877965569496155
1708,496,0.2421875,0.14058904349803925,33.72249221801758,0.7868151068687439
1709,560,0.2734375,0.1409599632024765,33.69284439086914,0.789337158203125
1710,610,0.2978515625,0.14078015089035034,34.215457916259766,0.7832623720169067
1711,685,0.33447265625,0.15326574444770813,31.450660705566406,0.8103790283203125
1712,741,0.36181640625,0.16805194318294525,25.818958282470703,0.862814724445343
1713,789,0.38525390625,0.1962602436542511,23.218168258666992,0.878779947757721
1714,847,0.41357421875,0.21209414303302765,38.33972930908203,0.7576656937599182
1715,743,0.36279296875,0.20033934712409973,38.3858757019043,0.7387422323226929
1716,707,0.34521484375,0.20655526220798492,33.65655517578125,0.7819841504096985
1717,1120,0.546875,0.20140552520751953,28.422414779663086,0.8345157504081726
1718,1185,0.57861328125,0.18550223112106323,27.936283111572266,0.8299566507339478
1719,675,0.32958984375,0.18205924332141876,27.11289405822754,0.8502697348594666
1720,202,0.0986328125,0.11315833032131195,28.376495361328125,0.8383732438087463
1721,195,0.09521484375,0.1111370101571083,29.98974609375,0.818977415561676
1722,198,0.0966796875,0.09880026429891586,28.460723876953125,0.8307200074195862
1723,204,0.099609375,0.09972063452005386,26.735557556152344,0.8499951362609863
1724,209,0.10205078125,0.09682213515043259,27.868967056274414,0.8412855267524719
1725,200,0.09765625,0.09781482815742493,29.072187423706055,0.825697660446167
1726,208,0.1015625,0.09099031984806061,28.564823150634766,0.8265924453735352
1727,196,0.095703125,0.09528100490570068,29.04594612121582,0.8218897581100464
1728,193,0.09423828125,0.09588853269815445,29.972856521606445,0.8142874836921692
1729,191,0.09326171875,0.0949365571141243,27.544832229614258,0.8438221216201782
1730,195,0.09521484375,0.10269275307655334,28.661922454833984,0.8360860347747803
1731,180,0.087890625,0.09946989268064499,26.984569549560547,0.8468846082687378
1732,172,0.083984375,0.1013217344880104,27.805810928344727,0.8434900641441345
1733,160,0.078125,0.10429301857948303,28.00040626525879,0.8397361636161804
1734,165,0.08056640625,0.10926512628793716,28.21512222290039,0.8344351053237915
1735,154,0.0751953125,0.11243997514247894,27.43438720703125,0.8472253084182739
1736,145,0.07080078125,0.11450881510972977,28.152509689331055,0.8321357369422913
1737,131,0.06396484375,0.1180020421743393,27.34342384338379,0.8440855145454407
1738,135,0.06591796875,0.11660674959421158,26.681442260742188,0.8481864929199219
1739,137,0.06689453125,0.10560610145330429,25.76621437072754,0.8571023344993591
1740,136,0.06640625,0.10888803005218506,27.27569580078125,0.8393239378929138
1741,138,0.0673828125,0.10543625056743622,28.073965072631836,0.8295936584472656
1742,150,0.0732421875,0.10453469306230545,26.527048110961914,0.8472353219985962
1743,164,0.080078125,0.10225043445825577,27.784482955932617,0.8303308486938477
1744,165,0.08056640625,0.10580876469612122,27.176334381103516,0.8393604755401611
1745,151,0.07373046875,0.09886661171913147,27.146160125732422,0.8420869708061218
1746,157,0.07666015625,0.1044272929430008,27.854890823364258,0.8265052437782288
1747,152,0.07421875,0.1008145660161972,28.475046157836914,0.8279905915260315
1748,165,0.08056640625,0.11368167400360107,26.75482940673828,0.8435508012771606
1749,153,0.07470703125,0.10409676283597946,28.319671630859375,0.8349267244338989
1750,160,0.078125,0.11145931482315063,29.33896827697754,0.8223185539245605
1751,131,0.06396484375,0.09994854778051376,28.737499237060547,0.830032229423523
1752,132,0.064453125,0.10562098771333694,29.163591384887695,0.8250637650489807
1753,136,0.06640625,0.10036098957061768,28.23856544494629,0.833057165145874
1754,142,0.0693359375,0.1009642481803894,28.388595581054688,0.8316990733146667
1755,144,0.0703125,0.11893116682767868,27.839448928833008,0.8388232588768005
1756,145,0.07080078125,0.12124909460544586,27.851354598999023,0.8374278545379639
1757,142,0.0693359375,0.12561602890491486,29.06353759765625,0.8255507946014404
1758,136,0.06640625,0.13116055727005005,29.205427169799805,0.8232474327087402
1759,149,0.07275390625,0.13474729657173157,30.453351974487305,0.8124105334281921
1760,383,0.18701171875,0.10237926244735718,32.08095932006836,0.8045675158500671
1761,349,0.17041015625,0.1004161685705185,31.755271911621094,0.808110773563385
1762,317,0.15478515625,0.12190672010183334,32.531803131103516,0.7985450625419617
1763,337,0.16455078125,0.11702413856983185,33.761474609375,0.785991370677948
1764,321,0.15673828125,0.11586266756057739,33.477195739746094,0.7925532460212708
1765,326,0.1591796875,0.11760777235031128,34.430294036865234,0.7821191549301147
1766,315,0.15380859375,0.10997898131608963,32.67789840698242,0.7998042702674866
1767,358,0.1748046875,0.0941530093550682,32.989139556884766,0.8000187277793884
1768,372,0.181640625,0.1161765307188034,32.715309143066406,0.802857518196106
1769,365,0.17822265625,0.11890928447246552,32.252960205078125,0.8006743788719177
1770,341,0.16650390625,0.14466603100299835,33.5930061340332,0.7887087464332581
1771,369,0.18017578125,0.13437286019325256,32.96219253540039,0.7921263575553894
1772,367,0.17919921875,0.13896413147449493,33.17755126953125,0.788731575012207
1773,343,0.16748046875,0.14023664593696594,36.27473449707031,0.756638765335083
1774,410,0.2001953125,0.15723997354507446,35.46859359741211,0.7651023864746094
1775,355,0.17333984375,0.1516904979944229,35.56132125854492,0.7644680142402649
1776,345,0.16845703125,0.14445284008979797,36.526493072509766,0.7524896264076233
1777,418,0.2041015625,0.1417829543352127,34.86604690551758,0.7735922336578369
1778,495,0.24169921875,0.12811562418937683,33.184146881103516,0.7905499339103699
1779,482,0.2353515625,0.13177455961704254,33.192649841308594,0.7876296043395996
1780,424,0.20703125,0.14590108394622803,34.658485412597656,0.7744523286819458
1781,418,0.2041015625,0.14902789890766144,35.38528060913086,0.77085280418396
1782,573,0.27978515625,0.14176791906356812,35.47269058227539,0.7642584443092346
1783,706,0.3447265625,0.13626016676425934,33.47016525268555,0.7773508429527283
1784,949,0.46337890625,0.16830508410930634,28.419803619384766,0.8279147148132324
1785,728,0.35546875,0.14512278139591217,32.00872039794922,0.798132061958313
1786,777,0.37939453125,0.13957227766513824,31.286128997802734,0.8037294745445251
1787,592,0.2890625,0.1262524276971817,35.20636749267578,0.7627782821655273
1788,569,0.27783203125,0.12666518986225128,34.57893753051758,0.7682689428329468
1789,538,0.2626953125,0.11966372281312943,32.5557975769043,0.7898918390274048
1790,588,0.287109375,0.10337738692760468,30.495824813842773,0.8092320561408997
1791,611,0.29833984375,0.09974910318851471,29.581506729125977,0.8158510327339172
1792,613,0.29931640625,0.09875214099884033,29.620038986206055,0.8183041214942932
1793,546,0.2666015625,0.10624583065509796,30.89171600341797,0.8116253614425659
1794,618,0.3017578125,0.10305940359830856,31.104862213134766,0.8035283088684082
1795,584,0.28515625,0.09729727357625961,29.08278465270996,0.8236411213874817
1796,614,0.2998046875,0.1000504344701767,28.436695098876953,0.8250033855438232
1797,619,0.30224609375,0.11027170717716217,31.912317276000977,0.801771342754364
1798,624,0.3046875,0.10748664289712906,27.456485748291016,0.8376560807228088
1799,608,0.296875,0.11504987627267838,28.70744514465332,0.8266664147377014
1800,588,0.287109375,0.1831239014863968,50.9433479309082,0.5903756022453308
1801,1128,0.55078125,0.12055841088294983,27.797130584716797,0.852666437625885
1802,1075,0.52490234375,0.1328432708978653,21.952476501464844,0.8886081576347351
1803,1082,0.5283203125,0.14383937418460846,20.867822647094727,0.8898419141769409
1804,1060,0.517578125,0.1400974690914154,21.045106887817383,0.8854103088378906
1805,1048,0.51171875,0.14612194895744324,22.128185272216797,0.8803746700286865
1806,924,0.451171875,0.13886423408985138,26.048782348632812,0.8487163782119751
1807,953,0.46533203125,0.14092139899730682,27.92999839782715,0.8417608737945557
1808,899,0.43896484375,0.1395883411169052,27.887516021728516,0.8387078046798706
1809,872,0.42578125,0.14325420558452606,30.53024673461914,0.8181538581848145
1810,959,0.46826171875,0.13839752972126007,26.465593338012695,0.849115788936615
1811,1169,0.57080078125,0.1112762987613678,37.38672637939453,0.7665537595748901
1812,1345,0.65673828125,0.11816668510437012,35.92045593261719,0.7826571464538574
1813,1063,0.51904296875,0.13400898873806,25.011873245239258,0.8552767038345337
1814,1034,0.5048828125,0.14619627594947815,28.38203239440918,0.8326143026351929
1815,1097,0.53564453125,0.1493634581565857,27.9550838470459,0.8406769633293152
1816,981,0.47900390625,0.1352175623178482,27.267053604125977,0.8373805284500122
1817,936,0.45703125,0.13108190894126892,30.03573989868164,0.8209413886070251
1818,974,0.4755859375,0.13668611645698547,32.015106201171875,0.8027094006538391
1819,1054,0.5146484375,0.13120613992214203,28.27614974975586,0.822544515132904
1820,804,0.392578125,0.12760613858699799,28.625043869018555,0.8248673677444458
1821,709,0.34619140625,0.12826214730739594,29.902990341186523,0.8161869049072266
1822,589,0.28759765625,0.1338575929403305,32.69378662109375,0.7890161871910095
1823,736,0.359375,0.12801022827625275,29.82810401916504,0.8151488900184631
1824,748,0.365234375,0.12995252013206482,30.033750534057617,0.8150164484977722
1825,852,0.416015625,0.13331519067287445,29.915746688842773,0.816665530204773
1826,878,0.4287109375,0.13547833263874054,29.775341033935547,0.8168694972991943
1827,898,0.4384765625,0.13770948350429535,31.074357986450195,0.8057541251182556
1828,794,0.3876953125,0.13627634942531586,31.78757095336914,0.7960706353187561
1829,1003,0.48974609375,0.1397484987974167,31.183231353759766,0.8036335706710815
1830,813,0.39697265625,0.13229651749134064,29.678335189819336,0.8150185942649841
1831,764,0.373046875,0.13457870483398438,31.56687355041504,0.7982800006866455
1832,691,0.33740234375,0.1367649883031845,30.80116081237793,0.8073814511299133
1833,629,0.30712890625,0.13580113649368286,31.878366470336914,0.7930243015289307
1834,883,0.43115234375,0.13913461565971375,31.428377151489258,0.8004984259605408
1835,952,0.46484375,0.13735410571098328,30.929725646972656,0.8040124773979187
1836,1125,0.54931640625,0.1365855634212494,27.780887603759766,0.8270827531814575
1837,1111,0.54248046875,0.14178413152694702,28.92610740661621,0.8184669017791748
1838,1021,0.49853515625,0.14965645968914032,32.864707946777344,0.7891556024551392
1839,946,0.4619140625,0.15068060159683228,33.544044494628906,0.7864999771118164
1840,76,0.037109375,0.1791384369134903,35.663360595703125,0.783382773399353
1841,81,0.03955078125,0.17457842826843262,35.73231887817383,0.780053436756134
1842,77,0.03759765625,0.18198411166667938,35.69042205810547,0.7826777100563049
1843,65,0.03173828125,0.17682692408561707,37.72053909301758,0.7582035064697266
1844,81,0.03955078125,0.17792528867721558,38.63505554199219,0.7373995184898376
1845,83,0.04052734375,0.16971226036548615,39.5349006652832,0.7355923056602478
1846,66,0.0322265625,0.1834293156862259,37.19630432128906,0.7712039351463318
1847,47,0.02294921875,0.1718531847000122,41.28739547729492,0.7160775065422058
1848,47,0.02294921875,0.18161241710186005,37.176734924316406,0.768769383430481
1849,65,0.03173828125,0.1703612357378006,36.447330474853516,0.7672214508056641
1850,56,0.02734375,0.17716512084007263,37.0648193359375,0.7642269730567932
1851,55,0.02685546875,0.1744973063468933,37.36935806274414,0.7600114345550537
1852,47,0.02294921875,0.18009628355503082,34.6213493347168,0.7885149121284485
1853,53,0.02587890625,0.18000882863998413,33.27936553955078,0.8042092323303223
1854,51,0.02490234375,0.17632101476192474,31.763473510742188,0.8137288093566895
1855,64,0.03125,0.1923363357782364,34.6342658996582,0.7918906211853027
1856,79,0.03857421875,0.18855716288089752,36.8196907043457,0.761102020740509
1857,72,0.03515625,0.1777350902557373,34.99319076538086,0.7782824039459229
1858,87,0.04248046875,0.17300157248973846,34.605552673339844,0.7851176857948303
1859,96,0.046875,0.17856110632419586,34.747982025146484,0.7773509621620178
1860,86,0.0419921875,0.18060515820980072,37.901363372802734,0.7336400747299194
1861,96,0.046875,0.17795179784297943,37.82509231567383,0.7397010922431946
1862,94,0.0458984375,0.18186134099960327,36.30022048950195,0.7599866390228271
1863,110,0.0537109375,0.19832003116607666,38.297607421875,0.7386550903320312
1864,107,0.05224609375,0.18529367446899414,38.3907356262207,0.7335143685340881
1865,107,0.05224609375,0.1642308533191681,36.64902114868164,0.7524057626724243
1866,107,0.05224609375,0.16982315480709076,35.29415512084961,0.7672616839408875
1867,104,0.05078125,0.15829388797283173,35.583919525146484,0.7684651613235474
1868,92,0.044921875,0.16844499111175537,34.684104919433594,0.7809028625488281
1869,107,0.05224609375,0.15606379508972168,36.609580993652344,0.7535890936851501
1870,92,0.044921875,0.16381444036960602,34.25056457519531,0.777772843837738
1871,102,0.0498046875,0.16071054339408875,36.455257415771484,0.7606277465820312
1872,102,0.0498046875,0.16741374135017395,37.045433044433594,0.7548624873161316
1873,117,0.05712890625,0.170344278216362,38.01466369628906,0.7476255893707275
1874,116,0.056640625,0.16799920797348022,39.451236724853516,0.7294673919677734
1875,113,0.05517578125,0.17149634659290314,36.58905029296875,0.7616188526153564
1876,117,0.05712890625,0.16281825304031372,38.43216323852539,0.742656946182251
1877,113,0.05517578125,0.17740462720394135,38.80828857421875,0.742554783821106
1878,116,0.056640625,0.1665869951248169,39.178871154785156,0.7400400638580322
1879,114,0.0556640625,0.1621171236038208,40.337303161621094,0.7216202020645142
1880,413,0.20166015625,0.15189498662948608,29.0401611328125,0.8308714628219604
1881,487,0.23779296875,0.15299774706363678,37.34275817871094,0.7374387979507446
1882,397,0.19384765625,0.1526564657688141,29.83005142211914,0.8263517618179321
1883,346,0.1689453125,0.15420004725456238,29.410655975341797,0.8310111165046692
1884,339,0.16552734375,0.12904050946235657,26.436969757080078,0.8595236539840698
1885,338,0.1650390625,0.1273963749408722,25.127830505371094,0.8694376945495605
1886,334,0.1630859375,0.12696969509124756,26.01180648803711,0.8554279208183289
1887,361,0.17626953125,0.12113600224256516,25.660932540893555,0.8585888743400574
1888,353,0.17236328125,0.11618370562791824,24.58664321899414,0.8730819821357727
1889,368,0.1796875,0.119053915143013,24.65499496459961,0.8683149814605713
1890,422,0.2060546875,0.12677834928035736,25.730358123779297,0.8591773509979248
1891,486,0.2373046875,0.09998905658721924,22.410978317260742,0.887016236782074
1892,472,0.23046875,0.10900578647851944,24.34918785095215,0.8730657696723938
1893,429,0.20947265625,0.10731399804353714,23.52391242980957,0.8781977295875549
1894,436,0.212890625,0.10344740748405457,23.02301025390625,0.8833817839622498
1895,439,0.21435546875,0.10433992743492126,24.86882972717285,0.8696877360343933
1896,519,0.25341796875,0.10598863661289215,27.67586326599121,0.833321750164032
1897,501,0.24462890625,0.09726656228303909,23.325841903686523,0.8799814581871033
1898,568,0.27734375,0.10174256563186646,24.77993392944336,0.8598437905311584
1899,509,0.24853515625,0.09842659533023834,22.66202163696289,0.8849179148674011
1900,479,0.23388671875,0.10829681903123856,25.49884033203125,0.8621906638145447
1901,488,0.23828125,0.11364058405160904,26.29366111755371,0.8556458353996277
1902,515,0.25146484375,0.10877366364002228,24.110998153686523,0.8724372982978821
1903,502,0.2451171875,0.10606073588132858,24.685253143310547,0.8700437545776367
1904,511,0.24951171875,0.10812172293663025,23.53270721435547,0.8779488205909729
1905,495,0.24169921875,0.10872827470302582,25.114912033081055,0.8667152523994446
1906,459,0.22412109375,0.11107973009347916,24.590103149414062,0.8774644732475281
1907,503,0.24560546875,0.1239427849650383,28.408252716064453,0.8385263085365295
1908,471,0.22998046875,0.10991107672452927,27.35314178466797,0.8518831133842468
1909,444,0.216796875,0.13400878012180328,27.904308319091797,0.8468835353851318
1910,436,0.212890625,0.10944918543100357,22.608047485351562,0.890190839767456
1911,434,0.2119140625,0.10358607023954391,22.432872772216797,0.8941311240196228
1912,451,0.22021484375,0.10095692425966263,20.944000244140625,0.9009693264961243
1913,388,0.189453125,0.10796389728784561,23.44748878479004,0.8813819289207458
1914,435,0.21240234375,0.10186544805765152,21.821666717529297,0.8876989483833313
1915,412,0.201171875,0.10229973495006561,24.22779083251953,0.8753119707107544
1916,419,0.20458984375,0.11660635471343994,22.79132843017578,0.8821737170219421
1917,489,0.23876953125,0.11124426126480103,20.944873809814453,0.8961354494094849
1918,476,0.232421875,0.10978143662214279,21.719350814819336,0.8882248401641846
1919,440,0.21484375,0.11232584714889526,24.591049194335938,0.8690227270126343
1920,125,0.06103515625,0.12484940141439438,33.9565315246582,0.7923746109008789
1921,136,0.06640625,0.12269733101129532,31.64385223388672,0.816422164440155
1922,138,0.0673828125,0.13560567796230316,32.0868034362793,0.8092936873435974
1923,161,0.07861328125,0.12063663452863693,30.519439697265625,0.8179231286048889
1924,157,0.07666015625,0.12748239934444427,29.672290802001953,0.8237648606300354
1925,169,0.08251953125,0.12128745764493942,29.762542724609375,0.8226674199104309
1926,178,0.0869140625,0.12249234318733215,31.93109703063965,0.7979949116706848
1927,179,0.08740234375,0.12099948525428772,31.834169387817383,0.8023596405982971
1928,165,0.08056640625,0.11882587522268295,30.062597274780273,0.8170744180679321
1929,169,0.08251953125,0.11142466962337494,30.29660415649414,0.8167641758918762
1930,152,0.07421875,0.11630937457084656,26.88358497619629,0.8543879985809326
1931,148,0.072265625,0.1092420369386673,29.25956153869629,0.8263106346130371
1932,160,0.078125,0.09725341200828552,30.446523666381836,0.8190285563468933
1933,147,0.07177734375,0.0981535017490387,30.66273307800293,0.8158194422721863
1934,169,0.08251953125,0.09647911787033081,32.7697639465332,0.7948629856109619
1935,143,0.06982421875,0.09664062410593033,31.01365852355957,0.8152743577957153
1936,151,0.07373046875,0.10227958858013153,31.50624656677246,0.8070398569107056
1937,152,0.07421875,0.10892870277166367,31.155658721923828,0.8166214227676392
1938,172,0.083984375,0.12307868152856827,31.146520614624023,0.8123877048492432
1939,193,0.09423828125,0.11764019727706909,32.18750762939453,0.8038005232810974
1940,176,0.0859375,0.11381486803293228,31.925334930419922,0.8052220940589905
1941,172,0.083984375,0.09794420003890991,33.047027587890625,0.7935526371002197
1942,168,0.08203125,0.10060472041368484,30.728050231933594,0.8217379450798035
1943,181,0.08837890625,0.10060691833496094,30.771385192871094,0.8177683353424072
1944,181,0.08837890625,0.10534215718507767,31.869640350341797,0.8074971437454224
1945,172,0.083984375,0.10267192870378494,32.321651458740234,0.7980881333351135
1946,168,0.08203125,0.10406570881605148,30.525041580200195,0.8201085329055786
1947,156,0.076171875,0.10916591435670853,30.73210334777832,0.8211944699287415
1948,191,0.09326171875,0.10539667308330536,33.54050827026367,0.7927731871604919
1949,164,0.080078125,0.10526455193758011,30.153236389160156,0.828369140625
1950,153,0.07470703125,0.10725309699773788,31.83998680114746,0.8025124669075012
1951,145,0.07080078125,0.10178731381893158,30.5109920501709,0.8238838911056519
1952,131,0.06396484375,0.10102164000272751,31.04810333251953,0.8093217015266418
1953,140,0.068359375,0.09748099744319916,28.419601440429688,0.8365439176559448
1954,132,0.064453125,0.10202120244503021,30.9412784576416,0.8032660484313965
1955,139,0.06787109375,0.10327539592981339,30.309370040893555,0.8123032450675964
1956,174,0.0849609375,0.09938599169254303,31.258621215820312,0.8087433576583862
1957,158,0.0771484375,0.10894832015037537,29.27886962890625,0.830203652381897
1958,167,0.08154296875,0.10615121573209763,30.806079864501953,0.807250440120697
1959,177,0.08642578125,0.10417502373456955,30.174840927124023,0.8192293643951416
1960,204,0.099609375,0.16083507239818573,35.01970672607422,0.7657830715179443
1961,188,0.091796875,0.1648872345685959,30.78013801574707,0.8148408532142639
1962,206,0.1005859375,0.16784080862998962,32.53835678100586,0.7910252809524536
1963,240,0.1171875,0.1542462706565857,34.17668533325195,0.7711057662963867
1964,232,0.11328125,0.1499936282634735,33.12089157104492,0.7822095155715942
1965,193,0.09423828125,0.1564677506685257,30.598182678222656,0.8095877170562744
1966,185,0.09033203125,0.15287072956562042,29.591812133789062,0.8249286413192749
1967,183,0.08935546875,0.14910919964313507,31.365564346313477,0.8125880360603333
1968,167,0.08154296875,0.15450944006443024,31.27736473083496,0.8092372417449951
1969,160,0.078125,0.15705455839633942,32.073394775390625,0.8002327084541321
1970,162,0.0791015625,0.15778344869613647,33.45386505126953,0.7882642149925232
1971,160,0.078125,0.16048628091812134,33.388710021972656,0.7879916429519653
1972,162,0.0791015625,0.15115827322006226,34.0777587890625,0.7773308753967285
1973,147,0.07177734375,0.18014253675937653,34.494686126708984,0.767355740070343
1974,161,0.07861328125,0.15898382663726807,33.58909606933594,0.7838534712791443
1975,160,0.078125,0.16810184717178345,32.88414001464844,0.7890780568122864
1976,161,0.07861328125,0.16775067150592804,33.48769760131836,0.7808687090873718
1977,153,0.07470703125,0.17084096372127533,33.70805358886719,0.782541036605835
1978,145,0.07080078125,0.16218340396881104,31.517169952392578,0.805979311466217
1979,150,0.0732421875,0.15018202364444733,30.986833572387695,0.8105373382568359
1980,152,0.07421875,0.15868641436100006,30.488733291625977,0.8207993507385254
1981,129,0.06298828125,0.15487553179264069,29.4737548828125,0.8301585912704468
1982,130,0.0634765625,0.16284047067165375,31.247543334960938,0.8067352771759033
1983,130,0.0634765625,0.17411649227142334,34.44931411743164,0.7753311991691589
1984,135,0.06591796875,0.18527546525001526,35.225704193115234,0.7699575424194336
1985,141,0.06884765625,0.1868244707584381,36.19287109375,0.7630144357681274
1986,141,0.06884765625,0.192022904753685,34.40739822387695,0.7843595743179321
1987,143,0.06982421875,0.19630444049835205,35.22615432739258,0.7732676267623901
1988,132,0.064453125,0.1977969855070114,35.4444580078125,0.7696164846420288
1989,143,0.06982421875,0.19225171208381653,36.50984191894531,0.760123610496521
1990,124,0.060546875,0.18594478070735931,31.797441482543945,0.8157283067703247
1991,120,0.05859375,0.19741199910640717,31.675752639770508,0.8144724369049072
1992,108,0.052734375,0.17108914256095886,29.12641143798828,0.8393099308013916
1993,114,0.0556640625,0.17525582015514374,30.58222770690918,0.8244457840919495
1994,131,0.06396484375,0.19050119817256927,33.03119659423828,0.7998130321502686
1995,133,0.06494140625,0.1858506202697754,32.23773956298828,0.8059312105178833
1996,122,0.0595703125,0.17477744817733765,30.640087127685547,0.8195523619651794
1997,125,0.06103515625,0.1789848655462265,30.43343734741211,0.8193480372428894
1998,135,0.06591796875,0.17819075286388397,29.853342056274414,0.8303523063659668
1999,131,0.06396484375,0.17387570440769196,30.577003479003906,0.820895254611969
2000,1090,0.5322265625,0.16006487607955933,46.23040771484375,0.641299307346344
2001,1017,0.49658203125,0.1518026888370514,47.085845947265625,0.6184495091438293
2002,1007,0.49169921875,0.15167143940925598,38.82280349731445,0.7086635231971741
2003,906,0.4423828125,0.13935980200767517,31.901885986328125,0.78230881690979
2004,823,0.40185546875,0.1413138061761856,30.903173446655273,0.7980765104293823
2005,770,0.3759765625,0.1432928591966629,29.931886672973633,0.8154669404029846
2006,752,0.3671875,0.14212922751903534,29.031904220581055,0.8199675679206848
2007,705,0.34423828125,0.12593358755111694,29.529706954956055,0.8249347805976868
2008,633,0.30908203125,0.10413415729999542,29.962017059326172,0.8225404024124146
2009,617,0.30126953125,0.11395751684904099,29.342958450317383,0.8288178443908691
2010,612,0.298828125,0.12107453495264053,29.807952880859375,0.8226222991943359
2011,648,0.31640625,0.12259440124034882,29.59550666809082,0.822595477104187
2012,748,0.365234375,0.1337847113609314,27.106782913208008,0.8384060263633728
2013,708,0.345703125,0.13161684572696686,26.83374786376953,0.8444088697433472
2014,549,0.26806640625,0.11958275735378265,29.203519821166992,0.8294723629951477
2015,688,0.3359375,0.12258320301771164,26.274412155151367,0.8527575731277466
2016,642,0.3134765625,0.12332332134246826,27.255313873291016,0.8465518355369568
2017,624,0.3046875,0.12961618602275848,28.20826530456543,0.8359507322311401
2018,626,0.3056640625,0.13100586831569672,29.44175910949707,0.8224903345108032
2019,609,0.29736328125,0.13686484098434448,31.01763916015625,0.8090165853500366
2020,464,0.2265625,0.14699548482894897,30.858308792114258,0.8063711524009705
2021,383,0.18701171875,0.17547574639320374,31.610631942749023,0.8032737970352173
2022,334,0.1630859375,0.17383188009262085,34.34593963623047,0.775139331817627
2023,350,0.1708984375,0.16413839161396027,32.83243942260742,0.7904759049415588
2024,405,0.19775390625,0.15475891530513763,29.590293884277344,0.8189123868942261
2025,387,0.18896484375,0.1623813807964325,32.152381896972656,0.7940054535865784
2026,470,0.2294921875,0.14971691370010376,30.913509368896484,0.8057645559310913
2027,416,0.203125,0.14210863411426544,29.739948272705078,0.8154265284538269
2028,467,0.22802734375,0.1351943165063858,27.631359100341797,0.8411079049110413
2029,573,0.27978515625,0.13077519834041595,25.910888671875,0.8557401299476624
2030,662,0.3232421875,0.1280396729707718,25.27531623840332,0.8626326322555542
2031,652,0.318359375,0.1196584478020668,21.68112564086914,0.8960818648338318
2032,679,0.33154296875,0.10565058141946793,20.526290893554688,0.9051719307899475
2033,646,0.3154296875,0.10527652502059937,22.090179443359375,0.8957651853561401
2034,613,0.29931640625,0.10878734290599823,23.495576858520508,0.8847978115081787
2035,671,0.32763671875,0.11237181723117828,26.527448654174805,0.8563821911811829
2036,600,0.29296875,0.11288927495479584,25.312915802001953,0.8664222359657288
2037,785,0.38330078125,0.11520838737487793,24.357282638549805,0.8596633076667786
2038,744,0.36328125,0.10391907393932343,25.262962341308594,0.8564314246177673
2039,675,0.32958984375,0.10204695165157318,22.387279510498047,0.889828622341156
2040,182,0.0888671875,0.14567448198795319,38.426116943359375,0.7299166917800903
2041,203,0.09912109375,0.14468802511692047,38.478824615478516,0.7350031733512878
2042,207,0.10107421875,0.13853594660758972,38.99888610839844,0.7310327887535095
2043,190,0.0927734375,0.1396235227584839,35.87497329711914,0.766621470451355
2044,190,0.0927734375,0.13145259022712708,38.504180908203125,0.7358255386352539
2045,186,0.0908203125,0.1353655904531479,39.7779426574707,0.7174257040023804
2046,176,0.0859375,0.15269294381141663,37.972476959228516,0.7385851144790649
2047,175,0.08544921875,0.14450787007808685,36.44794464111328,0.7557883262634277
2048,171,0.08349609375,0.14104212820529938,36.430152893066406,0.7582221031188965
2049,179,0.08740234375,0.14072154462337494,38.134944915771484,0.7373080253601074
2050,166,0.0810546875,0.14540144801139832,37.18803024291992,0.7525495886802673
2051,161,0.07861328125,0.14016923308372498,35.21754837036133,0.7717864513397217
2052,148,0.072265625,0.1431030035018921,36.42778778076172,0.7549797296524048
2053,167,0.08154296875,0.1379675716161728,37.294960021972656,0.747629702091217
2054,172,0.083984375,0.14912216365337372,37.45498275756836,0.7485440373420715
2055,168,0.08203125,0.15394902229309082,36.914485931396484,0.7610651850700378
2056,143,0.06982421875,0.17120839655399323,37.13807678222656,0.7562940120697021
2057,142,0.0693359375,0.1712346374988556,38.6142692565918,0.7377387881278992
2058,133,0.06494140625,0.18376296758651733,38.32196807861328,0.7398347854614258
2059,123,0.06005859375,0.17858293652534485,36.904117584228516,0.7581248879432678
2060,122,0.0595703125,0.18358232080936432,36.685699462890625,0.7660873532295227
2061,118,0.0576171875,0.18325138092041016,35.89764404296875,0.7733277678489685
2062,123,0.06005859375,0.18182016909122467,37.93444061279297,0.7465118765830994
2063,142,0.0693359375,0.18555212020874023,36.28539276123047,0.7673028111457825
2064,140,0.068359375,0.1826835721731186,35.698909759521484,0.7740638256072998
2065,145,0.07080078125,0.1916077584028244,37.74343490600586,0.7476106286048889
2066,120,0.05859375,0.20573826134204865,38.97578811645508,0.745400071144104
2067,123,0.06005859375,0.2116137146949768,42.76371765136719,0.6929846405982971
2068,123,0.06005859375,0.20964886248111725,43.54939270019531,0.6866567730903625
2069,105,0.05126953125,0.2018495798110962,39.21183776855469,0.7465057969093323
2070,105,0.05126953125,0.19856400787830353,42.26888656616211,0.7125684022903442
2071,107,0.05224609375,0.21006406843662262,40.62782287597656,0.7260044813156128
2072,96,0.046875,0.21034224331378937,39.80851745605469,0.7372843623161316
2073,104,0.05078125,0.1926010549068451,41.31538772583008,0.7199351787567139
2074,107,0.05224609375,0.1936027705669403,40.22335433959961,0.7313505411148071
2075,107,0.05224609375,0.1952018290758133,38.395599365234375,0.753549337387085
2076,120,0.05859375,0.20851723849773407,40.95463562011719,0.7139518857002258
2077,122,0.0595703125,0.20154863595962524,40.68891143798828,0.7210468649864197
2078,121,0.05908203125,0.19561299681663513,41.11240005493164,0.7168822884559631
2079,123,0.06005859375,0.1936609148979187,41.405311584472656,0.7140080332756042
2080,351,0.17138671875,0.12585292756557465,29.835559844970703,0.817346453666687
2081,353,0.17236328125,0.1234273910522461,30.072620391845703,0.8167310357093811
2082,375,0.18310546875,0.12561358511447906,28.43061637878418,0.8292897343635559
2083,420,0.205078125,0.11804833263158798,27.075511932373047,0.8405976891517639
2084,382,0.1865234375,0.12622010707855225,30.859403610229492,0.8003774285316467
2085,466,0.2275390625,0.12457035481929779,28.224193572998047,0.8272062540054321
2086,497,0.24267578125,0.12175854295492172,27.845577239990234,0.8322088718414307
2087,527,0.25732421875,0.11750935018062592,26.69144630432129,0.8411462903022766
2088,618,0.3017578125,0.10059794783592224,26.958166122436523,0.8369013071060181
2089,669,0.32666015625,0.09279465675354004,24.101078033447266,0.8661303520202637
2090,646,0.3154296875,0.10176803916692734,24.822568893432617,0.8643308281898499
2091,746,0.3642578125,0.09520528465509415,26.41653060913086,0.8642246723175049
2092,771,0.37646484375,0.09675934165716171,23.153751373291016,0.8854954838752747
2093,795,0.38818359375,0.10212750732898712,21.638925552368164,0.8922684192657471
2094,1049,0.51220703125,0.11178376525640488,23.185670852661133,0.8823205232620239
2095,575,0.28076171875,0.12964440882205963,65.30303192138672,0.3949179947376251
2096,1144,0.55859375,0.1083194762468338,21.98196029663086,0.8792114853858948
2097,1237,0.60400390625,0.09987134486436844,23.636310577392578,0.8663709759712219
2098,1226,0.5986328125,0.10167095065116882,22.226444244384766,0.877619743347168
2099,1009,0.49267578125,0.1118534505367279,19.4665470123291,0.8991577625274658
2100,997,0.48681640625,0.11007499694824219,21.054323196411133,0.9017653465270996
2101,1046,0.5107421875,0.11497719585895538,21.43799591064453,0.8954303860664368
2102,677,0.33056640625,0.11446041613817215,24.42738151550293,0.8664014339447021
2103,778,0.3798828125,0.11248761415481567,23.153209686279297,0.8762150406837463
2104,743,0.36279296875,0.11357811838388443,22.254518508911133,0.8838577270507812
2105,648,0.31640625,0.12240181118249893,26.05268669128418,0.8554065823554993
2106,752,0.3671875,0.11516634374856949,24.504762649536133,0.8648771047592163
2107,823,0.40185546875,0.11536756902933121,23.459821701049805,0.8671585917472839
2108,811,0.39599609375,0.11524605005979538,25.761051177978516,0.8440285921096802
2109,902,0.4404296875,0.10966479033231735,24.4390869140625,0.8662220239639282
2110,843,0.41162109375,0.11313114315271378,23.884498596191406,0.8732008934020996
2111,805,0.39306640625,0.11241795122623444,23.258081436157227,0.877476155757904
2112,713,0.34814453125,0.12987810373306274,28.297151565551758,0.8201350569725037
2113,749,0.36572265625,0.12260094285011292,28.795255661010742,0.8151544332504272
2114,639,0.31201171875,0.11835566908121109,30.693071365356445,0.7972886562347412
2115,588,0.287109375,0.12791837751865387,34.51982498168945,0.7589004635810852
2116,597,0.29150390625,0.12773331999778748,34.4024772644043,0.7616708874702454
2117,755,0.36865234375,0.10866286605596542,27.972822189331055,0.8224231600761414
2118,690,0.3369140625,0.10717584192752838,27.255456924438477,0.8340547680854797
2119,606,0.2958984375,0.12132606655359268,35.00055694580078,0.7518649101257324
2120,873,0.42626953125,0.10497094690799713,38.9214973449707,0.7248242497444153
2121,840,0.41015625,0.10408181697130203,36.02021408081055,0.7554428577423096
2122,873,0.42626953125,0.10129653662443161,37.179351806640625,0.7452065944671631
2123,911,0.44482421875,0.09394921362400055,42.50629425048828,0.6836800575256348
2124,871,0.42529296875,0.09230837225914001,36.49300003051758,0.7485733032226562
2125,769,0.37548828125,0.09416879713535309,35.71113967895508,0.7632883787155151
2126,802,0.3916015625,0.0999678447842598,36.479835510253906,0.7516764402389526
2127,745,0.36376953125,0.1050749197602272,39.75924301147461,0.7193454504013062
2128,713,0.34814453125,0.08983546495437622,41.094085693359375,0.7023929357528687
2129,867,0.42333984375,0.08471272885799408,36.9112548828125,0.7540273070335388
2130,1061,0.51806640625,0.07596248388290405,37.54063034057617,0.7438393235206604
2131,921,0.44970703125,0.07755348831415176,35.990909576416016,0.7604668736457825
2132,755,0.36865234375,0.08710260689258575,43.75629806518555,0.6857815384864807
2133,1188,0.580078125,0.08660807460546494,43.61467361450195,0.6803051829338074
2134,1026,0.5009765625,0.08630069345235825,43.47425079345703,0.6821526885032654
2135,1103,0.53857421875,0.10839690268039703,50.04658126831055,0.598838210105896
2136,1265,0.61767578125,0.0960221216082573,43.617027282714844,0.6827740669250488
2137,1143,0.55810546875,0.09800215810537338,45.86025619506836,0.6505497097969055
2138,987,0.48193359375,0.10165900737047195,35.69932174682617,0.754655122756958
2139,388,0.189453125,0.09876608103513718,41.069847106933594,0.6843510270118713
2140,387,0.18896484375,0.0883413776755333,39.98593521118164,0.6925668716430664
2141,798,0.3896484375,0.07983056455850601,29.55014419555664,0.8161683678627014
2142,1055,0.51513671875,0.09974465519189835,35.37976837158203,0.7574730515480042
2143,683,0.33349609375,0.07790205627679825,36.5931396484375,0.7577545642852783
2144,368,0.1796875,0.0841456949710846,39.09245681762695,0.7009083032608032
2145,770,0.3759765625,0.08790972083806992,30.74077796936035,0.8113307356834412
2146,750,0.3662109375,0.08052520453929901,32.039608001708984,0.7903440594673157
2147,775,0.37841796875,0.080470010638237,29.06541633605957,0.8205429315567017
2148,870,0.4248046875,0.09708285331726074,34.89614486694336,0.7645481824874878
2149,784,0.3828125,0.12139622122049332,40.723182678222656,0.7066535353660583
2150,715,0.34912109375,0.13093876838684082,40.8336296081543,0.7142086029052734
2151,705,0.34423828125,0.1339545100927353,37.07705307006836,0.750250518321991
2152,768,0.375,0.1328873634338379,35.96543884277344,0.7592446208000183
2153,827,0.40380859375,0.13166768848896027,35.54912185668945,0.7618113160133362
2154,416,0.203125,0.16405613720417023,47.774349212646484,0.6205717325210571
2155,786,0.3837890625,0.11798752099275589,48.44517517089844,0.6169242858886719
2156,944,0.4609375,0.1129649430513382,43.654151916503906,0.676419734954834
2157,1568,0.765625,0.10647327452898026,54.012939453125,0.5433039665222168
2158,1063,0.51904296875,0.10767043381929398,49.95021057128906,0.5953713059425354
2159,1244,0.607421875,0.11008816212415695,48.35664749145508,0.6202121376991272
2160,158,0.0771484375,0.13412868976593018,34.4790153503418,0.7777652740478516
2161,158,0.0771484375,0.14436617493629456,36.19496536254883,0.7548893094062805
2162,152,0.07421875,0.15500973165035248,36.55353546142578,0.7534465789794922
2163,152,0.07421875,0.1646691858768463,34.22951889038086,0.7824921607971191
2164,166,0.0810546875,0.15026532113552094,32.99977493286133,0.7970414757728577
2165,158,0.0771484375,0.1584848314523697,33.640926361083984,0.7824904322624207
2166,152,0.07421875,0.16740301251411438,32.572349548339844,0.7986360192298889
2167,141,0.06884765625,0.1802678406238556,32.616416931152344,0.8054242730140686
2168,137,0.06689453125,0.16729237139225006,31.939727783203125,0.8122388124465942
2169,137,0.06689453125,0.1671622395515442,31.450897216796875,0.8141149282455444
2170,117,0.05712890625,0.16175568103790283,29.207578659057617,0.8343605399131775
2171,122,0.0595703125,0.15202867984771729,29.126361846923828,0.832679271697998
2172,136,0.06640625,0.15942342579364777,31.031665802001953,0.8161758184432983
2173,138,0.0673828125,0.15962764620780945,30.447307586669922,0.8224058747291565
2174,131,0.06396484375,0.13735684752464294,29.52256202697754,0.8336123824119568
2175,129,0.06298828125,0.13824845850467682,27.480669021606445,0.8556383848190308
2176,162,0.0791015625,0.12879768013954163,28.77536392211914,0.8460538983345032
2177,170,0.0830078125,0.13021783530712128,26.749759674072266,0.8514024615287781
2178,176,0.0859375,0.12481198459863663,27.060710906982422,0.858385443687439
2179,202,0.0986328125,0.12595504522323608,26.179561614990234,0.8633641004562378
2180,230,0.1123046875,0.12200970202684402,26.156417846679688,0.8652312159538269
2181,228,0.111328125,0.11926896125078201,26.206140518188477,0.8645115494728088
2182,264,0.12890625,0.1135144755244255,27.09136962890625,0.8559577465057373
2183,287,0.14013671875,0.12604403495788574,27.44135093688965,0.8544224500656128
2184,318,0.1552734375,0.11335987597703934,29.182384490966797,0.836169958114624
2185,282,0.1376953125,0.11610738188028336,33.48770523071289,0.7962828874588013
2186,245,0.11962890625,0.11460559070110321,29.182920455932617,0.8320800065994263
2187,256,0.125,0.10615532845258713,30.769691467285156,0.8141616582870483
2188,258,0.1259765625,0.11150851845741272,32.94211196899414,0.799773097038269
2189,265,0.12939453125,0.11440673470497131,35.5709228515625,0.770671546459198
2190,279,0.13623046875,0.11186780035495758,34.40166473388672,0.779238224029541
2191,296,0.14453125,0.11605089902877808,36.76167297363281,0.7548374533653259
2192,288,0.140625,0.13014815747737885,37.78962326049805,0.7460383772850037
2193,314,0.1533203125,0.12521609663963318,36.651161193847656,0.7520109415054321
2194,309,0.15087890625,0.12399464845657349,37.62605667114258,0.745682418346405
2195,310,0.1513671875,0.11449101567268372,33.813255310058594,0.7920706272125244
2196,359,0.17529296875,0.11215332895517349,32.2578239440918,0.800103485584259
2197,362,0.1767578125,0.10611635446548462,30.84604263305664,0.8140309453010559
2198,381,0.18603515625,0.10619351267814636,32.31869888305664,0.8065434098243713
2199,306,0.1494140625,0.10519198328256607,31.98223114013672,0.8146211504936218
2200,155,0.07568359375,0.14491640031337738,35.68119812011719,0.7656508684158325
2201,150,0.0732421875,0.14069904386997223,33.55050277709961,0.7811694145202637
2202,152,0.07421875,0.141643688082695,34.489219665527344,0.7707435488700867
2203,181,0.08837890625,0.15367169678211212,37.259193420410156,0.7471573352813721
2204,184,0.08984375,0.15682509541511536,36.09626388549805,0.7554153203964233
2205,174,0.0849609375,0.14698593318462372,34.378944396972656,0.7744185328483582
2206,169,0.08251953125,0.13768725097179413,33.572425842285156,0.7812636494636536
2207,160,0.078125,0.14935246109962463,33.59690475463867,0.7814809679985046
2208,148,0.072265625,0.15489043295383453,34.547218322753906,0.7702516913414001
2209,146,0.0712890625,0.15805470943450928,33.92422103881836,0.774408757686615
2210,174,0.0849609375,0.15378880500793457,37.021156311035156,0.7373130917549133
2211,149,0.07275390625,0.15304706990718842,34.95408630371094,0.7666598558425903
2212,159,0.07763671875,0.17296716570854187,35.14849090576172,0.7651233673095703
2213,153,0.07470703125,0.14603708684444427,34.605167388916016,0.766976535320282
2214,154,0.0751953125,0.1514563411474228,34.693546295166016,0.7687294483184814
2215,157,0.07666015625,0.14814600348472595,32.65117263793945,0.7914465069770813
2216,179,0.08740234375,0.13484345376491547,32.689964294433594,0.7896480560302734
2217,173,0.08447265625,0.14179247617721558,32.589054107666016,0.7939779758453369
2218,173,0.08447265625,0.14357437193393707,31.77995491027832,0.8006635904312134
2219,185,0.09033203125,0.15392713248729706,31.982715606689453,0.7991032600402832
2220,175,0.08544921875,0.1637880802154541,32.65838623046875,0.7925816774368286
2221,182,0.0888671875,0.15745696425437927,30.684499740600586,0.8145337104797363
2222,191,0.09326171875,0.1677180677652359,33.324440002441406,0.7860164046287537
2223,191,0.09326171875,0.16492018103599548,32.106197357177734,0.7974981069564819
2224,189,0.09228515625,0.16992968320846558,33.81464767456055,0.7796811461448669
2225,194,0.0947265625,0.1676454246044159,31.191688537597656,0.8104798793792725
2226,190,0.0927734375,0.1606147438287735,30.43877410888672,0.8166792988777161
2227,189,0.09228515625,0.1538308709859848,32.404052734375,0.7932071685791016
2228,201,0.09814453125,0.15726161003112793,31.572227478027344,0.8075222373008728
2229,180,0.087890625,0.15672895312309265,31.085887908935547,0.8115555047988892
2230,180,0.087890625,0.16186530888080597,30.78184700012207,0.8132781982421875
2231,172,0.083984375,0.15482860803604126,30.51000213623047,0.8132272958755493
2232,167,0.08154296875,0.1680617779493332,33.310550689697266,0.7838366627693176
2233,174,0.0849609375,0.15946340560913086,32.88832092285156,0.7946053147315979
2234,163,0.07958984375,0.15736141800880432,32.530086517333984,0.7917602062225342
2235,170,0.0830078125,0.15748447179794312,33.29999923706055,0.7793472409248352
2236,152,0.07421875,0.16378086805343628,31.065759658813477,0.8062161803245544
2237,149,0.07275390625,0.1699332743883133,32.059932708740234,0.7935869097709656
2238,161,0.07861328125,0.16744577884674072,31.446325302124023,0.8084012866020203
2239,170,0.0830078125,0.1662549376487732,34.391090393066406,0.7823809385299683
2240,63,0.03076171875,0.18827813863754272,33.34674835205078,0.7981861233711243
2241,70,0.0341796875,0.19593320786952972,37.17438888549805,0.7697196006774902
2242,78,0.0380859375,0.19536614418029785,34.67346954345703,0.7885769605636597
2243,94,0.0458984375,0.23543131351470947,36.266883850097656,0.7697927355766296
2244,98,0.0478515625,0.22095094621181488,36.587562561035156,0.7692322731018066
2245,97,0.04736328125,0.21923218667507172,36.66650390625,0.7652514576911926
2246,95,0.04638671875,0.22746659815311432,37.55784606933594,0.7512556910514832
2247,95,0.04638671875,0.22917482256889343,36.863609313964844,0.7653555870056152
2248,93,0.04541015625,0.2307824343442917,40.47917556762695,0.7230408191680908
2249,89,0.04345703125,0.21572038531303406,39.5518684387207,0.7289737462997437
2250,81,0.03955078125,0.18469637632369995,36.318424224853516,0.767926037311554
2251,82,0.0400390625,0.16326597332954407,35.95660400390625,0.772437572479248
2252,79,0.03857421875,0.15891118347644806,36.58119201660156,0.7691522240638733
2253,81,0.03955078125,0.1612202674150467,36.73722457885742,0.7680737972259521
2254,73,0.03564453125,0.1681988537311554,37.559471130371094,0.7633348107337952
2255,73,0.03564453125,0.17337211966514587,35.92660903930664,0.773636519908905
2256,55,0.02685546875,0.17743895947933197,36.597286224365234,0.7728169560432434
2257,57,0.02783203125,0.1758287250995636,36.54752731323242,0.7679567933082581
2258,61,0.02978515625,0.18288534879684448,36.83992004394531,0.7619736194610596
2259,64,0.03125,0.17862579226493835,37.258705139160156,0.7529860138893127
2260,55,0.02685546875,0.18243519961833954,36.08590316772461,0.7633609175682068
2261,59,0.02880859375,0.20366014540195465,36.25059509277344,0.7647700309753418
2262,68,0.033203125,0.16478390991687775,36.278045654296875,0.7710000872612
2263,69,0.03369140625,0.18012787401676178,36.29901885986328,0.7669403553009033
2264,71,0.03466796875,0.1698319911956787,37.1492919921875,0.7613481283187866
2265,81,0.03955078125,0.17501695454120636,39.67809295654297,0.731569766998291
2266,77,0.03759765625,0.17023947834968567,37.992549896240234,0.7525390982627869
2267,84,0.041015625,0.16999779641628265,38.06476974487305,0.7507790923118591
2268,89,0.04345703125,0.17409370839595795,36.22565841674805,0.7690299153327942
2269,81,0.03955078125,0.19223183393478394,38.72093200683594,0.7423796653747559
2270,90,0.0439453125,0.1853947639465332,37.97025680541992,0.7490322589874268
2271,99,0.04833984375,0.1814764440059662,39.38751220703125,0.7320646047592163
2272,99,0.04833984375,0.17658866941928864,40.29029083251953,0.7188639640808105
2273,102,0.0498046875,0.18340010941028595,39.85306167602539,0.7241494655609131
2274,103,0.05029296875,0.16475500166416168,37.92542266845703,0.7478981614112854
2275,109,0.05322265625,0.15739914774894714,38.914161682128906,0.7320029735565186
2276,107,0.05224609375,0.1587865650653839,40.474544525146484,0.7127558588981628
2277,115,0.05615234375,0.16811254620552063,39.367008209228516,0.7271302342414856
2278,125,0.06103515625,0.16232740879058838,38.7949104309082,0.7365999817848206
2279,128,0.0625,0.15049713850021362,38.29800796508789,0.7456797361373901
2280,1538,0.7509765625,0.1132294163107872,42.07643127441406,0.7035301923751831
2281,1354,0.6611328125,0.11161567270755768,42.05479431152344,0.7062885761260986
2282,1702,0.8310546875,0.11430585384368896,39.831451416015625,0.7236636281013489
2283,1452,0.708984375,0.1093946099281311,41.37250518798828,0.7105928659439087
2284,1573,0.76806640625,0.10253346711397171,38.47246170043945,0.7386621236801147
2285,1456,0.7109375,0.10280149430036545,40.60797882080078,0.7158904075622559
2286,1546,0.7548828125,0.10545413941144943,41.8676643371582,0.6995924115180969
2287,1357,0.66259765625,0.10491576045751572,42.74220657348633,0.6921661496162415
2288,1008,0.4921875,0.10861863940954208,48.380496978759766,0.6158971786499023
2289,1115,0.54443359375,0.1039174497127533,44.06715774536133,0.6752937436103821
2290,1547,0.75537109375,0.10490327328443527,40.73038101196289,0.7113134860992432
2291,1004,0.490234375,0.10828553885221481,42.90065002441406,0.6833813190460205
2292,1244,0.607421875,0.11831814050674438,45.49306869506836,0.6499561071395874
2293,1177,0.57470703125,0.11861180514097214,45.384891510009766,0.6493709087371826
2294,1367,0.66748046875,0.11467546224594116,37.29037857055664,0.7413241863250732
2295,1507,0.73583984375,0.10876071453094482,36.147457122802734,0.7502744197845459
2296,1232,0.6015625,0.11085502058267593,32.26484680175781,0.7852818369865417
2297,1035,0.50537109375,0.12103059142827988,31.339824676513672,0.7967974543571472
2298,1045,0.51025390625,0.11352557688951492,31.569082260131836,0.7972401976585388
2299,1003,0.48974609375,0.1148981899023056,31.081541061401367,0.801428496837616
2300,1069,0.52197265625,0.11913397908210754,29.928585052490234,0.8122296333312988
2301,1154,0.5634765625,0.11071567237377167,30.044925689697266,0.8102787137031555
2302,1205,0.58837890625,0.11163952946662903,32.03290939331055,0.7887725830078125
2303,929,0.45361328125,0.10963129997253418,33.46280288696289,0.7726026773452759
2304,961,0.46923828125,0.107884980738163,33.6624755859375,0.7694084048271179
2305,933,0.45556640625,0.11850904673337936,35.59712219238281,0.7525033354759216
2306,1047,0.51123046875,0.11482274532318115,33.57304382324219,0.776989758014679
2307,1120,0.546875,0.11403278261423111,33.51533126831055,0.7767024636268616
2308,1191,0.58154296875,0.12055732309818268,35.40284729003906,0.755845308303833
2309,1164,0.568359375,0.13191184401512146,35.258731842041016,0.7556599378585815
2310,1176,0.57421875,0.14160533249378204,34.62165832519531,0.7624770998954773
2311,1193,0.58251953125,0.14037014544010162,39.394718170166016,0.718429684638977
2312,1214,0.5927734375,0.13317838311195374,35.201961517333984,0.7571988105773926
2313,1169,0.57080078125,0.11849843710660934,33.24188232421875,0.7817967534065247
2314,1076,0.525390625,0.12166151404380798,34.503929138183594,0.7744569182395935
2315,1137,0.55517578125,0.11222833395004272,33.918678283691406,0.7731889486312866
2316,939,0.45849609375,0.10654466599225998,37.2572135925293,0.7411684393882751
2317,1048,0.51171875,0.10940129309892654,34.302024841308594,0.7672039270401001
2318,998,0.4873046875,0.10051106661558151,36.14113235473633,0.7550371289253235
2319,1101,0.53759765625,0.12325234711170197,49.61287307739258,0.5990516543388367
2320,151,0.07373046875,0.1084127128124237,30.1386775970459,0.8242961168289185
2321,172,0.083984375,0.10900995880365372,30.680936813354492,0.812688410282135
2322,152,0.07421875,0.10272723436355591,29.17242431640625,0.8373216986656189
2323,161,0.07861328125,0.09708205610513687,29.019561767578125,0.8303425312042236
2324,173,0.08447265625,0.09379061311483383,29.091896057128906,0.8273747563362122
2325,202,0.0986328125,0.10788718611001968,26.90494728088379,0.8499343991279602
2326,214,0.1044921875,0.11246244609355927,27.50251007080078,0.84466952085495
2327,233,0.11376953125,0.12068828195333481,29.655292510986328,0.8218719959259033
2328,207,0.10107421875,0.10729744285345078,27.382511138916016,0.8436229228973389
2329,207,0.10107421875,0.10574056953191757,28.289560317993164,0.831382691860199
2330,227,0.11083984375,0.107911117374897,28.558073043823242,0.8318795561790466
2331,254,0.1240234375,0.10779661685228348,29.748737335205078,0.8204775452613831
2332,299,0.14599609375,0.10263201594352722,30.310550689697266,0.8100314140319824
2333,295,0.14404296875,0.10141965746879578,29.73228645324707,0.8188804984092712
2334,289,0.14111328125,0.1011994257569313,31.409719467163086,0.8014042973518372
2335,310,0.1513671875,0.12151756137609482,32.2744140625,0.792016327381134
2336,303,0.14794921875,0.10025209188461304,31.096269607543945,0.8045560121536255
2337,355,0.17333984375,0.10817456245422363,31.688657760620117,0.8052517771720886
2338,394,0.1923828125,0.13525867462158203,33.79753875732422,0.7892939448356628
2339,341,0.16650390625,0.10441025346517563,30.624530792236328,0.8124215006828308
2340,328,0.16015625,0.09943059086799622,29.448894500732422,0.8235406875610352
2341,362,0.1767578125,0.11115312576293945,32.7518310546875,0.792219877243042
2342,326,0.1591796875,0.10136733949184418,31.31003761291504,0.8041442036628723
2343,321,0.15673828125,0.09286981076002121,30.326683044433594,0.814769446849823
2344,327,0.15966796875,0.09931372106075287,30.08576774597168,0.8200101256370544
2345,326,0.1591796875,0.1013583242893219,31.610315322875977,0.801769495010376
2346,314,0.1533203125,0.10282391309738159,32.34760665893555,0.7969008088111877
2347,336,0.1640625,0.11367953568696976,31.812421798706055,0.8047148585319519
2348,378,0.1845703125,0.1357908695936203,30.3818359375,0.8148993253707886
2349,382,0.1865234375,0.13657806813716888,31.64690399169922,0.8072013854980469
2350,412,0.201171875,0.14229638874530792,32.45016860961914,0.795547604560852
2351,406,0.1982421875,0.14117661118507385,32.0270881652832,0.7975859045982361
2352,424,0.20703125,0.15998636186122894,32.59645080566406,0.7916401624679565
2353,454,0.2216796875,0.2012646198272705,36.74618148803711,0.7435802221298218
2354,470,0.2294921875,0.17925512790679932,34.81822204589844,0.7637765407562256
2355,448,0.21875,0.16617365181446075,33.04693603515625,0.7889450192451477
2356,389,0.18994140625,0.13887567818164825,32.57321548461914,0.7980641722679138
2357,383,0.18701171875,0.13285470008850098,33.53746032714844,0.7883070707321167
2358,413,0.20166015625,0.17266152799129486,32.28104782104492,0.804481565952301
2359,390,0.1904296875,0.16204474866390228,30.300874710083008,0.8240265846252441
2360,181,0.08837890625,0.11559010297060013,35.240806579589844,0.7682472467422485
2361,165,0.08056640625,0.11595883965492249,35.42833709716797,0.7662673592567444
2362,161,0.07861328125,0.12956874072551727,36.0709228515625,0.7521231770515442
2363,161,0.07861328125,0.11834723502397537,34.55885314941406,0.7679907083511353
2364,161,0.07861328125,0.13150516152381897,35.116722106933594,0.7567366361618042
2365,150,0.0732421875,0.14235809445381165,37.857093811035156,0.7323814034461975
2366,173,0.08447265625,0.15643267333507538,38.20183181762695,0.7248030304908752
2367,156,0.076171875,0.13608145713806152,37.80010223388672,0.7289694547653198
2368,161,0.07861328125,0.12536048889160156,39.19287109375,0.718951940536499
2369,154,0.0751953125,0.12027169018983841,33.9388427734375,0.7881321310997009
2370,137,0.06689453125,0.12015954405069351,34.433738708496094,0.7872530221939087
2371,139,0.06787109375,0.1227261945605278,35.34628677368164,0.7729520797729492
2372,144,0.0703125,0.12105429172515869,37.234493255615234,0.7506946325302124
2373,149,0.07275390625,0.12763361632823944,36.119083404541016,0.7742747068405151
2374,170,0.0830078125,0.11512605100870132,34.893314361572266,0.7810781002044678
2375,188,0.091796875,0.11950448900461197,33.54126739501953,0.7953976392745972
2376,235,0.11474609375,0.14632895588874817,32.66279220581055,0.8049871921539307
2377,269,0.13134765625,0.13676683604717255,33.210166931152344,0.7944236397743225
2378,251,0.12255859375,0.13289475440979004,35.429805755615234,0.7638630867004395
2379,214,0.1044921875,0.12446953356266022,37.46424865722656,0.747672438621521
2380,203,0.09912109375,0.11365354061126709,32.79324722290039,0.7901806831359863
2381,225,0.10986328125,0.12819594144821167,37.3583869934082,0.7445158362388611
2382,213,0.10400390625,0.11087644845247269,30.28851890563965,0.8147351145744324
2383,245,0.11962890625,0.12260375916957855,32.57661819458008,0.7916245460510254
2384,258,0.1259765625,0.12783943116664886,30.54544448852539,0.8088468909263611
2385,275,0.13427734375,0.13308005034923553,29.783639907836914,0.8109238147735596
2386,303,0.14794921875,0.14577558636665344,30.222753524780273,0.8073558807373047
2387,297,0.14501953125,0.1432812660932541,37.42325973510742,0.7389376759529114
2388,394,0.1923828125,0.19786716997623444,32.55364227294922,0.7895376086235046
2389,354,0.1728515625,0.20913508534431458,31.771100997924805,0.7988606095314026
2390,259,0.12646484375,0.19597449898719788,30.159378051757812,0.8111250400543213
2391,302,0.1474609375,0.17666177451610565,30.40558433532715,0.8082028031349182
2392,261,0.12744140625,0.20537221431732178,28.876737594604492,0.8297938704490662
2393,273,0.13330078125,0.20850582420825958,29.722126007080078,0.8197647333145142
2394,220,0.107421875,0.1397067904472351,31.810245513916016,0.8026829957962036
2395,219,0.10693359375,0.1422315388917923,31.209932327270508,0.8085178732872009
2396,202,0.0986328125,0.1567317545413971,31.045644760131836,0.8141207695007324
2397,190,0.0927734375,0.13176055252552032,34.553802490234375,0.7802760601043701
2398,190,0.0927734375,0.14536231756210327,35.75449752807617,0.7634341716766357
2399,221,0.10791015625,0.15137356519699097,35.50581359863281,0.7737308740615845
2400,135,0.06591796875,0.18546105921268463,30.328310012817383,0.8161903023719788
2401,131,0.06396484375,0.1946798413991928,28.980554580688477,0.8243578672409058
2402,131,0.06396484375,0.19351837038993835,29.042463302612305,0.8317331671714783
2403,131,0.06396484375,0.22397898137569427,28.47596549987793,0.8322237133979797
2404,130,0.0634765625,0.2249612808227539,29.142061233520508,0.8232854604721069
2405,126,0.0615234375,0.2037234902381897,28.327163696289062,0.8308572173118591
2406,122,0.0595703125,0.19414378702640533,27.42784309387207,0.8448158502578735
2407,125,0.06103515625,0.18286091089248657,27.300575256347656,0.8470070958137512
2408,132,0.064453125,0.18935143947601318,27.0332088470459,0.847500741481781
2409,134,0.0654296875,0.2136847823858261,28.697219848632812,0.8306958079338074
2410,125,0.06103515625,0.18354228138923645,27.408166885375977,0.8453006744384766
2411,126,0.0615234375,0.1849183440208435,28.692222595214844,0.8357060551643372
2412,130,0.0634765625,0.18479454517364502,29.20630645751953,0.8234654068946838
2413,140,0.068359375,0.19139212369918823,27.1297664642334,0.8469424843788147
2414,132,0.064453125,0.20140337944030762,27.5819149017334,0.8460263013839722
2415,134,0.0654296875,0.21855883300304413,29.739707946777344,0.8290095329284668
2416,142,0.0693359375,0.18769127130508423,26.221406936645508,0.8601853251457214
2417,150,0.0732421875,0.19099745154380798,26.32513427734375,0.8569148778915405
2418,157,0.07666015625,0.1933632493019104,26.742216110229492,0.8527417182922363
2419,167,0.08154296875,0.1922345608472824,26.971294403076172,0.855747401714325
2420,155,0.07568359375,0.19058887660503387,25.19809913635254,0.8724990487098694
2421,155,0.07568359375,0.1994476318359375,26.047534942626953,0.8612657189369202
2422,159,0.07763671875,0.17171752452850342,25.617273330688477,0.8664430975914001
2423,145,0.07080078125,0.19661568105220795,25.435617446899414,0.8670200109481812
2424,145,0.07080078125,0.19423335790634155,26.493200302124023,0.8537314534187317
2425,136,0.06640625,0.2074204385280609,27.898361206054688,0.8448646664619446
2426,121,0.05908203125,0.2176416516304016,25.83910369873047,0.8686686754226685
2427,128,0.0625,0.21658504009246826,26.819957733154297,0.8587036728858948
2428,132,0.064453125,0.2147229015827179,28.192123413085938,0.8472627997398376
2429,128,0.0625,0.21762165427207947,27.923389434814453,0.8483933210372925
2430,129,0.06298828125,0.21996770799160004,30.003007888793945,0.8255019187927246
2431,127,0.06201171875,0.21004284918308258,26.584882736206055,0.8582521080970764
2432,135,0.06591796875,0.225118950009346,27.15635108947754,0.8544277548789978
2433,138,0.0673828125,0.2021053433418274,28.628704071044922,0.8380994200706482
2434,138,0.0673828125,0.1920577585697174,26.629236221313477,0.8539379239082336
2435,154,0.0751953125,0.1766137331724167,27.975332260131836,0.8418892025947571
2436,147,0.07177734375,0.202667698264122,25.543231964111328,0.8670539259910583
2437,170,0.0830078125,0.17997382581233978,29.112951278686523,0.8370693325996399
2438,184,0.08984375,0.19376124441623688,31.302881240844727,0.8211464285850525
2439,186,0.0908203125,0.20303376019001007,31.005218505859375,0.8245779275894165
2440,662,0.3232421875,0.1466907113790512,36.814125061035156,0.7466682195663452
2441,696,0.33984375,0.13568417727947235,41.54133987426758,0.6913349032402039
2442,670,0.3271484375,0.1324668824672699,39.74452590942383,0.7184129953384399
2443,638,0.3115234375,0.14232070744037628,36.71598815917969,0.7457548975944519
2444,655,0.31982421875,0.14975789189338684,37.753719329833984,0.7358533143997192
2445,609,0.29736328125,0.1397542655467987,38.00436019897461,0.7359979152679443
2446,603,0.29443359375,0.13917987048625946,38.936344146728516,0.7297788262367249
2447,558,0.2724609375,0.14809276163578033,35.905006408691406,0.761078417301178
2448,575,0.28076171875,0.1656905561685562,36.436771392822266,0.7538238763809204
2449,490,0.2392578125,0.1562931090593338,35.53969955444336,0.7595899701118469
2450,444,0.216796875,0.17990991473197937,37.87957763671875,0.7336341738700867
2451,453,0.22119140625,0.16693702340126038,39.022281646728516,0.7246171236038208
2452,474,0.2314453125,0.15644533932209015,36.96540832519531,0.7427698373794556
2453,539,0.26318359375,0.1402895152568817,38.85480880737305,0.7241701483726501
2454,603,0.29443359375,0.13997924327850342,35.863372802734375,0.7558817863464355
2455,587,0.28662109375,0.14815275371074677,36.24159240722656,0.7573440670967102
2456,602,0.2939453125,0.15592631697654724,38.193695068359375,0.7376527786254883
2457,463,0.22607421875,0.2198527753353119,47.242469787597656,0.6377399563789368
2458,481,0.23486328125,0.21336384117603302,44.207489013671875,0.6725108623504639
2459,494,0.2412109375,0.19396203756332397,39.568843841552734,0.7239302396774292
2460,452,0.220703125,0.15639068186283112,37.01189422607422,0.7462784051895142
2461,446,0.2177734375,0.1422492414712906,36.565181732177734,0.7490928173065186
2462,412,0.201171875,0.15306319296360016,39.556304931640625,0.7216564416885376
2463,449,0.21923828125,0.15799720585346222,39.017818450927734,0.7250241637229919
2464,406,0.1982421875,0.15631721913814545,39.69990539550781,0.7128816843032837
2465,388,0.189453125,0.18920642137527466,35.56744384765625,0.754790186882019
2466,413,0.20166015625,0.1895405501127243,30.71234703063965,0.7976287007331848
2467,428,0.208984375,0.19933785498142242,29.898677825927734,0.8104877471923828
2468,434,0.2119140625,0.20333629846572876,34.01536560058594,0.7718560695648193
2469,414,0.2021484375,0.20208102464675903,35.52946853637695,0.7559803128242493
2470,408,0.19921875,0.1912120133638382,34.21216583251953,0.7704914808273315
2471,327,0.15966796875,0.23873299360275269,35.04941177368164,0.7511123418807983
2472,317,0.15478515625,0.2511770725250244,36.437400817871094,0.7388210296630859
2473,307,0.14990234375,0.26392823457717896,36.263580322265625,0.7403834462165833
2474,356,0.173828125,0.22507287561893463,33.12090301513672,0.7744942903518677
2475,381,0.18603515625,0.19895368814468384,30.97850227355957,0.8054437637329102
2476,341,0.16650390625,0.22552606463432312,34.228580474853516,0.765944242477417
2477,308,0.150390625,0.23624232411384583,35.874507904052734,0.7477425932884216
2478,351,0.17138671875,0.23584848642349243,38.173614501953125,0.7248393297195435
2479,331,0.16162109375,0.2531963884830475,36.450462341308594,0.744661808013916
2480,306,0.1494140625,0.15808887779712677,48.363800048828125,0.6189658641815186
2481,297,0.14501953125,0.15898092091083527,46.563724517822266,0.646030068397522
2482,377,0.18408203125,0.1613307148218155,40.51165771484375,0.715417206287384
2483,580,0.283203125,0.16399729251861572,40.05576705932617,0.725566565990448
2484,403,0.19677734375,0.1349664032459259,38.5604362487793,0.7394692301750183
2485,312,0.15234375,0.1270807683467865,34.825870513916016,0.7735897302627563
2486,327,0.15966796875,0.13232435286045074,34.63729476928711,0.7795504927635193
2487,323,0.15771484375,0.12970206141471863,35.89731216430664,0.7693219184875488
2488,423,0.20654296875,0.15482622385025024,37.466270446777344,0.7419463992118835
2489,536,0.26171875,0.11553668230772018,34.005104064941406,0.7813965082168579
2490,537,0.26220703125,0.10380847752094269,32.532691955566406,0.798010528087616
2491,534,0.2607421875,0.09950774908065796,32.71261215209961,0.7974077463150024
2492,586,0.2861328125,0.11836706101894379,35.258872985839844,0.768790066242218
2493,539,0.26318359375,0.11988859623670578,34.57081604003906,0.7750306129455566
2494,727,0.35498046875,0.11630237102508545,34.52534866333008,0.7754999399185181
2495,643,0.31396484375,0.10560271888971329,30.734806060791016,0.8128261566162109
2496,680,0.33203125,0.11216971278190613,31.834190368652344,0.8018438220024109
2497,484,0.236328125,0.09567804634571075,31.218994140625,0.8077214360237122
2498,399,0.19482421875,0.08783236145973206,28.71535301208496,0.8322911262512207
2499,479,0.23388671875,0.09664032608270645,32.305416107177734,0.7959809303283691
2500,493,0.24072265625,0.11372615396976471,32.31227111816406,0.7939324975013733
2501,694,0.3388671875,0.10940568149089813,33.223243713378906,0.79206782579422
2502,558,0.2724609375,0.10624748468399048,28.776304244995117,0.8356101512908936
2503,838,0.4091796875,0.13406777381896973,31.09975814819336,0.8136423826217651
2504,765,0.37353515625,0.1448071300983429,32.40550994873047,0.7948707938194275
2505,743,0.36279296875,0.14876849949359894,36.524810791015625,0.7455664277076721
2506,871,0.42529296875,0.18980538845062256,39.63916778564453,0.714440107345581
2507,627,0.30615234375,0.1402289867401123,33.9128532409668,0.7827147841453552
2508,491,0.23974609375,0.12628759443759918,34.15104293823242,0.7819169759750366
2509,378,0.1845703125,0.12021045386791229,29.948408126831055,0.8251535892486572
2510,413,0.20166015625,0.13523125648498535,28.493206024169922,0.8368583917617798
2511,342,0.1669921875,0.1363837569952011,30.385528564453125,0.8216908574104309
2512,239,0.11669921875,0.13526558876037598,30.905305862426758,0.818908154964447
2513,175,0.08544921875,0.12958653271198273,30.573284149169922,0.8175755739212036
2514,177,0.08642578125,0.133793443441391,28.650108337402344,0.8382371664047241
2515,149,0.07275390625,0.14849881827831268,28.114002227783203,0.8389429450035095
2516,154,0.0751953125,0.13779126107692719,28.547632217407227,0.8321484923362732
2517,214,0.1044921875,0.12664592266082764,30.32428741455078,0.8139785528182983
2518,269,0.13134765625,0.13464166224002838,30.11349105834961,0.8237748146057129
2519,254,0.1240234375,0.12688907980918884,30.505483627319336,0.8223589658737183
2520,175,0.08544921875,0.11837000399827957,34.54939651489258,0.7756755948066711
2521,173,0.08447265625,0.1166103407740593,33.68832015991211,0.7841517925262451
2522,194,0.0947265625,0.11518344283103943,34.11229705810547,0.7778623104095459
2523,173,0.08447265625,0.11246612668037415,32.67210388183594,0.7932587265968323
2524,182,0.0888671875,0.113884337246418,33.16030502319336,0.7872395515441895
2525,181,0.08837890625,0.12314385920763016,34.527523040771484,0.7745474576950073
2526,181,0.08837890625,0.11524353176355362,32.728397369384766,0.7917236685752869
2527,174,0.0849609375,0.10772449523210526,32.59846878051758,0.7940565347671509
2528,179,0.08740234375,0.10771520435810089,31.424360275268555,0.8090407848358154
2529,177,0.08642578125,0.10950198769569397,32.43741989135742,0.7956233620643616
2530,201,0.09814453125,0.10613292455673218,30.44202423095703,0.8198508024215698
2531,198,0.0966796875,0.1044570654630661,30.01911735534668,0.8202435374259949
2532,201,0.09814453125,0.11006585508584976,31.09379768371582,0.8108062148094177
2533,194,0.0947265625,0.11046167463064194,32.38982009887695,0.7958019971847534
2534,188,0.091796875,0.11171884834766388,32.589271545410156,0.7933120131492615
2535,171,0.08349609375,0.13051451742649078,34.491275787353516,0.7711897492408752
2536,184,0.08984375,0.13564175367355347,34.520477294921875,0.7706652283668518
2537,181,0.08837890625,0.12217631191015244,32.042423248291016,0.798535943031311
2538,177,0.08642578125,0.11785449087619781,31.993206024169922,0.7989975214004517
2539,186,0.0908203125,0.10468095541000366,31.303926467895508,0.8053772449493408
2540,186,0.0908203125,0.10576750338077545,30.797992706298828,0.816468358039856
2541,193,0.09423828125,0.12214057147502899,31.28907585144043,0.813214898109436
2542,173,0.08447265625,0.11371898651123047,32.2926025390625,0.8012507557868958
2543,189,0.09228515625,0.1190631315112114,32.55325698852539,0.7937560677528381
2544,189,0.09228515625,0.14222446084022522,34.68601608276367,0.7802388668060303
2545,206,0.1005859375,0.12671390175819397,29.68437385559082,0.8237475752830505
2546,202,0.0986328125,0.12391375005245209,31.063945770263672,0.8123384118080139
2547,182,0.0888671875,0.12126237154006958,31.095691680908203,0.8117364048957825
2548,206,0.1005859375,0.12801027297973633,30.078126907348633,0.8253812193870544
2549,220,0.107421875,0.11079923063516617,30.500160217285156,0.8210704326629639
2550,232,0.11328125,0.12109633535146713,30.109851837158203,0.8245255947113037
2551,234,0.1142578125,0.11460325866937637,29.259849548339844,0.8330992460250854
2552,242,0.1181640625,0.12202200293540955,29.73830795288086,0.8251351714134216
2553,229,0.11181640625,0.1133921667933464,30.11527442932129,0.8248077630996704
2554,249,0.12158203125,0.1381755769252777,30.722553253173828,0.8160828351974487
2555,235,0.11474609375,0.12317842990159988,32.40158462524414,0.8005053997039795
2556,224,0.109375,0.11217499524354935,30.73114585876465,0.8160072565078735
2557,234,0.1142578125,0.11261993646621704,28.579954147338867,0.8380794525146484
2558,254,0.1240234375,0.12499398738145828,29.611337661743164,0.8234196901321411
2559,229,0.11181640625,0.13471868634223938,30.23359489440918,0.8232297897338867
2560,556,0.271484375,0.1058737188577652,34.7614631652832,0.7671463489532471
2561,748,0.365234375,0.09916495531797409,31.84647560119629,0.79477858543396
2562,761,0.37158203125,0.09739860892295837,30.286413192749023,0.8097638487815857
2563,830,0.4052734375,0.10280720144510269,29.338153839111328,0.8153594136238098
2564,756,0.369140625,0.09255471080541611,27.99073600769043,0.8282340168952942
2565,815,0.39794921875,0.10444557666778564,32.716007232666016,0.7884761691093445
2566,583,0.28466796875,0.10757152736186981,32.348243713378906,0.7875458598136902
2567,470,0.2294921875,0.12677061557769775,35.75088882446289,0.7510809302330017
2568,555,0.27099609375,0.12845969200134277,35.25370407104492,0.7627725601196289
2569,401,0.19580078125,0.13058270514011383,36.80766296386719,0.7549818754196167
2570,519,0.25341796875,0.12279833108186722,33.918365478515625,0.7819899916648865
2571,668,0.326171875,0.12346019595861435,33.10895919799805,0.7877898216247559
2572,633,0.30908203125,0.13920824229717255,36.263832092285156,0.7450038194656372
2573,667,0.32568359375,0.13118551671504974,35.042274475097656,0.7588633894920349
2574,674,0.3291015625,0.10983622819185257,31.466814041137695,0.7876017093658447
2575,889,0.43408203125,0.10550059378147125,29.171157836914062,0.8085490465164185
2576,895,0.43701171875,0.10491596907377243,28.505128860473633,0.8171023726463318
2577,934,0.4560546875,0.10971075296401978,28.32670021057129,0.8223990201950073
2578,861,0.42041015625,0.1060224175453186,28.782451629638672,0.8156188130378723
2579,901,0.43994140625,0.13345861434936523,36.52571105957031,0.7492596507072449
2580,1002,0.4892578125,0.10720489174127579,24.118860244750977,0.861685037612915
2581,1068,0.521484375,0.10658907890319824,25.12856101989746,0.8561367988586426
2582,1129,0.55126953125,0.10554227977991104,19.77960968017578,0.893312931060791
2583,1088,0.53125,0.10812912881374359,27.16147804260254,0.8299658894538879
2584,1166,0.5693359375,0.11435212939977646,27.752784729003906,0.8299914598464966
2585,1268,0.619140625,0.11391323059797287,30.36211585998535,0.8212929964065552
2586,1186,0.5791015625,0.11358223110437393,21.12376594543457,0.8757515549659729
2587,1069,0.52197265625,0.10237884521484375,23.246625900268555,0.8609407544136047
2588,1111,0.54248046875,0.10976056754589081,22.335411071777344,0.8769493699073792
2589,893,0.43603515625,0.1012035384774208,25.327049255371094,0.8550435304641724
2590,946,0.4619140625,0.09958837926387787,27.634788513183594,0.8443652987480164
2591,829,0.40478515625,0.10445881634950638,29.388442993164062,0.8355708718299866
2592,803,0.39208984375,0.1020522266626358,28.085113525390625,0.8449532389640808
2593,730,0.3564453125,0.10470772534608841,31.41504669189453,0.8062912225723267
2594,806,0.3935546875,0.11228422820568085,30.67505645751953,0.8251180648803711
2595,901,0.43994140625,0.1418437361717224,30.17721939086914,0.822092592716217
2596,1093,0.53369140625,0.16777512431144714,33.29629898071289,0.7854030728340149
2597,667,0.32568359375,0.14122426509857178,40.33661651611328,0.7277714610099792
2598,745,0.36376953125,0.1428445279598236,33.1452751159668,0.7944473624229431
2599,772,0.376953125,0.1553080826997757,33.521759033203125,0.7921708822250366
2600,244,0.119140625,0.11997140198945999,32.764366149902344,0.8080143332481384
2601,226,0.1103515625,0.1322895735502243,30.84852409362793,0.8206827044487
2602,245,0.11962890625,0.1268782764673233,32.94287872314453,0.8012988567352295
2603,295,0.14404296875,0.12138040363788605,34.37548828125,0.7834065556526184
2604,278,0.1357421875,0.11990559101104736,30.955886840820312,0.8222439885139465
2605,281,0.13720703125,0.12027008831501007,30.979053497314453,0.8145297169685364
2606,265,0.12939453125,0.11710435152053833,30.20819854736328,0.8208174705505371
2607,273,0.13330078125,0.1242728903889656,33.992008209228516,0.7800764441490173
2608,264,0.12890625,0.11709759384393692,32.91958999633789,0.7913104295730591
2609,264,0.12890625,0.11338338255882263,31.15755271911621,0.8126250505447388
2610,239,0.11669921875,0.11872151494026184,33.088157653808594,0.7941660284996033
2611,261,0.12744140625,0.11707067489624023,32.496604919433594,0.7979283928871155
2612,227,0.11083984375,0.1131976917386055,32.29511260986328,0.8001495003700256
2613,211,0.10302734375,0.11882613599300385,31.40943717956543,0.8117052316665649
2614,231,0.11279296875,0.11467968672513962,31.284000396728516,0.8169653415679932
2615,230,0.1123046875,0.1139688491821289,30.6832218170166,0.8217053413391113
2616,235,0.11474609375,0.12206491082906723,33.15180969238281,0.7941204309463501
2617,258,0.1259765625,0.13156446814537048,33.800804138183594,0.7844523191452026
2618,298,0.1455078125,0.131043940782547,37.3734130859375,0.7466995716094971
2619,295,0.14404296875,0.13454920053482056,37.35084915161133,0.7446336150169373
2620,306,0.1494140625,0.15993528068065643,41.354408264160156,0.7005483508110046
2621,255,0.12451171875,0.1440267562866211,34.902462005615234,0.7788691520690918
2622,268,0.130859375,0.15191656351089478,34.469139099121094,0.7782492637634277
2623,258,0.1259765625,0.1457604616880417,33.13710403442383,0.7966471910476685
2624,268,0.130859375,0.15955643355846405,34.63622283935547,0.7814477682113647
2625,256,0.125,0.15208888053894043,36.13791275024414,0.7714425921440125
2626,273,0.13330078125,0.1478932797908783,36.160194396972656,0.7622241973876953
2627,285,0.13916015625,0.1432906985282898,33.38687515258789,0.7922879457473755
2628,275,0.13427734375,0.123728446662426,34.05813980102539,0.7846788167953491
2629,262,0.1279296875,0.12374652922153473,33.2375373840332,0.7953471541404724
2630,295,0.14404296875,0.13094066083431244,36.72397232055664,0.7699410915374756
2631,306,0.1494140625,0.1453886479139328,38.677059173583984,0.7469743490219116
2632,300,0.146484375,0.1425086110830307,36.45042037963867,0.7677012085914612
2633,267,0.13037109375,0.13516490161418915,35.30516815185547,0.7816540598869324
2634,319,0.15576171875,0.13870839774608612,34.89408874511719,0.7793412208557129
2635,303,0.14794921875,0.14988066256046295,36.962890625,0.7601915001869202
2636,298,0.1455078125,0.13837820291519165,34.395694732666016,0.7881165742874146
2637,276,0.134765625,0.13722720742225647,35.62125778198242,0.7748144268989563
2638,267,0.13037109375,0.13357773423194885,35.37775802612305,0.7791004180908203
2639,253,0.12353515625,0.13831336796283722,35.86280059814453,0.7749520540237427
2640,138,0.0673828125,0.17572180926799774,35.557701110839844,0.7731871008872986
2641,142,0.0693359375,0.16485349833965302,33.01852035522461,0.8019329905509949
2642,147,0.07177734375,0.16054894030094147,34.54835891723633,0.7857745885848999
2643,161,0.07861328125,0.1622675657272339,32.35370635986328,0.8076564073562622
2644,162,0.0791015625,0.14649701118469238,33.61921310424805,0.7950913310050964
2645,157,0.07666015625,0.1517585664987564,32.417076110839844,0.8041538000106812
2646,145,0.07080078125,0.15876896679401398,33.34778594970703,0.7897579073905945
2647,152,0.07421875,0.16212189197540283,36.53072738647461,0.7557857632637024
2648,148,0.072265625,0.15467488765716553,36.459232330322266,0.7599983811378479
2649,148,0.072265625,0.14672811329364777,34.89860534667969,0.7784661054611206
2650,142,0.0693359375,0.14619582891464233,34.40671920776367,0.7848391532897949
2651,132,0.064453125,0.14718756079673767,34.20169448852539,0.787675142288208
2652,138,0.0673828125,0.1627274602651596,34.94214630126953,0.7771632075309753
2653,146,0.0712890625,0.1535043567419052,33.78654479980469,0.7966288328170776
2654,146,0.0712890625,0.13869522511959076,35.58741760253906,0.770885169506073
2655,153,0.07470703125,0.14073340594768524,36.53864288330078,0.7584536671638489
2656,173,0.08447265625,0.14279451966285706,36.72160339355469,0.7591912746429443
2657,176,0.0859375,0.14802035689353943,36.400020599365234,0.7637170553207397
2658,171,0.08349609375,0.15259146690368652,36.81150817871094,0.7564194202423096
2659,177,0.08642578125,0.165763720870018,35.82318115234375,0.7667360305786133
2660,191,0.09326171875,0.16534000635147095,38.70631408691406,0.7289028763771057
2661,192,0.09375,0.16427108645439148,37.15366744995117,0.7454290986061096
2662,196,0.095703125,0.1649424135684967,38.37372589111328,0.7357931137084961
2663,201,0.09814453125,0.17129011452198029,38.38868713378906,0.7380145788192749
2664,202,0.0986328125,0.17922216653823853,38.83462905883789,0.7311888337135315
2665,205,0.10009765625,0.17261874675750732,36.70956039428711,0.7566360235214233
2666,213,0.10400390625,0.16026358306407928,37.94927978515625,0.7394298911094666
2667,205,0.10009765625,0.15910930931568146,36.454689025878906,0.7563326358795166
2668,193,0.09423828125,0.15955474972724915,35.18456268310547,0.7661173343658447
2669,214,0.1044921875,0.16597124934196472,35.4530143737793,0.7661222815513611
2670,212,0.103515625,0.164098858833313,33.518836975097656,0.7909473776817322
2671,230,0.1123046875,0.15881603956222534,35.159828186035156,0.7714687585830688
2672,221,0.10791015625,0.16763091087341309,33.3062858581543,0.7917452454566956
2673,220,0.107421875,0.17864061892032623,33.786834716796875,0.7817158699035645
2674,210,0.1025390625,0.17170915007591248,33.76804733276367,0.7851561307907104
2675,214,0.1044921875,0.17200548946857452,34.3553581237793,0.7797138690948486
2676,208,0.1015625,0.17806529998779297,34.40878677368164,0.7817679643630981
2677,220,0.107421875,0.18795152008533478,33.6880989074707,0.7816314697265625
2678,197,0.09619140625,0.18692532181739807,33.3945426940918,0.786640465259552
2679,212,0.103515625,0.18314167857170105,35.67520523071289,0.7678695321083069
2680,306,0.1494140625,0.15561407804489136,29.947738647460938,0.8161351084709167
2681,272,0.1328125,0.1415858268737793,30.620691299438477,0.8094712495803833
2682,265,0.12939453125,0.14715053141117096,29.83163070678711,0.8182171583175659
2683,294,0.1435546875,0.15083351731300354,30.112667083740234,0.8102995753288269
2684,307,0.14990234375,0.15680500864982605,31.01573371887207,0.804956316947937
2685,296,0.14453125,0.13559134304523468,32.10911560058594,0.7917177677154541
2686,269,0.13134765625,0.12106745690107346,29.827817916870117,0.8250953555107117
2687,255,0.12451171875,0.12442462146282196,29.422962188720703,0.8288306593894958
2688,249,0.12158203125,0.1239674761891365,30.834436416625977,0.8173235654830933
2689,282,0.1376953125,0.12913326919078827,29.883113861083984,0.823722779750824
2690,276,0.134765625,0.13768979907035828,29.642044067382812,0.8255466222763062
2691,270,0.1318359375,0.15805234014987946,29.3912353515625,0.8320924639701843
2692,272,0.1328125,0.1606537401676178,32.792972564697266,0.7978367805480957
2693,301,0.14697265625,0.15644018352031708,34.78096008300781,0.7687999606132507
2694,308,0.150390625,0.15167458355426788,33.51374435424805,0.7861781120300293
2695,284,0.138671875,0.14294588565826416,33.785438537597656,0.7840912342071533
2696,278,0.1357421875,0.12848959863185883,31.478031158447266,0.807733416557312
2697,278,0.1357421875,0.11842943727970123,32.75230026245117,0.7912483215332031
2698,291,0.14208984375,0.1173352599143982,31.878503799438477,0.8034327626228333
2699,300,0.146484375,0.11934281140565872,32.6866569519043,0.7937628626823425
2700,361,0.17626953125,0.12166202068328857,30.9456729888916,0.8159927725791931
2701,383,0.18701171875,0.13864171504974365,31.599388122558594,0.816286563873291
2702,363,0.17724609375,0.12081004679203033,29.6129207611084,0.8312889933586121
2703,332,0.162109375,0.11195652186870575,27.889095306396484,0.8436431884765625
2704,343,0.16748046875,0.1284896582365036,28.532522201538086,0.8342579007148743
2705,329,0.16064453125,0.11876079440116882,28.360918045043945,0.8379643559455872
2706,345,0.16845703125,0.11560232937335968,27.164274215698242,0.850447416305542
2707,311,0.15185546875,0.11336057633161545,26.389083862304688,0.8534615635871887
2708,314,0.1533203125,0.11804988235235214,27.312175750732422,0.8437145948410034
2709,365,0.17822265625,0.1155841276049614,27.86880874633789,0.8420380353927612
2710,333,0.16259765625,0.12047997117042542,29.156728744506836,0.8308442831039429
2711,317,0.15478515625,0.1296854019165039,30.24333381652832,0.8202409744262695
2712,372,0.181640625,0.12455221265554428,34.2230110168457,0.7803394198417664
2713,362,0.1767578125,0.11932230740785599,30.759679794311523,0.819833517074585
2714,383,0.18701171875,0.13503167033195496,36.51118469238281,0.7533146739006042
2715,361,0.17626953125,0.13083378970623016,33.52998733520508,0.7855305075645447
2716,395,0.19287109375,0.12469063699245453,31.878087997436523,0.8072537779808044
2717,505,0.24658203125,0.11714527010917664,31.785255432128906,0.8026955127716064
2718,499,0.24365234375,0.11563221365213394,33.294742584228516,0.7928979396820068
2719,497,0.24267578125,0.11375251412391663,36.142356872558594,0.7655507922172546
2720,90,0.0439453125,0.14200039207935333,31.52454376220703,0.8123869895935059
2721,95,0.04638671875,0.1321694403886795,34.5648078918457,0.7770445346832275
2722,117,0.05712890625,0.1254761815071106,36.02351760864258,0.7630613446235657
2723,126,0.0615234375,0.12233006954193115,34.33061599731445,0.7852690815925598
2724,121,0.05908203125,0.1272755265235901,33.6441650390625,0.7939768433570862
2725,117,0.05712890625,0.12470512837171555,33.049747467041016,0.7999650835990906
2726,118,0.0576171875,0.1373947560787201,35.0413932800293,0.7753883600234985
2727,128,0.0625,0.11578439921140671,30.775142669677734,0.8270159363746643
2728,112,0.0546875,0.11689706146717072,33.34518814086914,0.7981904745101929
2729,149,0.07275390625,0.11445631086826324,34.681312561035156,0.7769128084182739
2730,146,0.0712890625,0.10622700303792953,30.7474422454834,0.8288047313690186
2731,137,0.06689453125,0.10400597006082535,31.659130096435547,0.8139638900756836
2732,180,0.087890625,0.10481851547956467,33.30303192138672,0.7983987331390381
2733,168,0.08203125,0.10229750722646713,33.3847770690918,0.8004663586616516
2734,185,0.09033203125,0.10844725370407104,35.23197937011719,0.7807095050811768
2735,169,0.08251953125,0.11316129565238953,38.97842788696289,0.7295405864715576
2736,170,0.0830078125,0.10458196699619293,35.93465042114258,0.7665464282035828
2737,187,0.09130859375,0.11566310375928879,30.572704315185547,0.8270749449729919
2738,175,0.08544921875,0.11133071780204773,34.215492248535156,0.7882946133613586
2739,200,0.09765625,0.1172381043434143,32.43223571777344,0.8062875270843506
2740,208,0.1015625,0.10917534679174423,32.724849700927734,0.8006970286369324
2741,266,0.1298828125,0.11757796257734299,32.4969367980957,0.8052794933319092
2742,287,0.14013671875,0.12338770925998688,32.414634704589844,0.8055319786071777
2743,376,0.18359375,0.15339258313179016,35.381263732910156,0.7700520157814026
2744,324,0.158203125,0.13286888599395752,35.424896240234375,0.7731856107711792
2745,327,0.15966796875,0.14086179435253143,35.00645065307617,0.7792775630950928
2746,295,0.14404296875,0.14312711358070374,37.49054718017578,0.7527981400489807
2747,284,0.138671875,0.1434522420167923,37.20446014404297,0.7539725303649902
2748,272,0.1328125,0.13397210836410522,35.18541717529297,0.7783670425415039
2749,273,0.13330078125,0.11895450949668884,33.52927017211914,0.7971627712249756
2750,263,0.12841796875,0.11097533255815506,33.186981201171875,0.7975800633430481
2751,272,0.1328125,0.12496240437030792,33.715850830078125,0.789345920085907
2752,323,0.15771484375,0.12928663194179535,32.899742126464844,0.7962399125099182
2753,303,0.14794921875,0.1298704296350479,31.798686981201172,0.8061200380325317
2754,270,0.1318359375,0.12093846499919891,29.81471061706543,0.8277233839035034
2755,235,0.11474609375,0.12685665488243103,31.120624542236328,0.8134255409240723
2756,238,0.1162109375,0.13013722002506256,32.19515609741211,0.8131634593009949
2757,212,0.103515625,0.11773528903722763,33.36383056640625,0.798699676990509
2758,198,0.0966796875,0.11055881530046463,33.9278564453125,0.780691921710968
2759,173,0.08447265625,0.09904077649116516,31.003772735595703,0.8096083402633667
2760,391,0.19091796875,0.1227332055568695,33.19416427612305,0.7832930684089661
2761,399,0.19482421875,0.12417420744895935,31.38681411743164,0.7993072271347046
2762,396,0.193359375,0.1175244078040123,29.872861862182617,0.813761830329895
2763,382,0.1865234375,0.11613096296787262,29.79812240600586,0.8136179447174072
2764,378,0.1845703125,0.10804819315671921,30.499906539916992,0.8083252310752869
2765,382,0.1865234375,0.11196640878915787,30.434207916259766,0.8082411885261536
2766,337,0.16455078125,0.10414993017911911,30.536115646362305,0.8054012656211853
2767,299,0.14599609375,0.10666400194168091,32.487945556640625,0.7910736799240112
2768,383,0.18701171875,0.1079375222325325,29.632492065429688,0.8165166974067688
2769,424,0.20703125,0.12059502303600311,30.44232749938965,0.8061798214912415
2770,394,0.1923828125,0.10791586339473724,29.906017303466797,0.8151485919952393
2771,446,0.2177734375,0.12235561013221741,31.676950454711914,0.795184850692749
2772,447,0.21826171875,0.11737965047359467,30.20363426208496,0.8163946866989136
2773,389,0.18994140625,0.10220959037542343,30.497983932495117,0.8120114207267761
2774,321,0.15673828125,0.10495708882808685,32.39696502685547,0.8086645603179932
2775,292,0.142578125,0.10742457211017609,31.939266204833984,0.8159369826316833
2776,287,0.14013671875,0.10666481405496597,31.598642349243164,0.8202295303344727
2777,317,0.15478515625,0.10457449406385422,32.14085388183594,0.8092889189720154
2778,279,0.13623046875,0.10828890651464462,31.60415267944336,0.8199760317802429
2779,258,0.1259765625,0.11908905953168869,33.22450637817383,0.8036811351776123
2780,260,0.126953125,0.11326538771390915,33.654048919677734,0.7943472862243652
2781,314,0.1533203125,0.11449979990720749,33.342445373535156,0.7967075705528259
2782,370,0.1806640625,0.10980600118637085,31.646791458129883,0.8151906728744507
2783,343,0.16748046875,0.11341658979654312,32.381473541259766,0.8107227087020874
2784,348,0.169921875,0.1098264828324318,29.172773361206055,0.8404064178466797
2785,347,0.16943359375,0.11013661324977875,30.10440444946289,0.8300266861915588
2786,313,0.15283203125,0.10642819106578827,28.304166793823242,0.839279294013977
2787,399,0.19482421875,0.10561762005090714,27.86109733581543,0.8442873358726501
2788,427,0.20849609375,0.10842987895011902,27.847017288208008,0.8452653288841248
2789,465,0.22705078125,0.10784416645765305,26.729598999023438,0.8558618426322937
2790,498,0.2431640625,0.10680700838565826,23.960041046142578,0.8872879147529602
2791,570,0.2783203125,0.11752047389745712,24.13726234436035,0.8790059685707092
2792,583,0.28466796875,0.11755837500095367,26.09251594543457,0.8617833256721497
2793,511,0.24951171875,0.11303457617759705,25.79111099243164,0.8713885545730591
2794,440,0.21484375,0.10526435822248459,29.469646453857422,0.8356732726097107
2795,476,0.232421875,0.10443026572465897,30.47713279724121,0.8269050717353821
2796,480,0.234375,0.1034453734755516,32.75065612792969,0.802846372127533
2797,491,0.23974609375,0.10221439599990845,31.575708389282227,0.8149447441101074
2798,536,0.26171875,0.1098194420337677,31.072349548339844,0.8153790235519409
2799,565,0.27587890625,0.11336424201726913,33.04644775390625,0.7955499887466431
2800,261,0.12744140625,0.11786725372076035,29.671871185302734,0.8315545320510864
2801,259,0.12646484375,0.12750343978405,31.514543533325195,0.8093178272247314
2802,270,0.1318359375,0.12905341386795044,30.708690643310547,0.8180702328681946
2803,254,0.1240234375,0.1282002329826355,32.23957061767578,0.802734375
2804,248,0.12109375,0.11868502199649811,32.088844299316406,0.8053156733512878
2805,236,0.115234375,0.11611013114452362,31.459814071655273,0.8160783648490906
2806,228,0.111328125,0.11780140548944473,33.64789962768555,0.7976199388504028
2807,234,0.1142578125,0.13130658864974976,35.297889709472656,0.7726644277572632
2808,250,0.1220703125,0.11898471415042877,32.224281311035156,0.8038146495819092
2809,251,0.12255859375,0.12450598925352097,31.91173553466797,0.8051270842552185
2810,252,0.123046875,0.12216190993785858,31.622295379638672,0.8097786903381348
2811,239,0.11669921875,0.11876364797353745,31.21763801574707,0.816587507724762
2812,253,0.12353515625,0.11546303331851959,30.537691116333008,0.8248537182807922
2813,243,0.11865234375,0.12046270817518234,32.66846466064453,0.7956633567810059
2814,245,0.11962890625,0.13529394567012787,34.71147918701172,0.7723718285560608
2815,247,0.12060546875,0.12746469676494598,32.85563278198242,0.7913323640823364
2816,247,0.12060546875,0.11889435350894928,30.26197052001953,0.8236194849014282
2817,241,0.11767578125,0.1194826140999794,31.22792625427246,0.8156512379646301
2818,249,0.12158203125,0.11794904619455338,31.591976165771484,0.8162757754325867
2819,236,0.115234375,0.11984801292419434,32.79899215698242,0.8005430698394775
2820,237,0.11572265625,0.11404240876436234,32.12668228149414,0.8074799180030823
2821,247,0.12060546875,0.11705999076366425,30.577341079711914,0.8213244676589966
2822,249,0.12158203125,0.11342868953943253,30.867258071899414,0.8209188580513
2823,248,0.12109375,0.11282635480165482,30.94753074645996,0.8157119750976562
2824,252,0.123046875,0.12889596819877625,33.08470153808594,0.7933887243270874
2825,247,0.12060546875,0.13153980672359467,33.20729446411133,0.7912583351135254
2826,228,0.111328125,0.11333334445953369,33.018165588378906,0.798677384853363
2827,225,0.10986328125,0.11126255244016647,33.0048713684082,0.7971808314323425
2828,230,0.1123046875,0.1195790097117424,33.37156677246094,0.7865762710571289
2829,214,0.1044921875,0.11653048545122147,33.6800422668457,0.7872096300125122
2830,217,0.10595703125,0.12855955958366394,34.59938430786133,0.7776382565498352
2831,226,0.1103515625,0.13932019472122192,34.83327865600586,0.7745077013969421
2832,223,0.10888671875,0.18258734047412872,35.15855026245117,0.7788316011428833
2833,222,0.1083984375,0.18261243402957916,34.808650970458984,0.7791212201118469
2834,209,0.10205078125,0.18819572031497955,33.52223587036133,0.795600414276123
2835,188,0.091796875,0.14301049709320068,32.79016876220703,0.8002321124076843
2836,191,0.09326171875,0.1249823197722435,36.95890808105469,0.7476010322570801
2837,191,0.09326171875,0.12853656709194183,37.15753936767578,0.7445786595344543
2838,183,0.08935546875,0.13162048161029816,33.89225769042969,0.7890771627426147
2839,202,0.0986328125,0.14993229508399963,34.840179443359375,0.7798924446105957
2840,255,0.12451171875,0.15810981392860413,39.50624465942383,0.7170917391777039
2841,264,0.12890625,0.1559675633907318,39.61973571777344,0.7126087546348572
2842,257,0.12548828125,0.15496210753917694,35.5900993347168,0.7603387236595154
2843,275,0.13427734375,0.17120866477489471,38.942508697509766,0.7209208607673645
2844,352,0.171875,0.16879220306873322,38.62699890136719,0.7233057618141174
2845,410,0.2001953125,0.14683930575847626,34.03510284423828,0.7728985548019409
2846,505,0.24658203125,0.14387089014053345,34.22776794433594,0.7699830532073975
2847,657,0.32080078125,0.18542464077472687,36.721370697021484,0.7387732267379761
2848,662,0.3232421875,0.14077916741371155,35.83719253540039,0.7464893460273743
2849,594,0.2900390625,0.16723205149173737,40.210941314697266,0.704544723033905
2850,568,0.27734375,0.17112039029598236,35.91220474243164,0.7543133497238159
2851,553,0.27001953125,0.13637730479240417,33.383155822753906,0.7837238311767578
2852,444,0.216796875,0.14655296504497528,35.70784378051758,0.7631089687347412
2853,585,0.28564453125,0.14866696298122406,34.89836502075195,0.7687442302703857
2854,466,0.2275390625,0.15565472841262817,36.12045669555664,0.7591729164123535
2855,692,0.337890625,0.14387694001197815,36.56064224243164,0.7562227845191956
2856,593,0.28955078125,0.1442553550004959,34.636138916015625,0.7764220237731934
2857,673,0.32861328125,0.1370508223772049,34.75910568237305,0.7729762196540833
2858,761,0.37158203125,0.1383161097764969,36.546260833740234,0.7404136061668396
2859,465,0.22705078125,0.14238564670085907,33.9930419921875,0.7782437205314636
2860,399,0.19482421875,0.14413219690322876,33.277217864990234,0.7900397777557373
2861,312,0.15234375,0.14516347646713257,35.80228042602539,0.757043719291687
2862,317,0.15478515625,0.1393495798110962,34.08474349975586,0.7819955348968506
2863,305,0.14892578125,0.15805327892303467,34.84949493408203,0.7748672962188721
2864,360,0.17578125,0.15458999574184418,34.040184020996094,0.786472737789154
2865,319,0.15576171875,0.14594818651676178,35.02308654785156,0.7715559601783752
2866,412,0.201171875,0.14224164187908173,35.18647003173828,0.761343777179718
2867,410,0.2001953125,0.14453792572021484,35.26877212524414,0.7595804929733276
2868,383,0.18701171875,0.12926113605499268,34.39316177368164,0.7737459540367126
2869,442,0.2158203125,0.13384726643562317,36.420528411865234,0.7527889013290405
2870,451,0.22021484375,0.14195674657821655,35.6712646484375,0.7532024383544922
2871,401,0.19580078125,0.1458495557308197,35.535335540771484,0.7602866291999817
2872,482,0.2353515625,0.1365787833929062,33.227752685546875,0.7771263718605042
2873,626,0.3056640625,0.1506999135017395,33.88412094116211,0.771769106388092
2874,444,0.216796875,0.14074987173080444,31.47595977783203,0.8025853633880615
2875,529,0.25830078125,0.12606754899024963,35.67969512939453,0.7537105679512024
2876,719,0.35107421875,0.11351598799228668,41.70743179321289,0.6969757080078125
2877,575,0.28076171875,0.12080316990613937,36.84236526489258,0.7465589642524719
2878,519,0.25341796875,0.13530845940113068,39.200157165527344,0.7279843688011169
2879,466,0.2275390625,0.11929444968700409,40.453880310058594,0.7113397121429443
2880,119,0.05810546875,0.16603519022464752,39.087120056152344,0.7289103269577026
2881,121,0.05908203125,0.18843799829483032,40.673370361328125,0.7134203910827637
2882,110,0.0537109375,0.18310829997062683,37.58988952636719,0.7426016926765442
2883,110,0.0537109375,0.19055970013141632,38.59022521972656,0.7312584519386292
2884,101,0.04931640625,0.17510376870632172,38.365421295166016,0.7347516417503357
2885,100,0.048828125,0.19060514867305756,38.434696197509766,0.7438722848892212
2886,88,0.04296875,0.19065475463867188,35.7453727722168,0.7754191756248474
2887,79,0.03857421875,0.21341237425804138,36.89529800415039,0.7580795884132385
2888,81,0.03955078125,0.21778911352157593,34.48351287841797,0.7865933775901794
2889,76,0.037109375,0.20340164005756378,36.18495559692383,0.7592718005180359
2890,74,0.0361328125,0.23468731343746185,35.31281280517578,0.7753866314888
2891,73,0.03564453125,0.22152239084243774,33.15470504760742,0.7961599826812744
2892,83,0.04052734375,0.2040099948644638,35.98978805541992,0.7613803744316101
2893,80,0.0390625,0.20015959441661835,34.6348762512207,0.7789404392242432
2894,79,0.03857421875,0.25503987073898315,36.20417404174805,0.7643388509750366
2895,60,0.029296875,0.28264907002449036,37.140377044677734,0.7590352892875671
2896,58,0.0283203125,0.34669506549835205,37.894432067871094,0.7521328330039978
2897,55,0.02685546875,0.32558178901672363,38.133758544921875,0.7486014366149902
2898,42,0.0205078125,0.39333611726760864,35.41005325317383,0.7868143916130066
2899,41,0.02001953125,0.45305222272872925,37.754207611083984,0.7548136115074158
2900,36,0.017578125,0.4634895920753479,38.43244934082031,0.7432754039764404
2901,36,0.017578125,0.4405438005924225,39.16256332397461,0.7426023483276367
2902,43,0.02099609375,0.432976096868515,39.836769104003906,0.7297956943511963
2903,38,0.0185546875,0.40523967146873474,41.89360809326172,0.712745726108551
2904,50,0.0244140625,0.33909717202186584,40.603179931640625,0.736325204372406
2905,70,0.0341796875,0.3181891441345215,39.91105651855469,0.735684871673584
2906,66,0.0322265625,0.30179595947265625,38.267520904541016,0.7558817863464355
2907,78,0.0380859375,0.2877658009529114,39.54292678833008,0.7357459664344788
2908,71,0.03466796875,0.31197240948677063,40.7683219909668,0.7240241169929504
2909,77,0.03759765625,0.2846170663833618,38.89071273803711,0.7451410293579102
2910,88,0.04296875,0.2667679190635681,37.777164459228516,0.7505788207054138
2911,75,0.03662109375,0.28300923109054565,39.763668060302734,0.7320048213005066
2912,67,0.03271484375,0.3040715157985687,39.491661071777344,0.7300949692726135
2913,72,0.03515625,0.3053501844406128,40.67478942871094,0.71622633934021
2914,89,0.04345703125,0.2651740312576294,36.15552520751953,0.7685170769691467
2915,83,0.04052734375,0.28401821851730347,35.24125289916992,0.7765608429908752
2916,89,0.04345703125,0.2564164400100708,34.41687774658203,0.7856411933898926
2917,80,0.0390625,0.25388678908348083,35.27907180786133,0.7798301577568054
2918,84,0.041015625,0.2583408057689667,34.76716613769531,0.7863261103630066
2919,79,0.03857421875,0.26560965180397034,35.97658920288086,0.7690356969833374
2920,377,0.18408203125,0.1337045580148697,31.739089965820312,0.8085744976997375
2921,387,0.18896484375,0.13488668203353882,30.150169372558594,0.8231388330459595
2922,387,0.18896484375,0.15441682934761047,36.54630661010742,0.7575271725654602
2923,369,0.18017578125,0.13871541619300842,33.02440643310547,0.7946354150772095
2924,471,0.22998046875,0.12261267006397247,31.605226516723633,0.8059310913085938
2925,513,0.25048828125,0.18722958862781525,41.633060455322266,0.6905372142791748
2926,464,0.2265625,0.12579277157783508,33.96345520019531,0.7830037474632263
2927,460,0.224609375,0.13334278762340546,31.113370895385742,0.8088790774345398
2928,468,0.228515625,0.14322756230831146,31.100139617919922,0.8098623156547546
2929,436,0.212890625,0.1340056210756302,30.51642608642578,0.816597044467926
2930,429,0.20947265625,0.13883990049362183,32.75466537475586,0.7839910387992859
2931,413,0.20166015625,0.13547050952911377,33.992027282714844,0.7759478688240051
2932,348,0.169921875,0.17017218470573425,34.17390060424805,0.7776586413383484
2933,286,0.1396484375,0.1717200130224228,37.1783447265625,0.7425668239593506
2934,242,0.1181640625,0.1710599660873413,37.791019439697266,0.7357004880905151
2935,272,0.1328125,0.17676176130771637,38.88701248168945,0.7220557332038879
2936,287,0.14013671875,0.1603456288576126,33.44453811645508,0.7778446078300476
2937,306,0.1494140625,0.15687288343906403,32.186458587646484,0.7883762717247009
2938,262,0.1279296875,0.11952148377895355,26.532960891723633,0.8473969101905823
2939,280,0.13671875,0.12144985795021057,27.860309600830078,0.8337684273719788
2940,236,0.115234375,0.11681606620550156,27.47914695739746,0.8391430377960205
2941,219,0.10693359375,0.13045057654380798,28.039073944091797,0.8303274512290955
2942,228,0.111328125,0.14086906611919403,30.428810119628906,0.8011302351951599
2943,229,0.11181640625,0.1336466372013092,30.47764015197754,0.8036020398139954
2944,213,0.10400390625,0.13798588514328003,29.502012252807617,0.8158506155014038
2945,200,0.09765625,0.1389937400817871,30.040943145751953,0.8055738806724548
2946,209,0.10205078125,0.12889835238456726,29.345684051513672,0.8183466196060181
2947,229,0.11181640625,0.1337871253490448,32.6913948059082,0.783022403717041
2948,219,0.10693359375,0.20323170721530914,47.890869140625,0.612194299697876
2949,250,0.1220703125,0.2270057052373886,48.8770637512207,0.6068716049194336
2950,228,0.111328125,0.13098959624767303,32.64048385620117,0.7839784622192383
2951,276,0.134765625,0.1325775384902954,31.97053337097168,0.7882697582244873
2952,263,0.12841796875,0.12780292332172394,32.65119171142578,0.7892484068870544
2953,285,0.13916015625,0.12892644107341766,34.237239837646484,0.7750959992408752
2954,335,0.16357421875,0.12589241564273834,34.348209381103516,0.7650960087776184
2955,324,0.158203125,0.12115530669689178,32.958038330078125,0.7831113934516907
2956,334,0.1630859375,0.1268884539604187,33.93021774291992,0.7690784335136414
2957,263,0.12841796875,0.12413854897022247,30.66379165649414,0.8111717700958252
2958,302,0.1474609375,0.13716460764408112,33.47575759887695,0.7801638245582581
2959,279,0.13623046875,0.14371395111083984,36.24072265625,0.7496699094772339
2960,384,0.1875,0.1279958337545395,30.002235412597656,0.8178641200065613
2961,444,0.216796875,0.14117874205112457,28.832162857055664,0.8329318761825562
2962,410,0.2001953125,0.12614241242408752,28.018295288085938,0.8398192524909973
2963,443,0.21630859375,0.1290832906961441,27.072673797607422,0.8547180891036987
2964,424,0.20703125,0.12231272459030151,26.93655014038086,0.8552226424217224
2965,441,0.21533203125,0.12498366087675095,28.272132873535156,0.8382887840270996
2966,377,0.18408203125,0.11124788969755173,28.715900421142578,0.8334774971008301
2967,376,0.18359375,0.11287789046764374,30.177358627319336,0.8176841139793396
2968,406,0.1982421875,0.11910653859376907,30.555553436279297,0.8135005235671997
2969,403,0.19677734375,0.11916003376245499,30.888574600219727,0.8083926439285278
2970,421,0.20556640625,0.11934955418109894,29.818876266479492,0.8179657459259033
2971,410,0.2001953125,0.10895539075136185,27.296613693237305,0.847335934638977
2972,416,0.203125,0.11090108752250671,27.62731170654297,0.8428303599357605
2973,412,0.201171875,0.12036576122045517,30.077234268188477,0.8209896683692932
2974,422,0.2060546875,0.12294559180736542,29.649316787719727,0.8274888396263123
2975,445,0.21728515625,0.11281011253595352,28.055301666259766,0.840579628944397
2976,448,0.21875,0.12565477192401886,30.32437515258789,0.820581316947937
2977,475,0.23193359375,0.14213316142559052,33.04103088378906,0.7905783653259277
2978,455,0.22216796875,0.13103942573070526,32.3350944519043,0.7996285557746887
2979,449,0.21923828125,0.10954364389181137,29.235309600830078,0.8297564387321472
2980,483,0.23583984375,0.11421570181846619,29.965227127075195,0.8242993354797363
2981,540,0.263671875,0.11066512763500214,27.947607040405273,0.8332036137580872
2982,493,0.24072265625,0.10404927283525467,27.43575668334961,0.8401732444763184
2983,471,0.22998046875,0.1031712144613266,26.511192321777344,0.8508403301239014
2984,437,0.21337890625,0.11010505259037018,28.312210083007812,0.8406497836112976
2985,461,0.22509765625,0.10431140661239624,26.537878036499023,0.8552458882331848
2986,463,0.22607421875,0.10111773014068604,28.919782638549805,0.8318215012550354
2987,511,0.24951171875,0.10356424003839493,29.757036209106445,0.8194668292999268
2988,460,0.224609375,0.1012156531214714,29.2370548248291,0.8282397985458374
2989,408,0.19921875,0.10887284576892853,31.90289878845215,0.8031198382377625
2990,387,0.18896484375,0.1024230569601059,30.32453727722168,0.8195302486419678
2991,426,0.2080078125,0.10199342668056488,28.03103256225586,0.8426452279090881
2992,448,0.21875,0.09945390373468399,27.76351547241211,0.8435267210006714
2993,466,0.2275390625,0.10862359404563904,28.417131423950195,0.8333444595336914
2994,459,0.22412109375,0.10961994528770447,28.645313262939453,0.8342297077178955
2995,452,0.220703125,0.098435178399086,27.316125869750977,0.8485229015350342
2996,406,0.1982421875,0.09944033622741699,27.802690505981445,0.8437440395355225
2997,386,0.1884765625,0.09826739132404327,27.696149826049805,0.8473341464996338
2998,448,0.21875,0.10121453553438187,27.79783821105957,0.8428164124488831
2999,374,0.1826171875,0.10897520184516907,30.193777084350586,0.8224115967750549
3000,485,0.23681640625,0.12916205823421478,21.996992111206055,0.8961992859840393
3001,577,0.28173828125,0.11795850843191147,21.766725540161133,0.8901857137680054
3002,621,0.30322265625,0.11035675555467606,19.601566314697266,0.9106020927429199
3003,733,0.35791015625,0.09978088736534119,22.748525619506836,0.8855787515640259
3004,765,0.37353515625,0.10600338876247406,26.281787872314453,0.8590620756149292
3005,747,0.36474609375,0.10214734822511673,25.278486251831055,0.8695390820503235
3006,648,0.31640625,0.10839850455522537,24.971057891845703,0.8733766078948975
3007,596,0.291015625,0.11469615250825882,21.517898559570312,0.8983693718910217
3008,595,0.29052734375,0.11122450232505798,21.304279327392578,0.900916337966919
3009,611,0.29833984375,0.11485978215932846,23.196775436401367,0.8848980069160461
3010,595,0.29052734375,0.11481744796037674,23.850605010986328,0.8819813132286072
3011,535,0.26123046875,0.1158389076590538,24.207834243774414,0.881348192691803
3012,485,0.23681640625,0.12001403421163559,26.13998031616211,0.8618729710578918
3013,543,0.26513671875,0.11423937231302261,25.341476440429688,0.870475172996521
3014,555,0.27099609375,0.12209150940179825,22.417144775390625,0.895598828792572
3015,546,0.2666015625,0.12023072689771652,22.57123374938965,0.8964727520942688
3016,593,0.28955078125,0.11187904328107834,22.404029846191406,0.8970015048980713
3017,626,0.3056640625,0.09710218012332916,24.63081932067871,0.8710834980010986
3018,552,0.26953125,0.10163849592208862,22.76344871520996,0.8923991918563843
3019,511,0.24951171875,0.1038537248969078,23.047754287719727,0.8909786939620972
3020,504,0.24609375,0.11011604219675064,24.1873722076416,0.8799194693565369
3021,569,0.27783203125,0.10379163920879364,24.77507781982422,0.8771969676017761
3022,526,0.2568359375,0.1066301092505455,24.633209228515625,0.8794550895690918
3023,567,0.27685546875,0.09999873489141464,25.125564575195312,0.874962568283081
3024,586,0.2861328125,0.0984635129570961,23.805927276611328,0.8836764693260193
3025,662,0.3232421875,0.09829037636518478,25.03443717956543,0.8672569990158081
3026,745,0.36376953125,0.10948415845632553,25.882062911987305,0.8573071956634521
3027,681,0.33251953125,0.0999767854809761,23.140766143798828,0.8825188875198364
3028,590,0.2880859375,0.103721983730793,25.52253532409668,0.8646488785743713
3029,524,0.255859375,0.1038743108510971,26.145923614501953,0.8612323999404907
3030,501,0.24462890625,0.0988827645778656,25.599328994750977,0.8652365207672119
3031,447,0.21826171875,0.10375986248254776,27.042837142944336,0.8530232906341553
3032,477,0.23291015625,0.10445898026227951,26.054243087768555,0.8639997839927673
3033,499,0.24365234375,0.1014295294880867,25.435195922851562,0.8673199415206909
3034,577,0.28173828125,0.09650985151529312,22.68996810913086,0.8937704563140869
3035,651,0.31787109375,0.09876065701246262,23.800947189331055,0.8792523741722107
3036,620,0.302734375,0.10509081184864044,26.322673797607422,0.8538967967033386
3037,611,0.29833984375,0.10816914588212967,23.866130828857422,0.8812796473503113
3038,660,0.322265625,0.10613476485013962,23.257911682128906,0.8824744820594788
3039,569,0.27783203125,0.11908259242773056,26.524250030517578,0.8534917831420898
3040,686,0.3349609375,0.1304599791765213,34.002132415771484,0.7720109224319458
3041,654,0.3193359375,0.11735295504331589,30.652923583984375,0.8040024638175964
3042,803,0.39208984375,0.15948551893234253,36.225547790527344,0.7601290941238403
3043,709,0.34619140625,0.15237455070018768,35.567020416259766,0.7587984204292297
3044,544,0.265625,0.1495542675256729,29.02650260925293,0.8335371613502502
3045,566,0.2763671875,0.1514875739812851,28.332365036010742,0.835109531879425
3046,532,0.259765625,0.1431731879711151,31.09256362915039,0.8175192475318909
3047,656,0.3203125,0.1330990344285965,32.34641647338867,0.7879149317741394
3048,850,0.4150390625,0.13460440933704376,31.86624526977539,0.8098199367523193
3049,852,0.416015625,0.14435648918151855,27.252166748046875,0.8447145819664001
3050,838,0.4091796875,0.1347036063671112,26.537927627563477,0.8494332432746887
3051,800,0.390625,0.13682083785533905,28.97957992553711,0.8312017917633057
3052,776,0.37890625,0.14408361911773682,27.70488929748535,0.8435203433036804
3053,834,0.4072265625,0.16459126770496368,28.713401794433594,0.8322674036026001
3054,792,0.38671875,0.17715291678905487,28.76521110534668,0.8287314772605896
3055,755,0.36865234375,0.15292775630950928,31.2537841796875,0.8044700622558594
3056,812,0.396484375,0.18326832354068756,28.4818172454834,0.8305558562278748
3057,597,0.29150390625,0.19720593094825745,26.850830078125,0.8393144607543945
3058,546,0.2666015625,0.1933075487613678,28.76481056213379,0.8202608823776245
3059,665,0.32470703125,0.20499272644519806,27.736146926879883,0.8304398655891418
3060,723,0.35302734375,0.2131125032901764,31.951074600219727,0.7969722747802734
3061,671,0.32763671875,0.1849958449602127,34.585960388183594,0.7720219492912292
3062,659,0.32177734375,0.20396214723587036,36.70331954956055,0.7500033974647522
3063,640,0.3125,0.18152600526809692,36.45289611816406,0.7571737766265869
3064,496,0.2421875,0.14731267094612122,37.09010314941406,0.7526761889457703
3065,479,0.23388671875,0.14403299987316132,38.00307083129883,0.7403782606124878
3066,570,0.2783203125,0.15084919333457947,31.028194427490234,0.8123018145561218
3067,599,0.29248046875,0.14481574296951294,28.916866302490234,0.8280490636825562
3068,565,0.27587890625,0.14535070955753326,30.528093338012695,0.809350848197937
3069,493,0.24072265625,0.1435794234275818,37.325218200683594,0.7383015155792236
3070,467,0.22802734375,0.11436296254396439,31.36652183532715,0.8026902675628662
3071,500,0.244140625,0.12702874839305878,31.300275802612305,0.8081872463226318
3072,467,0.22802734375,0.12760485708713531,29.507631301879883,0.8221799731254578
3073,462,0.2255859375,0.14081503450870514,29.074609756469727,0.8229589462280273
3074,443,0.21630859375,0.14010927081108093,29.190670013427734,0.819768488407135
3075,433,0.21142578125,0.20017388463020325,36.97640609741211,0.7363163828849792
3076,415,0.20263671875,0.1401793211698532,27.703336715698242,0.841172993183136
3077,425,0.20751953125,0.16672435402870178,32.966087341308594,0.7878663539886475
3078,426,0.2080078125,0.1377161294221878,26.497282028198242,0.8472747802734375
3079,430,0.2099609375,0.14182786643505096,28.05643081665039,0.838873565196991
3080,453,0.22119140625,0.13702070713043213,36.676780700683594,0.7567259073257446
3081,536,0.26171875,0.10761844366788864,32.98875427246094,0.8052075505256653
3082,568,0.27734375,0.10577484220266342,35.82783889770508,0.7810351848602295
3083,732,0.357421875,0.20478825271129608,50.67020034790039,0.6031715273857117
3084,672,0.328125,0.17606644332408905,50.79798126220703,0.5887848138809204
3085,551,0.26904296875,0.14953593909740448,38.84547424316406,0.7296710014343262
3086,621,0.30322265625,0.11417600512504578,24.619976043701172,0.8692286014556885
3087,745,0.36376953125,0.12265606224536896,21.272363662719727,0.8964167237281799
3088,852,0.416015625,0.1303274780511856,23.60774803161621,0.8769475221633911
3089,800,0.390625,0.1494838446378708,51.567108154296875,0.5822873115539551
3090,849,0.41455078125,0.1187560185790062,20.535497665405273,0.8983840942382812
3091,685,0.33447265625,0.1176779493689537,21.859403610229492,0.8892979025840759
3092,466,0.2275390625,0.1183340847492218,29.689533233642578,0.831156849861145
3093,411,0.20068359375,0.12026374042034149,38.03318786621094,0.7491233944892883
3094,488,0.23828125,0.1364743709564209,40.87770462036133,0.7104213237762451
3095,501,0.24462890625,0.13741175830364227,37.596710205078125,0.745011568069458
3096,422,0.2060546875,0.114042267203331,34.029518127441406,0.783884584903717
3097,417,0.20361328125,0.12051497399806976,34.075950622558594,0.7818961143493652
3098,412,0.201171875,0.11356623470783234,35.13928985595703,0.7748464941978455
3099,454,0.2216796875,0.11921906471252441,36.600250244140625,0.7515310645103455
3100,471,0.22998046875,0.13689394295215607,40.271121978759766,0.7144187092781067
3101,466,0.2275390625,0.136352077126503,37.7689208984375,0.7461017966270447
3102,495,0.24169921875,0.12984955310821533,37.73099899291992,0.744790256023407
3103,475,0.23193359375,0.11735547333955765,35.96725082397461,0.7629571557044983
3104,480,0.234375,0.12959526479244232,35.73765563964844,0.7645176649093628
3105,456,0.22265625,0.1458664983510971,35.87181091308594,0.7667331099510193
3106,450,0.2197265625,0.13228629529476166,34.64533996582031,0.7786316871643066
3107,402,0.1962890625,0.14988413453102112,33.88299560546875,0.7858873009681702
3108,393,0.19189453125,0.16791117191314697,35.434654235839844,0.7559195756912231
3109,404,0.197265625,0.14641301333904266,33.749481201171875,0.7810325026512146
3110,384,0.1875,0.14167355000972748,35.066837310791016,0.7727944254875183
3111,358,0.1748046875,0.13397571444511414,33.87144088745117,0.7857089638710022
3112,305,0.14892578125,0.13649754226207733,35.32036209106445,0.7749918699264526
3113,263,0.12841796875,0.139325812458992,36.297088623046875,0.7685940861701965
3114,291,0.14208984375,0.1325496882200241,34.66083908081055,0.7849641442298889
3115,304,0.1484375,0.13310053944587708,33.78854751586914,0.7919638156890869
3116,324,0.158203125,0.13047941029071808,34.67772674560547,0.7803944945335388
3117,311,0.15185546875,0.1281326711177826,35.50983428955078,0.7727996110916138
3118,321,0.15673828125,0.14299267530441284,41.60758590698242,0.7006212472915649
3119,316,0.154296875,0.13650372624397278,42.14055633544922,0.6948646903038025
3120,768,0.375,0.1367153376340866,35.28279495239258,0.7673737406730652
3121,699,0.34130859375,0.1362849473953247,37.72774124145508,0.739913821220398
3122,768,0.375,0.14489828050136566,33.7872314453125,0.7791172862052917
3123,791,0.38623046875,0.15226615965366364,33.9941520690918,0.7753185629844666
3124,797,0.38916015625,0.13757094740867615,29.199302673339844,0.8251579999923706
3125,846,0.4130859375,0.12422175705432892,31.053335189819336,0.8001977205276489
3126,862,0.4208984375,0.13544607162475586,34.82634735107422,0.7628000974655151
3127,928,0.453125,0.1560617983341217,31.031705856323242,0.7928690314292908
3128,899,0.43896484375,0.16162091493606567,28.530780792236328,0.824329137802124
3129,955,0.46630859375,0.166057750582695,28.721715927124023,0.823614776134491
3130,947,0.46240234375,0.1491411328315735,27.127729415893555,0.834467887878418
3131,895,0.43701171875,0.14243298768997192,40.203548431396484,0.7056684494018555
3132,984,0.48046875,0.14393645524978638,33.3399658203125,0.7727521061897278
3133,937,0.45751953125,0.13404320180416107,22.55963897705078,0.8807675242424011
3134,744,0.36328125,0.13420316576957703,34.11476516723633,0.7832300066947937
3135,965,0.47119140625,0.13497866690158844,21.22951889038086,0.8803966641426086
3136,980,0.478515625,0.12382867932319641,20.938919067382812,0.8832074403762817
3137,1080,0.52734375,0.11915423721075058,21.798189163208008,0.8794929385185242
3138,1048,0.51171875,0.10506652295589447,22.69413185119629,0.8752509951591492
3139,998,0.4873046875,0.11182031780481339,21.705209732055664,0.8847162127494812
3140,1021,0.49853515625,0.10432818531990051,39.239871978759766,0.7212525606155396
3141,1100,0.537109375,0.11111590266227722,43.74070358276367,0.6769960522651672
3142,1016,0.49609375,0.12560683488845825,27.86831283569336,0.8383640646934509
3143,1153,0.56298828125,0.13310983777046204,30.036548614501953,0.8094272017478943
3144,385,0.18798828125,0.20250040292739868,43.45017623901367,0.6701241731643677
3145,1225,0.59814453125,0.17399919033050537,57.2217903137207,0.5169562697410583
3146,977,0.47705078125,0.11296679079532623,39.20627975463867,0.7325273156166077
3147,306,0.1494140625,0.13961437344551086,34.15778732299805,0.7780412435531616
3148,318,0.1552734375,0.1713264286518097,36.380775451660156,0.7517179846763611
3149,348,0.169921875,0.18100155889987946,33.58430862426758,0.7807750701904297
3150,1081,0.52783203125,0.14851835370063782,31.127605438232422,0.7956334352493286
3151,748,0.365234375,0.09476587921380997,28.721256256103516,0.8298974633216858
3152,589,0.28759765625,0.10425328463315964,26.447372436523438,0.8493502140045166
3153,571,0.27880859375,0.10385479032993317,28.211408615112305,0.8300665020942688
3154,560,0.2734375,0.10356543958187103,25.83783721923828,0.8484183549880981
3155,598,0.2919921875,0.10186304152011871,24.09852409362793,0.86184161901474
3156,753,0.36767578125,0.10272260010242462,22.35316276550293,0.8758535385131836
3157,611,0.29833984375,0.11617974191904068,26.49810028076172,0.8424978256225586
3158,558,0.2724609375,0.11753977835178375,26.75747299194336,0.8386953473091125
3159,494,0.2412109375,0.12534603476524353,34.88101577758789,0.7677624225616455
3160,383,0.18701171875,0.12371791154146194,31.151803970336914,0.8103190660476685
3161,403,0.19677734375,0.12017291784286499,29.82900047302246,0.823691725730896
3162,466,0.2275390625,0.13958238065242767,31.340354919433594,0.8049285411834717
3163,347,0.16943359375,0.11497745662927628,26.83176612854004,0.8549673557281494
3164,311,0.15185546875,0.1056646928191185,26.062158584594727,0.8657399415969849
3165,298,0.1455078125,0.09301074594259262,26.857248306274414,0.8604211211204529
3166,301,0.14697265625,0.09622257947921753,26.578746795654297,0.8637418746948242
3167,270,0.1318359375,0.09059567749500275,27.471355438232422,0.8570645451545715
3168,281,0.13720703125,0.09387441724538803,27.582138061523438,0.8557875752449036
3169,314,0.1533203125,0.09132568538188934,28.438261032104492,0.8439128994941711
3170,342,0.1669921875,0.10085517168045044,30.031526565551758,0.8285987973213196
3171,358,0.1748046875,0.10622335225343704,28.95977020263672,0.8391149044036865
3172,317,0.15478515625,0.08851756155490875,26.000228881835938,0.868330717086792
3173,290,0.1416015625,0.08762049674987793,26.68854331970215,0.863889217376709
3174,287,0.14013671875,0.08452074974775314,26.841632843017578,0.8589510917663574
3175,280,0.13671875,0.08663313090801239,26.899272918701172,0.8573776483535767
3176,286,0.1396484375,0.0833762064576149,25.48111915588379,0.8748107552528381
3177,261,0.12744140625,0.09474417567253113,27.38319969177246,0.8571964502334595
3178,280,0.13671875,0.08976653963327408,26.298240661621094,0.8648620247840881
3179,301,0.14697265625,0.08742699027061462,26.99720573425293,0.8588380813598633
3180,296,0.14453125,0.08791522681713104,26.04977798461914,0.8716230392456055
3181,308,0.150390625,0.08464433252811432,26.29435157775879,0.8631313443183899
3182,319,0.15576171875,0.08889090269804001,26.565343856811523,0.8628360033035278
3183,295,0.14404296875,0.08835461735725403,25.6949462890625,0.8737607598304749
3184,308,0.150390625,0.09061000496149063,26.30280113220215,0.8655951619148254
3185,329,0.16064453125,0.10585255920886993,27.063539505004883,0.8559527397155762
3186,327,0.15966796875,0.09409897774457932,26.02596092224121,0.8673476576805115
3187,355,0.17333984375,0.10567834973335266,27.2359561920166,0.8523200154304504
3188,373,0.18212890625,0.10771429538726807,29.631359100341797,0.829968273639679
3189,355,0.17333984375,0.10698830336332321,28.085227966308594,0.8474562168121338
3190,335,0.16357421875,0.10296761989593506,27.813350677490234,0.8491819500923157
3191,320,0.15625,0.10649862885475159,27.056982040405273,0.8559216260910034
3192,349,0.17041015625,0.11566983163356781,28.39139747619629,0.841296374797821
3193,310,0.1513671875,0.10080546885728836,25.94963836669922,0.8704917430877686
3194,302,0.1474609375,0.10962410271167755,28.294355392456055,0.8486424088478088
3195,349,0.17041015625,0.11783864349126816,30.437877655029297,0.8262956142425537
3196,352,0.171875,0.12876468896865845,33.618255615234375,0.7916128635406494
3197,365,0.17822265625,0.12109079957008362,29.614063262939453,0.8319079875946045
3198,353,0.17236328125,0.12658895552158356,30.92766761779785,0.8202299475669861
3199,395,0.19287109375,0.1358744502067566,30.48403549194336,0.824907124042511
3200,102,0.0498046875,0.16150052845478058,33.26778793334961,0.7975668907165527
3201,102,0.0498046875,0.15878504514694214,31.96485137939453,0.8109958171844482
3202,91,0.04443359375,0.15291015803813934,34.46300506591797,0.7798290252685547
3203,95,0.04638671875,0.14998866617679596,32.694068908691406,0.8002263307571411
3204,98,0.0478515625,0.1367921233177185,33.01054000854492,0.7995232343673706
3205,113,0.05517578125,0.14477816224098206,34.0030403137207,0.7860163450241089
3206,117,0.05712890625,0.14335180819034576,34.21028518676758,0.778993546962738
3207,131,0.06396484375,0.15028302371501923,34.52443313598633,0.7749662399291992
3208,124,0.060546875,0.14403867721557617,33.85343933105469,0.7865007519721985
3209,117,0.05712890625,0.1439468413591385,32.808876037597656,0.7979575991630554
3210,122,0.0595703125,0.1298186182975769,33.82585906982422,0.7897126078605652
3211,115,0.05615234375,0.12922696769237518,32.939361572265625,0.8015124797821045
3212,109,0.05322265625,0.13718664646148682,31.06987762451172,0.8208209872245789
3213,115,0.05615234375,0.13250941038131714,32.10769271850586,0.810286283493042
3214,108,0.052734375,0.13484559953212738,30.887033462524414,0.8242241144180298
3215,108,0.052734375,0.13340041041374207,31.388427734375,0.8179214000701904
3216,107,0.05224609375,0.1374274045228958,32.426719665527344,0.8121705651283264
3217,106,0.0517578125,0.14145740866661072,31.593963623046875,0.8181912302970886
3218,101,0.04931640625,0.14037880301475525,30.661659240722656,0.8234057426452637
3219,107,0.05224609375,0.14091064035892487,30.987911224365234,0.8244774341583252
3220,116,0.056640625,0.148929625749588,30.36110496520996,0.8297913074493408
3221,129,0.06298828125,0.16450969874858856,31.80754852294922,0.8118545413017273
3222,119,0.05810546875,0.1437760293483734,31.215526580810547,0.8192582130432129
3223,106,0.0517578125,0.14215119183063507,31.833898544311523,0.8137627840042114
3224,109,0.05322265625,0.1296539008617401,32.09314727783203,0.8099284172058105
3225,107,0.05224609375,0.12320313602685928,31.664531707763672,0.8206989765167236
3226,111,0.05419921875,0.12459700554609299,31.655061721801758,0.8180137872695923
3227,118,0.0576171875,0.13120563328266144,32.22861099243164,0.8122079968452454
3228,138,0.0673828125,0.1327732354402542,34.62013244628906,0.7819240689277649
3229,144,0.0703125,0.13663341104984283,34.460453033447266,0.7781477570533752
3230,136,0.06640625,0.1409074366092682,33.25170135498047,0.7935143709182739
3231,138,0.0673828125,0.14095143973827362,31.850685119628906,0.809593677520752
3232,123,0.06005859375,0.1384917050600052,31.453418731689453,0.8189067244529724
3233,92,0.044921875,0.1253408044576645,30.750259399414062,0.8231735825538635
3234,95,0.04638671875,0.13599088788032532,33.58736801147461,0.7878506183624268
3235,88,0.04296875,0.13486795127391815,33.41828536987305,0.7937961220741272
3236,68,0.033203125,0.14198079705238342,34.71556854248047,0.7811283469200134
3237,78,0.0380859375,0.14817914366722107,34.28172302246094,0.7781907916069031
3238,75,0.03662109375,0.1556159108877182,36.0768928527832,0.7683644890785217
3239,64,0.03125,0.1636897176504135,35.20594787597656,0.7771866321563721
3240,271,0.13232421875,0.12337031215429306,30.539440155029297,0.814065158367157
3241,279,0.13623046875,0.106441929936409,27.439441680908203,0.850238025188446
3242,281,0.13720703125,0.1101057305932045,28.300230026245117,0.8395197987556458
3243,294,0.1435546875,0.10057935863733292,29.24435043334961,0.8289237022399902
3244,294,0.1435546875,0.09867101162672043,27.60026741027832,0.8481443524360657
3245,281,0.13720703125,0.10236643254756927,28.727100372314453,0.8352562189102173
3246,261,0.12744140625,0.09456595033407211,25.71226692199707,0.8666325211524963
3247,284,0.138671875,0.09472375363111496,26.369836807250977,0.8545804023742676
3248,304,0.1484375,0.10397275537252426,27.67974853515625,0.84500652551651
3249,283,0.13818359375,0.09389986842870712,28.217884063720703,0.8377509713172913
3250,300,0.146484375,0.10617151856422424,29.35778045654297,0.8289030194282532
3251,332,0.162109375,0.09687359631061554,29.371767044067383,0.8251844644546509
3252,364,0.177734375,0.099504254758358,29.346908569335938,0.8312751054763794
3253,418,0.2041015625,0.10901813209056854,31.24448013305664,0.8068938851356506
3254,416,0.203125,0.11094322800636292,30.12405014038086,0.8222039341926575
3255,378,0.1845703125,0.0960422232747078,29.011842727661133,0.8352800607681274
3256,344,0.16796875,0.09032802283763885,29.438615798950195,0.8324928879737854
3257,333,0.16259765625,0.0938209593296051,28.60885238647461,0.8397657871246338
3258,344,0.16796875,0.09631188213825226,29.9141845703125,0.8252533078193665
3259,316,0.154296875,0.09595920145511627,29.497676849365234,0.8304164409637451
3260,296,0.14453125,0.09185398370027542,28.48801040649414,0.8393084406852722
3261,287,0.14013671875,0.09407517313957214,29.83452796936035,0.8247565031051636
3262,303,0.14794921875,0.09757736325263977,28.618892669677734,0.840379536151886
3263,273,0.13330078125,0.09526386111974716,30.65057945251465,0.818228542804718
3264,255,0.12451171875,0.09945559501647949,32.390201568603516,0.7972651124000549
3265,237,0.11572265625,0.09977717697620392,30.623058319091797,0.8156052827835083
3266,247,0.12060546875,0.10391233116388321,31.931589126586914,0.8032897710800171
3267,240,0.1171875,0.10375481843948364,31.60956573486328,0.8068181276321411
3268,235,0.11474609375,0.10604193061590195,31.39035987854004,0.8088517189025879
3269,229,0.11181640625,0.11055786907672882,30.834339141845703,0.8109363913536072
3270,206,0.1005859375,0.1210290938615799,32.338844299316406,0.7977555394172668
3271,177,0.08642578125,0.13008783757686615,31.584400177001953,0.8058661222457886
3272,164,0.080078125,0.14976613223552704,30.761919021606445,0.8184444308280945
3273,155,0.07568359375,0.1562771499156952,30.980445861816406,0.8169229626655579
3274,168,0.08203125,0.14064675569534302,31.884056091308594,0.8086287975311279
3275,172,0.083984375,0.1390652060508728,30.604915618896484,0.8214362263679504
3276,168,0.08203125,0.1417793333530426,30.903724670410156,0.8178021311759949
3277,148,0.072265625,0.14875608682632446,30.909820556640625,0.8216577768325806
3278,167,0.08154296875,0.13769382238388062,31.809459686279297,0.8073835372924805
3279,190,0.0927734375,0.12616655230522156,33.29637908935547,0.7939901351928711
3280,68,0.033203125,0.1310332715511322,35.42566680908203,0.7747665643692017
3281,84,0.041015625,0.15668319165706635,39.34233856201172,0.7262017130851746
3282,89,0.04345703125,0.14866748452186584,36.18144607543945,0.7613664865493774
3283,94,0.0458984375,0.15354909002780914,34.76072311401367,0.781266450881958
3284,99,0.04833984375,0.15242937207221985,34.10995864868164,0.7909443378448486
3285,114,0.0556640625,0.17424558103084564,36.14902877807617,0.7662807703018188
3286,112,0.0546875,0.17371805012226105,35.28314971923828,0.772097110748291
3287,96,0.046875,0.1610671579837799,34.77983093261719,0.7836628556251526
3288,100,0.048828125,0.16481992602348328,35.21512222290039,0.7792867422103882
3289,97,0.04736328125,0.168551966547966,32.02595520019531,0.8123323321342468
3290,95,0.04638671875,0.17700724303722382,30.852855682373047,0.8264208436012268
3291,107,0.05224609375,0.17511479556560516,32.601844787597656,0.7985941171646118
3292,107,0.05224609375,0.18016502261161804,32.62692642211914,0.7948618531227112
3293,107,0.05224609375,0.16614596545696259,31.942350387573242,0.8047764301300049
3294,118,0.0576171875,0.18109166622161865,33.582462310791016,0.7938134670257568
3295,113,0.05517578125,0.1627362221479416,31.95346450805664,0.8082240223884583
3296,118,0.0576171875,0.14816680550575256,33.06791305541992,0.7941246628761292
3297,106,0.0517578125,0.14180804789066315,33.275630950927734,0.797903299331665
3298,108,0.052734375,0.14239920675754547,32.13916015625,0.807687520980835
3299,112,0.0546875,0.1410180777311325,30.05242919921875,0.8259583115577698
3300,111,0.05419921875,0.14504840970039368,30.155986785888672,0.8239083290100098
3301,111,0.05419921875,0.14364127814769745,29.234838485717773,0.8341507315635681
3302,112,0.0546875,0.13989709317684174,30.918615341186523,0.8185420036315918
3303,112,0.0546875,0.1415424793958664,31.38682746887207,0.8142158389091492
3304,110,0.0537109375,0.13501033186912537,30.0541934967041,0.8335515856742859
3305,111,0.05419921875,0.14297273755073547,31.264768600463867,0.8154687881469727
3306,121,0.05908203125,0.15389254689216614,31.004989624023438,0.8080977201461792
3307,105,0.05126953125,0.15022340416908264,30.969209671020508,0.8221850395202637
3308,111,0.05419921875,0.1586095243692398,30.113019943237305,0.8266618251800537
3309,107,0.05224609375,0.15116801857948303,30.43214988708496,0.8248956799507141
3310,119,0.05810546875,0.1580973118543625,30.963706970214844,0.808311939239502
3311,117,0.05712890625,0.15889807045459747,30.934616088867188,0.8053016066551208
3312,116,0.056640625,0.1550116091966629,32.81598663330078,0.7906709313392639
3313,109,0.05322265625,0.1534041315317154,34.08243179321289,0.782567024230957
3314,101,0.04931640625,0.14648450911045074,30.808740615844727,0.8247313499450684
3315,110,0.0537109375,0.1525159627199173,32.53220748901367,0.8029154539108276
3316,122,0.0595703125,0.17024405300617218,32.61285400390625,0.7972478270530701
3317,116,0.056640625,0.15858417749404907,29.02931785583496,0.8301970362663269
3318,126,0.0615234375,0.17154920101165771,30.825847625732422,0.8125487565994263
3319,119,0.05810546875,0.16743837296962738,30.1212100982666,0.8192772269248962
3320,273,0.13330078125,0.10218089818954468,28.60536766052246,0.8237133622169495
3321,302,0.1474609375,0.09486126154661179,27.983430862426758,0.8400065302848816
3322,299,0.14599609375,0.09708264470100403,25.33935546875,0.8651235103607178
3323,272,0.1328125,0.09964912384748459,24.94444465637207,0.8690221905708313
3324,329,0.16064453125,0.11743754148483276,31.42750358581543,0.8056313991546631
3325,291,0.14208984375,0.09751991927623749,25.478572845458984,0.8609175682067871
3326,295,0.14404296875,0.1039222776889801,26.49307632446289,0.8519213795661926
3327,277,0.13525390625,0.11335082352161407,30.248571395874023,0.8122349977493286
3328,219,0.10693359375,0.10636121034622192,29.19245719909668,0.8286070227622986
3329,217,0.10595703125,0.10663606971502304,29.306703567504883,0.8286091089248657
3330,207,0.10107421875,0.11608629673719406,28.646574020385742,0.8295624256134033
3331,195,0.09521484375,0.10913290828466415,28.864151000976562,0.8358370065689087
3332,169,0.08251953125,0.11111555248498917,31.6612606048584,0.8088446855545044
3333,173,0.08447265625,0.1152307316660881,32.58802032470703,0.7927811741828918
3334,172,0.083984375,0.11479775607585907,31.58949089050293,0.8089821338653564
3335,173,0.08447265625,0.11358734220266342,32.98837661743164,0.7966454029083252
3336,196,0.095703125,0.12613292038440704,33.14980697631836,0.7880618572235107
3337,198,0.0966796875,0.11228179186582565,31.530670166015625,0.808186411857605
3338,174,0.0849609375,0.11609913408756256,32.91075134277344,0.7965345978736877
3339,162,0.0791015625,0.11868656426668167,32.484947204589844,0.8037990927696228
3340,169,0.08251953125,0.11879553645849228,32.410400390625,0.800969123840332
3341,180,0.087890625,0.12007160484790802,33.01510238647461,0.802375853061676
3342,201,0.09814453125,0.10452879220247269,32.28105163574219,0.8060960173606873
3343,239,0.11669921875,0.1103188693523407,33.57140350341797,0.789269745349884
3344,236,0.115234375,0.09723619371652603,31.258079528808594,0.8094004392623901
3345,295,0.14404296875,0.09208713471889496,28.033023834228516,0.8368667364120483
3346,359,0.17529296875,0.12001512944698334,29.06328010559082,0.822588324546814
3347,333,0.16259765625,0.11322589218616486,27.356842041015625,0.8345914483070374
3348,342,0.1669921875,0.12483438104391098,31.213027954101562,0.804006040096283
3349,327,0.15966796875,0.12583546340465546,43.79500961303711,0.6647764444351196
3350,460,0.224609375,0.1542491614818573,40.87012481689453,0.6964966058731079
3351,383,0.18701171875,0.1362348198890686,36.566654205322266,0.7418423295021057
3352,313,0.15283203125,0.10583727806806564,27.770729064941406,0.8343567252159119
3353,436,0.212890625,0.13472530245780945,29.63548469543457,0.8178195953369141
3354,466,0.2275390625,0.15083076059818268,31.178050994873047,0.806858241558075
3355,366,0.1787109375,0.12317275255918503,29.471345901489258,0.8248617053031921
3356,258,0.1259765625,0.1049584448337555,29.60456085205078,0.8281861543655396
3357,231,0.11279296875,0.09734400361776352,29.072967529296875,0.8318747878074646
3358,238,0.1162109375,0.10977742075920105,32.015350341796875,0.7972456812858582
3359,185,0.09033203125,0.10291298478841782,31.278060913085938,0.8147057890892029
3360,352,0.171875,0.14682647585868835,36.54578399658203,0.7507280111312866
3361,322,0.1572265625,0.13306240737438202,36.74114990234375,0.7522963285446167
3362,335,0.16357421875,0.11783111840486526,36.28761291503906,0.7579653859138489
3363,406,0.1982421875,0.116719089448452,35.78946304321289,0.7596564292907715
3364,396,0.193359375,0.1123201996088028,36.56440734863281,0.7520882487297058
3365,517,0.25244140625,0.13315922021865845,39.32451248168945,0.7144468426704407
3366,329,0.16064453125,0.10451183468103409,37.11372756958008,0.7327210903167725
3367,311,0.15185546875,0.10182256996631622,35.45969009399414,0.7576304078102112
3368,357,0.17431640625,0.09674599021673203,38.11628341674805,0.7392465472221375
3369,503,0.24560546875,0.12939010560512543,39.24961853027344,0.720808744430542
3370,380,0.185546875,0.10309010744094849,39.077693939208984,0.7210004329681396
3371,563,0.27490234375,0.16709329187870026,47.42215347290039,0.6273584961891174
3372,480,0.234375,0.1506493240594864,48.26395797729492,0.6166396737098694
3373,694,0.3388671875,0.14671587944030762,45.813629150390625,0.6444990634918213
3374,551,0.26904296875,0.11464759707450867,40.36833572387695,0.7054417729377747
3375,494,0.2412109375,0.12245194613933563,37.03976058959961,0.7452005743980408
3376,457,0.22314453125,0.1095479279756546,38.446250915527344,0.7311860918998718
3377,396,0.193359375,0.11673314869403839,43.94059753417969,0.6669864654541016
3378,265,0.12939453125,0.10323604941368103,39.839210510253906,0.7016671895980835
3379,293,0.14306640625,0.10082105547189713,40.24654769897461,0.708992063999176
3380,237,0.11572265625,0.10870994627475739,40.32381820678711,0.711802065372467
3381,158,0.0771484375,0.10817089676856995,35.905418395996094,0.7597091794013977
3382,159,0.07763671875,0.11742004752159119,38.267398834228516,0.7338904738426208
3383,167,0.08154296875,0.10619348287582397,36.46012496948242,0.751103401184082
3384,140,0.068359375,0.1239558756351471,32.48002243041992,0.7939239144325256
3385,155,0.07568359375,0.14426244795322418,34.40654754638672,0.7735767364501953
3386,155,0.07568359375,0.14268635213375092,34.43632125854492,0.7742843627929688
3387,221,0.10791015625,0.09757190942764282,34.471412658691406,0.7707017660140991
3388,214,0.1044921875,0.10411296039819717,36.04910659790039,0.7522483468055725
3389,182,0.0888671875,0.12630721926689148,33.81559371948242,0.7733088731765747
3390,181,0.08837890625,0.11777307093143463,32.430763244628906,0.7965490221977234
3391,189,0.09228515625,0.12620973587036133,33.900115966796875,0.7792539000511169
3392,185,0.09033203125,0.13693295419216156,34.00552749633789,0.7771473526954651
3393,177,0.08642578125,0.13039006292819977,32.26644515991211,0.7985695600509644
3394,145,0.07080078125,0.1703108698129654,35.203399658203125,0.7666609883308411
3395,131,0.06396484375,0.19579316675662994,38.54913330078125,0.7306739687919617
3396,141,0.06884765625,0.19978828728199005,38.8200798034668,0.7256184220314026
3397,127,0.06201171875,0.17449180781841278,38.33298110961914,0.7299607396125793
3398,121,0.05908203125,0.17976196110248566,39.15715789794922,0.7164294719696045
3399,152,0.07421875,0.17783471941947937,42.8866081237793,0.6806856393814087
3400,218,0.1064453125,0.1977638155221939,35.87905502319336,0.7624960541725159
3401,179,0.08740234375,0.167426198720932,35.37198257446289,0.7686198949813843
3402,228,0.111328125,0.1966332495212555,35.94966506958008,0.7581393122673035
3403,197,0.09619140625,0.1689085215330124,33.599491119384766,0.7904567122459412
3404,215,0.10498046875,0.2031312882900238,35.57794189453125,0.7559483647346497
3405,181,0.08837890625,0.1705741137266159,35.96427536010742,0.7525418996810913
3406,226,0.1103515625,0.19329436123371124,37.2491340637207,0.7397841811180115
3407,233,0.11376953125,0.14451821148395538,35.683982849121094,0.7488323450088501
3408,261,0.12744140625,0.18786419928073883,36.601322174072266,0.7409996390342712
3409,261,0.12744140625,0.13464684784412384,34.62937927246094,0.7584165334701538
3410,260,0.126953125,0.1301601231098175,35.317359924316406,0.7677266597747803
3411,277,0.13525390625,0.1469070166349411,33.7519645690918,0.7890709638595581
3412,274,0.1337890625,0.15513771772384644,34.50630187988281,0.782224178314209
3413,254,0.1240234375,0.13273030519485474,33.873252868652344,0.7919146418571472
3414,264,0.12890625,0.12583297491073608,36.26279830932617,0.7636245489120483
3415,271,0.13232421875,0.12306064367294312,35.94109344482422,0.7718877196311951
3416,300,0.146484375,0.1424018293619156,36.46403884887695,0.7677261829376221
3417,276,0.134765625,0.13563711941242218,33.56143569946289,0.7947556972503662
3418,268,0.130859375,0.13061146438121796,32.7349967956543,0.8073748350143433
3419,269,0.13134765625,0.14617149531841278,33.34564971923828,0.7977412939071655
3420,290,0.1416015625,0.1473904848098755,33.755008697509766,0.7916681170463562
3421,280,0.13671875,0.14790448546409607,33.82662582397461,0.7902911305427551
3422,263,0.12841796875,0.13870950043201447,31.96942901611328,0.8114289045333862
3423,283,0.13818359375,0.11921744793653488,33.25311279296875,0.7927042841911316
3424,366,0.1787109375,0.12588031589984894,34.631710052490234,0.779053807258606
3425,378,0.1845703125,0.1257838010787964,34.48106384277344,0.7753342986106873
3426,361,0.17626953125,0.12452363222837448,31.00850486755371,0.8100097179412842
3427,340,0.166015625,0.1313929259777069,32.07211685180664,0.8049715757369995
3428,355,0.17333984375,0.11814279109239578,30.856067657470703,0.8112401962280273
3429,357,0.17431640625,0.11437910050153732,32.89102554321289,0.7930395007133484
3430,336,0.1640625,0.14128178358078003,32.79164505004883,0.7955265045166016
3431,312,0.15234375,0.16483251750469208,31.469078063964844,0.8135859370231628
3432,312,0.15234375,0.14959688484668732,31.124897003173828,0.8159167766571045
3433,307,0.14990234375,0.1615564525127411,30.83192253112793,0.8168904185295105
3434,319,0.15576171875,0.13850010931491852,32.84348678588867,0.7999176979064941
3435,278,0.1357421875,0.15822766721248627,32.128875732421875,0.805568277835846
3436,261,0.12744140625,0.15541988611221313,32.3161506652832,0.8038209080696106
3437,260,0.126953125,0.16446475684642792,32.79384994506836,0.7944061756134033
3438,264,0.12890625,0.1800355166196823,33.517372131347656,0.7880620956420898
3439,274,0.1337890625,0.19628171622753143,32.454315185546875,0.7969933152198792
3440,127,0.06201171875,0.1429455280303955,28.195642471313477,0.8460716605186462
3441,124,0.060546875,0.14310571551322937,27.191492080688477,0.8422024846076965
3442,109,0.05322265625,0.14568082988262177,25.625865936279297,0.8615092635154724
3443,119,0.05810546875,0.1422283798456192,26.951107025146484,0.8436136841773987
3444,116,0.056640625,0.16745035350322723,25.989513397216797,0.8555172681808472
3445,104,0.05078125,0.1610957831144333,25.631296157836914,0.8594970703125
3446,96,0.046875,0.17486990988254547,24.719614028930664,0.8728759288787842
3447,78,0.0380859375,0.20017464458942413,28.97823143005371,0.8363803029060364
3448,66,0.0322265625,0.20245783030986786,31.89133071899414,0.8125090003013611
3449,69,0.03369140625,0.19918441772460938,31.73699951171875,0.813521683216095
3450,68,0.033203125,0.21032463014125824,32.052734375,0.8071337938308716
3451,70,0.0341796875,0.20019671320915222,31.793344497680664,0.8135042786598206
3452,70,0.0341796875,0.2103256732225418,33.873626708984375,0.7904996871948242
3453,79,0.03857421875,0.19913087785243988,32.04072952270508,0.805019736289978
3454,85,0.04150390625,0.20018211007118225,32.29792022705078,0.804865837097168
3455,79,0.03857421875,0.21549928188323975,32.081016540527344,0.8047606348991394
3456,81,0.03955078125,0.1956663578748703,31.726816177368164,0.8093433976173401
3457,83,0.04052734375,0.19252881407737732,31.61786460876465,0.8132778406143188
3458,74,0.0361328125,0.2039869874715805,29.450782775878906,0.8348357677459717
3459,74,0.0361328125,0.2033635973930359,30.05422592163086,0.8225666880607605
3460,81,0.03955078125,0.17194229364395142,29.087812423706055,0.8339537382125854
3461,99,0.04833984375,0.15021443367004395,28.58407974243164,0.8424203991889954
3462,93,0.04541015625,0.14935339987277985,27.791913986206055,0.8508719205856323
3463,91,0.04443359375,0.1736644208431244,27.486560821533203,0.8470888137817383
3464,83,0.04052734375,0.1755407452583313,27.254423141479492,0.8516820669174194
3465,93,0.04541015625,0.17478950321674347,29.873046875,0.8311460018157959
3466,109,0.05322265625,0.17677165567874908,29.066844940185547,0.8381901383399963
3467,129,0.06298828125,0.16445617377758026,29.981966018676758,0.8273427486419678
3468,141,0.06884765625,0.1676430106163025,26.497495651245117,0.8623313903808594
3469,123,0.06005859375,0.17789432406425476,30.259157180786133,0.8277453780174255
3470,89,0.04345703125,0.18640802800655365,29.705141067504883,0.8229678869247437
3471,78,0.0380859375,0.2038384974002838,29.901695251464844,0.8316238522529602
3472,68,0.033203125,0.21105216443538666,28.733219146728516,0.8425696492195129
3473,66,0.0322265625,0.21466423571109772,30.27168083190918,0.8248067498207092
3474,63,0.03076171875,0.2138785421848297,29.824813842773438,0.8349246382713318
3475,61,0.02978515625,0.19801916182041168,27.697465896606445,0.8563146591186523
3476,84,0.041015625,0.1689746081829071,30.390098571777344,0.8276761174201965
3477,80,0.0390625,0.2019156664609909,30.227432250976562,0.8349148035049438
3478,74,0.0361328125,0.19679006934165955,30.901227951049805,0.832036554813385
3479,82,0.0400390625,0.2070012092590332,34.59873962402344,0.786848783493042
3480,723,0.35302734375,0.12686090171337128,49.01447296142578,0.6056495904922485
3481,1090,0.5322265625,0.1133090928196907,60.60330581665039,0.44910362362861633
3482,653,0.31884765625,0.1280076652765274,48.55329513549805,0.6093207597732544
3483,855,0.41748046875,0.11603234708309174,52.95085525512695,0.5517141222953796
3484,1280,0.625,0.09484871476888657,52.402931213378906,0.5598011612892151
3485,780,0.380859375,0.084739550948143,39.2432975769043,0.7124360203742981
3486,1414,0.6904296875,0.0880734845995903,51.224552154541016,0.5685514807701111
3487,704,0.34375,0.0991438552737236,35.89411544799805,0.759308397769928
3488,762,0.3720703125,0.06509102135896683,35.655582427978516,0.7579208612442017
3489,570,0.2783203125,0.10953894257545471,34.44969940185547,0.7756175398826599
3490,857,0.41845703125,0.06474936008453369,50.62519073486328,0.5958248376846313
3491,1545,0.75439453125,0.06438741087913513,49.59756088256836,0.612197995185852
3492,1751,0.85498046875,0.06934091448783875,49.846717834472656,0.603646993637085
3493,1648,0.8046875,0.06068357825279236,50.091129302978516,0.6045435667037964
3494,1607,0.78466796875,0.06548484414815903,50.186031341552734,0.602566123008728
3495,1040,0.5078125,0.09924248605966568,42.14578628540039,0.7030133008956909
3496,956,0.466796875,0.11135435104370117,43.37717819213867,0.690101683139801
3497,1151,0.56201171875,0.05583158880472183,54.9062614440918,0.5474801659584045
3498,625,0.30517578125,0.13348430395126343,44.719444274902344,0.6834257245063782
3499,885,0.43212890625,0.11960838735103607,25.940279006958008,0.8509448170661926
3500,854,0.4169921875,0.12064293771982193,34.19987487792969,0.7934549450874329
3501,1127,0.55029296875,0.11479576677083969,36.35439682006836,0.7610373497009277
3502,974,0.4755859375,0.1233525425195694,31.212291717529297,0.8141666054725647
3503,522,0.2548828125,0.13206230103969574,40.59099197387695,0.7242860794067383
3504,511,0.24951171875,0.13993391394615173,38.20744323730469,0.7503170967102051
3505,1473,0.71923828125,0.11495453119277954,57.66084289550781,0.5017949938774109
3506,586,0.2861328125,0.11751214414834976,32.05397415161133,0.8110899329185486
3507,599,0.29248046875,0.1159667819738388,35.25154113769531,0.763435423374176
3508,1061,0.51806640625,0.11688365042209625,50.04787826538086,0.5917847752571106
3509,1071,0.52294921875,0.12485522776842117,45.15563201904297,0.659343957901001
3510,1030,0.5029296875,0.1230221763253212,43.92960739135742,0.6780391931533813
3511,1045,0.51025390625,0.1237657368183136,41.2371711730957,0.7046303153038025
3512,777,0.37939453125,0.13557277619838715,34.91435241699219,0.7753617167472839
3513,719,0.35107421875,0.14121606945991516,36.25141906738281,0.7592586874961853
3514,1183,0.57763671875,0.11084060370922089,28.564115524291992,0.8214510083198547
3515,1310,0.6396484375,0.09632868319749832,30.118499755859375,0.8134196400642395
3516,1603,0.78271484375,0.09711237251758575,34.26132583618164,0.7700400352478027
3517,1593,0.77783203125,0.09023843705654144,40.876426696777344,0.7154485583305359
3518,822,0.4013671875,0.1421288251876831,36.307952880859375,0.7586140036582947
3519,1171,0.57177734375,0.08105672895908356,59.69947052001953,0.47085443139076233
3520,70,0.0341796875,0.21745362877845764,37.79555130004883,0.7460546493530273
3521,66,0.0322265625,0.22804878652095795,38.56919479370117,0.7400557994842529
3522,69,0.03369140625,0.22947841882705688,38.17237854003906,0.7409909963607788
3523,71,0.03466796875,0.2239333838224411,35.41029739379883,0.7740317583084106
3524,74,0.0361328125,0.2149117887020111,37.1680793762207,0.7479375600814819
3525,73,0.03564453125,0.20736293494701385,34.298282623291016,0.786382257938385
3526,75,0.03662109375,0.18101762235164642,33.73453903198242,0.7950234413146973
3527,72,0.03515625,0.193287655711174,34.35333251953125,0.781691312789917
3528,76,0.037109375,0.19545398652553558,33.4071044921875,0.795844554901123
3529,77,0.03759765625,0.17693699896335602,33.19060134887695,0.8012712597846985
3530,81,0.03955078125,0.20679983496665955,35.23064422607422,0.7703707814216614
3531,87,0.04248046875,0.20526309311389923,35.245460510253906,0.7789166569709778
3532,91,0.04443359375,0.23484721779823303,37.4254150390625,0.7511305212974548
3533,81,0.03955078125,0.1912737339735031,34.86652755737305,0.7790874242782593
3534,80,0.0390625,0.2012154459953308,35.08399963378906,0.7791684865951538
3535,76,0.037109375,0.19663207232952118,34.14518737792969,0.7925677299499512
3536,73,0.03564453125,0.19713789224624634,34.450347900390625,0.7857248187065125
3537,75,0.03662109375,0.12112019956111908,33.11551284790039,0.8002167344093323
3538,76,0.037109375,0.12429092079401016,32.685298919677734,0.808415949344635
3539,75,0.03662109375,0.12392711639404297,34.2755241394043,0.7849105000495911
3540,84,0.041015625,0.13467399775981903,34.85026168823242,0.7803409099578857
3541,78,0.0380859375,0.14771293103694916,33.83135986328125,0.7906354069709778
3542,76,0.037109375,0.12048479169607162,33.0870246887207,0.7995982766151428
3543,72,0.03515625,0.1366768777370453,35.37330627441406,0.7718943357467651
3544,72,0.03515625,0.13057208061218262,33.845829010009766,0.7907969355583191
3545,77,0.03759765625,0.11950957030057907,34.54192352294922,0.7871352434158325
3546,80,0.0390625,0.1402832418680191,31.821575164794922,0.8135458827018738
3547,74,0.0361328125,0.13688407838344574,33.23014831542969,0.8024561405181885
3548,81,0.03955078125,0.12508192658424377,34.83588790893555,0.7776507139205933
3549,85,0.04150390625,0.13233023881912231,34.58073425292969,0.78943932056427
3550,89,0.04345703125,0.17848332226276398,37.111000061035156,0.7554775476455688
3551,83,0.04052734375,0.1327287256717682,35.49447250366211,0.775444507598877
3552,82,0.0400390625,0.12460282444953918,34.58687210083008,0.7828446626663208
3553,80,0.0390625,0.12905855476856232,32.06022262573242,0.814090371131897
3554,86,0.0419921875,0.14710678160190582,33.350833892822266,0.8006485104560852
3555,84,0.041015625,0.13410665094852448,33.61195373535156,0.7997744679450989
3556,91,0.04443359375,0.13447614014148712,34.946632385253906,0.7881463766098022
3557,79,0.03857421875,0.12192674726247787,34.914493560791016,0.7843453884124756
3558,81,0.03955078125,0.19070591032505035,36.403446197509766,0.7680276036262512
3559,75,0.03662109375,0.14306163787841797,36.92681121826172,0.7541342973709106
3560,254,0.1240234375,0.12093161791563034,31.47523307800293,0.8024044632911682
3561,247,0.12060546875,0.11859048902988434,30.242891311645508,0.8177233338356018
3562,231,0.11279296875,0.12929755449295044,29.01073455810547,0.8236789703369141
3563,196,0.095703125,0.10473693162202835,27.92713737487793,0.8386515378952026
3564,208,0.1015625,0.10595481097698212,28.44214630126953,0.8408299684524536
3565,218,0.1064453125,0.1076480895280838,28.081132888793945,0.8401819467544556
3566,225,0.10986328125,0.10709347575902939,29.30448341369629,0.8287032842636108
3567,228,0.111328125,0.1250273585319519,28.060028076171875,0.8351169228553772
3568,228,0.111328125,0.12276855856180191,30.490009307861328,0.8174422979354858
3569,272,0.1328125,0.13330772519111633,30.869571685791016,0.8075615763664246
3570,240,0.1171875,0.12855611741542816,27.836383819580078,0.8329489231109619
3571,227,0.11083984375,0.1105029433965683,28.58482551574707,0.8305767178535461
3572,221,0.10791015625,0.11305753886699677,28.34389877319336,0.8398983478546143
3573,204,0.099609375,0.11424008011817932,26.675809860229492,0.8541242480278015
3574,226,0.1103515625,0.11078877747058868,27.829301834106445,0.833442211151123
3575,240,0.1171875,0.12096194177865982,26.774127960205078,0.8483332991600037
3576,214,0.1044921875,0.10541097819805145,25.936630249023438,0.8535120487213135
3577,238,0.1162109375,0.12633582949638367,27.719192504882812,0.8330067992210388
3578,255,0.12451171875,0.13243086636066437,30.52390480041504,0.8032919764518738
3579,229,0.11181640625,0.12166175991296768,28.13082504272461,0.8304392695426941
3580,237,0.11572265625,0.11241739988327026,27.212154388427734,0.8413019776344299
3581,226,0.1103515625,0.1084812805056572,26.33298683166504,0.8517149686813354
3582,255,0.12451171875,0.12700392305850983,27.925138473510742,0.8326961994171143
3583,249,0.12158203125,0.12410730868577957,28.16291046142578,0.8293723464012146
3584,240,0.1171875,0.11322873830795288,28.384199142456055,0.834563136100769
3585,235,0.11474609375,0.11352849751710892,29.052248001098633,0.8235741853713989
3586,219,0.10693359375,0.11949700117111206,28.444272994995117,0.83585125207901
3587,215,0.10498046875,0.11962554603815079,28.46734046936035,0.8386050462722778
3588,205,0.10009765625,0.12302719056606293,29.749494552612305,0.8220800757408142
3589,207,0.10107421875,0.12337104976177216,31.04343605041504,0.8067067265510559
3590,191,0.09326171875,0.12005876004695892,30.67524528503418,0.8128938674926758
3591,196,0.095703125,0.12582792341709137,29.784807205200195,0.8238611221313477
3592,198,0.0966796875,0.1237095445394516,31.03139877319336,0.8110283017158508
3593,190,0.0927734375,0.12723831832408905,30.565813064575195,0.817383885383606
3594,200,0.09765625,0.11781896650791168,29.691389083862305,0.8252324461936951
3595,212,0.103515625,0.12104519456624985,30.46218490600586,0.8227249979972839
3596,160,0.078125,0.11656897515058517,29.551708221435547,0.8337761163711548
3597,179,0.08740234375,0.1154947355389595,30.67323875427246,0.8206934332847595
3598,181,0.08837890625,0.11146396398544312,30.143129348754883,0.8217641711235046
3599,162,0.0791015625,0.11099850386381149,30.305496215820312,0.820974588394165
3600,177,0.08642578125,0.12097011506557465,33.08012771606445,0.7940030694007874
3601,173,0.08447265625,0.12420819699764252,33.76844024658203,0.7847304344177246
3602,185,0.09033203125,0.12700124084949493,32.6081657409668,0.8013155460357666
3603,184,0.08984375,0.1173558384180069,31.032808303833008,0.8148630261421204
3604,184,0.08984375,0.12929415702819824,31.961732864379883,0.8059612512588501
3605,168,0.08203125,0.12042298913002014,32.09724807739258,0.808562159538269
3606,159,0.07763671875,0.10967393219470978,32.84285354614258,0.803405225276947
3607,160,0.078125,0.12132977694272995,32.60038757324219,0.8016810417175293
3608,165,0.08056640625,0.12133121490478516,32.61251449584961,0.8021560907363892
3609,173,0.08447265625,0.11668804287910461,31.931610107421875,0.8103959560394287
3610,187,0.09130859375,0.12470725178718567,31.85877227783203,0.8065420389175415
3611,199,0.09716796875,0.12518124282360077,33.8341178894043,0.7826083898544312
3612,186,0.0908203125,0.12780693173408508,31.955183029174805,0.8094890117645264
3613,165,0.08056640625,0.11741591989994049,32.32590866088867,0.8074748516082764
3614,168,0.08203125,0.12176776677370071,32.79648971557617,0.7998536229133606
3615,154,0.0751953125,0.11634229868650436,32.642337799072266,0.7992970943450928
3616,154,0.0751953125,0.11131880432367325,34.63441848754883,0.7790784239768982
3617,152,0.07421875,0.11783134192228317,35.0708122253418,0.7706265449523926
3618,141,0.06884765625,0.10891655087471008,34.65959930419922,0.7796653509140015
3619,149,0.07275390625,0.11900442093610764,34.48845672607422,0.7806012630462646
3620,148,0.072265625,0.11559444665908813,35.98313903808594,0.7724184393882751
3621,142,0.0693359375,0.1120467334985733,35.35565185546875,0.7744548916816711
3622,141,0.06884765625,0.11803083121776581,36.956336975097656,0.7566097378730774
3623,132,0.064453125,0.11535767465829849,36.14189910888672,0.7613258957862854
3624,131,0.06396484375,0.11777188628911972,34.82716369628906,0.7731183171272278
3625,123,0.06005859375,0.12156016379594803,34.95955276489258,0.7805771231651306
3626,119,0.05810546875,0.1247771829366684,36.90180206298828,0.7567945122718811
3627,115,0.05615234375,0.12715043127536774,36.4486198425293,0.7572970390319824
3628,119,0.05810546875,0.12052943557500839,33.06977844238281,0.7978992462158203
3629,117,0.05712890625,0.11833617091178894,35.05764389038086,0.7783024311065674
3630,121,0.05908203125,0.12382640689611435,34.5652961730957,0.782052218914032
3631,121,0.05908203125,0.1310194879770279,35.06488800048828,0.7726752161979675
3632,133,0.06494140625,0.12746645510196686,31.19352149963379,0.8219165205955505
3633,139,0.06787109375,0.12472838908433914,33.514678955078125,0.7940373420715332
3634,136,0.06640625,0.1317455768585205,33.42880630493164,0.7927514314651489
3635,129,0.06298828125,0.12981778383255005,33.40657424926758,0.7913011312484741
3636,125,0.06103515625,0.13990418612957,32.56098937988281,0.8073082566261292
3637,121,0.05908203125,0.13147151470184326,33.007423400878906,0.8032422661781311
3638,124,0.060546875,0.1360098421573639,34.48381423950195,0.7880530953407288
3639,113,0.05517578125,0.13934490084648132,34.24551773071289,0.788551926612854
3640,397,0.19384765625,0.1332826018333435,30.008459091186523,0.8191846609115601
3641,438,0.2138671875,0.13814303278923035,28.52682876586914,0.8357086777687073
3642,501,0.24462890625,0.13770388066768646,26.886741638183594,0.8503051400184631
3643,627,0.30615234375,0.15835793316364288,26.171382904052734,0.8539688587188721
3644,538,0.2626953125,0.15568675100803375,27.82270622253418,0.840149462223053
3645,658,0.3212890625,0.1555321216583252,24.007465362548828,0.8718887567520142
3646,605,0.29541015625,0.1402294933795929,24.916940689086914,0.8746297359466553
3647,566,0.2763671875,0.13381652534008026,26.381309509277344,0.8623262047767639
3648,602,0.2939453125,0.13831888139247894,23.234359741210938,0.8830773234367371
3649,540,0.263671875,0.14933650195598602,24.946155548095703,0.8564328551292419
3650,568,0.27734375,0.149099200963974,22.524442672729492,0.8715277910232544
3651,649,0.31689453125,0.14025333523750305,22.814605712890625,0.8707689046859741
3652,778,0.3798828125,0.14735820889472961,21.91853904724121,0.8754867315292358
3653,727,0.35498046875,0.14759038388729095,20.054668426513672,0.8884176015853882
3654,679,0.33154296875,0.13590602576732635,22.528785705566406,0.8809643387794495
3655,622,0.3037109375,0.1375637650489807,20.643360137939453,0.8918795585632324
3656,573,0.27978515625,0.1387978196144104,22.92355728149414,0.8793734312057495
3657,611,0.29833984375,0.12717288732528687,21.35654640197754,0.8975017666816711
3658,547,0.26708984375,0.14595183730125427,21.788740158081055,0.8828178644180298
3659,558,0.2724609375,0.13439613580703735,20.957191467285156,0.8876962065696716
3660,534,0.2607421875,0.11982439458370209,23.89137077331543,0.8732097744941711
3661,534,0.2607421875,0.1181166023015976,24.107345581054688,0.875684380531311
3662,519,0.25341796875,0.11989516019821167,24.22174835205078,0.8765066266059875
3663,589,0.28759765625,0.11489289999008179,25.599834442138672,0.8648759722709656
3664,767,0.37451171875,0.10772977769374847,24.911727905273438,0.8788608908653259
3665,1068,0.521484375,0.11827898770570755,25.572616577148438,0.8515704870223999
3666,773,0.37744140625,0.09218467026948929,20.967363357543945,0.9016949534416199
3667,860,0.419921875,0.09684249758720398,24.937152862548828,0.8730588555335999
3668,1304,0.63671875,0.09801162034273148,28.163726806640625,0.8298249840736389
3669,970,0.4736328125,0.094205342233181,25.558765411376953,0.8606988787651062
3670,828,0.404296875,0.08471564203500748,22.800365447998047,0.886345386505127
3671,1105,0.53955078125,0.09392945468425751,25.975170135498047,0.8509626388549805
3672,491,0.23974609375,0.17031194269657135,37.34482192993164,0.7514286637306213
3673,1606,0.7841796875,0.10875237733125687,43.930450439453125,0.6791825890541077
3674,494,0.2412109375,0.1759486049413681,36.38025665283203,0.7580728530883789
3675,431,0.21044921875,0.17076043784618378,30.263612747192383,0.8137074708938599
3676,460,0.224609375,0.14944623410701752,30.388580322265625,0.8228916525840759
3677,1579,0.77099609375,0.09638956934213638,40.56669998168945,0.7147457003593445
3678,1585,0.77392578125,0.09864577651023865,49.75636672973633,0.6076952219009399
3679,1167,0.56982421875,0.11920896172523499,57.699703216552734,0.5048606395721436
3680,29,0.01416015625,0.18078239262104034,38.216678619384766,0.7560916543006897
3681,30,0.0146484375,0.1821717768907547,36.17179489135742,0.7832378149032593
3682,29,0.01416015625,0.18093571066856384,32.256404876708984,0.8100991249084473
3683,29,0.01416015625,0.1749068647623062,34.33412170410156,0.7919953465461731
3684,27,0.01318359375,0.17541584372520447,32.895694732666016,0.8159186244010925
3685,32,0.015625,0.17475676536560059,40.344383239746094,0.728343665599823
3686,31,0.01513671875,0.17170637845993042,42.944637298583984,0.6916521191596985
3687,31,0.01513671875,0.13922587037086487,42.82327651977539,0.7010294795036316
3688,22,0.0107421875,0.1453651338815689,38.706607818603516,0.7520879507064819
3689,26,0.0126953125,0.1345021277666092,41.39997100830078,0.7199811935424805
3690,31,0.01513671875,0.13057176768779755,40.43940734863281,0.729660153388977
3691,23,0.01123046875,0.1390915811061859,40.783267974853516,0.7266654372215271
3692,23,0.01123046875,0.12490153312683105,38.19597625732422,0.7520915865898132
3693,25,0.01220703125,0.12176055461168289,38.21014404296875,0.7333652377128601
3694,22,0.0107421875,0.1313287317752838,39.9868278503418,0.7058366537094116
3695,28,0.013671875,0.12422637641429901,36.11558151245117,0.7665675282478333
3696,23,0.01123046875,0.13547208905220032,39.247249603271484,0.7154848575592041
3697,19,0.00927734375,0.13258875906467438,39.49768829345703,0.7261241674423218
3698,20,0.009765625,0.13083063066005707,41.16511917114258,0.7046054601669312
3699,20,0.009765625,0.1157585009932518,34.33259963989258,0.791549026966095
3700,15,0.00732421875,0.1150456964969635,35.061397552490234,0.7678162455558777
3701,14,0.0068359375,0.11872898042201996,32.545467376708984,0.8105068206787109
3702,17,0.00830078125,0.12525811791419983,32.68208694458008,0.8035833835601807
3703,24,0.01171875,0.12282395362854004,35.27799606323242,0.780060350894928
3704,24,0.01171875,0.11711689829826355,34.93950271606445,0.778998851776123
3705,22,0.0107421875,0.12288950383663177,32.04677963256836,0.8088830709457397
3706,20,0.009765625,0.13243107497692108,39.050086975097656,0.7286238670349121
3707,22,0.0107421875,0.137385755777359,37.95315933227539,0.74031662940979
3708,20,0.009765625,0.13978081941604614,37.22832107543945,0.7459101676940918
3709,18,0.0087890625,0.15563656389713287,29.70698356628418,0.8257139921188354
3710,25,0.01220703125,0.14549963176250458,31.410810470581055,0.8145098686218262
3711,24,0.01171875,0.16007088124752045,32.866397857666016,0.8062441945075989
3712,38,0.0185546875,0.13458546996116638,39.67656326293945,0.7290385365486145
3713,35,0.01708984375,0.1442316472530365,35.70845413208008,0.7814391851425171
3714,42,0.0205078125,0.1465848684310913,34.66119384765625,0.7851869463920593
3715,45,0.02197265625,0.13925500214099884,36.78424072265625,0.7622420191764832
3716,49,0.02392578125,0.15230175852775574,36.09385299682617,0.7676854729652405
3717,48,0.0234375,0.15712787210941315,36.63248825073242,0.7563495635986328
3718,51,0.02490234375,0.13144832849502563,37.66288375854492,0.7599459886550903
3719,55,0.02685546875,0.13440647721290588,39.84510040283203,0.7264337539672852
3720,350,0.1708984375,0.15170778334140778,26.296939849853516,0.8566471934318542
3721,379,0.18505859375,0.14208842813968658,25.512746810913086,0.8645299077033997
3722,387,0.18896484375,0.13488520681858063,25.950820922851562,0.8539265394210815
3723,397,0.19384765625,0.13394027948379517,27.123640060424805,0.8411872982978821
3724,392,0.19140625,0.13364769518375397,25.991315841674805,0.8520919680595398
3725,398,0.1943359375,0.13227635622024536,25.459077835083008,0.8554266691207886
3726,409,0.19970703125,0.13698320090770721,25.117311477661133,0.8630581498146057
3727,351,0.17138671875,0.1441859006881714,27.434480667114258,0.8376215100288391
3728,365,0.17822265625,0.14454986155033112,26.7714900970459,0.8527761697769165
3729,377,0.18408203125,0.1389816552400589,26.4189510345459,0.8491075038909912
3730,415,0.20263671875,0.1387336701154709,26.70254135131836,0.8435323238372803
3731,359,0.17529296875,0.13839006423950195,25.90110969543457,0.8551202416419983
3732,393,0.19189453125,0.134162038564682,24.262039184570312,0.8701007962226868
3733,337,0.16455078125,0.14747954905033112,24.96588897705078,0.8624362945556641
3734,377,0.18408203125,0.13712769746780396,24.65877342224121,0.8689317107200623
3735,453,0.22119140625,0.12879031896591187,25.980993270874023,0.8597536683082581
3736,491,0.23974609375,0.1336861550807953,27.46129608154297,0.8445313572883606
3737,547,0.26708984375,0.1443585306406021,28.561195373535156,0.8217532634735107
3738,480,0.234375,0.13478921353816986,25.18488121032715,0.8627128601074219
3739,488,0.23828125,0.1389344483613968,26.42564582824707,0.8421161770820618
3740,423,0.20654296875,0.14467264711856842,24.54804801940918,0.8659590482711792
3741,413,0.20166015625,0.13761132955551147,24.724971771240234,0.8654884099960327
3742,373,0.18212890625,0.13533790409564972,24.267353057861328,0.8673885464668274
3743,412,0.201171875,0.14138557016849518,24.552331924438477,0.8670400381088257
3744,384,0.1875,0.1368856132030487,25.35310173034668,0.8637964725494385
3745,474,0.2314453125,0.13452938199043274,25.323596954345703,0.8594108819961548
3746,507,0.24755859375,0.13766972720623016,25.536304473876953,0.8531313538551331
3747,513,0.25048828125,0.14739277958869934,26.997337341308594,0.8430479764938354
3748,496,0.2421875,0.1395041048526764,25.001371383666992,0.8590542078018188
3749,493,0.24072265625,0.14346271753311157,25.698057174682617,0.8529703617095947
3750,484,0.236328125,0.1359584629535675,26.315216064453125,0.8470709919929504
3751,578,0.2822265625,0.13688567280769348,28.85542106628418,0.8295060396194458
3752,617,0.30126953125,0.14181125164031982,30.44383430480957,0.8166013956069946
3753,650,0.3173828125,0.1531940996646881,29.956409454345703,0.8232026696205139
3754,674,0.3291015625,0.15030425786972046,30.087942123413086,0.8209221363067627
3755,738,0.3603515625,0.15534386038780212,32.204795837402344,0.7972855567932129
3756,912,0.4453125,0.18108665943145752,30.85395622253418,0.8058091402053833
3757,715,0.34912109375,0.1821107566356659,34.7972297668457,0.7564885020256042
3758,714,0.3486328125,0.17765524983406067,36.92270278930664,0.7314279675483704
3759,746,0.3642578125,0.1880325824022293,38.08391189575195,0.7218557000160217
3760,109,0.05322265625,0.1576065719127655,32.6442756652832,0.8060384392738342
3761,103,0.05029296875,0.13606368005275726,31.310197830200195,0.8239886164665222
3762,93,0.04541015625,0.1321437954902649,30.779130935668945,0.8288809061050415
3763,94,0.0458984375,0.12999777495861053,30.996143341064453,0.8223017454147339
3764,102,0.0498046875,0.14594349265098572,33.00287628173828,0.795585036277771
3765,99,0.04833984375,0.15857931971549988,33.422149658203125,0.7986124157905579
3766,103,0.05029296875,0.1466539353132248,32.3410530090332,0.8057694435119629
3767,92,0.044921875,0.15247873961925507,34.611328125,0.7781109809875488
3768,90,0.0439453125,0.1289028823375702,32.34158706665039,0.8085508346557617
3769,108,0.052734375,0.14583750069141388,33.58798599243164,0.7967556118965149
3770,117,0.05712890625,0.14711183309555054,32.67462158203125,0.8032199144363403
3771,125,0.06103515625,0.13224518299102783,31.341875076293945,0.8223769068717957
3772,128,0.0625,0.12874849140644073,31.765979766845703,0.8154322504997253
3773,134,0.0654296875,0.11973676830530167,33.7940673828125,0.7903045415878296
3774,121,0.05908203125,0.12915390729904175,34.80719757080078,0.7815536856651306
3775,119,0.05810546875,0.13061673939228058,31.834806442260742,0.8152903318405151
3776,121,0.05908203125,0.147041454911232,33.696651458740234,0.7952834367752075
3777,133,0.06494140625,0.1258663684129715,32.326988220214844,0.8104212284088135
3778,136,0.06640625,0.11701605468988419,33.270687103271484,0.7976800799369812
3779,132,0.064453125,0.11856136471033096,31.51216697692871,0.819736123085022
3780,130,0.0634765625,0.1277015060186386,33.168792724609375,0.7967423796653748
3781,124,0.060546875,0.127902090549469,33.134098052978516,0.8043004870414734
3782,120,0.05859375,0.1399337351322174,31.98809814453125,0.8118094205856323
3783,116,0.056640625,0.1457386165857315,33.30705642700195,0.7979894280433655
3784,113,0.05517578125,0.1412743777036667,34.25000762939453,0.7928421497344971
3785,112,0.0546875,0.13794781267642975,34.533103942871094,0.7835208773612976
3786,102,0.0498046875,0.1292489767074585,30.393688201904297,0.8255064487457275
3787,108,0.052734375,0.13896262645721436,32.094417572021484,0.8077605366706848
3788,106,0.0517578125,0.15472453832626343,31.966899871826172,0.8136436939239502
3789,115,0.05615234375,0.14436346292495728,33.00429153442383,0.805925190448761
3790,110,0.0537109375,0.14829890429973602,33.23651885986328,0.8046072125434875
3791,109,0.05322265625,0.14159990847110748,32.54698181152344,0.8105036020278931
3792,100,0.048828125,0.15597210824489594,32.05451965332031,0.8127736449241638
3793,109,0.05322265625,0.14792577922344208,35.34626007080078,0.7797120809555054
3794,92,0.044921875,0.16042596101760864,34.812992095947266,0.7824565172195435
3795,90,0.0439453125,0.1720539629459381,33.575931549072266,0.7921819686889648
3796,90,0.0439453125,0.18345238268375397,33.87886047363281,0.7931928634643555
3797,114,0.0556640625,0.1794363260269165,36.86484909057617,0.7557879090309143
3798,103,0.05029296875,0.1817663609981537,35.00647735595703,0.7789136171340942
3799,109,0.05322265625,0.20006327331066132,35.91343307495117,0.7589830160140991
3800,221,0.10791015625,0.15058086812496185,32.521183013916016,0.8001373410224915
3801,219,0.10693359375,0.15053583681583405,32.73944854736328,0.7961457371711731
3802,217,0.10595703125,0.15262888371944427,32.98717498779297,0.7943894267082214
3803,250,0.1220703125,0.15065136551856995,33.014312744140625,0.7946035861968994
3804,242,0.1181640625,0.14885172247886658,33.9349479675293,0.7858289480209351
3805,227,0.11083984375,0.15110036730766296,34.6469612121582,0.7809831500053406
3806,253,0.12353515625,0.14247961342334747,33.4566764831543,0.7900614738464355
3807,268,0.130859375,0.14407879114151,33.89015579223633,0.7824158072471619
3808,293,0.14306640625,0.13737033307552338,33.27913284301758,0.7876388430595398
3809,307,0.14990234375,0.13995367288589478,33.075889587402344,0.7902607917785645
3810,284,0.138671875,0.1387111395597458,33.120418548583984,0.7901515960693359
3811,310,0.1513671875,0.13775767385959625,32.92890167236328,0.7915349006652832
3812,321,0.15673828125,0.14662931859493256,35.00352096557617,0.7688993811607361
3813,293,0.14306640625,0.13616640865802765,34.73334503173828,0.7755489945411682
3814,317,0.15478515625,0.13150449097156525,34.33955001831055,0.7770006656646729
3815,347,0.16943359375,0.12936188280582428,34.74985885620117,0.7713687419891357
3816,305,0.14892578125,0.13994161784648895,34.52497482299805,0.7800027132034302
3817,282,0.1376953125,0.13632449507713318,32.89010238647461,0.7969802021980286
3818,268,0.130859375,0.13379117846488953,33.03657913208008,0.7946299314498901
3819,271,0.13232421875,0.13501055538654327,34.3208122253418,0.7809409499168396
3820,359,0.17529296875,0.13525407016277313,31.462757110595703,0.811464786529541
3821,376,0.18359375,0.13205364346504211,31.426645278930664,0.8088638782501221
3822,449,0.21923828125,0.14067120850086212,31.395795822143555,0.8104117512702942
3823,415,0.20263671875,0.135503351688385,30.36953353881836,0.8210842609405518
3824,448,0.21875,0.1468246728181839,31.898883819580078,0.8083149194717407
3825,456,0.22265625,0.14548690617084503,31.055877685546875,0.8164706230163574
3826,413,0.20166015625,0.14053143560886383,31.686288833618164,0.8093588948249817
3827,400,0.1953125,0.13217580318450928,31.513708114624023,0.8059675693511963
3828,446,0.2177734375,0.14790964126586914,30.881698608398438,0.8151082396507263
3829,484,0.236328125,0.14557866752147675,29.876432418823242,0.8254643678665161
3830,567,0.27685546875,0.16391128301620483,28.851028442382812,0.8315198421478271
3831,571,0.27880859375,0.15631675720214844,27.351329803466797,0.8458663821220398
3832,562,0.2744140625,0.14720313251018524,27.222646713256836,0.8477256894111633
3833,435,0.21240234375,0.14293526113033295,28.7786808013916,0.8310495615005493
3834,378,0.1845703125,0.1332564651966095,29.726932525634766,0.8232447504997253
3835,466,0.2275390625,0.1322212666273117,28.745277404785156,0.8311572670936584
3836,453,0.22119140625,0.12720251083374023,31.356971740722656,0.8105772137641907
3837,473,0.23095703125,0.12470728158950806,31.636484146118164,0.8032819032669067
3838,548,0.267578125,0.1337287575006485,30.060550689697266,0.8164868354797363
3839,512,0.25,0.12379712611436844,32.903404235839844,0.7916889786720276
3840,438,0.2138671875,0.17656061053276062,32.02730941772461,0.8091254830360413
3841,352,0.171875,0.14845573902130127,34.45099639892578,0.7823072075843811
3842,383,0.18701171875,0.15253867208957672,32.29948043823242,0.8062512874603271
3843,418,0.2041015625,0.17196416854858398,32.82818603515625,0.7995927333831787
3844,472,0.23046875,0.1905529797077179,32.589900970458984,0.7921684384346008
3845,503,0.24560546875,0.1811787635087967,32.334659576416016,0.8031790256500244
3846,517,0.25244140625,0.16865353286266327,34.455989837646484,0.7809397578239441
3847,465,0.22705078125,0.16591034829616547,31.37487030029297,0.8142608404159546
3848,445,0.21728515625,0.15202130377292633,31.571300506591797,0.8138500452041626
3849,412,0.201171875,0.14471125602722168,31.697717666625977,0.8128918409347534
3850,413,0.20166015625,0.13574270904064178,33.7004280090332,0.7949419617652893
3851,430,0.2099609375,0.1431988775730133,32.401763916015625,0.8097649812698364
3852,405,0.19775390625,0.13204050064086914,32.14140319824219,0.810859739780426
3853,393,0.19189453125,0.1297406405210495,31.858699798583984,0.8083081245422363
3854,421,0.20556640625,0.1395038515329361,37.60055923461914,0.7448810935020447
3855,374,0.1826171875,0.1459178924560547,34.2174072265625,0.7827243208885193
3856,375,0.18310546875,0.15774284303188324,34.93879699707031,0.7715318202972412
3857,382,0.1865234375,0.1544816493988037,35.08246612548828,0.7682854533195496
3858,359,0.17529296875,0.16154132783412933,33.87586212158203,0.7821989059448242
3859,327,0.15966796875,0.16630318760871887,36.59553146362305,0.7532572150230408
3860,405,0.19775390625,0.17989614605903625,36.463924407958984,0.7531325817108154
3861,414,0.2021484375,0.17352989315986633,36.81328201293945,0.7500166296958923
3862,411,0.20068359375,0.1389496922492981,33.55644607543945,0.7861645817756653
3863,418,0.2041015625,0.13868188858032227,34.31460189819336,0.7738000750541687
3864,430,0.2099609375,0.1354178488254547,34.09522247314453,0.7784021496772766
3865,405,0.19775390625,0.13026997447013855,34.76093673706055,0.7712160348892212
3866,373,0.18212890625,0.1284298151731491,32.30649185180664,0.8054034113883972
3867,408,0.19921875,0.13024140894412994,30.640661239624023,0.8212323784828186
3868,388,0.189453125,0.1406187117099762,31.05058479309082,0.8175041079521179
3869,384,0.1875,0.1411440670490265,30.98700523376465,0.8186336159706116
3870,377,0.18408203125,0.15573659539222717,32.197261810302734,0.8046083450317383
3871,414,0.2021484375,0.15838193893432617,32.54544448852539,0.793656587600708
3872,407,0.19873046875,0.1370341032743454,30.215112686157227,0.8251205086708069
3873,384,0.1875,0.13112607598304749,34.34528350830078,0.7814860343933105
3874,397,0.19384765625,0.12950022518634796,32.14602279663086,0.8069189786911011
3875,374,0.1826171875,0.14101868867874146,32.46220397949219,0.8047688603401184
3876,341,0.16650390625,0.1690523475408554,34.19388198852539,0.7857723236083984
3877,361,0.17626953125,0.19815336167812347,36.33698654174805,0.7554505467414856
3878,324,0.158203125,0.21676184237003326,37.93362808227539,0.7353065609931946
3879,334,0.1630859375,0.18184803426265717,37.009220123291016,0.7465206980705261
3880,115,0.05615234375,0.21311025321483612,41.453590393066406,0.7024337649345398
3881,107,0.05224609375,0.22078081965446472,40.944480895996094,0.7094736099243164
3882,84,0.041015625,0.20433539152145386,34.71521759033203,0.7764285802841187
3883,86,0.0419921875,0.20446185767650604,33.96080017089844,0.7873064279556274
3884,86,0.0419921875,0.231746107339859,33.723731994628906,0.7960777878761292
3885,91,0.04443359375,0.21105605363845825,37.18514633178711,0.751503050327301
3886,95,0.04638671875,0.20144839584827423,36.655853271484375,0.7667626738548279
3887,96,0.046875,0.21639211475849152,36.251346588134766,0.7747917771339417
3888,82,0.0400390625,0.21024353802204132,37.01146697998047,0.7627143263816833
3889,85,0.04150390625,0.19214412569999695,36.30075454711914,0.7721453309059143
3890,78,0.0380859375,0.20385970175266266,36.83913040161133,0.765777587890625
3891,75,0.03662109375,0.1826174557209015,36.27427673339844,0.7714987993240356
3892,87,0.04248046875,0.19205769896507263,36.02638244628906,0.770925760269165
3893,80,0.0390625,0.17732185125350952,37.29230880737305,0.7607016563415527
3894,88,0.04296875,0.16623707115650177,39.33685302734375,0.7361805438995361
3895,80,0.0390625,0.18984682857990265,35.32637023925781,0.787786602973938
3896,80,0.0390625,0.23547883331775665,37.87380599975586,0.7477949261665344
3897,89,0.04345703125,0.2221168726682663,37.40096664428711,0.75557941198349
3898,79,0.03857421875,0.2080821841955185,35.06983184814453,0.7850497364997864
3899,83,0.04052734375,0.2371860146522522,36.57423782348633,0.7657434344291687
3900,85,0.04150390625,0.21510057151317596,36.83804702758789,0.7596495747566223
3901,87,0.04248046875,0.21613554656505585,36.48701095581055,0.7596176266670227
3902,92,0.044921875,0.2127070426940918,35.698116302490234,0.7726140022277832
3903,90,0.0439453125,0.22566324472427368,34.92396545410156,0.7821931838989258
3904,96,0.046875,0.21952320635318756,35.42518615722656,0.7774502635002136
3905,113,0.05517578125,0.2141522318124771,37.26215362548828,0.7585280537605286
3906,106,0.0517578125,0.1942969560623169,35.77549743652344,0.7798517942428589
3907,112,0.0546875,0.17850731313228607,36.573368072509766,0.7619251012802124
3908,115,0.05615234375,0.16524598002433777,32.87403106689453,0.8109925389289856
3909,118,0.0576171875,0.1634877771139145,32.761112213134766,0.8043283224105835
3910,132,0.064453125,0.16484810411930084,34.964149475097656,0.7821913361549377
3911,129,0.06298828125,0.16764019429683685,34.13541793823242,0.7905130982398987
3912,125,0.06103515625,0.16489431262016296,33.88968276977539,0.7909556031227112
3913,127,0.06201171875,0.1917734444141388,34.89893341064453,0.7819342613220215
3914,121,0.05908203125,0.19285590946674347,33.040897369384766,0.8012791872024536
3915,121,0.05908203125,0.1803489774465561,35.30958938598633,0.7776227593421936
3916,126,0.0615234375,0.18565429747104645,33.89891815185547,0.7932676076889038
3917,117,0.05712890625,0.18142268061637878,31.39601707458496,0.8195523023605347
3918,110,0.0537109375,0.18394401669502258,34.06409454345703,0.7885274887084961
3919,116,0.056640625,0.19066321849822998,33.67131805419922,0.7841809988021851
3920,104,0.05078125,0.2064286470413208,38.8936653137207,0.7283797860145569
3921,87,0.04248046875,0.17216704785823822,37.64628601074219,0.7372087240219116
3922,88,0.04296875,0.16673924028873444,36.222965240478516,0.7577972412109375
3923,92,0.044921875,0.1611834019422531,37.563865661621094,0.7387928366661072
3924,91,0.04443359375,0.17900878190994263,36.8643798828125,0.7537050247192383
3925,84,0.041015625,0.18007242679595947,36.240447998046875,0.7606207728385925
3926,84,0.041015625,0.17970873415470123,35.94404983520508,0.7635959386825562
3927,80,0.0390625,0.17978480458259583,37.273658752441406,0.7496985197067261
3928,73,0.03564453125,0.1552204191684723,33.670291900634766,0.7808573246002197
3929,78,0.0380859375,0.1705690622329712,34.374229431152344,0.7765440344810486
3930,78,0.0380859375,0.1525145173072815,38.56580352783203,0.7214028239250183
3931,75,0.03662109375,0.15312311053276062,34.77482604980469,0.7632033228874207
3932,85,0.04150390625,0.15052258968353271,35.75318908691406,0.765062689781189
3933,82,0.0400390625,0.15503855049610138,33.3764762878418,0.7883171439170837
3934,97,0.04736328125,0.14346539974212646,35.76535415649414,0.7652644515037537
3935,89,0.04345703125,0.14209485054016113,36.266292572021484,0.7606844305992126
3936,92,0.044921875,0.1472545564174652,36.375675201416016,0.7566362619400024
3937,88,0.04296875,0.14320215582847595,35.711204528808594,0.7681818604469299
3938,94,0.0458984375,0.15005312860012054,39.15602493286133,0.7237539291381836
3939,90,0.0439453125,0.1498001664876938,37.896820068359375,0.7409225702285767
3940,94,0.0458984375,0.14035984873771667,37.79592514038086,0.7430819272994995
3941,89,0.04345703125,0.13930805027484894,37.63066864013672,0.7459734082221985
3942,102,0.0498046875,0.15540453791618347,37.56656265258789,0.7517256736755371
3943,101,0.04931640625,0.14421381056308746,37.58925247192383,0.7492138147354126
3944,107,0.05224609375,0.1588994711637497,38.51251220703125,0.7338750958442688
3945,121,0.05908203125,0.15484392642974854,39.56077194213867,0.7235782742500305
3946,113,0.05517578125,0.15066252648830414,37.93857955932617,0.7503916621208191
3947,118,0.0576171875,0.12722639739513397,38.163490295410156,0.7424929738044739
3948,111,0.05419921875,0.15013356506824493,38.14228057861328,0.7386724948883057
3949,113,0.05517578125,0.15349772572517395,36.89554977416992,0.7583273649215698
3950,123,0.06005859375,0.14778371155261993,39.22191619873047,0.7332194447517395
3951,119,0.05810546875,0.14941184222698212,38.58039855957031,0.7347376346588135
3952,121,0.05908203125,0.1417078673839569,38.35907745361328,0.7413251996040344
3953,124,0.060546875,0.16040298342704773,36.720054626464844,0.7580776214599609
3954,135,0.06591796875,0.15712103247642517,38.965091705322266,0.7256650328636169
3955,128,0.0625,0.14821060001850128,38.00146484375,0.7427346706390381
3956,118,0.0576171875,0.13913682103157043,36.85193634033203,0.7513070702552795
3957,123,0.06005859375,0.1454116255044937,36.36225891113281,0.7578744292259216
3958,125,0.06103515625,0.14741560816764832,36.98216247558594,0.7462081909179688
3959,145,0.07080078125,0.16617444157600403,39.385433197021484,0.7168124318122864
3960,48,0.0234375,0.1518547087907791,40.271324157714844,0.7257995009422302
3961,44,0.021484375,0.14063769578933716,36.23640823364258,0.7734907269477844
3962,47,0.02294921875,0.16949526965618134,33.34329605102539,0.8047999143600464
3963,52,0.025390625,0.13442818820476532,36.28182601928711,0.7668730020523071
3964,57,0.02783203125,0.1381794959306717,35.1389045715332,0.7709389328956604
3965,58,0.0283203125,0.1543426364660263,29.092872619628906,0.8409262299537659
3966,59,0.02880859375,0.16329817473888397,28.62196159362793,0.8433389067649841
3967,52,0.025390625,0.16080939769744873,28.226287841796875,0.8513634204864502
3968,53,0.02587890625,0.16105873882770538,29.955814361572266,0.8361008763313293
3969,58,0.0283203125,0.165886789560318,28.646989822387695,0.848881185054779
3970,54,0.0263671875,0.16764505207538605,29.833478927612305,0.8237865567207336
3971,47,0.02294921875,0.1625610738992691,29.25668716430664,0.8248317837715149
3972,51,0.02490234375,0.16225877404212952,28.350906372070312,0.8402148485183716
3973,50,0.0244140625,0.16480985283851624,29.840747833251953,0.8209179043769836
3974,43,0.02099609375,0.16640572249889374,27.411998748779297,0.8531853556632996
3975,45,0.02197265625,0.1663319170475006,27.662899017333984,0.8454246520996094
3976,53,0.02587890625,0.16157163679599762,29.589365005493164,0.819168746471405
3977,56,0.02734375,0.17895092070102692,27.92274284362793,0.8360339403152466
3978,51,0.02490234375,0.16316886246204376,28.9095458984375,0.8352914452552795
3979,57,0.02783203125,0.18313661217689514,27.684688568115234,0.8509392142295837
3980,56,0.02734375,0.16428782045841217,30.346141815185547,0.8209327459335327
3981,62,0.0302734375,0.1866370290517807,29.13505744934082,0.8284547924995422
3982,63,0.03076171875,0.17828255891799927,29.351619720458984,0.8276292681694031
3983,70,0.0341796875,0.19008855521678925,30.14818572998047,0.8155595064163208
3984,72,0.03515625,0.20319877564907074,30.18800926208496,0.815698504447937
3985,76,0.037109375,0.17675113677978516,32.127113342285156,0.799970805644989
3986,77,0.03759765625,0.1703759729862213,32.350135803222656,0.7952747344970703
3987,69,0.03369140625,0.17296718060970306,31.31982421875,0.8101391792297363
3988,66,0.0322265625,0.16279271245002747,30.588956832885742,0.8261215090751648
3989,59,0.02880859375,0.15123841166496277,31.590795516967773,0.8131389021873474
3990,65,0.03173828125,0.15631094574928284,33.61251449584961,0.802302360534668
3991,71,0.03466796875,0.15012897551059723,35.397216796875,0.7773900032043457
3992,72,0.03515625,0.1515144556760788,35.98909378051758,0.7699576616287231
3993,82,0.0400390625,0.17006780207157135,35.13901901245117,0.7786362171173096
3994,80,0.0390625,0.17161254584789276,35.82535171508789,0.770628809928894
3995,88,0.04296875,0.18375147879123688,35.580448150634766,0.7686779499053955
3996,104,0.05078125,0.24824407696723938,32.90234375,0.7941554188728333
3997,102,0.0498046875,0.2520383894443512,31.50069808959961,0.8133097887039185
3998,110,0.0537109375,0.2445482611656189,31.617996215820312,0.8047472834587097
3999,105,0.05126953125,0.24297741055488586,30.55033302307129,0.8161007761955261
4000,214,0.1044921875,0.17807748913764954,30.037508010864258,0.8142668604850769
4001,203,0.09912109375,0.1747097373008728,28.954275131225586,0.8249434232711792
4002,185,0.09033203125,0.18472549319267273,32.445255279541016,0.7927054762840271
4003,220,0.107421875,0.1742245852947235,27.972713470458984,0.8394194841384888
4004,203,0.09912109375,0.17645470798015594,27.167856216430664,0.8515011668205261
4005,229,0.11181640625,0.17677778005599976,27.918142318725586,0.8458952307701111
4006,224,0.109375,0.17449785768985748,27.473840713500977,0.8484469652175903
4007,198,0.0966796875,0.19238564372062683,28.731199264526367,0.833262026309967
4008,208,0.1015625,0.1895228624343872,28.06102752685547,0.8406714797019958
4009,206,0.1005859375,0.18339402973651886,26.810861587524414,0.8533790111541748
4010,207,0.10107421875,0.18079839646816254,28.332351684570312,0.8373462557792664
4011,212,0.103515625,0.18174371123313904,29.073074340820312,0.8350993394851685
4012,229,0.11181640625,0.17976191639900208,28.052392959594727,0.8457075357437134
4013,224,0.109375,0.1777900904417038,26.99530029296875,0.8530382513999939
4014,224,0.109375,0.17875969409942627,27.356103897094727,0.8437269926071167
4015,217,0.10595703125,0.18747112154960632,27.315990447998047,0.8404680490493774
4016,258,0.1259765625,0.17131564021110535,27.49000358581543,0.848173201084137
4017,264,0.12890625,0.17149491608142853,28.482378005981445,0.833552360534668
4018,228,0.111328125,0.1701499968767166,28.117948532104492,0.8340224027633667
4019,235,0.11474609375,0.1720840036869049,29.669940948486328,0.8175610899925232
4020,240,0.1171875,0.17273686826229095,29.698373794555664,0.8163382411003113
4021,234,0.1142578125,0.17336218059062958,29.94524574279785,0.8181688785552979
4022,196,0.095703125,0.17570902407169342,28.41728401184082,0.8295674324035645
4023,195,0.09521484375,0.17943646013736725,30.456544876098633,0.8090154528617859
4024,200,0.09765625,0.17300474643707275,30.581872940063477,0.8092741370201111
4025,219,0.10693359375,0.17540758848190308,30.92656135559082,0.8013194799423218
4026,236,0.115234375,0.17274349927902222,29.882362365722656,0.8125869631767273
4027,241,0.11767578125,0.16845840215682983,30.105607986450195,0.8066549301147461
4028,268,0.130859375,0.1595088094472885,29.29876708984375,0.8255220651626587
4029,252,0.123046875,0.16984853148460388,31.499366760253906,0.8030878305435181
4030,276,0.134765625,0.1580698937177658,30.003942489624023,0.8247641324996948
4031,270,0.1318359375,0.1644616723060608,31.048694610595703,0.814298152923584
4032,268,0.130859375,0.15779776871204376,32.29092788696289,0.7982490658760071
4033,322,0.1572265625,0.14749900996685028,31.926130294799805,0.8056980967521667
4034,302,0.1474609375,0.14877216517925262,31.811168670654297,0.7998068928718567
4035,361,0.17626953125,0.14695094525814056,35.33131790161133,0.7634083032608032
4036,384,0.1875,0.15141478180885315,38.62757873535156,0.7276396155357361
4037,311,0.15185546875,0.1427217721939087,32.0112190246582,0.7914503216743469
4038,319,0.15576171875,0.14281690120697021,32.16059875488281,0.791488528251648
4039,363,0.17724609375,0.1474999189376831,36.27195739746094,0.7460728287696838
4040,324,0.158203125,0.10288787633180618,34.007938385009766,0.781492292881012
4041,309,0.15087890625,0.10186155140399933,33.01839828491211,0.7923032641410828
4042,278,0.1357421875,0.10551346093416214,32.28118133544922,0.8031271696090698
4043,282,0.1376953125,0.10048256069421768,32.35336685180664,0.802516758441925
4044,308,0.150390625,0.09875960648059845,33.052066802978516,0.7930094003677368
4045,270,0.1318359375,0.11046099662780762,34.22979736328125,0.7806925177574158
4046,308,0.150390625,0.10219469666481018,34.02979278564453,0.7847813367843628
4047,340,0.166015625,0.09276872128248215,34.90089416503906,0.7711508274078369
4048,346,0.1689453125,0.09031841158866882,34.074222564697266,0.7824735045433044
4049,420,0.205078125,0.10890462249517441,34.25613021850586,0.7782031893730164
4050,379,0.18505859375,0.10720241069793701,33.42679977416992,0.7861968874931335
4051,382,0.1865234375,0.09068632125854492,30.91839027404785,0.8183386325836182
4052,387,0.18896484375,0.09098850190639496,30.948678970336914,0.8180723190307617
4053,369,0.18017578125,0.09832778573036194,31.63193702697754,0.8077036142349243
4054,366,0.1787109375,0.09939107298851013,30.922082901000977,0.8152555823326111
4055,355,0.17333984375,0.09782088547945023,29.71898078918457,0.8278180956840515
4056,323,0.15771484375,0.09947095811367035,30.547866821289062,0.819058358669281
4057,336,0.1640625,0.10076410323381424,30.611385345458984,0.8190380334854126
4058,440,0.21484375,0.10488913208246231,31.648283004760742,0.8121980428695679
4059,390,0.1904296875,0.0910499319434166,29.423141479492188,0.8333130478858948
4060,370,0.1806640625,0.09467087686061859,30.30927276611328,0.8230603933334351
4061,304,0.1484375,0.09270378947257996,31.962875366210938,0.8121933341026306
4062,346,0.1689453125,0.09619608521461487,31.70658302307129,0.8099271655082703
4063,369,0.18017578125,0.10538820922374725,34.706668853759766,0.772028923034668
4064,409,0.19970703125,0.10005559027194977,31.93473243713379,0.8037123084068298
4065,351,0.17138671875,0.10085640102624893,33.96144485473633,0.78268963098526
4066,386,0.1884765625,0.10101954638957977,33.08707809448242,0.7918750047683716
4067,360,0.17578125,0.09041841328144073,29.97193145751953,0.8260790705680847
4068,379,0.18505859375,0.09005866944789886,30.153701782226562,0.8198264837265015
4069,283,0.13818359375,0.09116549789905548,30.66423797607422,0.817836344242096
4070,331,0.16162109375,0.08920566737651825,28.640235900878906,0.8394405841827393
4071,323,0.15771484375,0.09381698817014694,30.14147186279297,0.8187795281410217
4072,371,0.18115234375,0.10236942023038864,29.613920211791992,0.8326771259307861
4073,317,0.15478515625,0.1024550050497055,31.849363327026367,0.8100668787956238
4074,360,0.17578125,0.10104730725288391,28.387245178222656,0.8440146446228027
4075,335,0.16357421875,0.10026975721120834,28.846799850463867,0.8408394455909729
4076,268,0.130859375,0.09568879753351212,31.945953369140625,0.8020521998405457
4077,257,0.12548828125,0.09656687080860138,31.275808334350586,0.8094239234924316
4078,231,0.11279296875,0.08852842450141907,30.000864028930664,0.8200157880783081
4079,266,0.1298828125,0.08925069868564606,27.536449432373047,0.8468313813209534
4080,122,0.0595703125,0.12501421570777893,29.873668670654297,0.8231764435768127
4081,133,0.06494140625,0.14473749697208405,28.9829158782959,0.8380745649337769
4082,137,0.06689453125,0.14422188699245453,31.53726577758789,0.8065786957740784
4083,148,0.072265625,0.1395471841096878,28.186233520507812,0.8423284292221069
4084,149,0.07275390625,0.14156390726566315,28.334705352783203,0.8357727527618408
4085,173,0.08447265625,0.15123915672302246,28.352519989013672,0.8427842259407043
4086,172,0.083984375,0.14441007375717163,27.00448226928711,0.8504894375801086
4087,171,0.08349609375,0.1469009965658188,28.97037124633789,0.8365752696990967
4088,168,0.08203125,0.15004628896713257,30.108774185180664,0.8260064721107483
4089,179,0.08740234375,0.15095137059688568,29.59419822692871,0.8292133212089539
4090,180,0.087890625,0.15713299810886383,28.308290481567383,0.8410751223564148
4091,185,0.09033203125,0.16086944937705994,27.85973358154297,0.8483197093009949
4092,190,0.0927734375,0.1543063223361969,28.888473510742188,0.8350307941436768
4093,215,0.10498046875,0.1597108244895935,30.0955867767334,0.8291246891021729
4094,203,0.09912109375,0.1579958200454712,29.66646385192871,0.8285058736801147
4095,199,0.09716796875,0.16146676242351532,29.031583786010742,0.8353344202041626
4096,208,0.1015625,0.16416697204113007,29.932964324951172,0.8271958231925964
4097,215,0.10498046875,0.16457247734069824,30.876916885375977,0.8158494234085083
4098,198,0.0966796875,0.15514901280403137,29.208993911743164,0.8354347348213196
4099,176,0.0859375,0.14851415157318115,28.022993087768555,0.8452582955360413
4100,174,0.0849609375,0.1505882740020752,28.092885971069336,0.8461858630180359
4101,176,0.0859375,0.15289679169654846,27.038421630859375,0.8525751233100891
4102,181,0.08837890625,0.14984549582004547,27.132604598999023,0.8492671847343445
4103,174,0.0849609375,0.13964246213436127,28.150711059570312,0.8427780270576477
4104,190,0.0927734375,0.14126405119895935,29.423553466796875,0.83052659034729
4105,197,0.09619140625,0.15010981261730194,32.414730072021484,0.7961168885231018
4106,189,0.09228515625,0.1465291827917099,34.883399963378906,0.7686387896537781
4107,200,0.09765625,0.1442088931798935,30.05608367919922,0.8235621452331543
4108,194,0.0947265625,0.1491498202085495,29.939041137695312,0.8247663378715515
4109,197,0.09619140625,0.14617519080638885,27.677919387817383,0.8525773286819458
4110,214,0.1044921875,0.14501161873340607,30.208251953125,0.8220556974411011
4111,237,0.11572265625,0.14776766300201416,30.90598487854004,0.8138986825942993
4112,210,0.1025390625,0.14511051774024963,27.431154251098633,0.8568060994148254
4113,206,0.1005859375,0.14327816665172577,28.18425178527832,0.843520998954773
4114,194,0.0947265625,0.14479589462280273,27.67523765563965,0.8482747077941895
4115,185,0.09033203125,0.15062512457370758,27.27523422241211,0.8518577218055725
4116,193,0.09423828125,0.14619097113609314,26.760677337646484,0.8573331832885742
4117,193,0.09423828125,0.15063004195690155,27.501054763793945,0.8471195697784424
4118,189,0.09228515625,0.1574362963438034,26.958080291748047,0.8578229546546936
4119,176,0.0859375,0.15749570727348328,27.447223663330078,0.8558782935142517
4120,95,0.04638671875,0.16623014211654663,35.66780090332031,0.7631445527076721
4121,86,0.0419921875,0.16452477872371674,36.330936431884766,0.7581191658973694
4122,78,0.0380859375,0.16932788491249084,33.635589599609375,0.7889043092727661
4123,79,0.03857421875,0.17615552246570587,35.178977966308594,0.7728278636932373
4124,63,0.03076171875,0.18913231790065765,32.750736236572266,0.7962480187416077
4125,70,0.0341796875,0.1804095208644867,32.47551345825195,0.8013222217559814
4126,63,0.03076171875,0.18607881665229797,33.76382064819336,0.79017174243927
4127,50,0.0244140625,0.2045290768146515,31.709205627441406,0.8120024800300598
4128,58,0.0283203125,0.19548970460891724,31.38768768310547,0.8149134516716003
4129,63,0.03076171875,0.19943629205226898,33.37037658691406,0.7996276021003723
4130,71,0.03466796875,0.15329478681087494,33.06974792480469,0.8074201345443726
4131,63,0.03076171875,0.19028536975383759,32.59992980957031,0.8108567595481873
4132,55,0.02685546875,0.19277146458625793,33.0128059387207,0.8024203777313232
4133,71,0.03466796875,0.1888718456029892,32.93034362792969,0.8062437772750854
4134,66,0.0322265625,0.19155946373939514,31.443363189697266,0.8214460015296936
4135,73,0.03564453125,0.18840767443180084,32.25137710571289,0.8135204911231995
4136,84,0.041015625,0.18710805475711823,33.543670654296875,0.7985760569572449
4137,86,0.0419921875,0.17826656997203827,32.44095993041992,0.8089491128921509
4138,89,0.04345703125,0.17352397739887238,32.69305419921875,0.8041565418243408
4139,80,0.0390625,0.1766466647386551,34.55888366699219,0.7836244702339172
4140,80,0.0390625,0.1722419559955597,32.49549865722656,0.8129254579544067
4141,93,0.04541015625,0.1641245186328888,33.01011657714844,0.8016568422317505
4142,83,0.04052734375,0.16887229681015015,32.05367660522461,0.8084071278572083
4143,97,0.04736328125,0.13815033435821533,33.00238037109375,0.8032265305519104
4144,98,0.0478515625,0.15002232789993286,29.780677795410156,0.8331533670425415
4145,104,0.05078125,0.13722532987594604,31.967618942260742,0.8038693070411682
4146,128,0.0625,0.13558261096477509,34.01545715332031,0.7882197499275208
4147,129,0.06298828125,0.13314220309257507,33.50027847290039,0.7937766313552856
4148,138,0.0673828125,0.13329868018627167,34.588775634765625,0.7741952538490295
4149,119,0.05810546875,0.14048628509044647,33.25163269042969,0.793921709060669
4150,114,0.0556640625,0.12315221130847931,31.80640983581543,0.8110623359680176
4151,118,0.0576171875,0.12459355592727661,30.241168975830078,0.8293604254722595
4152,116,0.056640625,0.1286126971244812,31.77203941345215,0.8117982149124146
4153,125,0.06103515625,0.1269335150718689,32.14856719970703,0.8065164089202881
4154,148,0.072265625,0.12599125504493713,37.132442474365234,0.7534769773483276
4155,143,0.06982421875,0.12917554378509521,33.603721618652344,0.7949628829956055
4156,153,0.07470703125,0.1177717074751854,33.034637451171875,0.7981207966804504
4157,157,0.07666015625,0.13379505276679993,33.13897705078125,0.7956923246383667
4158,146,0.0712890625,0.1275321990251541,32.98731994628906,0.8000592589378357
4159,126,0.0615234375,0.1274523138999939,32.211795806884766,0.8027090430259705
4160,135,0.06591796875,0.20538903772830963,38.33757781982422,0.737927258014679
4161,114,0.0556640625,0.1945870965719223,37.51361083984375,0.741850733757019
4162,112,0.0546875,0.1897139847278595,36.24443054199219,0.7599607110023499
4163,101,0.04931640625,0.17282846570014954,32.02021408081055,0.8095909953117371
4164,100,0.048828125,0.17091605067253113,33.716766357421875,0.795319139957428
4165,104,0.05078125,0.1710679680109024,32.32767105102539,0.8034681081771851
4166,101,0.04931640625,0.17395973205566406,32.50099182128906,0.8076562881469727
4167,89,0.04345703125,0.1768476963043213,32.77030563354492,0.8078271150588989
4168,91,0.04443359375,0.18984954059123993,34.92303466796875,0.7809312343597412
4169,66,0.0322265625,0.22064459323883057,34.993507385253906,0.7816399335861206
4170,43,0.02099609375,0.26509353518486023,41.80596923828125,0.7064518332481384
4171,32,0.015625,0.2723323702812195,36.312965393066406,0.7667684555053711
4172,33,0.01611328125,0.27133411169052124,36.69965744018555,0.753153920173645
4173,45,0.02197265625,0.25895869731903076,39.01435089111328,0.7527406215667725
4174,40,0.01953125,0.2706480324268341,37.216915130615234,0.7595513463020325
4175,35,0.01708984375,0.264493852853775,42.25148010253906,0.7086753845214844
4176,31,0.01513671875,0.329935759305954,41.20759582519531,0.6960530877113342
4177,45,0.02197265625,0.2916663885116577,40.23404312133789,0.7180527448654175
4178,42,0.0205078125,0.2995815575122833,39.37623977661133,0.7296010255813599
4179,36,0.017578125,0.309963196516037,38.77408981323242,0.7298517823219299
4180,32,0.015625,0.3224586546421051,39.59730529785156,0.7234393358230591
4181,43,0.02099609375,0.27688807249069214,38.226741790771484,0.7376799583435059
4182,50,0.0244140625,0.265479177236557,38.643028259277344,0.7382344603538513
4183,46,0.0224609375,0.25221529603004456,38.727813720703125,0.7255393862724304
4184,39,0.01904296875,0.2643499970436096,38.387508392333984,0.7327098846435547
4185,32,0.015625,0.2607958912849426,38.33610534667969,0.7469029426574707
4186,28,0.013671875,0.20366628468036652,38.161746978759766,0.7482249140739441
4187,36,0.017578125,0.22106622159481049,37.59099197387695,0.759402871131897
4188,40,0.01953125,0.21627341210842133,36.234718322753906,0.7724588513374329
4189,38,0.0185546875,0.2134479433298111,34.85968780517578,0.7844589352607727
4190,44,0.021484375,0.28002437949180603,35.399070739746094,0.7738212943077087
4191,54,0.0263671875,0.2594323456287384,39.429744720458984,0.7327594757080078
4192,44,0.021484375,0.2819792926311493,37.44132995605469,0.7478060126304626
4193,42,0.0205078125,0.27827882766723633,37.66796112060547,0.7557405829429626
4194,61,0.02978515625,0.25049856305122375,36.551170349121094,0.7628503441810608
4195,77,0.03759765625,0.23010016977787018,35.10360336303711,0.7769287824630737
4196,87,0.04248046875,0.22734999656677246,35.23086166381836,0.7741159200668335
4197,78,0.0380859375,0.19912031292915344,35.51830291748047,0.7670902609825134
4198,66,0.0322265625,0.1849585473537445,33.97288131713867,0.7904907464981079
4199,69,0.03369140625,0.22214271128177643,33.92705154418945,0.7893749475479126
4200,354,0.1728515625,0.12916812300682068,32.537353515625,0.7949787974357605
4201,360,0.17578125,0.12856800854206085,30.415904998779297,0.8172770738601685
4202,301,0.14697265625,0.12690050899982452,30.74056625366211,0.8177050948143005
4203,318,0.1552734375,0.12518401443958282,29.407915115356445,0.8261223435401917
4204,334,0.1630859375,0.13250397145748138,29.965261459350586,0.8226141929626465
4205,295,0.14404296875,0.14206883311271667,29.039817810058594,0.8385066390037537
4206,270,0.1318359375,0.1321154534816742,28.9233341217041,0.8408817052841187
4207,257,0.12548828125,0.13321509957313538,30.10676383972168,0.8254249691963196
4208,229,0.11181640625,0.13846184313297272,30.28771209716797,0.8259077668190002
4209,209,0.10205078125,0.13332785665988922,29.913742065429688,0.8355225324630737
4210,185,0.09033203125,0.12766408920288086,30.516475677490234,0.8224988579750061
4211,184,0.08984375,0.1313791275024414,29.1273250579834,0.8378192782402039
4212,162,0.0791015625,0.13511857390403748,29.112133026123047,0.8357381224632263
4213,154,0.0751953125,0.12821835279464722,28.56121253967285,0.836786150932312
4214,151,0.07373046875,0.13896016776561737,29.056352615356445,0.8288189172744751
4215,153,0.07470703125,0.1388348639011383,27.923324584960938,0.837735116481781
4216,152,0.07421875,0.13110671937465668,28.024166107177734,0.839182436466217
4217,159,0.07763671875,0.14213094115257263,28.894046783447266,0.831571102142334
4218,153,0.07470703125,0.137361079454422,27.66053009033203,0.8473537564277649
4219,136,0.06640625,0.13256675004959106,28.848495483398438,0.8324726223945618
4220,133,0.06494140625,0.13792383670806885,28.8907527923584,0.8373156785964966
4221,141,0.06884765625,0.1393260806798935,28.0716495513916,0.8391622304916382
4222,166,0.0810546875,0.14570081233978271,29.94979476928711,0.8212777376174927
4223,172,0.083984375,0.13062696158885956,28.42536163330078,0.8314324021339417
4224,166,0.0810546875,0.14583247900009155,28.61775779724121,0.8274985551834106
4225,154,0.0751953125,0.14100703597068787,27.538536071777344,0.8393303155899048
4226,165,0.08056640625,0.13201004266738892,27.519906997680664,0.8380939960479736
4227,160,0.078125,0.11934232711791992,27.641376495361328,0.8385751843452454
4228,156,0.076171875,0.12994849681854248,28.30011749267578,0.8319726586341858
4229,150,0.0732421875,0.12532471120357513,27.09146499633789,0.8465271592140198
4230,149,0.07275390625,0.11900229007005692,27.88042640686035,0.8359614014625549
4231,162,0.0791015625,0.1205500140786171,28.20244026184082,0.8408632874488831
4232,156,0.076171875,0.11832810938358307,27.054990768432617,0.847162127494812
4233,149,0.07275390625,0.10832969844341278,26.078351974487305,0.857955276966095
4234,142,0.0693359375,0.10545796155929565,26.482471466064453,0.8615463376045227
4235,175,0.08544921875,0.11642158776521683,27.73021697998047,0.8446005582809448
4236,166,0.0810546875,0.11318954080343246,28.54509162902832,0.8418606519699097
4237,185,0.09033203125,0.13108569383621216,29.013513565063477,0.8355112671852112
4238,179,0.08740234375,0.12127939611673355,29.885807037353516,0.8249828815460205
4239,190,0.0927734375,0.1268681436777115,31.29061508178711,0.8119252324104309
4240,25,0.01220703125,0.13622654974460602,26.656692504882812,0.8671404123306274
4241,33,0.01611328125,0.14807261526584625,28.56017303466797,0.831898033618927
4242,34,0.0166015625,0.15728697180747986,31.603824615478516,0.800854504108429
4243,36,0.017578125,0.1538960486650467,28.31204605102539,0.8297808766365051
4244,40,0.01953125,0.1551649421453476,29.274036407470703,0.8213543891906738
4245,37,0.01806640625,0.15926684439182281,28.214807510375977,0.8472043871879578
4246,41,0.02001953125,0.1601898968219757,29.119295120239258,0.8351848125457764
4247,43,0.02099609375,0.17586596310138702,29.97791862487793,0.8236613869667053
4248,44,0.021484375,0.17076653242111206,30.59087371826172,0.8157875537872314
4249,51,0.02490234375,0.16055385768413544,29.273195266723633,0.8299945592880249
4250,53,0.02587890625,0.17030909657478333,28.92047882080078,0.8280560970306396
4251,44,0.021484375,0.15852120518684387,28.019439697265625,0.8473482728004456
4252,40,0.01953125,0.1559794396162033,30.305328369140625,0.811684787273407
4253,37,0.01806640625,0.15125374495983124,28.75055694580078,0.8324739336967468
4254,38,0.0185546875,0.15347501635551453,28.388790130615234,0.8375836610794067
4255,48,0.0234375,0.17008338868618011,31.791948318481445,0.8017969131469727
4256,53,0.02587890625,0.17528200149536133,31.411930084228516,0.8110234141349792
4257,45,0.02197265625,0.15970098972320557,30.395410537719727,0.8215981125831604
4258,53,0.02587890625,0.15620364248752594,28.353439331054688,0.8427310585975647
4259,52,0.025390625,0.15098240971565247,31.983896255493164,0.8012023568153381
4260,52,0.025390625,0.14937439560890198,31.191667556762695,0.8096029758453369
4261,55,0.02685546875,0.15340954065322876,32.198387145996094,0.8115245699882507
4262,58,0.0283203125,0.149629145860672,30.2751522064209,0.8350790143013
4263,65,0.03173828125,0.15621024370193481,29.321346282958984,0.8344557881355286
4264,62,0.0302734375,0.13789814710617065,29.39931869506836,0.832331120967865
4265,60,0.029296875,0.15062063932418823,28.30759048461914,0.8371783494949341
4266,57,0.02783203125,0.13969719409942627,28.905500411987305,0.8392553329467773
4267,62,0.0302734375,0.1381567120552063,30.81722068786621,0.8190330862998962
4268,55,0.02685546875,0.13921132683753967,29.701841354370117,0.8358674049377441
4269,61,0.02978515625,0.14396259188652039,29.017627716064453,0.8387925624847412
4270,58,0.0283203125,0.13667809963226318,32.08821487426758,0.8100409507751465
4271,51,0.02490234375,0.14137864112854004,29.431299209594727,0.8458189368247986
4272,51,0.02490234375,0.14333593845367432,30.137617111206055,0.8413640260696411
4273,57,0.02783203125,0.15408897399902344,29.863441467285156,0.840735137462616
4274,46,0.0224609375,0.1603046953678131,29.623510360717773,0.8412986993789673
4275,46,0.0224609375,0.15056507289409637,26.74140167236328,0.871635377407074
4276,59,0.02880859375,0.1535981297492981,26.331571578979492,0.8767801523208618
4277,75,0.03662109375,0.15787722170352936,29.23371696472168,0.8408322334289551
4278,70,0.0341796875,0.15421445667743683,30.389272689819336,0.8290399312973022
4279,75,0.03662109375,0.1735573261976242,32.128963470458984,0.8087090849876404
4280,196,0.095703125,0.1294400840997696,29.510845184326172,0.835148274898529
4281,206,0.1005859375,0.13541820645332336,28.903913497924805,0.8444663286209106
4282,214,0.1044921875,0.14219509065151215,30.471010208129883,0.8249796032905579
4283,203,0.09912109375,0.13745592534542084,31.128503799438477,0.8197026252746582
4284,217,0.10595703125,0.13524381816387177,29.17304039001465,0.8359012603759766
4285,204,0.099609375,0.13546831905841827,30.44668197631836,0.8282032608985901
4286,193,0.09423828125,0.132560133934021,29.228548049926758,0.8405929207801819
4287,200,0.09765625,0.1337023228406906,29.839496612548828,0.8349418640136719
4288,222,0.1083984375,0.12927643954753876,30.273685455322266,0.8262600302696228
4289,257,0.12548828125,0.1422504186630249,32.863670349121094,0.7987406253814697
4290,246,0.1201171875,0.13557371497154236,30.873029708862305,0.8212078213691711
4291,239,0.11669921875,0.13572852313518524,30.53973388671875,0.824320375919342
4292,218,0.1064453125,0.12625375390052795,29.724775314331055,0.8297017812728882
4293,226,0.1103515625,0.1313268542289734,30.201772689819336,0.8300243020057678
4294,216,0.10546875,0.1257672905921936,30.047847747802734,0.8319866061210632
4295,211,0.10302734375,0.12106707692146301,30.248868942260742,0.8270378112792969
4296,210,0.1025390625,0.11898715049028397,30.990625381469727,0.8209818005561829
4297,223,0.10888671875,0.14316852390766144,32.58100509643555,0.8054561614990234
4298,212,0.103515625,0.1382439285516739,33.95579147338867,0.7899486422538757
4299,227,0.11083984375,0.14192722737789154,34.39060974121094,0.782540500164032
4300,235,0.11474609375,0.1409492790699005,36.0737190246582,0.766436755657196
4301,212,0.103515625,0.13955135643482208,35.012943267822266,0.7747538685798645
4302,219,0.10693359375,0.1384180337190628,34.6877555847168,0.7748947739601135
4303,242,0.1181640625,0.13755977153778076,35.943397521972656,0.758874773979187
4304,228,0.111328125,0.14257903397083282,37.04817199707031,0.7532514333724976
4305,232,0.11328125,0.1389756202697754,37.39142608642578,0.7456920742988586
4306,238,0.1162109375,0.13446910679340363,36.08604431152344,0.7619340419769287
4307,239,0.11669921875,0.13497969508171082,36.00520706176758,0.7593565583229065
4308,232,0.11328125,0.13178114593029022,34.13949203491211,0.7813723087310791
4309,265,0.12939453125,0.12793143093585968,35.22673034667969,0.7634630799293518
4310,264,0.12890625,0.1229170486330986,34.25641632080078,0.7798986434936523
4311,283,0.13818359375,0.1277349889278412,36.21818923950195,0.7543246150016785
4312,256,0.125,0.12941010296344757,35.185997009277344,0.7644050121307373
4313,262,0.1279296875,0.13220538198947906,35.835750579833984,0.7599493861198425
4314,311,0.15185546875,0.13567154109477997,36.70634841918945,0.7489404082298279
4315,318,0.1552734375,0.13404574990272522,35.6222038269043,0.7625241279602051
4316,274,0.1337890625,0.1279371976852417,35.92329025268555,0.7492688894271851
4317,272,0.1328125,0.12637796998023987,37.01740646362305,0.7362254858016968
4318,263,0.12841796875,0.12444715946912766,36.25239562988281,0.7452558279037476
4319,273,0.13330078125,0.12376551330089569,37.494300842285156,0.7281926870346069
4320,199,0.09716796875,0.1624409258365631,30.977561950683594,0.8124240636825562
4321,199,0.09716796875,0.1489105224609375,31.009920120239258,0.8120269179344177
4322,195,0.09521484375,0.15513156354427338,31.50843620300293,0.8024489879608154
4323,202,0.0986328125,0.14572541415691376,31.194305419921875,0.8058979511260986
4324,210,0.1025390625,0.16309088468551636,31.73067855834961,0.805625855922699
4325,193,0.09423828125,0.14959459006786346,30.753890991210938,0.8150733709335327
4326,199,0.09716796875,0.1566634476184845,31.69990348815918,0.8084058165550232
4327,194,0.0947265625,0.14599061012268066,31.36227035522461,0.8119572997093201
4328,190,0.0927734375,0.13557985424995422,32.79485321044922,0.795095682144165
4329,173,0.08447265625,0.13084881007671356,32.11259078979492,0.8033566474914551
4330,163,0.07958984375,0.12324337661266327,31.433788299560547,0.8124125599861145
4331,171,0.08349609375,0.1277528703212738,30.903963088989258,0.8166846632957458
4332,168,0.08203125,0.12439770996570587,32.720947265625,0.7934281229972839
4333,167,0.08154296875,0.12596306204795837,31.294536590576172,0.8089274168014526
4334,164,0.080078125,0.12698005139827728,31.145315170288086,0.8149609565734863
4335,161,0.07861328125,0.1260489970445633,30.631820678710938,0.8212139010429382
4336,167,0.08154296875,0.12418070435523987,32.019309997558594,0.803494930267334
4337,169,0.08251953125,0.1282419115304947,31.745452880859375,0.8050587773323059
4338,156,0.076171875,0.13063167035579681,33.35514450073242,0.7940741777420044
4339,151,0.07373046875,0.13844068348407745,32.55318832397461,0.7986524701118469
4340,147,0.07177734375,0.13784246146678925,31.26613998413086,0.8132650852203369
4341,140,0.068359375,0.1434507519006729,33.19400405883789,0.7896633744239807
4342,142,0.0693359375,0.13962827622890472,33.670772552490234,0.7889365553855896
4343,136,0.06640625,0.1435491144657135,35.141910552978516,0.7738576531410217
4344,135,0.06591796875,0.1359453648328781,33.50349807739258,0.7907318472862244
4345,136,0.06640625,0.13025811314582825,33.39025115966797,0.7918362617492676
4346,136,0.06640625,0.1414981484413147,33.442962646484375,0.7911620736122131
4347,146,0.0712890625,0.1321626901626587,34.07160949707031,0.7770279049873352
4348,145,0.07080078125,0.134116530418396,34.04567337036133,0.7825919389724731
4349,143,0.06982421875,0.13963213562965393,33.846290588378906,0.7845953106880188
4350,147,0.07177734375,0.12993161380290985,33.33766555786133,0.7904037237167358
4351,152,0.07421875,0.12209416180849075,34.00725173950195,0.7835721969604492
4352,143,0.06982421875,0.13052713871002197,33.46826171875,0.7912400960922241
4353,139,0.06787109375,0.12786754965782166,32.61343002319336,0.8008548021316528
4354,145,0.07080078125,0.12062656879425049,34.754638671875,0.7798701524734497
4355,145,0.07080078125,0.1323644369840622,34.498382568359375,0.7827406525611877
4356,140,0.068359375,0.12406143546104431,33.34278106689453,0.7988669276237488
4357,147,0.07177734375,0.13215863704681396,34.31855010986328,0.7821317911148071
4358,150,0.0732421875,0.1383962780237198,34.324607849121094,0.7854993939399719
4359,156,0.076171875,0.14750494062900543,35.58146286010742,0.7741573452949524
4360,121,0.05908203125,0.16843460500240326,36.652442932128906,0.7590553760528564
4361,113,0.05517578125,0.1625899076461792,35.997833251953125,0.7679001092910767
4362,119,0.05810546875,0.16066202521324158,34.56554412841797,0.7875261902809143
4363,122,0.0595703125,0.1608298420906067,37.5424919128418,0.7530103325843811
4364,113,0.05517578125,0.16617634892463684,34.46540069580078,0.7874464392662048
4365,117,0.05712890625,0.16964882612228394,35.40345001220703,0.7745504379272461
4366,107,0.05224609375,0.17812107503414154,35.270957946777344,0.7794115543365479
4367,111,0.05419921875,0.18080538511276245,34.91547393798828,0.7831915020942688
4368,112,0.0546875,0.17391587793827057,35.72986602783203,0.773399293422699
4369,108,0.052734375,0.16462786495685577,33.632720947265625,0.7942216396331787
4370,106,0.0517578125,0.15388473868370056,33.206703186035156,0.7989228367805481
4371,108,0.052734375,0.15825338661670685,34.38490676879883,0.7828794121742249
4372,106,0.0517578125,0.16660885512828827,34.2389030456543,0.7894946932792664
4373,97,0.04736328125,0.16802698373794556,31.582857131958008,0.8182584047317505
4374,104,0.05078125,0.16107302904129028,32.57564926147461,0.7969247102737427
4375,97,0.04736328125,0.16499823331832886,30.81096649169922,0.8225489854812622
4376,97,0.04736328125,0.159805566072464,31.2519474029541,0.8131228685379028
4377,101,0.04931640625,0.15886175632476807,32.720481872558594,0.8003517389297485
4378,98,0.0478515625,0.16074448823928833,33.63336181640625,0.7934210896492004
4379,95,0.04638671875,0.15543191134929657,32.858116149902344,0.8039814233779907
4380,93,0.04541015625,0.1500411182641983,35.3332405090332,0.7706504464149475
4381,105,0.05126953125,0.15452399849891663,36.516807556152344,0.7687667608261108
4382,113,0.05517578125,0.16051159799098969,38.81410598754883,0.7434485554695129
4383,113,0.05517578125,0.16231092810630798,37.63629150390625,0.7558223605155945
4384,116,0.056640625,0.15369072556495667,38.42988204956055,0.7442213296890259
4385,115,0.05615234375,0.1462232768535614,40.83932876586914,0.7174798250198364
4386,109,0.05322265625,0.1461803913116455,38.86751174926758,0.7375882267951965
4387,110,0.0537109375,0.14994747936725616,41.84839630126953,0.6994562149047852
4388,107,0.05224609375,0.14782249927520752,39.51225280761719,0.7292014360427856
4389,103,0.05029296875,0.14959461987018585,41.192054748535156,0.710167646408081
4390,108,0.052734375,0.1534101963043213,38.36542892456055,0.7391878962516785
4391,105,0.05126953125,0.1517712026834488,39.68766403198242,0.7236006855964661
4392,110,0.0537109375,0.16238541901111603,41.553524017333984,0.7079072594642639
4393,109,0.05322265625,0.16823869943618774,42.28907012939453,0.6968881487846375
4394,109,0.05322265625,0.17423105239868164,44.10845947265625,0.675718367099762
4395,107,0.05224609375,0.176472008228302,43.665340423583984,0.6852433681488037
4396,94,0.0458984375,0.18529216945171356,40.955894470214844,0.7166539430618286
4397,92,0.044921875,0.17689655721187592,41.695899963378906,0.7081796526908875
4398,78,0.0380859375,0.2001744955778122,40.60429763793945,0.7186198830604553
4399,75,0.03662109375,0.2110815942287445,39.05087661743164,0.7376634478569031
4400,122,0.0595703125,0.13567209243774414,35.827301025390625,0.7581707239151001
4401,121,0.05908203125,0.1403583437204361,35.600650787353516,0.7623287439346313
4402,103,0.05029296875,0.1579461544752121,33.214691162109375,0.7864334583282471
4403,118,0.0576171875,0.1516367793083191,34.816707611083984,0.7702143788337708
4404,121,0.05908203125,0.14976324141025543,35.29667282104492,0.7659056186676025
4405,124,0.060546875,0.15484656393527985,35.246700286865234,0.7660017609596252
4406,124,0.060546875,0.16519871354103088,36.047637939453125,0.7541889548301697
4407,100,0.048828125,0.15800794959068298,33.52256774902344,0.787330687046051
4408,106,0.0517578125,0.16560930013656616,34.77336883544922,0.77433842420578
4409,106,0.0517578125,0.15134260058403015,34.087127685546875,0.777213454246521
4410,102,0.0498046875,0.16113033890724182,35.55128479003906,0.7646961808204651
4411,93,0.04541015625,0.16746261715888977,35.04846954345703,0.7696669101715088
4412,81,0.03955078125,0.17158690094947815,34.283912658691406,0.7726255655288696
4413,88,0.04296875,0.16641689836978912,33.151878356933594,0.7867254614830017
4414,104,0.05078125,0.15775379538536072,33.430782318115234,0.7898918390274048
4415,93,0.04541015625,0.15996482968330383,31.14859962463379,0.8100688457489014
4416,95,0.04638671875,0.16503071784973145,35.194942474365234,0.7606231570243835
4417,97,0.04736328125,0.1563374102115631,33.48126220703125,0.7852618098258972
4418,85,0.04150390625,0.16559813916683197,32.24776840209961,0.7942517399787903
4419,87,0.04248046875,0.17182202637195587,32.613712310791016,0.7920217514038086
4420,86,0.0419921875,0.17006178200244904,33.91862106323242,0.7819360494613647
4421,75,0.03662109375,0.18352948129177094,34.1810302734375,0.7783679962158203
4422,81,0.03955078125,0.17281053960323334,35.08621597290039,0.760256826877594
4423,68,0.033203125,0.18412286043167114,32.591705322265625,0.7820303440093994
4424,63,0.03076171875,0.19765198230743408,33.85359191894531,0.7752897143363953
4425,66,0.0322265625,0.20689117908477783,32.229347229003906,0.7875919938087463
4426,60,0.029296875,0.21988311409950256,30.074939727783203,0.8093060255050659
4427,62,0.0302734375,0.24117664992809296,34.50802993774414,0.7580357193946838
4428,66,0.0322265625,0.23580050468444824,34.57086944580078,0.7611562013626099
4429,69,0.03369140625,0.2145276665687561,37.16770553588867,0.7385591864585876
4430,59,0.02880859375,0.2384934276342392,34.270660400390625,0.7686095833778381
4431,66,0.0322265625,0.21770529448986053,36.172019958496094,0.7465243935585022
4432,82,0.0400390625,0.19408848881721497,37.47395324707031,0.7396681904792786
4433,70,0.0341796875,0.19157199561595917,36.09541320800781,0.7500979900360107
4434,60,0.029296875,0.20520424842834473,35.91667938232422,0.7542952299118042
4435,69,0.03369140625,0.18761420249938965,36.83424377441406,0.7377924919128418
4436,63,0.03076171875,0.17479154467582703,35.62977981567383,0.7532755136489868
4437,53,0.02587890625,0.19416499137878418,35.80194854736328,0.7393001317977905
4438,55,0.02685546875,0.18928998708724976,38.127220153808594,0.7114059329032898
4439,59,0.02880859375,0.17966489493846893,37.954463958740234,0.7203637957572937
4440,533,0.26025390625,0.1529134064912796,33.112037658691406,0.7921422123908997
4441,494,0.2412109375,0.14526385068893433,27.736255645751953,0.8400378227233887
4442,447,0.21826171875,0.14375048875808716,28.207731246948242,0.8396119475364685
4443,418,0.2041015625,0.15291252732276917,28.970502853393555,0.8265390992164612
4444,385,0.18798828125,0.15982908010482788,28.707752227783203,0.8340038061141968
4445,364,0.177734375,0.14588364958763123,28.285194396972656,0.8387358784675598
4446,396,0.193359375,0.13112463057041168,26.22348403930664,0.8585349321365356
4447,405,0.19775390625,0.12785552442073822,26.186315536499023,0.8584070205688477
4448,441,0.21533203125,0.12233356386423111,24.68525505065918,0.8685497045516968
4449,434,0.2119140625,0.12496277689933777,23.902238845825195,0.8765677809715271
4450,421,0.20556640625,0.1344842165708542,25.32416343688965,0.8633171319961548
4451,465,0.22705078125,0.12682513892650604,25.02777671813965,0.8623252511024475
4452,487,0.23779296875,0.11788197606801987,22.56262969970703,0.8823914527893066
4453,482,0.2353515625,0.12032821029424667,22.024869918823242,0.8973500728607178
4454,504,0.24609375,0.1222190409898758,21.79884910583496,0.8979819416999817
4455,608,0.296875,0.13487255573272705,20.366968154907227,0.9055706858634949
4456,579,0.28271484375,0.12986652553081512,19.58916664123535,0.905541718006134
4457,481,0.23486328125,0.1223767027258873,21.88017463684082,0.8916106224060059
4458,455,0.22216796875,0.13078181445598602,23.41258430480957,0.8787259459495544
4459,426,0.2080078125,0.13862159848213196,25.392724990844727,0.8639556169509888
4460,356,0.173828125,0.13630834221839905,27.745391845703125,0.8485753536224365
4461,326,0.1591796875,0.13686341047286987,29.126386642456055,0.8305565714836121
4462,362,0.1767578125,0.13209927082061768,28.276166915893555,0.8388055562973022
4463,361,0.17626953125,0.137367844581604,29.185134887695312,0.8313174247741699
4464,385,0.18798828125,0.14883549511432648,28.569705963134766,0.8377540707588196
4465,480,0.234375,0.1348443627357483,26.10489845275879,0.8627467751502991
4466,499,0.24365234375,0.1188308522105217,21.95426368713379,0.8947785496711731
4467,458,0.2236328125,0.11974259465932846,24.152917861938477,0.8822387456893921
4468,473,0.23095703125,0.14099512994289398,24.86561393737793,0.8728912472724915
4469,518,0.2529296875,0.14217443764209747,25.0467472076416,0.8737807273864746
4470,609,0.29736328125,0.1402398645877838,20.337114334106445,0.9006785750389099
4471,553,0.27001953125,0.12830288708209991,21.790685653686523,0.8961739540100098
4472,669,0.32666015625,0.14597754180431366,22.57109260559082,0.8873617649078369
4473,569,0.27783203125,0.12107113003730774,22.651639938354492,0.8950833678245544
4474,435,0.21240234375,0.14474235475063324,27.30628776550293,0.8456133008003235
4475,358,0.1748046875,0.14125701785087585,29.91815948486328,0.8239375352859497
4476,326,0.1591796875,0.14154431223869324,30.01255226135254,0.8235985040664673
4477,319,0.15576171875,0.14078767597675323,29.562402725219727,0.8306936621665955
4478,331,0.16162109375,0.142471581697464,29.30418586730957,0.8315229415893555
4479,330,0.1611328125,0.15173837542533875,32.736202239990234,0.7927039861679077
4480,76,0.037109375,0.273700475692749,36.67103576660156,0.7526248097419739
4481,72,0.03515625,0.27886494994163513,35.776939392089844,0.7618857026100159
4482,69,0.03369140625,0.2915281355381012,33.84471893310547,0.7840224504470825
4483,71,0.03466796875,0.3034307658672333,32.69590759277344,0.7974907159805298
4484,72,0.03515625,0.28483736515045166,35.304019927978516,0.7683346271514893
4485,52,0.025390625,0.334442675113678,32.240169525146484,0.8073364496231079
4486,46,0.0224609375,0.3406273424625397,33.11821746826172,0.8028519749641418
4487,44,0.021484375,0.34312108159065247,31.254722595214844,0.8248865604400635
4488,47,0.02294921875,0.36655136942863464,34.79664993286133,0.7728564739227295
4489,54,0.0263671875,0.3393614590167999,35.141998291015625,0.7673584818840027
4490,52,0.025390625,0.34276697039604187,32.87337112426758,0.8096046447753906
4491,55,0.02685546875,0.34356793761253357,31.491300582885742,0.8142980337142944
4492,52,0.025390625,0.3542521893978119,34.887752532958984,0.7747820615768433
4493,52,0.025390625,0.36293694376945496,38.8143424987793,0.7290524244308472
4494,54,0.0263671875,0.34219151735305786,36.36392593383789,0.749773383140564
4495,42,0.0205078125,0.3688278794288635,36.01081085205078,0.7546036839485168
4496,38,0.0185546875,0.3717938959598541,34.6634407043457,0.7891274690628052
4497,40,0.01953125,0.36495542526245117,39.414283752441406,0.7227150797843933
4498,37,0.01806640625,0.3648260831832886,35.91108703613281,0.770209014415741
4499,37,0.01806640625,0.3681711256504059,39.030757904052734,0.7406454086303711
4500,42,0.0205078125,0.3368102014064789,37.50922393798828,0.7635279893875122
4501,42,0.0205078125,0.34614044427871704,38.50852584838867,0.7514806389808655
4502,37,0.01806640625,0.3482381999492645,38.174583435058594,0.7424549460411072
4503,38,0.0185546875,0.35767555236816406,38.33684158325195,0.7334595322608948
4504,36,0.017578125,0.37599942088127136,36.28312683105469,0.7687585353851318
4505,39,0.01904296875,0.38255125284194946,36.34050750732422,0.7773207426071167
4506,34,0.0166015625,0.39286839962005615,38.96843719482422,0.7407939434051514
4507,32,0.015625,0.40003064274787903,33.098487854003906,0.7972027659416199
4508,35,0.01708984375,0.3927944004535675,35.78557586669922,0.7780510187149048
4509,38,0.0185546875,0.3771337866783142,35.933589935302734,0.7630693912506104
4510,43,0.02099609375,0.3577418625354767,35.42868423461914,0.7603259682655334
4511,30,0.0146484375,0.426630437374115,35.2308349609375,0.7877779603004456
4512,30,0.0146484375,0.4362431466579437,39.30118179321289,0.7408052086830139
4513,29,0.01416015625,0.4283716678619385,40.2976188659668,0.7320945858955383
4514,30,0.0146484375,0.4388326108455658,43.27294158935547,0.6978996396064758
4515,31,0.01513671875,0.4146038591861725,44.90256881713867,0.672995388507843
4516,29,0.01416015625,0.4216633439064026,45.897544860839844,0.6661136150360107
4517,28,0.013671875,0.4232405424118042,43.949771881103516,0.6790637969970703
4518,34,0.0166015625,0.41099026799201965,44.196441650390625,0.6735802888870239
4519,34,0.0166015625,0.3819252848625183,49.110443115234375,0.6101639866828918
4520,301,0.14697265625,0.12450327724218369,36.966705322265625,0.7436514496803284
4521,293,0.14306640625,0.12629388272762299,37.491546630859375,0.738236665725708
4522,285,0.13916015625,0.13149210810661316,37.26604461669922,0.742865264415741
4523,317,0.15478515625,0.1240355595946312,36.781551361083984,0.7463802695274353
4524,302,0.1474609375,0.12871220707893372,37.073490142822266,0.7434816956520081
4525,321,0.15673828125,0.1280587613582611,36.82562255859375,0.7382653951644897
4526,389,0.18994140625,0.12649677693843842,36.73087692260742,0.7413992285728455
4527,400,0.1953125,0.1306215077638626,36.73817825317383,0.7451263666152954
4528,566,0.2763671875,0.1271331012248993,34.486209869384766,0.7792700529098511
4529,549,0.26806640625,0.1338220089673996,34.15666961669922,0.7829884886741638
4530,600,0.29296875,0.13049297034740448,34.15583419799805,0.7774445414543152
4531,767,0.37451171875,0.12657171487808228,31.348371505737305,0.8093969821929932
4532,794,0.3876953125,0.1278902292251587,32.73139572143555,0.7938689589500427
4533,616,0.30078125,0.12849655747413635,32.99117660522461,0.7972004413604736
4534,776,0.37890625,0.1218758374452591,33.336788177490234,0.7894361019134521
4535,731,0.35693359375,0.1220116913318634,33.5402946472168,0.7880761623382568
4536,667,0.32568359375,0.1286437213420868,32.16593551635742,0.797241747379303
4537,718,0.3505859375,0.1217755600810051,31.00901985168457,0.8095917105674744
4538,730,0.3564453125,0.11696616560220718,30.71682357788086,0.8165078163146973
4539,819,0.39990234375,0.12281909584999084,31.51624298095703,0.8040724992752075
4540,828,0.404296875,0.1229557991027832,30.633337020874023,0.8065241575241089
4541,889,0.43408203125,0.11939108371734619,30.21992301940918,0.811565637588501
4542,1003,0.48974609375,0.11989586055278778,33.56123733520508,0.7748656272888184
4543,882,0.4306640625,0.11488419026136398,32.25967788696289,0.7904165983200073
4544,918,0.4482421875,0.11316638439893723,31.753087997436523,0.7927390336990356
4545,937,0.45751953125,0.11365877836942673,30.142248153686523,0.8095359802246094
4546,1013,0.49462890625,0.1209375187754631,31.04753303527832,0.8051329851150513
4547,957,0.46728515625,0.11624614894390106,31.103981018066406,0.807223916053772
4548,899,0.43896484375,0.12062833458185196,33.725074768066406,0.7868091464042664
4549,1300,0.634765625,0.10865652561187744,37.08236312866211,0.7456738352775574
4550,1238,0.6044921875,0.10747366398572922,35.46670913696289,0.7674878835678101
4551,1059,0.51708984375,0.10692251473665237,31.714859008789062,0.8029539585113525
4552,1127,0.55029296875,0.10418171435594559,34.16373825073242,0.7863494157791138
4553,1143,0.55810546875,0.10737287998199463,33.44837188720703,0.783847451210022
4554,1145,0.55908203125,0.10645902901887894,34.381263732910156,0.7733784914016724
4555,1124,0.548828125,0.11087673157453537,33.52766418457031,0.7817486524581909
4556,1129,0.55126953125,0.1215464174747467,30.830772399902344,0.8051704168319702
4557,1160,0.56640625,0.12188216298818588,31.497364044189453,0.7971082329750061
4558,1163,0.56787109375,0.13046175241470337,34.33932876586914,0.766800582408905
4559,1096,0.53515625,0.1286960393190384,35.20927810668945,0.7612541913986206
4560,327,0.15966796875,0.13145248591899872,36.4164924621582,0.7593225836753845
4561,274,0.1337890625,0.12987622618675232,36.64971160888672,0.7598238587379456
4562,252,0.123046875,0.13408568501472473,37.470458984375,0.7466544508934021
4563,240,0.1171875,0.12724779546260834,36.61661911010742,0.7591031789779663
4564,221,0.10791015625,0.12849698960781097,34.24237060546875,0.7809690833091736
4565,184,0.08984375,0.13609462976455688,36.099788665771484,0.7626110315322876
4566,181,0.08837890625,0.12607714533805847,32.35280227661133,0.8015291690826416
4567,229,0.11181640625,0.12111065536737442,32.85748291015625,0.7990356087684631
4568,270,0.1318359375,0.11430884897708893,33.400577545166016,0.7890623807907104
4569,244,0.119140625,0.12468847632408142,33.58758544921875,0.792842447757721
4570,273,0.13330078125,0.11884075403213501,35.53009796142578,0.7675343155860901
4571,268,0.130859375,0.11436201632022858,34.96336364746094,0.7751957774162292
4572,304,0.1484375,0.12512092292308807,36.50918197631836,0.753030002117157
4573,297,0.14501953125,0.1244686171412468,33.66533660888672,0.7885302305221558
4574,251,0.12255859375,0.127248153090477,33.077754974365234,0.7953802347183228
4575,307,0.14990234375,0.14936216175556183,33.54210662841797,0.7855110764503479
4576,256,0.125,0.13029050827026367,32.41789245605469,0.8040472865104675
4577,205,0.10009765625,0.12980422377586365,34.632293701171875,0.7726297378540039
4578,210,0.1025390625,0.13146871328353882,33.1659049987793,0.7956739664077759
4579,183,0.08935546875,0.14032553136348724,34.65773010253906,0.7685975432395935
4580,181,0.08837890625,0.14292241632938385,33.78114318847656,0.7893170118331909
4581,182,0.0888671875,0.14874717593193054,32.914344787597656,0.7951465845108032
4582,194,0.0947265625,0.15820516645908356,33.843650817871094,0.7834514379501343
4583,166,0.0810546875,0.14502479135990143,37.211307525634766,0.7359308004379272
4584,187,0.09130859375,0.13588251173496246,36.281402587890625,0.745841383934021
4585,207,0.10107421875,0.1509706676006317,35.23915100097656,0.7678707838058472
4586,259,0.12646484375,0.14571653306484222,34.478675842285156,0.7673064470291138
4587,274,0.1337890625,0.14283934235572815,33.81499481201172,0.7717264294624329
4588,257,0.12548828125,0.14058783650398254,34.43608856201172,0.7676318883895874
4589,284,0.138671875,0.1421545445919037,32.65885925292969,0.7870311141014099
4590,367,0.17919921875,0.12803645431995392,34.537109375,0.7693330645561218
4591,362,0.1767578125,0.12781819701194763,32.8150634765625,0.7874959707260132
4592,356,0.173828125,0.13160492479801178,33.0609245300293,0.7860308289527893
4593,458,0.2236328125,0.13530457019805908,35.45790100097656,0.7641847729682922
4594,525,0.25634765625,0.13867664337158203,34.6122932434082,0.7741702795028687
4595,670,0.3271484375,0.155656635761261,39.420108795166016,0.724922239780426
4596,585,0.28564453125,0.13674968481063843,36.07963180541992,0.7639235258102417
4597,674,0.3291015625,0.12985001504421234,38.28618621826172,0.7409588098526001
4598,528,0.2578125,0.13068370521068573,36.889068603515625,0.7559732794761658
4599,751,0.36669921875,0.15152347087860107,41.8881721496582,0.6942673325538635
4600,381,0.18603515625,0.12031173706054688,29.790903091430664,0.8228811621665955
4601,362,0.1767578125,0.11994875967502594,30.20302963256836,0.8190031051635742
4602,361,0.17626953125,0.11815245449542999,29.553842544555664,0.8230960369110107
4603,361,0.17626953125,0.11609624326229095,29.00741195678711,0.8294878005981445
4604,354,0.1728515625,0.11361760646104813,29.52902603149414,0.8230405449867249
4605,378,0.1845703125,0.11218608170747757,28.61112403869629,0.8287336826324463
4606,352,0.171875,0.11753122508525848,30.775115966796875,0.8104174137115479
4607,351,0.17138671875,0.11314915120601654,28.91617774963379,0.830470085144043
4608,352,0.171875,0.11289010941982269,28.371482849121094,0.8340431451797485
4609,352,0.171875,0.11976563185453415,30.935277938842773,0.8078281879425049
4610,426,0.2080078125,0.135564386844635,31.39923095703125,0.7992864847183228
4611,395,0.19287109375,0.12318234890699387,28.906091690063477,0.8275128602981567
4612,407,0.19873046875,0.12134548276662827,28.991230010986328,0.8256300687789917
4613,449,0.21923828125,0.1242644339799881,30.185155868530273,0.8138501048088074
4614,438,0.2138671875,0.11214524507522583,28.052143096923828,0.8367392420768738
4615,369,0.18017578125,0.11382238566875458,28.429141998291016,0.8323562145233154
4616,316,0.154296875,0.1266145557165146,30.112812042236328,0.8138267397880554
4617,297,0.14501953125,0.1223405972123146,29.428911209106445,0.8185834288597107
4618,307,0.14990234375,0.121322862803936,29.700439453125,0.8172796368598938
4619,402,0.1962890625,0.11931449919939041,26.939472198486328,0.8445190787315369
4620,414,0.2021484375,0.12490353733301163,27.074451446533203,0.8442775011062622
4621,442,0.2158203125,0.13957618176937103,30.16719627380371,0.8099573254585266
4622,461,0.22509765625,0.14479419589042664,31.493711471557617,0.798558235168457
4623,434,0.2119140625,0.1295657455921173,30.703954696655273,0.808760941028595
4624,422,0.2060546875,0.1272149682044983,29.037551879882812,0.8314666748046875
4625,397,0.19384765625,0.12140101939439774,27.342256546020508,0.844607412815094
4626,345,0.16845703125,0.1235920861363411,26.754358291625977,0.84797203540802
4627,390,0.1904296875,0.11856726557016373,25.734657287597656,0.8560933470726013
4628,410,0.2001953125,0.12221064418554306,27.012065887451172,0.8413163423538208
4629,400,0.1953125,0.1205080896615982,25.292236328125,0.8603862524032593
4630,373,0.18212890625,0.11364652216434479,24.94571304321289,0.8668931126594543
4631,370,0.1806640625,0.11622060090303421,27.03609848022461,0.8470109105110168
4632,334,0.1630859375,0.1309097856283188,28.075239181518555,0.8338213562965393
4633,356,0.173828125,0.11692555993795395,26.04962158203125,0.8567211031913757
4634,393,0.19189453125,0.12359439581632614,26.89687728881836,0.8500990271568298
4635,426,0.2080078125,0.12108515202999115,26.1980037689209,0.8543388247489929
4636,396,0.193359375,0.12042786180973053,27.090486526489258,0.8419119119644165
4637,384,0.1875,0.11450930684804916,26.978673934936523,0.8450785279273987
4638,393,0.19189453125,0.12360052019357681,26.608388900756836,0.8491336107254028
4639,321,0.15673828125,0.13125184178352356,28.853919982910156,0.8286671042442322
4640,972,0.474609375,0.18108229339122772,41.34675979614258,0.7010225057601929
4641,1385,0.67626953125,0.2601386308670044,45.104835510253906,0.6652444005012512
4642,525,0.25634765625,0.08992590010166168,36.71853256225586,0.7568021416664124
4643,562,0.2744140625,0.1033497005701065,29.870054244995117,0.8202206492424011
4644,453,0.22119140625,0.097951240837574,26.787809371948242,0.8518021106719971
4645,412,0.201171875,0.08469691127538681,28.63045310974121,0.8338161706924438
4646,372,0.181640625,0.08473918586969376,29.880338668823242,0.8188324570655823
4647,447,0.21826171875,0.08188626170158386,27.705493927001953,0.847054660320282
4648,429,0.20947265625,0.086179219186306,28.110727310180664,0.8395638465881348
4649,432,0.2109375,0.08332791924476624,28.76127052307129,0.834567666053772
4650,462,0.2255859375,0.07973223924636841,30.051158905029297,0.8143451809883118
4651,435,0.21240234375,0.08005106449127197,27.223716735839844,0.8458189368247986
4652,471,0.22998046875,0.08200883120298386,29.513439178466797,0.8283576369285583
4653,464,0.2265625,0.0861787497997284,30.334089279174805,0.8158767223358154
4654,510,0.2490234375,0.08869530260562897,31.11579704284668,0.8022770881652832
4655,530,0.2587890625,0.08743951469659805,32.53089141845703,0.7862368822097778
4656,569,0.27783203125,0.09262656420469284,35.99958419799805,0.7616663575172424
4657,549,0.26806640625,0.09723153710365295,33.10126495361328,0.7870187163352966
4658,555,0.27099609375,0.09257443994283676,31.318954467773438,0.7987192273139954
4659,537,0.26220703125,0.08513540029525757,29.581377029418945,0.8183808326721191
4660,467,0.22802734375,0.08461187034845352,28.468475341796875,0.8266775608062744
4661,485,0.23681640625,0.086313895881176,27.591934204101562,0.838127613067627
4662,498,0.2431640625,0.08371958136558533,28.54728126525879,0.8362549543380737
4663,516,0.251953125,0.08209238201379776,28.524250030517578,0.8322259187698364
4664,519,0.25341796875,0.0893363431096077,29.390613555908203,0.8213323354721069
4665,534,0.2607421875,0.09657401591539383,29.24250030517578,0.8266856074333191
4666,485,0.23681640625,0.09884080290794373,27.87434196472168,0.8391666412353516
4667,458,0.2236328125,0.09815085679292679,27.57151222229004,0.841568112373352
4668,451,0.22021484375,0.10004587471485138,27.32415008544922,0.8473789095878601
4669,447,0.21826171875,0.10550110042095184,27.94759178161621,0.8428952097892761
4670,438,0.2138671875,0.0984668880701065,25.34636688232422,0.8589245080947876
4671,448,0.21875,0.10882971435785294,26.39254379272461,0.848298966884613
4672,451,0.22021484375,0.11826114356517792,27.643444061279297,0.8371282815933228
4673,527,0.25732421875,0.12474660575389862,28.562955856323242,0.8312241435050964
4674,528,0.2578125,0.12025056779384613,29.6960391998291,0.8251582384109497
4675,540,0.263671875,0.12383289635181427,30.411592483520508,0.819336473941803
4676,486,0.2373046875,0.1158515214920044,31.734678268432617,0.8035398721694946
4677,470,0.2294921875,0.1231226921081543,31.531415939331055,0.8060594201087952
4678,419,0.20458984375,0.1245824545621872,32.106536865234375,0.806531548500061
4679,446,0.2177734375,0.12883241474628448,32.813804626464844,0.7962507009506226
4680,219,0.10693359375,0.14791753888130188,37.93129348754883,0.7428534030914307
4681,243,0.11865234375,0.14363853633403778,37.83824920654297,0.7474223375320435
4682,270,0.1318359375,0.13893450796604156,37.64840316772461,0.752763032913208
4683,295,0.14404296875,0.1321616768836975,38.63336181640625,0.7393143177032471
4684,303,0.14794921875,0.14207813143730164,38.26719284057617,0.7442317605018616
4685,298,0.1455078125,0.12616071105003357,36.37894058227539,0.7596563696861267
4686,367,0.17919921875,0.1414705067873001,36.78740310668945,0.7557695508003235
4687,451,0.22021484375,0.14831353724002838,35.49612808227539,0.769824206829071
4688,358,0.1748046875,0.1228082999587059,34.847660064697266,0.776407778263092
4689,406,0.1982421875,0.13553500175476074,34.31422424316406,0.7810148000717163
4690,378,0.1845703125,0.11668843775987625,33.31825256347656,0.7939715385437012
4691,345,0.16845703125,0.11169698089361191,33.53280258178711,0.7916078567504883
4692,324,0.158203125,0.11198332160711288,34.04806137084961,0.7895669341087341
4693,330,0.1611328125,0.11741119623184204,35.90369415283203,0.7693432569503784
4694,359,0.17529296875,0.12349380552768707,34.28487777709961,0.7838771343231201
4695,334,0.1630859375,0.1239975243806839,34.08879470825195,0.7871187925338745
4696,410,0.2001953125,0.14454418420791626,34.120277404785156,0.7771655321121216
4697,354,0.1728515625,0.1450829803943634,34.10487747192383,0.7799801826477051
4698,317,0.15478515625,0.11851809173822403,33.41947937011719,0.790655791759491
4699,296,0.14453125,0.129551500082016,33.58720397949219,0.7920777797698975
4700,302,0.1474609375,0.12729692459106445,32.3775634765625,0.802910566329956
4701,292,0.142578125,0.12031171470880508,31.6279296875,0.8113963603973389
4702,321,0.15673828125,0.11597692221403122,30.47540283203125,0.8253843188285828
4703,372,0.181640625,0.1324542611837387,30.220394134521484,0.8237564563751221
4704,416,0.203125,0.13683240115642548,29.51579475402832,0.8237355351448059
4705,455,0.22216796875,0.15559472143650055,34.19845199584961,0.7760134935379028
4706,431,0.21044921875,0.1414220929145813,32.02690505981445,0.8024583458900452
4707,400,0.1953125,0.13801078498363495,28.075952529907227,0.8420178890228271
4708,334,0.1630859375,0.13649532198905945,27.447628021240234,0.8479679226875305
4709,299,0.14599609375,0.12744969129562378,28.112863540649414,0.8421494364738464
4710,347,0.16943359375,0.13068562746047974,27.363162994384766,0.8516316413879395
4711,385,0.18798828125,0.12669841945171356,26.058338165283203,0.8690135478973389
4712,505,0.24658203125,0.15360063314437866,27.166032791137695,0.8478820323944092
4713,371,0.18115234375,0.1333891898393631,26.07204246520996,0.8664470314979553
4714,356,0.173828125,0.12527374923229218,26.175161361694336,0.8640604615211487
4715,362,0.1767578125,0.12281226366758347,25.998117446899414,0.8666402101516724
4716,374,0.1826171875,0.13252133131027222,28.071849822998047,0.8480345606803894
4717,349,0.17041015625,0.1318584382534027,28.051082611083984,0.8468300700187683
4718,348,0.169921875,0.13083568215370178,26.347822189331055,0.865131139755249
4719,324,0.158203125,0.13667620718479156,26.21712303161621,0.8656851649284363
4720,48,0.0234375,0.16734609007835388,33.579891204833984,0.7938656806945801
4721,46,0.0224609375,0.17456237971782684,35.99504470825195,0.7666427493095398
4722,43,0.02099609375,0.17760439217090607,33.75761795043945,0.7870810031890869
4723,42,0.0205078125,0.19118793308734894,35.55595397949219,0.76458340883255
4724,36,0.017578125,0.1954333782196045,31.50543212890625,0.8170311450958252
4725,33,0.01611328125,0.19287432730197906,32.52455139160156,0.791205108165741
4726,29,0.01416015625,0.2042030245065689,33.68486404418945,0.7807931303977966
4727,40,0.01953125,0.22844766080379486,38.63103485107422,0.7229651212692261
4728,40,0.01953125,0.20423480868339539,36.45893096923828,0.7585347890853882
4729,37,0.01806640625,0.21871554851531982,37.757415771484375,0.7435399889945984
4730,38,0.0185546875,0.19687458872795105,34.195831298828125,0.7888869047164917
4731,37,0.01806640625,0.21338306367397308,35.97219467163086,0.7561219930648804
4732,39,0.01904296875,0.220659077167511,38.06648254394531,0.7332637906074524
4733,39,0.01904296875,0.22762662172317505,36.661537170410156,0.7505415678024292
4734,26,0.0126953125,0.23545166850090027,34.043113708496094,0.7803011536598206
4735,29,0.01416015625,0.25650617480278015,40.53203201293945,0.706673264503479
4736,24,0.01171875,0.25487589836120605,35.73234558105469,0.7593196034431458
4737,31,0.01513671875,0.22799240052700043,35.859657287597656,0.7603721022605896
4738,29,0.01416015625,0.24207031726837158,34.98904800415039,0.7565915584564209
4739,32,0.015625,0.24002836644649506,35.675838470458984,0.7620581984519958
4740,22,0.0107421875,0.24505600333213806,33.29763412475586,0.792304277420044
4741,26,0.0126953125,0.2599935531616211,37.89457702636719,0.7463312149047852
4742,31,0.01513671875,0.24903760850429535,37.42058563232422,0.7563280463218689
4743,25,0.01220703125,0.28547313809394836,43.418209075927734,0.6782926917076111
4744,27,0.01318359375,0.24398952722549438,38.75031661987305,0.7290906310081482
4745,29,0.01416015625,0.2391529232263565,38.46782302856445,0.737046480178833
4746,37,0.01806640625,0.23491105437278748,36.10371780395508,0.7582319378852844
4747,37,0.01806640625,0.23842409253120422,34.37446975708008,0.7822834849357605
4748,36,0.017578125,0.22322975099086761,39.24037551879883,0.7296872735023499
4749,38,0.0185546875,0.22382456064224243,38.10265350341797,0.7385029792785645
4750,31,0.01513671875,0.23505587875843048,36.21151351928711,0.7669012546539307
4751,33,0.01611328125,0.2233263999223709,35.62173080444336,0.7768745422363281
4752,37,0.01806640625,0.25359630584716797,43.54936599731445,0.682867705821991
4753,36,0.017578125,0.24763324856758118,41.75404357910156,0.7058693766593933
4754,38,0.0185546875,0.26589351892471313,43.656455993652344,0.675979733467102
4755,41,0.02001953125,0.26307550072669983,37.541873931884766,0.7543953061103821
4756,35,0.01708984375,0.2223370373249054,36.566768646240234,0.761455237865448
4757,35,0.01708984375,0.25136515498161316,33.43003463745117,0.7941510677337646
4758,32,0.015625,0.2258550524711609,35.92702865600586,0.7665413022041321
4759,30,0.0146484375,0.2544853389263153,37.513954162597656,0.7480528354644775
4760,792,0.38671875,0.12185047566890717,40.35249328613281,0.7166442275047302
4761,883,0.43115234375,0.11716305464506149,39.93828582763672,0.7154020071029663
4762,839,0.40966796875,0.11421798169612885,40.906890869140625,0.7089812755584717
4763,1053,0.51416015625,0.12747272849082947,45.70448303222656,0.6416236758232117
4764,983,0.47998046875,0.134908989071846,41.58353042602539,0.698807954788208
4765,925,0.45166015625,0.11577007174491882,35.05256652832031,0.776198148727417
4766,886,0.4326171875,0.13167650997638702,35.02826690673828,0.7756935358047485
4767,1081,0.52783203125,0.11211834102869034,38.659725189208984,0.7250514030456543
4768,1109,0.54150390625,0.10666428506374359,34.32133102416992,0.7765856385231018
4769,1257,0.61376953125,0.11324141174554825,39.52656936645508,0.7179688215255737
4770,1251,0.61083984375,0.11190113425254822,40.73823547363281,0.7108465433120728
4771,1201,0.58642578125,0.10457374155521393,37.10795211791992,0.747290313243866
4772,1062,0.5185546875,0.1335204839706421,43.34026336669922,0.6760036945343018
4773,952,0.46484375,0.12130876630544662,37.891212463378906,0.7353610396385193
4774,966,0.4716796875,0.10759726166725159,37.72236633300781,0.7421795129776001
4775,992,0.484375,0.10750631242990494,42.1126823425293,0.6905154585838318
4776,935,0.45654296875,0.11410456895828247,40.308860778808594,0.7086161971092224
4777,848,0.4140625,0.12537866830825806,43.32209396362305,0.6756908297538757
4778,1119,0.54638671875,0.10409034788608551,48.20586013793945,0.6250941753387451
4779,1076,0.525390625,0.11082400381565094,49.196319580078125,0.6126086711883545
4780,1435,0.70068359375,0.09507382661104202,56.48713684082031,0.5160059928894043
4781,1624,0.79296875,0.09942196309566498,51.32844543457031,0.5847020745277405
4782,1515,0.73974609375,0.10826043784618378,49.599021911621094,0.6048073172569275
4783,1012,0.494140625,0.11594969034194946,43.50901794433594,0.6821768283843994
4784,1274,0.6220703125,0.10230020433664322,46.187103271484375,0.6482206583023071
4785,1084,0.529296875,0.10630319267511368,44.111637115478516,0.6748456358909607
4786,1003,0.48974609375,0.11383955925703049,45.053401947021484,0.6647452712059021
4787,985,0.48095703125,0.11944907903671265,46.277706146240234,0.6499679684638977
4788,1065,0.52001953125,0.11353129893541336,44.89732360839844,0.6601376533508301
4789,1015,0.49560546875,0.117508165538311,45.65663528442383,0.6560662388801575
4790,969,0.47314453125,0.11905762553215027,45.847869873046875,0.655525267124176
4791,882,0.4306640625,0.1297278106212616,45.585269927978516,0.654148280620575
4792,917,0.44775390625,0.12245751172304153,46.372962951660156,0.638437807559967
4793,903,0.44091796875,0.13478818535804749,54.84866714477539,0.5307475924491882
4794,997,0.48681640625,0.13080286979675293,50.359256744384766,0.5899068117141724
4795,1020,0.498046875,0.13201302289962769,47.55611038208008,0.622527539730072
4796,1040,0.5078125,0.09966180473566055,43.4271354675293,0.6614165306091309
4797,908,0.443359375,0.10376200824975967,40.7153434753418,0.6911014914512634
4798,979,0.47802734375,0.10804115235805511,39.15636444091797,0.702130913734436
4799,951,0.46435546875,0.0969349667429924,39.960208892822266,0.6909793615341187
4800,426,0.2080078125,0.13345707952976227,36.63508987426758,0.7528396248817444
4801,422,0.2060546875,0.1293855905532837,35.623374938964844,0.7629130482673645
4802,464,0.2265625,0.11795514822006226,35.96199417114258,0.7587587833404541
4803,383,0.18701171875,0.12339303642511368,35.65037155151367,0.7692384123802185
4804,424,0.20703125,0.11255914717912674,34.829917907714844,0.7771089673042297
4805,467,0.22802734375,0.11280453950166702,35.23637390136719,0.7684317231178284
4806,364,0.177734375,0.12166246771812439,33.29838943481445,0.7904595136642456
4807,425,0.20751953125,0.11392318457365036,35.0123291015625,0.7717010378837585
4808,436,0.212890625,0.11059755831956863,34.424198150634766,0.7772544622421265
4809,447,0.21826171875,0.11421650648117065,32.95663070678711,0.7950646877288818
4810,584,0.28515625,0.11345109343528748,33.84278106689453,0.7778385281562805
4811,748,0.365234375,0.11752527952194214,33.696022033691406,0.7679249048233032
4812,565,0.27587890625,0.103622667491436,33.26556396484375,0.7816185355186462
4813,413,0.20166015625,0.13400816917419434,37.285213470458984,0.7483644485473633
4814,418,0.2041015625,0.129347562789917,37.01828384399414,0.7515071630477905
4815,481,0.23486328125,0.10182011872529984,33.89324951171875,0.781755268573761
4816,779,0.38037109375,0.1102164015173912,32.27238464355469,0.7804487347602844
4817,691,0.33740234375,0.09939255565404892,32.582847595214844,0.7819785475730896
4818,551,0.26904296875,0.09953761100769043,33.32673645019531,0.7846428155899048
4819,505,0.24658203125,0.11183962970972061,33.03147888183594,0.7875050902366638
4820,456,0.22265625,0.12048456072807312,33.92587661743164,0.7822748422622681
4821,421,0.20556640625,0.1283189207315445,34.68611145019531,0.776041567325592
4822,464,0.2265625,0.1146969124674797,32.277923583984375,0.7939598560333252
4823,524,0.255859375,0.10058699548244476,28.750337600708008,0.8341342806816101
4824,514,0.2509765625,0.11991070955991745,30.217647552490234,0.8181133270263672
4825,534,0.2607421875,0.12293276935815811,32.88868713378906,0.7903752326965332
4826,639,0.31201171875,0.08962325751781464,26.64095115661621,0.8469067215919495
4827,599,0.29248046875,0.09802369028329849,28.51206398010254,0.8316575288772583
4828,476,0.232421875,0.09216725081205368,26.505504608154297,0.8550377488136292
4829,593,0.28955078125,0.08691411465406418,26.088539123535156,0.8566769957542419
4830,523,0.25537109375,0.08373406529426575,24.875646591186523,0.872027575969696
4831,441,0.21533203125,0.08039540797472,26.017833709716797,0.8635735511779785
4832,524,0.255859375,0.08006305992603302,25.488920211791992,0.8701332807540894
4833,589,0.28759765625,0.08262734860181808,25.815258026123047,0.8579495549201965
4834,665,0.32470703125,0.10336887836456299,27.739755630493164,0.8428774476051331
4835,516,0.251953125,0.08942968398332596,24.992460250854492,0.8716838359832764
4836,451,0.22021484375,0.09199447184801102,25.027225494384766,0.8738551735877991
4837,421,0.20556640625,0.1025516614317894,26.160099029541016,0.8664997220039368
4838,450,0.2197265625,0.10132499784231186,33.12785720825195,0.8023012280464172
4839,476,0.232421875,0.10663752257823944,27.438087463378906,0.8513146638870239
4840,176,0.0859375,0.1391305923461914,30.264427185058594,0.8331161737442017
4841,173,0.08447265625,0.1431467980146408,34.392276763916016,0.7838670015335083
4842,193,0.09423828125,0.13574939966201782,30.330705642700195,0.8276759386062622
4843,186,0.0908203125,0.13858337700366974,28.225208282470703,0.8484675884246826
4844,204,0.099609375,0.14271707832813263,29.07466697692871,0.8368156552314758
4845,205,0.10009765625,0.1313037872314453,29.91966438293457,0.8304842114448547
4846,185,0.09033203125,0.13259442150592804,29.389394760131836,0.8369408845901489
4847,200,0.09765625,0.13250429928302765,27.493309020996094,0.8574379086494446
4848,189,0.09228515625,0.13155914843082428,31.9659423828125,0.8134974837303162
4849,194,0.0947265625,0.12941652536392212,32.45908737182617,0.8101034760475159
4850,200,0.09765625,0.1336348056793213,28.771493911743164,0.8437696695327759
4851,201,0.09814453125,0.1332898736000061,29.80959701538086,0.8336358666419983
4852,212,0.103515625,0.14608454704284668,32.88710021972656,0.7974921464920044
4853,208,0.1015625,0.14880609512329102,30.785240173339844,0.8150961399078369
4854,205,0.10009765625,0.14609934389591217,31.889678955078125,0.8019097447395325
4855,209,0.10205078125,0.14479804039001465,32.02608108520508,0.8123416900634766
4856,194,0.0947265625,0.14788930118083954,29.856191635131836,0.83247309923172
4857,194,0.0947265625,0.13822291791439056,28.007780075073242,0.8525994420051575
4858,173,0.08447265625,0.13659720122814178,29.909597396850586,0.8333034515380859
4859,169,0.08251953125,0.13916121423244476,29.910070419311523,0.8353897333145142
4860,168,0.08203125,0.14178726077079773,31.13656997680664,0.8178551197052002
4861,169,0.08251953125,0.13564801216125488,30.503368377685547,0.8279226422309875
4862,169,0.08251953125,0.13089773058891296,30.934722900390625,0.8189585208892822
4863,173,0.08447265625,0.13583849370479584,31.262836456298828,0.8172106146812439
4864,188,0.091796875,0.13580960035324097,32.001708984375,0.8103886246681213
4865,177,0.08642578125,0.1308191418647766,33.59634780883789,0.7912753820419312
4866,169,0.08251953125,0.13880477845668793,32.50933837890625,0.8056009411811829
4867,156,0.076171875,0.1325756311416626,32.67748260498047,0.7992225885391235
4868,147,0.07177734375,0.13320624828338623,33.44230270385742,0.7931010723114014
4869,153,0.07470703125,0.15544752776622772,35.30680465698242,0.7731502056121826
4870,143,0.06982421875,0.14412717521190643,32.25700378417969,0.8047950863838196
4871,139,0.06787109375,0.15047533810138702,33.83329772949219,0.7913169860839844
4872,157,0.07666015625,0.16834713518619537,33.513343811035156,0.7954245209693909
4873,156,0.076171875,0.1616433560848236,33.8332405090332,0.7955804467201233
4874,169,0.08251953125,0.1802659034729004,35.433135986328125,0.7735669612884521
4875,178,0.0869140625,0.1861100196838379,35.73677444458008,0.7680749893188477
4876,189,0.09228515625,0.1793854981660843,34.77521514892578,0.7783066630363464
4877,199,0.09716796875,0.19703751802444458,34.88907241821289,0.7733140587806702
4878,202,0.0986328125,0.18759411573410034,34.99129867553711,0.7665196657180786
4879,182,0.0888671875,0.1842375248670578,34.54685974121094,0.7804022431373596
4880,211,0.10302734375,0.1171104684472084,31.249984741210938,0.7954592704772949
4881,191,0.09326171875,0.11439398676156998,29.728679656982422,0.8157212734222412
4882,206,0.1005859375,0.11357976496219635,30.480985641479492,0.8134657740592957
4883,205,0.10009765625,0.1160956621170044,31.457685470581055,0.8038302063941956
4884,183,0.08935546875,0.11918705701828003,29.896522521972656,0.8259785175323486
4885,177,0.08642578125,0.11404302716255188,27.65601921081543,0.8381903767585754
4886,171,0.08349609375,0.12356234341859818,30.18963623046875,0.8223792910575867
4887,173,0.08447265625,0.1234741136431694,30.064266204833984,0.8200181722640991
4888,160,0.078125,0.1294604390859604,33.0985107421875,0.7951312065124512
4889,182,0.0888671875,0.12383033335208893,33.53882598876953,0.7855762243270874
4890,175,0.08544921875,0.12494482100009918,33.675682067871094,0.7894507050514221
4891,172,0.083984375,0.11614809185266495,30.7180118560791,0.8139110803604126
4892,164,0.080078125,0.12177377194166183,31.786020278930664,0.8012914657592773
4893,175,0.08544921875,0.12023863196372986,29.432340621948242,0.8265935182571411
4894,163,0.07958984375,0.11679434031248093,31.655309677124023,0.8062729835510254
4895,169,0.08251953125,0.11865638941526413,30.579965591430664,0.8157001733779907
4896,162,0.0791015625,0.12699227035045624,32.12371063232422,0.806362509727478
4897,140,0.068359375,0.12805737555027008,36.67829132080078,0.7572500705718994
4898,141,0.06884765625,0.13178527355194092,34.72736358642578,0.7782613039016724
4899,152,0.07421875,0.12250068038702011,36.1516227722168,0.7548143267631531
4900,158,0.0771484375,0.11884063482284546,35.249290466308594,0.7666372060775757
4901,175,0.08544921875,0.11654576659202576,33.31337356567383,0.7943465709686279
4902,185,0.09033203125,0.1062612235546112,33.25906753540039,0.7952747344970703
4903,205,0.10009765625,0.1118173897266388,33.407012939453125,0.7882728576660156
4904,214,0.1044921875,0.11468129605054855,32.86085891723633,0.7933989763259888
4905,204,0.099609375,0.11451070010662079,33.50510787963867,0.7901763916015625
4906,188,0.091796875,0.1183134987950325,32.49011993408203,0.7984815835952759
4907,168,0.08203125,0.11738412827253342,31.866039276123047,0.8073649406433105
4908,155,0.07568359375,0.12172730267047882,33.87775421142578,0.7876983880996704
4909,165,0.08056640625,0.12126217037439346,32.41230773925781,0.8082569241523743
4910,176,0.0859375,0.11572501063346863,32.79689025878906,0.7946142554283142
4911,180,0.087890625,0.11321335285902023,32.03941345214844,0.8049618005752563
4912,182,0.0888671875,0.11843694001436234,32.04668045043945,0.807094931602478
4913,201,0.09814453125,0.12031275779008865,34.06354904174805,0.7810205221176147
4914,219,0.10693359375,0.11665383726358414,33.79265213012695,0.784294605255127
4915,191,0.09326171875,0.12398975342512131,34.26565170288086,0.7747717499732971
4916,202,0.0986328125,0.12293238937854767,32.8189582824707,0.7967280149459839
4917,174,0.0849609375,0.12686124444007874,34.98853302001953,0.779924213886261
4918,172,0.083984375,0.13110662996768951,35.56597900390625,0.7701342105865479
4919,162,0.0791015625,0.12303350120782852,35.4168701171875,0.7611736059188843
4920,231,0.11279296875,0.14314283430576324,32.12973403930664,0.80800861120224
4921,249,0.12158203125,0.16251204907894135,34.415496826171875,0.781579852104187
4922,241,0.11767578125,0.14384545385837555,31.719223022460938,0.8048113584518433
4923,257,0.12548828125,0.12450064718723297,28.034894943237305,0.8431540727615356
4924,229,0.11181640625,0.13279761373996735,30.023300170898438,0.8208206295967102
4925,294,0.1435546875,0.1154916062951088,29.948135375976562,0.8233287334442139
4926,232,0.11328125,0.1335630863904953,31.7132625579834,0.8059009313583374
4927,278,0.1357421875,0.12156791985034943,32.92329025268555,0.7918984293937683
4928,355,0.17333984375,0.12414557486772537,29.832752227783203,0.8242812752723694
4929,377,0.18408203125,0.14934653043746948,32.868045806884766,0.7882206439971924
4930,364,0.177734375,0.13112446665763855,30.16863441467285,0.8186338543891907
4931,323,0.15771484375,0.1295250654220581,29.156530380249023,0.8266517519950867
4932,313,0.15283203125,0.1138061136007309,26.84598731994629,0.8543935418128967
4933,320,0.15625,0.12051024287939072,31.13529396057129,0.8074566721916199
4934,334,0.1630859375,0.10799684375524521,28.63835334777832,0.8333151936531067
4935,357,0.17431640625,0.11979512870311737,31.092432022094727,0.8115553855895996
4936,386,0.1884765625,0.14712682366371155,32.34966278076172,0.7968297600746155
4937,366,0.1787109375,0.18712486326694489,46.32209014892578,0.6377227306365967
4938,351,0.17138671875,0.2035885751247406,45.40707778930664,0.6514018774032593
4939,338,0.1650390625,0.167460635304451,38.76709747314453,0.723298966884613
4940,288,0.140625,0.19836057722568512,45.19878005981445,0.6566566824913025
4941,295,0.14404296875,0.14696212112903595,33.06496810913086,0.789326012134552
4942,348,0.169921875,0.14019812643527985,31.85511589050293,0.8003653883934021
4943,367,0.17919921875,0.1543603092432022,33.15865707397461,0.7841228246688843
4944,349,0.17041015625,0.1527637541294098,32.872684478759766,0.7882606387138367
4945,320,0.15625,0.13733243942260742,33.30777359008789,0.7901989221572876
4946,294,0.1435546875,0.14096206426620483,33.051353454589844,0.7924450635910034
4947,296,0.14453125,0.14013978838920593,33.768409729003906,0.7839509844779968
4948,329,0.16064453125,0.13059619069099426,33.33827209472656,0.7890618443489075
4949,300,0.146484375,0.142215758562088,36.3431282043457,0.7551115155220032
4950,376,0.18359375,0.14277145266532898,33.227256774902344,0.7955319881439209
4951,354,0.1728515625,0.10792151093482971,30.190887451171875,0.8226739168167114
4952,357,0.17431640625,0.1259651631116867,31.81692123413086,0.8018787503242493
4953,322,0.1572265625,0.11970770359039307,29.309364318847656,0.8325549960136414
4954,364,0.177734375,0.11413022875785828,30.159099578857422,0.8264706134796143
4955,363,0.17724609375,0.12266922742128372,30.647159576416016,0.8190270066261292
4956,380,0.185546875,0.13501764833927155,31.601835250854492,0.8052226901054382
4957,327,0.15966796875,0.12438085675239563,31.167903900146484,0.8164552450180054
4958,311,0.15185546875,0.11941924691200256,29.10231590270996,0.837421178817749
4959,307,0.14990234375,0.12846346199512482,31.364376068115234,0.813978374004364
4960,254,0.1240234375,0.1167459636926651,30.368186950683594,0.8177661299705505
4961,284,0.138671875,0.11457013338804245,29.351552963256836,0.8302268385887146
4962,324,0.158203125,0.11237914860248566,28.772737503051758,0.8321625590324402
4963,307,0.14990234375,0.1069776639342308,26.231765747070312,0.8623155951499939
4964,298,0.1455078125,0.12567980587482452,28.149911880493164,0.8381302952766418
4965,291,0.14208984375,0.11717293411493301,26.964502334594727,0.8554948568344116
4966,269,0.13134765625,0.12252670526504517,28.016162872314453,0.83973628282547
4967,267,0.13037109375,0.12402916699647903,27.72201919555664,0.8454808592796326
4968,234,0.1142578125,0.1279333382844925,29.2558650970459,0.830260157585144
4969,290,0.1416015625,0.1103133112192154,26.758102416992188,0.8596071600914001
4970,301,0.14697265625,0.10735613107681274,26.097118377685547,0.8631128668785095
4971,300,0.146484375,0.10803191363811493,28.14858055114746,0.8400629758834839
4972,289,0.14111328125,0.1110629141330719,28.218751907348633,0.8445311784744263
4973,314,0.1533203125,0.09622213989496231,27.186681747436523,0.8548348546028137
4974,300,0.146484375,0.08861996233463287,28.075403213500977,0.8468205332756042
4975,308,0.150390625,0.08689213544130325,27.363759994506836,0.8553280234336853
4976,296,0.14453125,0.08396567404270172,25.906728744506836,0.8681462407112122
4977,283,0.13818359375,0.08304538577795029,26.409521102905273,0.8608932495117188
4978,307,0.14990234375,0.08841676265001297,25.403085708618164,0.8727035522460938
4979,315,0.15380859375,0.09030266106128693,26.7644100189209,0.8578411936759949
4980,259,0.12646484375,0.10068955272436142,28.193092346191406,0.8416017293930054
4981,232,0.11328125,0.09009106457233429,27.800722122192383,0.8513308763504028
4982,209,0.10205078125,0.11587836593389511,28.57038688659668,0.8392388820648193
4983,215,0.10498046875,0.09215665608644485,28.251623153686523,0.8464974164962769
4984,225,0.10986328125,0.09770757704973221,27.694238662719727,0.8482207655906677
4985,236,0.115234375,0.12381092458963394,28.743391036987305,0.8390893340110779
4986,253,0.12353515625,0.09407505393028259,30.136451721191406,0.8328902721405029
4987,240,0.1171875,0.08683029562234879,27.87285614013672,0.8510314226150513
4988,250,0.1220703125,0.10863715410232544,30.895679473876953,0.8184040784835815
4989,241,0.11767578125,0.11750252544879913,29.3358211517334,0.8330453634262085
4990,223,0.10888671875,0.09138190746307373,28.823829650878906,0.8406561017036438
4991,281,0.13720703125,0.0783480554819107,27.669382095336914,0.8501710295677185
4992,326,0.1591796875,0.08087711036205292,25.539691925048828,0.8671074509620667
4993,303,0.14794921875,0.07856579124927521,25.210193634033203,0.8720800876617432
4994,299,0.14599609375,0.07995131611824036,25.667184829711914,0.8708217740058899
4995,296,0.14453125,0.08966220170259476,27.986780166625977,0.8467118740081787
4996,353,0.17236328125,0.09056776016950607,25.39335823059082,0.8682523369789124
4997,413,0.20166015625,0.09556008130311966,27.289318084716797,0.847924530506134
4998,368,0.1796875,0.09697448462247849,25.252111434936523,0.8675814270973206
4999,361,0.17626953125,0.10400517284870148,25.858688354492188,0.8574252724647522
5000,222,0.1083984375,0.22006748616695404,38.28743362426758,0.7382838129997253
5001,191,0.09326171875,0.19257618486881256,36.533180236816406,0.7549445033073425
5002,168,0.08203125,0.18051432073116302,38.78247833251953,0.7356975078582764
5003,180,0.087890625,0.19349853694438934,38.45532989501953,0.737926721572876
5004,169,0.08251953125,0.18107852339744568,37.17557907104492,0.7563257217407227
5005,192,0.09375,0.19657939672470093,38.48531723022461,0.7388501763343811
5006,180,0.087890625,0.20082150399684906,35.1340446472168,0.7740733623504639
5007,165,0.08056640625,0.18113680183887482,35.5596923828125,0.7751857042312622
5008,161,0.07861328125,0.18734431266784668,35.63378143310547,0.7671719193458557
5009,164,0.080078125,0.17384690046310425,35.9499397277832,0.7690930366516113
5010,153,0.07470703125,0.15515106916427612,35.58112335205078,0.7762418985366821
5011,167,0.08154296875,0.15634417533874512,36.90972137451172,0.7620522379875183
5012,165,0.08056640625,0.1576237976551056,37.65159225463867,0.7515084743499756
5013,159,0.07763671875,0.15892143547534943,35.95545959472656,0.770255982875824
5014,156,0.076171875,0.1561199575662613,33.66331481933594,0.7997606992721558
5015,149,0.07275390625,0.1509450078010559,33.976409912109375,0.794712483882904
5016,150,0.0732421875,0.13923686742782593,33.459320068359375,0.8034460544586182
5017,145,0.07080078125,0.12115640193223953,33.104347229003906,0.8085346221923828
5018,157,0.07666015625,0.12762340903282166,33.05678939819336,0.8087109327316284
5019,161,0.07861328125,0.12064384669065475,33.48585510253906,0.7994700074195862
5020,160,0.078125,0.1222800686955452,32.61250686645508,0.8095887303352356
5021,153,0.07470703125,0.12202786654233932,31.620258331298828,0.8214960098266602
5022,154,0.0751953125,0.12646454572677612,32.535682678222656,0.8119027018547058
5023,148,0.072265625,0.12184378504753113,32.09358215332031,0.8186270594596863
5024,151,0.07373046875,0.12009751051664352,32.89262771606445,0.8069993257522583
5025,154,0.0751953125,0.12160496413707733,32.95151901245117,0.8076779246330261
5026,149,0.07275390625,0.12108640372753143,32.864776611328125,0.809753954410553
5027,148,0.072265625,0.1215602234005928,32.31635665893555,0.8161150217056274
5028,173,0.08447265625,0.12821191549301147,33.536338806152344,0.7989782691001892
5029,163,0.07958984375,0.12048222124576569,32.73500442504883,0.8099599480628967
5030,174,0.0849609375,0.12934455275535583,35.11627960205078,0.7839999794960022
5031,159,0.07763671875,0.12762397527694702,32.78303527832031,0.811043918132782
5032,163,0.07958984375,0.13052380084991455,33.470821380615234,0.8021842837333679
5033,171,0.08349609375,0.12506522238254547,33.13016891479492,0.8017523884773254
5034,164,0.080078125,0.12789073586463928,33.77225112915039,0.7981460094451904
5035,168,0.08203125,0.12976782023906708,33.95423126220703,0.7966024279594421
5036,176,0.0859375,0.13685503602027893,35.05683135986328,0.7847486734390259
5037,173,0.08447265625,0.14142167568206787,35.11056137084961,0.78343665599823
5038,168,0.08203125,0.14159415662288666,34.06765365600586,0.7964337468147278
5039,173,0.08447265625,0.1544981747865677,36.535003662109375,0.7644526362419128
5040,117,0.05712890625,0.17210189998149872,32.79941940307617,0.80499267578125
5041,147,0.07177734375,0.17242677509784698,34.759498596191406,0.7843990325927734
5042,129,0.06298828125,0.17329144477844238,32.604923248291016,0.8043407201766968
5043,117,0.05712890625,0.17472679913043976,32.153079986572266,0.8133133053779602
5044,134,0.0654296875,0.1687123328447342,32.30663299560547,0.8095009922981262
5045,114,0.0556640625,0.14596082270145416,32.338470458984375,0.8133476376533508
5046,120,0.05859375,0.14846006035804749,31.827098846435547,0.8211890459060669
5047,156,0.076171875,0.13386394083499908,31.171661376953125,0.8254320025444031
5048,174,0.0849609375,0.14197731018066406,30.312593460083008,0.8309646844863892
5049,180,0.087890625,0.15632812678813934,32.30414962768555,0.7973925471305847
5050,205,0.10009765625,0.14843349158763885,33.758052825927734,0.7872138619422913
5051,179,0.08740234375,0.14691764116287231,32.99704360961914,0.8025676608085632
5052,173,0.08447265625,0.14851774275302887,34.260398864746094,0.78840172290802
5053,159,0.07763671875,0.1529957503080368,33.99968719482422,0.7921969890594482
5054,188,0.091796875,0.15204186737537384,33.81512451171875,0.7931394577026367
5055,197,0.09619140625,0.1448051929473877,33.50587844848633,0.794003963470459
5056,192,0.09375,0.1463596373796463,34.00532150268555,0.7902870178222656
5057,185,0.09033203125,0.1370893269777298,33.251991271972656,0.7950515151023865
5058,182,0.0888671875,0.13872216641902924,32.34892272949219,0.807262659072876
5059,164,0.080078125,0.14151374995708466,31.216154098510742,0.8225857615470886
5060,159,0.07763671875,0.14019326865673065,32.32395935058594,0.8109278678894043
5061,124,0.060546875,0.1470387876033783,30.11209487915039,0.8343578577041626
5062,141,0.06884765625,0.13929590582847595,31.60149383544922,0.8148854374885559
5063,161,0.07861328125,0.13610728085041046,28.667537689208984,0.8360178470611572
5064,163,0.07958984375,0.14769195020198822,29.242094039916992,0.8299621343612671
5065,169,0.08251953125,0.1548677682876587,29.0175838470459,0.8333549499511719
5066,178,0.0869140625,0.15453119575977325,30.018404006958008,0.8256493210792542
5067,176,0.0859375,0.15016044676303864,28.682167053222656,0.8402469158172607
5068,165,0.08056640625,0.15693092346191406,27.58218002319336,0.8513596057891846
5069,157,0.07666015625,0.1508316695690155,27.627466201782227,0.8490830063819885
5070,141,0.06884765625,0.14126484096050262,28.580211639404297,0.8395072817802429
5071,150,0.0732421875,0.14053165912628174,29.348033905029297,0.8341140747070312
5072,128,0.0625,0.14322227239608765,28.359439849853516,0.8419203162193298
5073,139,0.06787109375,0.13991819322109222,27.862878799438477,0.8523322343826294
5074,123,0.06005859375,0.15709412097930908,30.44703483581543,0.820069432258606
5075,130,0.0634765625,0.16458898782730103,28.795164108276367,0.8345287442207336
5076,129,0.06298828125,0.16648198664188385,29.533737182617188,0.8268120288848877
5077,123,0.06005859375,0.16826383769512177,28.477073669433594,0.8372471928596497
5078,130,0.0634765625,0.16416102647781372,28.283037185668945,0.841881275177002
5079,146,0.0712890625,0.1522401124238968,30.10934829711914,0.8201024532318115
5080,437,0.21337890625,0.1398007869720459,30.599319458007812,0.816175103187561
5081,435,0.21240234375,0.13546122610569,31.724281311035156,0.8027901649475098
5082,369,0.18017578125,0.14352621138095856,33.34946823120117,0.7865858674049377
5083,353,0.17236328125,0.1398307979106903,32.07517623901367,0.8025023341178894
5084,364,0.177734375,0.13997125625610352,32.91270065307617,0.7906354069709778
5085,385,0.18798828125,0.12802694737911224,32.42425537109375,0.7958871722221375
5086,415,0.20263671875,0.1345001459121704,31.074039459228516,0.8074146509170532
5087,367,0.17919921875,0.13172036409378052,33.822750091552734,0.780771017074585
5088,379,0.18505859375,0.13627895712852478,32.1192512512207,0.7995770573616028
5089,431,0.21044921875,0.13375429809093475,29.46207046508789,0.8242794871330261
5090,473,0.23095703125,0.13109005987644196,30.40349578857422,0.8205917477607727
5091,583,0.28466796875,0.1245991513133049,30.67243194580078,0.8114743828773499
5092,531,0.25927734375,0.13045059144496918,31.631183624267578,0.801530122756958
5093,494,0.2412109375,0.13538138568401337,29.563730239868164,0.8249468207359314
5094,465,0.22705078125,0.140304833650589,29.48686981201172,0.826741099357605
5095,553,0.27001953125,0.13306556642055511,30.355812072753906,0.8219117522239685
5096,720,0.3515625,0.1405683159828186,28.178699493408203,0.840839147567749
5097,682,0.3330078125,0.1404426097869873,28.06058120727539,0.8431035876274109
5098,712,0.34765625,0.1451624035835266,27.332889556884766,0.8492766618728638
5099,1103,0.53857421875,0.14557652175426483,19.66476058959961,0.8999544978141785
5100,1155,0.56396484375,0.14423653483390808,36.99150466918945,0.7669540643692017
5101,947,0.46240234375,0.15387362241744995,24.759401321411133,0.8621401190757751
5102,696,0.33984375,0.1411958932876587,27.615203857421875,0.8065401911735535
5103,722,0.3525390625,0.13701573014259338,27.166719436645508,0.8077584505081177
5104,797,0.38916015625,0.13729563355445862,28.378740310668945,0.7990566492080688
5105,786,0.3837890625,0.13354001939296722,25.910146713256836,0.8292933106422424
5106,838,0.4091796875,0.12256310880184174,29.20702362060547,0.8209512829780579
5107,844,0.412109375,0.12211547791957855,25.359331130981445,0.835348904132843
5108,884,0.431640625,0.12162959575653076,25.075958251953125,0.8385655879974365
5109,1120,0.546875,0.12997817993164062,24.909835815429688,0.8513473272323608
5110,768,0.375,0.12139452248811722,28.82102394104004,0.8249412178993225
5111,968,0.47265625,0.11195753514766693,30.15826988220215,0.8159489035606384
5112,955,0.46630859375,0.0896228700876236,27.417560577392578,0.8448271751403809
5113,896,0.4375,0.08739820867776871,28.918014526367188,0.8277055621147156
5114,1037,0.50634765625,0.09249956905841827,29.74590301513672,0.8213380575180054
5115,1032,0.50390625,0.09817248582839966,34.41551971435547,0.7811862230300903
5116,822,0.4013671875,0.09404241293668747,28.454051971435547,0.8413266539573669
5117,510,0.2490234375,0.11157926172018051,29.365074157714844,0.830039918422699
5118,415,0.20263671875,0.11611174792051315,30.867589950561523,0.8115715384483337
5119,311,0.15185546875,0.1326770931482315,36.97209548950195,0.7433332204818726
5120,390,0.1904296875,0.1806553155183792,43.123512268066406,0.6766189932823181
5121,459,0.22412109375,0.15927615761756897,34.938690185546875,0.7641136050224304
5122,789,0.38525390625,0.1168813705444336,38.24833679199219,0.7313491702079773
5123,840,0.41015625,0.09974189102649689,36.61255645751953,0.7467126846313477
5124,835,0.40771484375,0.10548099875450134,36.86528396606445,0.7436853647232056
5125,809,0.39501953125,0.1014149934053421,33.56882858276367,0.7715556025505066
5126,765,0.37353515625,0.10169491171836853,36.11094665527344,0.7552977800369263
5127,653,0.31884765625,0.10736000537872314,37.02690887451172,0.7401743531227112
5128,608,0.296875,0.1231662705540657,31.302343368530273,0.804034411907196
5129,711,0.34716796875,0.11732650548219681,36.83591079711914,0.7474719882011414
5130,535,0.26123046875,0.14825455844402313,29.996564865112305,0.8218904733657837
5131,757,0.36962890625,0.09669041633605957,32.092994689941406,0.8023384213447571
5132,814,0.3974609375,0.11237084120512009,34.84922409057617,0.7754411101341248
5133,670,0.3271484375,0.09938354790210724,32.30080032348633,0.8051270246505737
5134,822,0.4013671875,0.12248853594064713,39.53532791137695,0.7162532806396484
5135,805,0.39306640625,0.10540629923343658,40.83538818359375,0.7125166654586792
5136,783,0.38232421875,0.0958169475197792,33.90328598022461,0.7875999808311462
5137,862,0.4208984375,0.09598560631275177,38.98724365234375,0.7313715815544128
5138,843,0.41162109375,0.1032823845744133,36.77716827392578,0.7525728940963745
5139,823,0.40185546875,0.09919754415750504,37.234642028808594,0.7462769150733948
5140,807,0.39404296875,0.10531312227249146,40.09499740600586,0.7072297930717468
5141,829,0.40478515625,0.10680638998746872,39.929439544677734,0.7074807286262512
5142,717,0.35009765625,0.10838868468999863,45.1629524230957,0.6527354121208191
5143,736,0.359375,0.11736992746591568,31.173925399780273,0.812711238861084
5144,615,0.30029296875,0.1380838304758072,29.836769104003906,0.8289307355880737
5145,807,0.39404296875,0.11914186179637909,32.369178771972656,0.8028584718704224
5146,837,0.40869140625,0.13367663323879242,36.22026824951172,0.7584341764450073
5147,811,0.39599609375,0.10821138322353363,36.41975784301758,0.7625744342803955
5148,750,0.3662109375,0.11525074392557144,41.88373565673828,0.7015281319618225
5149,761,0.37158203125,0.11683931201696396,38.97372817993164,0.7350249886512756
5150,873,0.42626953125,0.10202629864215851,38.18935775756836,0.7403161525726318
5151,890,0.4345703125,0.10558495670557022,39.16621780395508,0.7276149988174438
5152,918,0.4482421875,0.11898261308670044,47.8508186340332,0.6180590391159058
5153,863,0.42138671875,0.12669943273067474,47.89344787597656,0.616156816482544
5154,833,0.40673828125,0.11076822876930237,36.650177001953125,0.7558941841125488
5155,710,0.3466796875,0.11173371225595474,34.06464385986328,0.7818467020988464
5156,643,0.31396484375,0.12060374021530151,31.49724578857422,0.8069360256195068
5157,629,0.30712890625,0.13524320721626282,27.54508399963379,0.8467655777931213
5158,542,0.2646484375,0.15424592792987823,29.20317840576172,0.8273595571517944
5159,788,0.384765625,0.1670798808336258,43.13056182861328,0.6854178309440613
5160,362,0.1767578125,0.16263838112354279,31.80339241027832,0.7989376187324524
5161,379,0.18505859375,0.1617642343044281,29.886489868164062,0.8221052885055542
5162,387,0.18896484375,0.13591857254505157,28.199405670166016,0.8400683403015137
5163,378,0.1845703125,0.11109718680381775,28.050371170043945,0.8500438332557678
5164,382,0.1865234375,0.09968799352645874,27.460927963256836,0.8549424409866333
5165,414,0.2021484375,0.09279264509677887,26.327455520629883,0.864453136920929
5166,361,0.17626953125,0.09661834686994553,27.22907829284668,0.8551512956619263
5167,354,0.1728515625,0.10808107256889343,27.66337776184082,0.8504138588905334
5168,331,0.16162109375,0.11770071089267731,29.83260726928711,0.8302617073059082
5169,319,0.15576171875,0.11433153599500656,30.194982528686523,0.8308119773864746
5170,294,0.1435546875,0.12168180197477341,31.0129451751709,0.8230535387992859
5171,296,0.14453125,0.11758597940206528,27.799203872680664,0.8536470532417297
5172,327,0.15966796875,0.10909914970397949,26.67485809326172,0.8617801070213318
5173,344,0.16796875,0.10447576642036438,28.011089324951172,0.8511979579925537
5174,374,0.1826171875,0.10279038548469543,26.779001235961914,0.8573607802391052
5175,368,0.1796875,0.10883545875549316,27.18691062927246,0.855130672454834
5176,375,0.18310546875,0.10553920269012451,27.185802459716797,0.8531104922294617
5177,391,0.19091796875,0.11909642815589905,28.298389434814453,0.847474992275238
5178,343,0.16748046875,0.13194793462753296,30.602445602416992,0.8226966261863708
5179,363,0.17724609375,0.11188974231481552,27.51620864868164,0.8467464447021484
5180,368,0.1796875,0.10714199393987656,24.72670555114746,0.8725292086601257
5181,366,0.1787109375,0.10430359095335007,24.5264892578125,0.8773791193962097
5182,332,0.162109375,0.1159968376159668,25.750980377197266,0.866348922252655
5183,360,0.17578125,0.1105739176273346,23.985031127929688,0.8825073838233948
5184,360,0.17578125,0.10988928377628326,23.638010025024414,0.884773850440979
5185,336,0.1640625,0.12062159925699234,25.242103576660156,0.869876503944397
5186,342,0.1669921875,0.11149585247039795,24.80291175842285,0.8752502202987671
5187,375,0.18310546875,0.10811592638492584,23.51535987854004,0.8857279419898987
5188,361,0.17626953125,0.10293091088533401,23.86343002319336,0.8848574161529541
5189,371,0.18115234375,0.10069490969181061,23.08884048461914,0.8867635130882263
5190,402,0.1962890625,0.09818369895219803,23.031187057495117,0.8853808641433716
5191,437,0.21337890625,0.10146468132734299,24.014713287353516,0.8825226426124573
5192,395,0.19287109375,0.10459602624177933,22.971052169799805,0.8850342035293579
5193,447,0.21826171875,0.10658756643533707,23.106285095214844,0.8871817588806152
5194,432,0.2109375,0.12099738419055939,26.23607063293457,0.8549908995628357
5195,383,0.18701171875,0.12009084224700928,25.22760772705078,0.8632700443267822
5196,417,0.20361328125,0.11514782905578613,25.37525749206543,0.8631083965301514
5197,392,0.19140625,0.12236807495355606,25.341217041015625,0.8695526719093323
5198,445,0.21728515625,0.12585026025772095,26.197219848632812,0.8658802509307861
5199,451,0.22021484375,0.13181200623512268,28.029829025268555,0.8516220450401306
5200,679,0.33154296875,0.18035799264907837,50.44729232788086,0.6039319038391113
5201,776,0.37890625,0.10811673104763031,22.873411178588867,0.8753274083137512
5202,676,0.330078125,0.11133144795894623,22.142662048339844,0.8832834362983704
5203,732,0.357421875,0.1101030558347702,22.733192443847656,0.8830519914627075
5204,864,0.421875,0.10823530703783035,27.16623306274414,0.8534034490585327
5205,691,0.33740234375,0.1027274951338768,22.050622940063477,0.883489191532135
5206,660,0.322265625,0.10586372762918472,24.535919189453125,0.8679063320159912
5207,583,0.28466796875,0.11196471005678177,28.615089416503906,0.8290287256240845
5208,667,0.32568359375,0.10830279439687729,24.247533798217773,0.8712165355682373
5209,594,0.2900390625,0.11768317967653275,27.773683547973633,0.8438050746917725
5210,502,0.2451171875,0.12191658467054367,32.48067092895508,0.7971459031105042
5211,542,0.2646484375,0.1291748434305191,31.25802230834961,0.8137437105178833
5212,507,0.24755859375,0.1209988221526146,31.685680389404297,0.802187442779541
5213,508,0.248046875,0.12116337567567825,32.65299987792969,0.791066586971283
5214,475,0.23193359375,0.1312273144721985,30.94501304626465,0.813220202922821
5215,525,0.25634765625,0.1260746270418167,28.69873046875,0.8372600078582764
5216,527,0.25732421875,0.11720100045204163,31.505599975585938,0.8082529902458191
5217,547,0.26708984375,0.12541092932224274,28.06163787841797,0.8446009159088135
5218,676,0.330078125,0.1081308126449585,28.361665725708008,0.8434123992919922
5219,788,0.384765625,0.10371358692646027,23.420011520385742,0.8785155415534973
5220,1342,0.6552734375,0.1543748676776886,30.513723373413086,0.8050222396850586
5221,849,0.41455078125,0.11455170810222626,25.47442626953125,0.8610978722572327
5222,756,0.369140625,0.09983085840940475,21.6949405670166,0.8839552402496338
5223,646,0.3154296875,0.10674145072698593,21.55585289001465,0.8883129358291626
5224,610,0.2978515625,0.11518678069114685,20.883996963500977,0.893704891204834
5225,552,0.26953125,0.12239794433116913,23.936738967895508,0.8721010088920593
5226,613,0.29931640625,0.11138663440942764,26.676868438720703,0.8457353711128235
5227,533,0.26025390625,0.10989896208047867,26.15093231201172,0.8453431129455566
5228,510,0.2490234375,0.12030106782913208,25.722461700439453,0.8478285670280457
5229,546,0.2666015625,0.1390247642993927,26.983863830566406,0.8467792272567749
5230,515,0.25146484375,0.12613245844841003,22.843915939331055,0.875599205493927
5231,460,0.224609375,0.13095620274543762,25.998779296875,0.8539863228797913
5232,383,0.18701171875,0.14092819392681122,31.04416275024414,0.8051854968070984
5233,388,0.189453125,0.14474301040172577,30.200613021850586,0.8098109364509583
5234,452,0.220703125,0.1336338222026825,30.411653518676758,0.806881308555603
5235,467,0.22802734375,0.13683494925498962,28.66276741027832,0.8245209455490112
5236,707,0.34521484375,0.10634934902191162,25.204227447509766,0.8583572506904602
5237,590,0.2880859375,0.11684801429510117,29.39545440673828,0.8270679712295532
5238,719,0.35107421875,0.11718293279409409,27.58027458190918,0.8503726124763489
5239,666,0.3251953125,0.1182435154914856,28.759824752807617,0.8401455283164978
5240,73,0.03564453125,0.13304907083511353,36.24723434448242,0.7683547139167786
5241,69,0.03369140625,0.13274052739143372,35.59816360473633,0.7739105820655823
5242,76,0.037109375,0.12357580661773682,37.924041748046875,0.7455120086669922
5243,89,0.04345703125,0.12653915584087372,34.52482986450195,0.7846658229827881
5244,92,0.044921875,0.12181520462036133,37.026084899902344,0.75449138879776
5245,87,0.04248046875,0.12031837552785873,35.7459602355957,0.7712088227272034
5246,84,0.041015625,0.1196495071053505,35.851470947265625,0.7630757093429565
5247,85,0.04150390625,0.1262960284948349,37.164894104003906,0.7525670528411865
5248,85,0.04150390625,0.13318902254104614,34.593318939208984,0.7836005687713623
5249,101,0.04931640625,0.13079802691936493,37.768531799316406,0.7470438480377197
5250,113,0.05517578125,0.12838134169578552,36.57413101196289,0.7574790120124817
5251,119,0.05810546875,0.12329686433076859,36.283016204833984,0.7637365460395813
5252,115,0.05615234375,0.1508110910654068,35.87065124511719,0.7691330909729004
5253,126,0.0615234375,0.1286112517118454,35.5092887878418,0.7725398540496826
5254,135,0.06591796875,0.12080802023410797,37.615455627441406,0.7493188977241516
5255,135,0.06591796875,0.12694360315799713,37.43783187866211,0.7510854005813599
5256,134,0.0654296875,0.11460581421852112,35.81502151489258,0.767837405204773
5257,137,0.06689453125,0.11657951772212982,37.89583969116211,0.7434787154197693
5258,134,0.0654296875,0.12131607532501221,36.6550407409668,0.7621840834617615
5259,145,0.07080078125,0.12039520591497421,37.12214660644531,0.7559515833854675
5260,163,0.07958984375,0.11606232076883316,34.9680061340332,0.7756134867668152
5261,159,0.07763671875,0.11013581603765488,34.004859924316406,0.7830324769020081
5262,164,0.080078125,0.11136912554502487,33.05094909667969,0.7963085770606995
5263,166,0.0810546875,0.11429566144943237,32.85426330566406,0.7939611077308655
5264,166,0.0810546875,0.11164702475070953,32.335105895996094,0.7938563227653503
5265,171,0.08349609375,0.13895294070243835,33.15776443481445,0.7821571230888367
5266,167,0.08154296875,0.14622385799884796,33.12297821044922,0.7827700972557068
5267,172,0.083984375,0.14350265264511108,35.783355712890625,0.7594773769378662
5268,166,0.0810546875,0.11355714499950409,35.28825759887695,0.7695619463920593
5269,169,0.08251953125,0.13385386765003204,34.70064163208008,0.7755423784255981
5270,164,0.080078125,0.12229762226343155,33.635765075683594,0.7846331596374512
5271,158,0.0771484375,0.11214495450258255,32.02701187133789,0.8023920059204102
5272,157,0.07666015625,0.11963201314210892,33.659278869628906,0.7765755653381348
5273,165,0.08056640625,0.12103281915187836,33.15547561645508,0.7814958095550537
5274,163,0.07958984375,0.12360810488462448,31.423181533813477,0.7978911399841309
5275,170,0.0830078125,0.12072442471981049,31.655513763427734,0.791072428226471
5276,177,0.08642578125,0.11150752753019333,33.89413070678711,0.7743792533874512
5277,160,0.078125,0.12539920210838318,33.01970672607422,0.7955020666122437
5278,151,0.07373046875,0.14122378826141357,32.45904541015625,0.8020278811454773
5279,148,0.072265625,0.12707386910915375,34.17824172973633,0.7856846451759338
5280,330,0.1611328125,0.09744524955749512,28.703420639038086,0.8381229043006897
5281,328,0.16015625,0.10604311525821686,28.651521682739258,0.8410397171974182
5282,366,0.1787109375,0.1104397103190422,27.428630828857422,0.8456873893737793
5283,417,0.20361328125,0.11381202191114426,28.84733772277832,0.8297148942947388
5284,337,0.16455078125,0.10469484329223633,28.577777862548828,0.8414787650108337
5285,381,0.18603515625,0.11380859464406967,29.30095100402832,0.8263745307922363
5286,330,0.1611328125,0.10365510731935501,30.300556182861328,0.8267406821250916
5287,360,0.17578125,0.11080576479434967,29.82591438293457,0.8275992274284363
5288,355,0.17333984375,0.10504727065563202,30.19359588623047,0.8253576755523682
5289,394,0.1923828125,0.10298794507980347,29.33319664001465,0.8274384140968323
5290,426,0.2080078125,0.10795708000659943,32.00773620605469,0.7957810163497925
5291,366,0.1787109375,0.09805658459663391,27.948657989501953,0.8427761197090149
5292,364,0.177734375,0.09575966000556946,29.201942443847656,0.8319084048271179
5293,344,0.16796875,0.0981440618634224,29.152612686157227,0.8347494602203369
5294,355,0.17333984375,0.09856440126895905,29.678443908691406,0.8275837898254395
5295,408,0.19921875,0.09839940816164017,30.511585235595703,0.8153343796730042
5296,387,0.18896484375,0.09722578525543213,30.7656307220459,0.8138874769210815
5297,358,0.1748046875,0.09461809694766998,28.748537063598633,0.8387800455093384
5298,347,0.16943359375,0.10224156081676483,30.835487365722656,0.8161982297897339
5299,386,0.1884765625,0.10589686781167984,32.87363052368164,0.792961061000824
5300,394,0.1923828125,0.10714246332645416,32.588661193847656,0.7963367700576782
5301,379,0.18505859375,0.10265486687421799,30.8414363861084,0.8195540904998779
5302,390,0.1904296875,0.10407812148332596,33.087581634521484,0.789681613445282
5303,331,0.16162109375,0.10274139046669006,32.243064880371094,0.8054895997047424
5304,297,0.14501953125,0.1104954332113266,32.758766174316406,0.8017247319221497
5305,272,0.1328125,0.11482754349708557,31.606550216674805,0.8154942989349365
5306,249,0.12158203125,0.11152415722608566,31.540367126464844,0.8163567185401917
5307,271,0.13232421875,0.11810314655303955,32.372352600097656,0.8058601021766663
5308,274,0.1337890625,0.11619286984205246,32.91334533691406,0.80302494764328
5309,313,0.15283203125,0.11756925284862518,33.41036605834961,0.7939819693565369
5310,268,0.130859375,0.12135599553585052,31.261070251464844,0.8204828500747681
5311,262,0.1279296875,0.1235804557800293,31.847782135009766,0.8158635497093201
5312,264,0.12890625,0.1264941394329071,33.687156677246094,0.794701337814331
5313,280,0.13671875,0.11717650294303894,31.729454040527344,0.8141456246376038
5314,283,0.13818359375,0.11763547360897064,32.381526947021484,0.8094205856323242
5315,281,0.13720703125,0.12161891162395477,31.98915672302246,0.8138361573219299
5316,268,0.130859375,0.12377233058214188,31.486255645751953,0.8215087652206421
5317,263,0.12841796875,0.11759694665670395,32.70764923095703,0.8062323927879333
5318,290,0.1416015625,0.12082979083061218,32.579776763916016,0.805292010307312
5319,289,0.14111328125,0.1219431683421135,31.500036239624023,0.8096807599067688
5320,92,0.044921875,0.13159026205539703,32.0071907043457,0.801665186882019
5321,96,0.046875,0.1250537633895874,34.52410888671875,0.7768199443817139
5322,97,0.04736328125,0.12170766294002533,34.43111801147461,0.7745088338851929
5323,94,0.0458984375,0.11915148049592972,31.25931167602539,0.8158898949623108
5324,97,0.04736328125,0.12051331996917725,32.89508056640625,0.7961394190788269
5325,101,0.04931640625,0.12332580983638763,33.190330505371094,0.7892481684684753
5326,103,0.05029296875,0.1350521296262741,33.42097091674805,0.7824981212615967
5327,98,0.0478515625,0.119229756295681,32.558284759521484,0.7954299449920654
5328,104,0.05078125,0.1220230758190155,33.18561553955078,0.7893999814987183
5329,98,0.0478515625,0.11959473788738251,36.35500717163086,0.7433385848999023
5330,90,0.0439453125,0.1132185310125351,34.59322738647461,0.7829638123512268
5331,85,0.04150390625,0.11808931827545166,34.043819427490234,0.7898785471916199
5332,78,0.0380859375,0.11353738605976105,33.14694595336914,0.7959970235824585
5333,92,0.044921875,0.10959725081920624,34.507659912109375,0.7818645238876343
5334,93,0.04541015625,0.10721229016780853,34.66823196411133,0.7782840728759766
5335,82,0.0400390625,0.11242149025201797,34.967159271240234,0.7768498659133911
5336,94,0.0458984375,0.10940564423799515,35.647823333740234,0.7804224491119385
5337,92,0.044921875,0.11517654359340668,38.48554611206055,0.7431799173355103
5338,94,0.0458984375,0.11507686972618103,37.38385772705078,0.7568938732147217
5339,88,0.04296875,0.12029892951250076,36.992652893066406,0.7525526285171509
5340,110,0.0537109375,0.10958971083164215,34.28825759887695,0.774061918258667
5341,114,0.0556640625,0.11206138134002686,34.79867172241211,0.7708042860031128
5342,118,0.0576171875,0.11272813379764557,34.030799865722656,0.7784924507141113
5343,123,0.06005859375,0.10997699946165085,35.01156997680664,0.7693811655044556
5344,164,0.080078125,0.1375669687986374,31.3029727935791,0.8126361966133118
5345,171,0.08349609375,0.1410427987575531,30.861568450927734,0.8117194771766663
5346,171,0.08349609375,0.1410216987133026,35.356937408447266,0.7680383920669556
5347,174,0.0849609375,0.14522914588451385,35.91771697998047,0.7604162096977234
5348,199,0.09716796875,0.18173392117023468,34.6274528503418,0.7792961597442627
5349,203,0.09912109375,0.19082742929458618,34.716434478759766,0.7853551506996155
5350,192,0.09375,0.18652434647083282,33.98030471801758,0.7856847643852234
5351,220,0.107421875,0.185297429561615,33.08088302612305,0.7898241877555847
5352,174,0.0849609375,0.13531188666820526,31.53069496154785,0.8084873557090759
5353,174,0.0849609375,0.17243090271949768,31.01953887939453,0.8088273406028748
5354,201,0.09814453125,0.18250320851802826,33.19371032714844,0.7814575433731079
5355,202,0.0986328125,0.17535819113254547,31.586700439453125,0.8008191585540771
5356,219,0.10693359375,0.1781308799982071,31.0188045501709,0.8106231689453125
5357,285,0.13916015625,0.1426195353269577,29.398523330688477,0.8297545909881592
5358,258,0.1259765625,0.126097172498703,29.527626037597656,0.8268632888793945
5359,296,0.14453125,0.12674590945243835,30.545310974121094,0.8177469372749329
5360,323,0.15771484375,0.1506577581167221,38.980506896972656,0.7244776487350464
5361,297,0.14501953125,0.14813518524169922,37.53651809692383,0.7509234547615051
5362,279,0.13623046875,0.1473781168460846,37.246070861816406,0.7553150653839111
5363,237,0.11572265625,0.12543946504592896,35.870540618896484,0.7806604504585266
5364,233,0.11376953125,0.13594885170459747,36.531429290771484,0.7717329859733582
5365,239,0.11669921875,0.1388932168483734,37.02483367919922,0.7627738118171692
5366,234,0.1142578125,0.14540527760982513,40.86991500854492,0.711210310459137
5367,230,0.1123046875,0.1450350284576416,37.842350006103516,0.7478625774383545
5368,248,0.12109375,0.1523989886045456,34.26113510131836,0.7947081923484802
5369,238,0.1162109375,0.1352011263370514,34.69313430786133,0.7894227504730225
5370,259,0.12646484375,0.14975355565547943,33.659446716308594,0.796636700630188
5371,259,0.12646484375,0.15074308216571808,32.795989990234375,0.8037082552909851
5372,256,0.125,0.16425177454948425,34.63922882080078,0.7838998436927795
5373,293,0.14306640625,0.17368878424167633,37.41818618774414,0.7463386654853821
5374,245,0.11962890625,0.16973444819450378,33.995384216308594,0.7947885394096375
5375,259,0.12646484375,0.1759590208530426,35.1143798828125,0.7764973044395447
5376,278,0.1357421875,0.18584036827087402,36.809600830078125,0.7514013051986694
5377,222,0.1083984375,0.15728609263896942,35.36992263793945,0.7691999077796936
5378,221,0.10791015625,0.15755367279052734,33.91981887817383,0.788677990436554
5379,231,0.11279296875,0.15124018490314484,31.3245849609375,0.809290885925293
5380,271,0.13232421875,0.17671144008636475,35.46854782104492,0.7682023048400879
5381,222,0.1083984375,0.16425226628780365,32.00119400024414,0.8093751668930054
5382,238,0.1162109375,0.1824209988117218,32.88882827758789,0.7971593737602234
5383,172,0.083984375,0.12062964588403702,33.035011291503906,0.7995033860206604
5384,185,0.09033203125,0.11962836980819702,33.80782699584961,0.7879294753074646
5385,171,0.08349609375,0.12006063759326935,34.81019973754883,0.7771291732788086
5386,190,0.0927734375,0.11827266961336136,31.471445083618164,0.8114742636680603
5387,186,0.0908203125,0.11736693233251572,31.61455726623535,0.8065118193626404
5388,186,0.0908203125,0.11941051483154297,32.21007537841797,0.8069933652877808
5389,206,0.1005859375,0.12018586695194244,32.68422317504883,0.7956476211547852
5390,202,0.0986328125,0.11567752808332443,32.88441848754883,0.793121337890625
5391,205,0.10009765625,0.10526575148105621,30.969608306884766,0.811111330986023
5392,210,0.1025390625,0.10376047343015671,30.217878341674805,0.8215236663818359
5393,228,0.111328125,0.11247586458921432,29.48072052001953,0.825875461101532
5394,253,0.12353515625,0.11694058030843735,30.829317092895508,0.8084036111831665
5395,247,0.12060546875,0.11343926191329956,30.063920974731445,0.8169703483581543
5396,257,0.12548828125,0.11340634524822235,31.141742706298828,0.8047278523445129
5397,245,0.11962890625,0.11801048368215561,30.896181106567383,0.808801531791687
5398,246,0.1201171875,0.12113941460847855,30.959470748901367,0.8081679940223694
5399,240,0.1171875,0.1265263557434082,29.896486282348633,0.8222005367279053
5400,207,0.10107421875,0.12311606109142303,31.884525299072266,0.8058803677558899
5401,205,0.10009765625,0.12109917402267456,31.867521286010742,0.80366450548172
5402,185,0.09033203125,0.13961438834667206,33.66799545288086,0.7867670655250549
5403,192,0.09375,0.1377357393503189,33.002262115478516,0.792294979095459
5404,214,0.1044921875,0.13733868300914764,33.746700286865234,0.7839372158050537
5405,222,0.1083984375,0.12794214487075806,33.66050720214844,0.78277188539505
5406,220,0.107421875,0.12551066279411316,32.78911209106445,0.7925620079040527
5407,247,0.12060546875,0.11852305382490158,34.01492691040039,0.7829936742782593
5408,359,0.17529296875,0.12745115160942078,32.616275787353516,0.7961052656173706
5409,357,0.17431640625,0.1208329051733017,32.09474182128906,0.8002161383628845
5410,415,0.20263671875,0.1327376514673233,33.32280349731445,0.7871217131614685
5411,422,0.2060546875,0.13419660925865173,33.57954406738281,0.7785296440124512
5412,348,0.169921875,0.11742811650037766,32.1089973449707,0.8022380471229553
5413,357,0.17431640625,0.11909466981887817,33.20957565307617,0.7887480854988098
5414,360,0.17578125,0.12131103873252869,32.028839111328125,0.8001629114151001
5415,374,0.1826171875,0.12024939805269241,33.14982604980469,0.793025553226471
5416,390,0.1904296875,0.11937715113162994,32.369972229003906,0.7982607483863831
5417,372,0.181640625,0.12162967026233673,32.1259880065918,0.796549916267395
5418,411,0.20068359375,0.1332629919052124,32.31868362426758,0.7928052544593811
5419,382,0.1865234375,0.12053616344928741,29.95645523071289,0.8206983804702759
5420,368,0.1796875,0.12286850810050964,31.893369674682617,0.8038523197174072
5421,337,0.16455078125,0.1146559864282608,30.760643005371094,0.8180474042892456
5422,373,0.18212890625,0.12642623484134674,31.058269500732422,0.8125022649765015
5423,319,0.15576171875,0.12770304083824158,33.0981330871582,0.7905601859092712
5424,276,0.134765625,0.11742143332958221,32.08657455444336,0.8010402917861938
5425,310,0.1513671875,0.11243855953216553,32.44252014160156,0.7949554324150085
5426,273,0.13330078125,0.11594155430793762,31.978233337402344,0.7998765707015991
5427,309,0.15087890625,0.11893485486507416,34.507293701171875,0.7740399241447449
5428,314,0.1533203125,0.13163189589977264,33.486053466796875,0.7860741019248962
5429,353,0.17236328125,0.12776251137256622,34.32848358154297,0.7761245965957642
5430,369,0.18017578125,0.14109671115875244,34.385128021240234,0.770386815071106
5431,324,0.158203125,0.13981857895851135,32.39274978637695,0.7936443090438843
5432,294,0.1435546875,0.13735821843147278,32.3941764831543,0.7958999872207642
5433,236,0.115234375,0.12674866616725922,31.8885555267334,0.8039329648017883
5434,204,0.099609375,0.14633148908615112,31.637475967407227,0.8089858889579773
5435,230,0.1123046875,0.12207630276679993,32.67477798461914,0.7933133244514465
5436,251,0.12255859375,0.12408173829317093,32.535640716552734,0.7938422560691833
5437,300,0.146484375,0.1256171613931656,33.6652717590332,0.7838724851608276
5438,353,0.17236328125,0.169672891497612,34.947898864746094,0.7705385684967041
5439,391,0.19091796875,0.16659052670001984,36.9370002746582,0.7488635182380676
5440,156,0.076171875,0.14539267122745514,27.384822845458984,0.8491199016571045
5441,164,0.080078125,0.14342807233333588,26.694631576538086,0.8529852032661438
5442,166,0.0810546875,0.14468038082122803,26.085702896118164,0.8619849681854248
5443,185,0.09033203125,0.1409083902835846,25.64266014099121,0.8682214021682739
5444,184,0.08984375,0.1384466588497162,24.749177932739258,0.8736244440078735
5445,189,0.09228515625,0.13803093135356903,26.30127716064453,0.85300213098526
5446,166,0.0810546875,0.14212830364704132,25.031503677368164,0.864636242389679
5447,172,0.083984375,0.14254775643348694,27.04749870300293,0.8432392477989197
5448,186,0.0908203125,0.14011512696743011,25.6110897064209,0.8646837472915649
5449,195,0.09521484375,0.13457463681697845,23.745615005493164,0.8806119561195374
5450,189,0.09228515625,0.14154288172721863,25.193134307861328,0.8661478161811829
5451,184,0.08984375,0.14287211000919342,23.56170654296875,0.8855900168418884
5452,184,0.08984375,0.14547987282276154,26.18743896484375,0.8578050136566162
5453,159,0.07763671875,0.13992545008659363,26.250890731811523,0.8666284084320068
5454,150,0.0732421875,0.1427869349718094,25.95132064819336,0.8623157739639282
5455,156,0.076171875,0.13967180252075195,24.7202091217041,0.8727589845657349
5456,188,0.091796875,0.1356273740530014,25.433271408081055,0.8643935322761536
5457,175,0.08544921875,0.14237430691719055,26.445096969604492,0.855122447013855
5458,161,0.07861328125,0.14836573600769043,25.19316291809082,0.8708757758140564
5459,145,0.07080078125,0.14029817283153534,24.998435974121094,0.871073842048645
5460,153,0.07470703125,0.13949306309223175,25.563501358032227,0.8692156076431274
5461,169,0.08251953125,0.1369643211364746,25.900245666503906,0.861210286617279
5462,164,0.080078125,0.14033329486846924,23.817243576049805,0.8833691477775574
5463,169,0.08251953125,0.13737840950489044,25.625276565551758,0.8669505715370178
5464,169,0.08251953125,0.1390557438135147,27.162736892700195,0.8565933108329773
5465,167,0.08154296875,0.15024030208587646,27.4520320892334,0.8544764518737793
5466,143,0.06982421875,0.14182217419147491,26.67623519897461,0.8589463233947754
5467,145,0.07080078125,0.1432289332151413,28.777572631835938,0.8428667783737183
5468,127,0.06201171875,0.15737776458263397,30.654508590698242,0.8234704732894897
5469,125,0.06103515625,0.1516723483800888,29.25881576538086,0.8404604196548462
5470,125,0.06103515625,0.15620765089988708,31.631366729736328,0.8137685656547546
5471,110,0.0537109375,0.15716513991355896,30.031959533691406,0.8283064961433411
5472,109,0.05322265625,0.16020295023918152,31.15089225769043,0.8151256442070007
5473,117,0.05712890625,0.15094728767871857,30.937902450561523,0.8186008334159851
5474,112,0.0546875,0.15681348741054535,30.87470817565918,0.8184012770652771
5475,100,0.048828125,0.16043145954608917,31.36126708984375,0.8120789527893066
5476,105,0.05126953125,0.15564650297164917,30.668212890625,0.818306028842926
5477,107,0.05224609375,0.1552564799785614,31.092121124267578,0.8135916590690613
5478,109,0.05322265625,0.1560124158859253,30.228364944458008,0.8222756385803223
5479,112,0.0546875,0.1519177109003067,28.005006790161133,0.8448670506477356
5480,263,0.12841796875,0.10412586480379105,34.351192474365234,0.77525794506073
5481,241,0.11767578125,0.10882555693387985,34.037906646728516,0.782211422920227
5482,260,0.126953125,0.1042664498090744,33.365509033203125,0.7900506854057312
5483,291,0.14208984375,0.10424330830574036,32.22791290283203,0.8030751347541809
5484,298,0.1455078125,0.10192220658063889,30.815027236938477,0.8165748119354248
5485,297,0.14501953125,0.10260971635580063,32.83768844604492,0.7971983551979065
5486,280,0.13671875,0.10764873027801514,31.621253967285156,0.808677077293396
5487,302,0.1474609375,0.1038714125752449,32.017311096191406,0.8064098954200745
5488,318,0.1552734375,0.11857207119464874,33.690067291259766,0.7840781211853027
5489,334,0.1630859375,0.11611994355916977,33.729644775390625,0.7855015397071838
5490,295,0.14404296875,0.11594175547361374,31.98130989074707,0.8032773733139038
5491,305,0.14892578125,0.12162874639034271,30.938840866088867,0.8047380447387695
5492,315,0.15380859375,0.1385553479194641,33.83954620361328,0.7823153734207153
5493,316,0.154296875,0.1245073452591896,33.49919128417969,0.7828972935676575
5494,300,0.146484375,0.12938909232616425,32.32347106933594,0.7941122651100159
5495,290,0.1416015625,0.11884920299053192,31.533414840698242,0.8065032958984375
5496,288,0.140625,0.11878738552331924,32.25590515136719,0.80069500207901
5497,307,0.14990234375,0.1275443285703659,31.371021270751953,0.807283878326416
5498,365,0.17822265625,0.14560037851333618,27.33240509033203,0.8493886590003967
5499,324,0.158203125,0.13721495866775513,27.274444580078125,0.8440214395523071
5500,361,0.17626953125,0.14560464024543762,28.062274932861328,0.8371235728263855
5501,366,0.1787109375,0.15230277180671692,29.758169174194336,0.8189765810966492
5502,358,0.1748046875,0.1527094691991806,28.621278762817383,0.8354482054710388
5503,363,0.17724609375,0.15079446136951447,28.652782440185547,0.8303093314170837
5504,363,0.17724609375,0.14252933859825134,29.244503021240234,0.8224788308143616
5505,301,0.14697265625,0.12954860925674438,28.62257957458496,0.8324106335639954
5506,320,0.15625,0.13131149113178253,28.970462799072266,0.8358489871025085
5507,281,0.13720703125,0.11807257682085037,30.190645217895508,0.8242549896240234
5508,264,0.12890625,0.11105705797672272,30.780532836914062,0.8173721432685852
5509,241,0.11767578125,0.11539258807897568,30.602155685424805,0.8189491629600525
5510,260,0.126953125,0.10966756194829941,30.058103561401367,0.8207244873046875
5511,256,0.125,0.11214416474103928,29.158687591552734,0.8360522985458374
5512,230,0.1123046875,0.12035901099443436,29.914674758911133,0.8267215490341187
5513,196,0.095703125,0.11922534555196762,31.09133529663086,0.8202431201934814
5514,190,0.0927734375,0.12169219553470612,29.007131576538086,0.8324552178382874
5515,190,0.0927734375,0.12047511339187622,30.738449096679688,0.8151568174362183
5516,189,0.09228515625,0.11684652417898178,28.750139236450195,0.8378311991691589
5517,187,0.09130859375,0.12830400466918945,30.54665756225586,0.8194356560707092
5518,194,0.0947265625,0.12983964383602142,29.51318359375,0.8282182216644287
5519,179,0.08740234375,0.148980975151062,32.03709411621094,0.8024436831474304
5520,371,0.18115234375,0.17532293498516083,30.602842330932617,0.8144416213035583
5521,402,0.1962890625,0.15058785676956177,29.44222640991211,0.8250269889831543
5522,416,0.203125,0.14611542224884033,29.845462799072266,0.8182998895645142
5523,430,0.2099609375,0.15501552820205688,31.458147048950195,0.8034148216247559
5524,438,0.2138671875,0.14848777651786804,29.802127838134766,0.8185794949531555
5525,481,0.23486328125,0.14765073359012604,31.511688232421875,0.8006489276885986
5526,373,0.18212890625,0.16983512043952942,29.326461791992188,0.8168830871582031
5527,421,0.20556640625,0.15269938111305237,29.190635681152344,0.8200291395187378
5528,373,0.18212890625,0.14583812654018402,30.952619552612305,0.8018622398376465
5529,354,0.1728515625,0.16677170991897583,30.99846649169922,0.8046700954437256
5530,338,0.1650390625,0.16651283204555511,32.02143096923828,0.7951000928878784
5531,377,0.18408203125,0.16022498905658722,32.26492691040039,0.7938044667243958
5532,365,0.17822265625,0.15502549707889557,32.63371658325195,0.7896320223808289
5533,410,0.2001953125,0.13615761697292328,32.156959533691406,0.7962216138839722
5534,434,0.2119140625,0.12277450412511826,31.299589157104492,0.8097461462020874
5535,361,0.17626953125,0.13310080766677856,31.156496047973633,0.814189612865448
5536,371,0.18115234375,0.1185278445482254,32.033058166503906,0.8110957145690918
5537,328,0.16015625,0.12659117579460144,30.643009185791016,0.8211310505867004
5538,340,0.166015625,0.12978927791118622,29.288766860961914,0.8342004418373108
5539,378,0.1845703125,0.11901568621397018,29.73884391784668,0.8280855417251587
5540,403,0.19677734375,0.11670580506324768,29.063859939575195,0.8304697871208191
5541,403,0.19677734375,0.11049945652484894,27.997753143310547,0.8457446694374084
5542,358,0.1748046875,0.14276237785816193,30.857885360717773,0.8162278532981873
5543,404,0.197265625,0.13748911023139954,31.19464111328125,0.8160801529884338
5544,414,0.2021484375,0.12474942952394485,28.761320114135742,0.8392784595489502
5545,454,0.2216796875,0.1241387277841568,30.508651733398438,0.8282493352890015
5546,368,0.1796875,0.13107827305793762,32.38835144042969,0.8116407990455627
5547,374,0.1826171875,0.12146317958831787,30.469642639160156,0.8280522227287292
5548,391,0.19091796875,0.11355259269475937,30.163455963134766,0.828578770160675
5549,432,0.2109375,0.13001057505607605,29.247920989990234,0.8323090672492981
5550,424,0.20703125,0.11534345895051956,29.34851837158203,0.8376762866973877
5551,413,0.20166015625,0.11353923380374908,29.37117576599121,0.8364439606666565
5552,411,0.20068359375,0.1262504905462265,28.431488037109375,0.8436828255653381
5553,470,0.2294921875,0.11192572116851807,28.153507232666016,0.8454498052597046
5554,449,0.21923828125,0.13968364894390106,29.336015701293945,0.8280744552612305
5555,423,0.20654296875,0.12785139679908752,28.55858612060547,0.8410521745681763
5556,466,0.2275390625,0.12168525159358978,29.808528900146484,0.8259025812149048
5557,480,0.234375,0.1252811700105667,29.68979835510254,0.8275692462921143
5558,489,0.23876953125,0.14869529008865356,31.726289749145508,0.8026695847511292
5559,523,0.25537109375,0.14389844238758087,32.747833251953125,0.7932550311088562
5560,579,0.28271484375,0.13320781290531158,40.40396499633789,0.701399564743042
5561,698,0.3408203125,0.13055197894573212,36.91963195800781,0.7429211735725403
5562,716,0.349609375,0.11728029698133469,36.54700469970703,0.7422122359275818
5563,727,0.35498046875,0.11140609532594681,35.178619384765625,0.759300172328949
5564,869,0.42431640625,0.11267177760601044,41.99631118774414,0.6870190501213074
5565,616,0.30078125,0.0997450202703476,38.6478157043457,0.726905345916748
5566,828,0.404296875,0.09560969471931458,44.00682067871094,0.6618582606315613
5567,1137,0.55517578125,0.12988930940628052,46.368804931640625,0.6404956579208374
5568,1522,0.7431640625,0.13673824071884155,56.20036315917969,0.5117751955986023
5569,386,0.1884765625,0.20071528851985931,42.68223190307617,0.6728590130805969
5570,1262,0.6162109375,0.14049988985061646,39.626068115234375,0.7069457173347473
5571,1352,0.66015625,0.1362946778535843,42.29676055908203,0.6740842461585999
5572,994,0.4853515625,0.13824309408664703,33.76870346069336,0.7752367854118347
5573,1085,0.52978515625,0.12668228149414062,39.728904724121094,0.7157314419746399
5574,1456,0.7109375,0.11367112398147583,43.989898681640625,0.6687809824943542
5575,1139,0.55615234375,0.12084615230560303,36.23910140991211,0.7493711709976196
5576,1039,0.50732421875,0.13082502782344818,43.367462158203125,0.6735537648200989
5577,820,0.400390625,0.13892726600170135,38.006431579589844,0.7271806001663208
5578,654,0.3193359375,0.14248542487621307,38.11620330810547,0.7277282476425171
5579,610,0.2978515625,0.14000509679317474,32.892967224121094,0.7944676280021667
5580,621,0.30322265625,0.14788424968719482,34.23630142211914,0.7769823670387268
5581,861,0.42041015625,0.12311188876628876,29.552654266357422,0.822923481464386
5582,784,0.3828125,0.13791817426681519,28.4033203125,0.8365855813026428
5583,663,0.32373046875,0.12601032853126526,26.82177734375,0.8596047759056091
5584,813,0.39697265625,0.1191563531756401,29.092451095581055,0.8321287035942078
5585,788,0.384765625,0.11584241688251495,28.252880096435547,0.8484410047531128
5586,829,0.40478515625,0.0940779373049736,30.541248321533203,0.8220475316047668
5587,814,0.3974609375,0.12182196974754333,29.698280334472656,0.8322399854660034
5588,658,0.3212890625,0.13361048698425293,27.276376724243164,0.8590610027313232
5589,688,0.3359375,0.1255524605512619,29.273130416870117,0.8403502106666565
5590,658,0.3212890625,0.10823358595371246,26.889328002929688,0.8577765822410583
5591,595,0.29052734375,0.1242741271853447,27.1804256439209,0.856209397315979
5592,423,0.20654296875,0.15791776776313782,30.635469436645508,0.8236874938011169
5593,317,0.15478515625,0.1775432825088501,33.40828323364258,0.7946537733078003
5594,287,0.14013671875,0.17441312968730927,33.69916534423828,0.7933829426765442
5595,255,0.12451171875,0.18547122180461884,37.06715774536133,0.7584890127182007
5596,307,0.14990234375,0.17224042117595673,32.59829330444336,0.8059598803520203
5597,331,0.16162109375,0.1524481177330017,28.486045837402344,0.8461697101593018
5598,276,0.134765625,0.16008250415325165,29.75259017944336,0.8315535187721252
5599,224,0.109375,0.17889165878295898,28.029312133789062,0.8525204062461853
5600,268,0.130859375,0.12616638839244843,25.331518173217773,0.8645333051681519
5601,304,0.1484375,0.14744693040847778,27.19921875,0.8472042083740234
5602,299,0.14599609375,0.13378344476222992,25.746891021728516,0.8584203720092773
5603,271,0.13232421875,0.12965354323387146,25.62423324584961,0.8633389472961426
5604,232,0.11328125,0.11231739073991776,25.01412582397461,0.8726230263710022
5605,229,0.11181640625,0.10812386125326157,24.344751358032227,0.8763318061828613
5606,251,0.12255859375,0.10681001096963882,23.806116104125977,0.8802753686904907
5607,293,0.14306640625,0.11435838043689728,23.927927017211914,0.8758602142333984
5608,248,0.12109375,0.11347495764493942,25.723690032958984,0.8610417246818542
5609,224,0.109375,0.11159837990999222,25.437456130981445,0.8685650825500488
5610,248,0.12109375,0.11535786837339401,25.395959854125977,0.8658599853515625
5611,258,0.1259765625,0.11856722086668015,24.43846893310547,0.8766878843307495
5612,263,0.12841796875,0.13090991973876953,24.07518768310547,0.8806077837944031
5613,323,0.15771484375,0.12748633325099945,23.59406089782715,0.8811709880828857
5614,359,0.17529296875,0.1292790025472641,24.269466400146484,0.8764062523841858
5615,347,0.16943359375,0.12786725163459778,23.768783569335938,0.8815773725509644
5616,286,0.1396484375,0.11339331418275833,25.13370704650879,0.8703494071960449
5617,288,0.140625,0.11958540230989456,25.673320770263672,0.8651487827301025
5618,376,0.18359375,0.13547886908054352,26.540752410888672,0.8568271994590759
5619,291,0.14208984375,0.11160600185394287,24.850568771362305,0.8734261989593506
5620,311,0.15185546875,0.11160710453987122,24.579065322875977,0.8725712299346924
5621,372,0.181640625,0.12504537403583527,27.740610122680664,0.840366542339325
5622,311,0.15185546875,0.1265367567539215,26.318086624145508,0.853420078754425
5623,310,0.1513671875,0.1276036649942398,24.804378509521484,0.8683666586875916
5624,303,0.14794921875,0.12151865661144257,24.821138381958008,0.8647422790527344
5625,287,0.14013671875,0.129172682762146,24.70035171508789,0.8699874877929688
5626,297,0.14501953125,0.12256750464439392,24.36015510559082,0.8770415782928467
5627,249,0.12158203125,0.12188462167978287,27.69321060180664,0.8529725074768066
5628,265,0.12939453125,0.1465635895729065,24.93107795715332,0.8785548806190491
5629,271,0.13232421875,0.13260678946971893,24.361371994018555,0.8794469237327576
5630,268,0.130859375,0.13256937265396118,26.573631286621094,0.8569236993789673
5631,289,0.14111328125,0.11995743960142136,25.799442291259766,0.8627191781997681
5632,393,0.19189453125,0.11254006624221802,23.192768096923828,0.8835935592651367
5633,407,0.19873046875,0.11506001651287079,23.569120407104492,0.8775924444198608
5634,475,0.23193359375,0.13037103414535522,26.851783752441406,0.8404488563537598
5635,481,0.23486328125,0.133912593126297,24.879470825195312,0.8646122217178345
5636,397,0.19384765625,0.12110686302185059,24.475706100463867,0.8673228621482849
5637,334,0.1630859375,0.11314353346824646,25.377914428710938,0.864815354347229
5638,400,0.1953125,0.132419154047966,28.29343032836914,0.8320805430412292
5639,422,0.2060546875,0.12127769738435745,26.406328201293945,0.8469259142875671
5640,8,0.00390625,0.11883298307657242,35.87841796875,0.7956608533859253
5641,16,0.0078125,0.09968253970146179,30.868560791015625,0.8392683863639832
5642,24,0.01171875,0.13007637858390808,34.7243537902832,0.7959697842597961
5643,27,0.01318359375,0.134352907538414,31.897762298583984,0.8304703831672668
5644,20,0.009765625,0.1199425533413887,33.91081237792969,0.809760570526123
5645,25,0.01220703125,0.11124253273010254,34.177852630615234,0.795443058013916
5646,38,0.0185546875,0.12047304213047028,38.59302520751953,0.7406027913093567
5647,42,0.0205078125,0.11173665523529053,34.51437759399414,0.7877007722854614
5648,37,0.01806640625,0.10925762355327606,33.742393493652344,0.8008077144622803
5649,37,0.01806640625,0.10922897607088089,33.842342376708984,0.7863527536392212
5650,45,0.02197265625,0.14896230399608612,38.46868896484375,0.7407373785972595
5651,58,0.0283203125,0.11761562526226044,31.63294219970703,0.8222473859786987
5652,58,0.0283203125,0.11310194432735443,29.2116641998291,0.8458713293075562
5653,77,0.03759765625,0.1245468258857727,32.9815673828125,0.8028210997581482
5654,63,0.03076171875,0.11460649967193604,31.633563995361328,0.8231852054595947
5655,69,0.03369140625,0.12606751918792725,34.75270080566406,0.7868084907531738
5656,56,0.02734375,0.12036235630512238,34.93108367919922,0.784176766872406
5657,69,0.03369140625,0.12316478788852692,34.323001861572266,0.7927560806274414
5658,52,0.025390625,0.12818346917629242,35.262691497802734,0.7798864841461182
5659,75,0.03662109375,0.1511494666337967,33.77057647705078,0.8032349944114685
5660,69,0.03369140625,0.15554074943065643,35.07158660888672,0.7873830199241638
5661,57,0.02783203125,0.1502755731344223,33.89231872558594,0.8058707118034363
5662,48,0.0234375,0.1141408309340477,34.15009307861328,0.8024203181266785
5663,43,0.02099609375,0.11425000429153442,35.378173828125,0.789371907711029
5664,38,0.0185546875,0.12474964559078217,35.45140838623047,0.7786839604377747
5665,43,0.02099609375,0.12504824995994568,35.496768951416016,0.7758373618125916
5666,48,0.0234375,0.12153438478708267,35.105953216552734,0.7880997657775879
5667,44,0.021484375,0.13103581964969635,34.99278259277344,0.7897728085517883
5668,49,0.02392578125,0.15653932094573975,32.9930419921875,0.8193507194519043
5669,56,0.02734375,0.17886757850646973,35.563533782958984,0.7809523940086365
5670,59,0.02880859375,0.18244372308254242,35.271297454833984,0.7755990624427795
5671,53,0.02587890625,0.1514749825000763,31.955198287963867,0.8157504200935364
5672,49,0.02392578125,0.14573870599269867,31.8313045501709,0.8224138021469116
5673,58,0.0283203125,0.18408873677253723,34.03755569458008,0.7984442114830017
5674,57,0.02783203125,0.13544566929340363,30.28642463684082,0.839723527431488
5675,71,0.03466796875,0.13505132496356964,31.573930740356445,0.8273619413375854
5676,55,0.02685546875,0.11223746091127396,30.390127182006836,0.8366657495498657
5677,55,0.02685546875,0.12432640790939331,31.18427085876465,0.8294466137886047
5678,68,0.033203125,0.1206858828663826,32.696563720703125,0.8170706629753113
5679,54,0.0263671875,0.1315695345401764,32.69023895263672,0.8165266513824463
5680,301,0.14697265625,0.12928980588912964,24.712249755859375,0.8625105023384094
5681,324,0.158203125,0.16926223039627075,27.929302215576172,0.8306951522827148
5682,310,0.1513671875,0.15882578492164612,25.536630630493164,0.8571239709854126
5683,306,0.1494140625,0.13051307201385498,24.492151260375977,0.861388087272644
5684,305,0.14892578125,0.12616156041622162,27.401382446289062,0.8311503529548645
5685,296,0.14453125,0.1224842518568039,25.096952438354492,0.8555597066879272
5686,296,0.14453125,0.1260329782962799,25.66913414001465,0.848709762096405
5687,324,0.158203125,0.132843017578125,27.878454208374023,0.8254520893096924
5688,334,0.1630859375,0.1291751265525818,27.747365951538086,0.8269733786582947
5689,298,0.1455078125,0.1312360167503357,27.321346282958984,0.8316713571548462
5690,310,0.1513671875,0.13152295351028442,26.157400131225586,0.8433135151863098
5691,302,0.1474609375,0.13658149540424347,28.07889747619629,0.8275121450424194
5692,303,0.14794921875,0.13122451305389404,27.793556213378906,0.8330704569816589
5693,316,0.154296875,0.11476588994264603,28.585857391357422,0.8241184949874878
5694,306,0.1494140625,0.11774557083845139,29.536848068237305,0.8153477311134338
5695,362,0.1767578125,0.1329973340034485,30.140310287475586,0.8097949624061584
5696,363,0.17724609375,0.13598406314849854,29.63494873046875,0.8148543238639832
5697,378,0.1845703125,0.14454783499240875,30.580150604248047,0.804405927658081
5698,330,0.1611328125,0.13634930551052094,30.192806243896484,0.815028965473175
5699,382,0.1865234375,0.14965729415416718,28.25139045715332,0.8364220857620239
5700,379,0.18505859375,0.15601682662963867,28.048065185546875,0.8396759629249573
5701,371,0.18115234375,0.13695889711380005,28.782045364379883,0.829857349395752
5702,348,0.169921875,0.12740366160869598,28.65669822692871,0.8333684802055359
5703,375,0.18310546875,0.12825804948806763,28.035852432250977,0.8392037749290466
5704,348,0.169921875,0.12098811566829681,28.555389404296875,0.8348860740661621
5705,335,0.16357421875,0.1263459324836731,28.63109016418457,0.833697497844696
5706,346,0.1689453125,0.13342173397541046,28.416704177856445,0.8298911452293396
5707,267,0.13037109375,0.1279049962759018,29.824987411499023,0.8258448839187622
5708,252,0.123046875,0.1295909583568573,30.113523483276367,0.8195990324020386
5709,247,0.12060546875,0.12446646392345428,29.843778610229492,0.8232389092445374
5710,264,0.12890625,0.12081383168697357,28.926191329956055,0.8362234830856323
5711,300,0.146484375,0.12260033935308456,28.461973190307617,0.8361656069755554
5712,312,0.15234375,0.13078302145004272,28.126039505004883,0.8407809138298035
5713,365,0.17822265625,0.14820218086242676,28.69428253173828,0.8320640921592712
5714,310,0.1513671875,0.12599365413188934,28.806020736694336,0.833966851234436
5715,320,0.15625,0.13250675797462463,28.372446060180664,0.8367161750793457
5716,346,0.1689453125,0.14438249170780182,28.543378829956055,0.8315255045890808
5717,383,0.18701171875,0.1471703201532364,28.52997589111328,0.83137446641922
5718,354,0.1728515625,0.13801127672195435,28.55194854736328,0.8346980810165405
5719,369,0.18017578125,0.14536719024181366,29.868844985961914,0.8206313848495483
5720,94,0.0458984375,0.17529141902923584,35.67840576171875,0.7689981460571289
5721,85,0.04150390625,0.17571283876895905,36.71455764770508,0.7558824419975281
5722,93,0.04541015625,0.18470272421836853,35.152381896972656,0.7738588452339172
5723,85,0.04150390625,0.15902480483055115,33.475868225097656,0.7895895838737488
5724,78,0.0380859375,0.15596725046634674,35.09529495239258,0.771794319152832
5725,58,0.0283203125,0.1377810686826706,31.975791931152344,0.7947319149971008
5726,61,0.02978515625,0.14524613320827484,33.58232879638672,0.7884684801101685
5727,56,0.02734375,0.13734641671180725,30.704097747802734,0.8113959431648254
5728,51,0.02490234375,0.14166569709777832,27.314414978027344,0.8493062257766724
5729,56,0.02734375,0.15334555506706238,30.541677474975586,0.8109813928604126
5730,59,0.02880859375,0.1547817587852478,30.160381317138672,0.8178011178970337
5731,70,0.0341796875,0.18076324462890625,31.76719093322754,0.8088069558143616
5732,67,0.03271484375,0.1696431040763855,31.56993293762207,0.8019520044326782
5733,81,0.03955078125,0.18068982660770416,30.020116806030273,0.8331253528594971
5734,92,0.044921875,0.17126543819904327,29.377239227294922,0.8344756960868835
5735,101,0.04931640625,0.16514526307582855,29.3541202545166,0.8244950175285339
5736,126,0.0615234375,0.12341687828302383,27.45574188232422,0.8402807116508484
5737,113,0.05517578125,0.13353663682937622,27.65468406677246,0.8418655395507812
5738,120,0.05859375,0.11666499078273773,26.16630744934082,0.8546802401542664
5739,127,0.06201171875,0.11179859191179276,25.73356819152832,0.8676279187202454
5740,132,0.064453125,0.10876645892858505,26.69254493713379,0.8623566031455994
5741,132,0.064453125,0.11192997545003891,26.0321102142334,0.8645846843719482
5742,139,0.06787109375,0.10612791031599045,26.614330291748047,0.8550341129302979
5743,133,0.06494140625,0.10971330106258392,23.672849655151367,0.8840880393981934
5744,147,0.07177734375,0.10157447308301926,24.390316009521484,0.876361072063446
5745,149,0.07275390625,0.09960179030895233,24.57966423034668,0.871936559677124
5746,145,0.07080078125,0.11840206384658813,25.808612823486328,0.8628590703010559
5747,148,0.072265625,0.10179507732391357,24.56674575805664,0.8738972544670105
5748,143,0.06982421875,0.10011722892522812,26.205280303955078,0.8547046184539795
5749,153,0.07470703125,0.10298971086740494,25.759340286254883,0.8556382656097412
5750,152,0.07421875,0.10781920701265335,24.892995834350586,0.862811267375946
5751,160,0.078125,0.11432218551635742,25.441791534423828,0.8632165789604187
5752,177,0.08642578125,0.13672643899917603,26.73017120361328,0.8516611456871033
5753,153,0.07470703125,0.1149556115269661,24.735275268554688,0.8687501549720764
5754,162,0.0791015625,0.1283167600631714,25.799997329711914,0.8605812191963196
5755,148,0.072265625,0.11304881423711777,24.74871063232422,0.8691263198852539
5756,135,0.06591796875,0.11061161011457443,24.039186477661133,0.8750552535057068
5757,135,0.06591796875,0.11162800341844559,25.348770141601562,0.8608047366142273
5758,143,0.06982421875,0.11424281448125839,24.305049896240234,0.8743700385093689
5759,155,0.07568359375,0.11279705911874771,25.98215103149414,0.8584651947021484
5760,120,0.05859375,0.12210661172866821,35.81319046020508,0.7698608636856079
5761,120,0.05859375,0.12392912805080414,35.57731246948242,0.7664660215377808
5762,122,0.0595703125,0.11465741693973541,33.6829719543457,0.7803974747657776
5763,119,0.05810546875,0.12382520735263824,35.73871612548828,0.7625714540481567
5764,113,0.05517578125,0.12348967045545578,34.703277587890625,0.7759132981300354
5765,103,0.05029296875,0.12259260565042496,33.900306701660156,0.7817233204841614
5766,113,0.05517578125,0.12025705724954605,31.650049209594727,0.8033857345581055
5767,122,0.0595703125,0.11132336407899857,31.42353630065918,0.8003079295158386
5768,114,0.0556640625,0.11424250155687332,30.9349422454834,0.8066937923431396
5769,106,0.0517578125,0.1283273994922638,35.521488189697266,0.7723394632339478
5770,105,0.05126953125,0.12612953782081604,35.001068115234375,0.7739905714988708
5771,98,0.0478515625,0.12189596891403198,32.865936279296875,0.7952501177787781
5772,109,0.05322265625,0.12186121195554733,33.6050910949707,0.7820177674293518
5773,106,0.0517578125,0.1420172154903412,36.5279655456543,0.7544223070144653
5774,111,0.05419921875,0.12573908269405365,34.695796966552734,0.7732787132263184
5775,116,0.056640625,0.1146550253033638,34.81450653076172,0.7674784660339355
5776,125,0.06103515625,0.10706493258476257,36.88231658935547,0.746752917766571
5777,127,0.06201171875,0.10942422598600388,37.73404312133789,0.7423303127288818
5778,145,0.07080078125,0.12091981619596481,35.364505767822266,0.7791759967803955
5779,154,0.0751953125,0.1327822059392929,32.9795036315918,0.8063399791717529
5780,145,0.07080078125,0.1286396086215973,32.96961975097656,0.8014538884162903
5781,147,0.07177734375,0.13135530054569244,33.16468048095703,0.8020865321159363
5782,151,0.07373046875,0.13793760538101196,33.05510711669922,0.8023561835289001
5783,159,0.07763671875,0.14172975718975067,32.241451263427734,0.8113420605659485
5784,159,0.07763671875,0.1392608880996704,32.38393783569336,0.8075907826423645
5785,185,0.09033203125,0.15945957601070404,34.93928909301758,0.7741155624389648
5786,176,0.0859375,0.150440976023674,33.92876052856445,0.7914206981658936
5787,155,0.07568359375,0.13003237545490265,32.26554489135742,0.8149375915527344
5788,158,0.0771484375,0.13364379107952118,33.31312942504883,0.80069899559021
5789,133,0.06494140625,0.14473924040794373,33.131248474121094,0.7988060116767883
5790,125,0.06103515625,0.1476862132549286,33.40605926513672,0.7943903207778931
5791,118,0.0576171875,0.17060410976409912,33.53742599487305,0.7947214245796204
5792,117,0.05712890625,0.17406660318374634,32.895713806152344,0.7996701002120972
5793,108,0.052734375,0.17080101370811462,32.969181060791016,0.796596884727478
5794,114,0.0556640625,0.14386168122291565,34.07460021972656,0.7875165939331055
5795,114,0.0556640625,0.14255939424037933,33.63821029663086,0.7950565218925476
5796,103,0.05029296875,0.1401023417711258,32.88677215576172,0.7990323305130005
5797,109,0.05322265625,0.13134297728538513,32.541969299316406,0.8012669682502747
5798,124,0.060546875,0.12854698300361633,37.672489166259766,0.7401320934295654
5799,115,0.05615234375,0.13220131397247314,36.16781997680664,0.7553799748420715
5800,273,0.13330078125,0.1298753023147583,31.81068229675293,0.7999030351638794
5801,252,0.123046875,0.1342000514268875,30.443471908569336,0.8138054013252258
5802,261,0.12744140625,0.12968404591083527,29.729921340942383,0.8177092671394348
5803,221,0.10791015625,0.13922454416751862,30.002521514892578,0.8172748684883118
5804,213,0.10400390625,0.12963873147964478,29.844375610351562,0.8288013935089111
5805,192,0.09375,0.1320483684539795,29.860506057739258,0.8237817287445068
5806,182,0.0888671875,0.13097773492336273,30.68634033203125,0.812781810760498
5807,171,0.08349609375,0.14556579291820526,32.17002868652344,0.795085608959198
5808,167,0.08154296875,0.15138690173625946,31.407241821289062,0.8079401850700378
5809,158,0.0771484375,0.15264949202537537,30.27509117126465,0.8248220682144165
5810,174,0.0849609375,0.14244823157787323,31.868013381958008,0.7966345548629761
5811,180,0.087890625,0.14289413392543793,29.114925384521484,0.8353881239891052
5812,183,0.08935546875,0.1388271450996399,29.491159439086914,0.8328150510787964
5813,189,0.09228515625,0.13682082295417786,29.9227352142334,0.8222091794013977
5814,226,0.1103515625,0.12814396619796753,30.748626708984375,0.8128973841667175
5815,227,0.11083984375,0.12635760009288788,31.522720336914062,0.8046895265579224
5816,215,0.10498046875,0.12841302156448364,32.070220947265625,0.7962987422943115
5817,206,0.1005859375,0.13376015424728394,28.827667236328125,0.8396825194358826
5818,198,0.0966796875,0.13947390019893646,28.939607620239258,0.8414799571037292
5819,186,0.0908203125,0.14289094507694244,29.390710830688477,0.8359947800636292
5820,190,0.0927734375,0.142164409160614,29.4091796875,0.8317815661430359
5821,192,0.09375,0.14988136291503906,30.203275680541992,0.8259925246238708
5822,185,0.09033203125,0.14029237627983093,30.38368797302246,0.8192735910415649
5823,185,0.09033203125,0.1430971920490265,31.765743255615234,0.8033060431480408
5824,194,0.0947265625,0.13949060440063477,30.88949966430664,0.8164039850234985
5825,184,0.08984375,0.15001367032527924,31.838895797729492,0.8015359044075012
5826,184,0.08984375,0.14550496637821198,31.797574996948242,0.8024225831031799
5827,172,0.083984375,0.1495445817708969,32.628990173339844,0.7960288524627686
5828,173,0.08447265625,0.14991505444049835,30.705053329467773,0.8178242444992065
5829,171,0.08349609375,0.159076988697052,30.61899757385254,0.818107545375824
5830,175,0.08544921875,0.150395005941391,29.414134979248047,0.827979564666748
5831,186,0.0908203125,0.1503298580646515,30.316267013549805,0.8186511993408203
5832,182,0.0888671875,0.14953814446926117,29.2988224029541,0.829968273639679
5833,176,0.0859375,0.15011076629161835,29.811098098754883,0.8275387287139893
5834,163,0.07958984375,0.15861211717128754,28.9886474609375,0.8393613696098328
5835,186,0.0908203125,0.15114571154117584,30.660621643066406,0.8182785511016846
5836,183,0.08935546875,0.1511368751525879,30.01763153076172,0.8265360593795776
5837,192,0.09375,0.13869737088680267,30.50885009765625,0.8225357532501221
5838,207,0.10107421875,0.14719945192337036,30.537246704101562,0.8224942088127136
5839,202,0.0986328125,0.13776789605617523,29.521364212036133,0.8364259600639343
5840,539,0.26318359375,0.17436441779136658,38.16619110107422,0.7320914268493652
5841,534,0.2607421875,0.17580655217170715,38.11860656738281,0.7327635884284973
5842,530,0.2587890625,0.17653822898864746,39.356895446777344,0.7164998650550842
5843,543,0.26513671875,0.17877137660980225,39.442893981933594,0.716183066368103
5844,1784,0.87109375,0.16022871434688568,53.733585357666016,0.5505457520484924
5845,545,0.26611328125,0.17917101085186005,39.470619201660156,0.7190937399864197
5846,568,0.27734375,0.15561571717262268,41.722686767578125,0.697140634059906
5847,505,0.24658203125,0.16613008081912994,41.72356033325195,0.6964344382286072
5848,519,0.25341796875,0.1627740114927292,43.206764221191406,0.6836162209510803
5849,487,0.23779296875,0.16836531460285187,42.37244415283203,0.6915633678436279
5850,548,0.267578125,0.16298778355121613,45.164424896240234,0.6623097658157349
5851,694,0.3388671875,0.1561424285173416,51.3843879699707,0.5841885209083557
5852,861,0.42041015625,0.1294020712375641,47.380245208740234,0.6277262568473816
5853,1030,0.5029296875,0.128294438123703,36.63861083984375,0.7376701235771179
5854,1151,0.56201171875,0.10462735593318939,28.964365005493164,0.8273673057556152
5855,1399,0.68310546875,0.07837618887424469,31.897048950195312,0.7919876575469971
5856,1331,0.64990234375,0.08325638622045517,31.98594856262207,0.7929708361625671
5857,1373,0.67041015625,0.08129731565713882,33.30258560180664,0.7805150151252747
5858,424,0.20703125,0.20053546130657196,44.99821853637695,0.6428360939025879
5859,386,0.1884765625,0.21456804871559143,42.80390930175781,0.6618106961250305
5860,401,0.19580078125,0.23521500825881958,48.005611419677734,0.5995231866836548
5861,355,0.17333984375,0.22958122193813324,43.98749542236328,0.649067759513855
5862,356,0.173828125,0.22215750813484192,43.18069839477539,0.6568189263343811
5863,388,0.189453125,0.2206333726644516,43.69126510620117,0.6538176536560059
5864,363,0.17724609375,0.22868260741233826,43.47883224487305,0.6598407030105591
5865,1469,0.71728515625,0.0750221312046051,33.6642951965332,0.7662361860275269
5866,1634,0.7978515625,0.08774330466985703,36.38117218017578,0.7358114719390869
5867,1492,0.728515625,0.08783091604709625,34.53835678100586,0.7591642737388611
5868,342,0.1669921875,0.22123126685619354,47.98423767089844,0.6027238368988037
5869,337,0.16455078125,0.2223087102174759,43.047386169433594,0.6576379537582397
5870,1271,0.62060546875,0.11721217632293701,59.97593688964844,0.45932915806770325
5871,365,0.17822265625,0.24094372987747192,43.78156280517578,0.6521335244178772
5872,775,0.37841796875,0.164575457572937,51.33641052246094,0.5678563117980957
5873,650,0.3173828125,0.17520730197429657,41.304813385009766,0.696130096912384
5874,862,0.4208984375,0.15707209706306458,42.20222854614258,0.6796335577964783
5875,1332,0.650390625,0.12784303724765778,40.75111770629883,0.7062016129493713
5876,978,0.4775390625,0.13604497909545898,35.479713439941406,0.7682902216911316
5877,811,0.39599609375,0.13090096414089203,39.359798431396484,0.7224617004394531
5878,825,0.40283203125,0.13621549308300018,41.54328536987305,0.7003780603408813
5879,909,0.44384765625,0.13718420267105103,37.50762939453125,0.7417089939117432
5880,210,0.1025390625,0.19985036551952362,27.41372299194336,0.8452406525611877
5881,215,0.10498046875,0.19855043292045593,28.508563995361328,0.8353076577186584
5882,197,0.09619140625,0.1524486243724823,27.278766632080078,0.8422378301620483
5883,185,0.09033203125,0.13449178636074066,26.818557739257812,0.8514295220375061
5884,197,0.09619140625,0.20037595927715302,26.356643676757812,0.8543603420257568
5885,173,0.08447265625,0.1386517584323883,26.920358657836914,0.8468791842460632
5886,175,0.08544921875,0.15177518129348755,25.15083122253418,0.8675638437271118
5887,162,0.0791015625,0.13063012063503265,25.8181095123291,0.8580546379089355
5888,138,0.0673828125,0.1241779550909996,26.943422317504883,0.8530001044273376
5889,141,0.06884765625,0.12051939219236374,26.981552124023438,0.8556100726127625
5890,141,0.06884765625,0.1443394273519516,27.737442016601562,0.8520074486732483
5891,146,0.0712890625,0.13309736549854279,27.811914443969727,0.8472882509231567
5892,146,0.0712890625,0.12401645630598068,26.312837600708008,0.8540544509887695
5893,151,0.07373046875,0.12804381549358368,27.813812255859375,0.8414464592933655
5894,163,0.07958984375,0.13734057545661926,26.607385635375977,0.8576428294181824
5895,152,0.07421875,0.129563570022583,26.847192764282227,0.8594844937324524
5896,146,0.0712890625,0.1326320469379425,27.19936180114746,0.8553434610366821
5897,134,0.0654296875,0.13642092049121857,26.646528244018555,0.8553061485290527
5898,153,0.07470703125,0.13206636905670166,27.42459487915039,0.840984582901001
5899,158,0.0771484375,0.12865658104419708,25.19860076904297,0.8727728724479675
5900,156,0.076171875,0.13407546281814575,26.205684661865234,0.849711000919342
5901,161,0.07861328125,0.13237838447093964,28.177907943725586,0.8279911875724792
5902,179,0.08740234375,0.15360018610954285,25.554235458374023,0.8587157130241394
5903,179,0.08740234375,0.14824862778186798,25.850711822509766,0.8570293188095093
5904,176,0.0859375,0.15673601627349854,25.861194610595703,0.8559752106666565
5905,164,0.080078125,0.1493562012910843,25.828874588012695,0.8537333607673645
5906,146,0.0712890625,0.12859930098056793,26.33283233642578,0.8477246761322021
5907,163,0.07958984375,0.13198168575763702,27.474777221679688,0.8426333069801331
5908,164,0.080078125,0.12796446681022644,29.260095596313477,0.835983157157898
5909,145,0.07080078125,0.12960875034332275,28.710718154907227,0.8401141166687012
5910,152,0.07421875,0.13006481528282166,28.355684280395508,0.8379345536231995
5911,157,0.07666015625,0.1355574131011963,27.744766235351562,0.8444473147392273
5912,153,0.07470703125,0.1305713802576065,29.302427291870117,0.8303945064544678
5913,147,0.07177734375,0.13473822176456451,29.317638397216797,0.8323580622673035
5914,150,0.0732421875,0.14397798478603363,30.134273529052734,0.8183293342590332
5915,169,0.08251953125,0.13685913383960724,31.668424606323242,0.8092207908630371
5916,169,0.08251953125,0.14914770424365997,33.45561981201172,0.784136176109314
5917,230,0.1123046875,0.1497797966003418,35.4897346496582,0.7651246190071106
5918,227,0.11083984375,0.14930276572704315,35.445735931396484,0.763771116733551
5919,206,0.1005859375,0.15592409670352936,33.90156173706055,0.7829689383506775
5920,428,0.208984375,0.14906226098537445,33.66610336303711,0.7828994393348694
5921,348,0.169921875,0.11808841675519943,28.438352584838867,0.8355454206466675
5922,432,0.2109375,0.1029592826962471,25.297632217407227,0.8588578104972839
5923,491,0.23974609375,0.10050634294748306,28.832963943481445,0.825813353061676
5924,349,0.17041015625,0.1307094544172287,30.6751651763916,0.8089650273323059
5925,541,0.26416015625,0.1238829717040062,25.897920608520508,0.8526122570037842
5926,745,0.36376953125,0.11314193904399872,25.233766555786133,0.8595265746116638
5927,628,0.306640625,0.13056088984012604,28.810522079467773,0.8314849734306335
5928,538,0.2626953125,0.14955581724643707,28.797021865844727,0.8308939337730408
5929,715,0.34912109375,0.11829644441604614,26.201332092285156,0.8517175316810608
5930,576,0.28125,0.11677031219005585,28.218488693237305,0.8331772089004517
5931,380,0.185546875,0.1396118551492691,28.234277725219727,0.8352319598197937
5932,333,0.16259765625,0.1228342056274414,30.457605361938477,0.8141167759895325
5933,239,0.11669921875,0.13931402564048767,30.36742401123047,0.817489504814148
5934,345,0.16845703125,0.15356089174747467,31.855825424194336,0.8030292987823486
5935,326,0.1591796875,0.14023105800151825,30.456024169921875,0.8152285814285278
5936,345,0.16845703125,0.11997882276773453,30.572866439819336,0.8176059722900391
5937,700,0.341796875,0.11678837984800339,31.386762619018555,0.8040121793746948
5938,550,0.2685546875,0.1072552502155304,30.9499568939209,0.8115021586418152
5939,609,0.29736328125,0.11093976348638535,30.034149169921875,0.8173951506614685
5940,584,0.28515625,0.1088157594203949,29.192432403564453,0.8273252844810486
5941,910,0.4443359375,0.11745819449424744,34.62762451171875,0.7758467793464661
5942,870,0.4248046875,0.11157802492380142,31.52408790588379,0.8067544102668762
5943,758,0.3701171875,0.11046584695577621,30.453248977661133,0.8142781257629395
5944,896,0.4375,0.11286617070436478,34.2403564453125,0.7820231318473816
5945,937,0.45751953125,0.1259121298789978,34.70859909057617,0.772291898727417
5946,750,0.3662109375,0.12085706740617752,34.32342529296875,0.7756714820861816
5947,546,0.2666015625,0.11976423859596252,39.521018981933594,0.7113465070724487
5948,333,0.16259765625,0.11474157869815826,25.372020721435547,0.8561676144599915
5949,242,0.1181640625,0.16418389976024628,25.596948623657227,0.8567517399787903
5950,185,0.09033203125,0.17592331767082214,33.054996490478516,0.779441773891449
5951,180,0.087890625,0.1719905585050583,30.013235092163086,0.8197111487388611
5952,239,0.11669921875,0.1524156928062439,33.2558479309082,0.7816128730773926
5953,278,0.1357421875,0.15170449018478394,27.098920822143555,0.8442748188972473
5954,408,0.19921875,0.11502515524625778,29.83609962463379,0.8118441104888916
5955,296,0.14453125,0.1482776552438736,25.041717529296875,0.861949622631073
5956,427,0.20849609375,0.10086051374673843,27.784135818481445,0.8277935981750488
5957,406,0.1982421875,0.11556815356016159,32.44064712524414,0.7773827910423279
5958,334,0.1630859375,0.11038225889205933,27.5161075592041,0.8396303057670593
5959,291,0.14208984375,0.10388648509979248,31.705615997314453,0.8103987574577332
5960,109,0.05322265625,0.12477309256792068,33.58745193481445,0.7854529023170471
5961,117,0.05712890625,0.1303061991930008,32.21321105957031,0.8039500117301941
5962,117,0.05712890625,0.13516829907894135,32.96390151977539,0.7913185954093933
5963,117,0.05712890625,0.1320895552635193,33.36566162109375,0.7916274070739746
5964,120,0.05859375,0.127832293510437,32.497989654541016,0.7981582880020142
5965,121,0.05908203125,0.12646731734275818,31.408447265625,0.8132292628288269
5966,126,0.0615234375,0.12024348229169846,32.55605697631836,0.8000492453575134
5967,121,0.05908203125,0.12451925128698349,33.2114143371582,0.7893375158309937
5968,120,0.05859375,0.12223678827285767,33.47926712036133,0.7830550074577332
5969,126,0.0615234375,0.12107279896736145,31.313396453857422,0.8018288016319275
5970,122,0.0595703125,0.12185639888048172,32.39828872680664,0.7917973399162292
5971,117,0.05712890625,0.12337442487478256,30.666444778442383,0.8102203607559204
5972,110,0.0537109375,0.12122984230518341,30.689807891845703,0.8139399886131287
5973,123,0.06005859375,0.12166760116815567,30.957984924316406,0.8142132759094238
5974,123,0.06005859375,0.12741079926490784,29.073762893676758,0.8268475532531738
5975,111,0.05419921875,0.13477416336536407,29.209678649902344,0.8246265053749084
5976,110,0.0537109375,0.1261245310306549,31.309520721435547,0.8069446682929993
5977,106,0.0517578125,0.13096338510513306,29.499252319335938,0.8247227072715759
5978,118,0.0576171875,0.13681340217590332,31.241933822631836,0.8027067184448242
5979,117,0.05712890625,0.13846300542354584,29.963581085205078,0.8198474049568176
5980,116,0.056640625,0.12967701256275177,28.652088165283203,0.8331032395362854
5981,136,0.06640625,0.15032778680324554,31.630903244018555,0.8004196882247925
5982,140,0.068359375,0.1508053094148636,30.77129554748535,0.8078797459602356
5983,131,0.06396484375,0.13299590349197388,29.12030029296875,0.8287054896354675
5984,130,0.0634765625,0.12935058772563934,27.69103240966797,0.8450575470924377
5985,129,0.06298828125,0.12863260507583618,28.248519897460938,0.8382941484451294
5986,134,0.0654296875,0.13497771322727203,29.903724670410156,0.8210879564285278
5987,142,0.0693359375,0.13670483231544495,29.766443252563477,0.8236668705940247
5988,151,0.07373046875,0.1445835381746292,30.36113166809082,0.8209588527679443
5989,151,0.07373046875,0.14275391399860382,30.342220306396484,0.8131172060966492
5990,163,0.07958984375,0.15251952409744263,31.682249069213867,0.8003868460655212
5991,165,0.08056640625,0.13776123523712158,31.28074073791504,0.8047091364860535
5992,160,0.078125,0.12622879445552826,30.345386505126953,0.8183668255805969
5993,156,0.076171875,0.12715907394886017,30.20082664489746,0.8201270699501038
5994,153,0.07470703125,0.12559689581394196,29.740509033203125,0.823926568031311
5995,154,0.0751953125,0.12354162335395813,30.248003005981445,0.8206397294998169
5996,147,0.07177734375,0.12399759888648987,29.21826171875,0.8335177302360535
5997,140,0.068359375,0.11719765514135361,31.11861801147461,0.8105090260505676
5998,133,0.06494140625,0.12945136427879333,31.192529678344727,0.8105446696281433
5999,129,0.06298828125,0.12504395842552185,31.4063720703125,0.8074463605880737
6000,144,0.0703125,0.12879660725593567,31.83600616455078,0.8210353255271912
6001,144,0.0703125,0.12446797639131546,32.32875061035156,0.8153780102729797
6002,146,0.0712890625,0.12596631050109863,31.784427642822266,0.8170389533042908
6003,138,0.0673828125,0.12548582255840302,30.781982421875,0.8304627537727356
6004,146,0.0712890625,0.1235649362206459,33.18851852416992,0.7977671027183533
6005,138,0.0673828125,0.12272007763385773,33.290733337402344,0.796309769153595
6006,140,0.068359375,0.12696512043476105,31.95087242126465,0.8109657168388367
6007,139,0.06787109375,0.12526288628578186,32.29677200317383,0.8106116652488708
6008,150,0.0732421875,0.1242990493774414,31.754085540771484,0.8140134811401367
6009,139,0.06787109375,0.12030360847711563,29.967243194580078,0.8407020568847656
6010,159,0.07763671875,0.12181282788515091,31.696792602539062,0.8172290921211243
6011,162,0.0791015625,0.13145147264003754,32.73396682739258,0.8054110407829285
6012,160,0.078125,0.1288987249135971,31.691726684570312,0.8175422549247742
6013,160,0.078125,0.12992191314697266,31.968164443969727,0.8109792470932007
6014,162,0.0791015625,0.12776105105876923,31.69879150390625,0.8144057393074036
6015,174,0.0849609375,0.1315959244966507,31.062536239624023,0.8193001747131348
6016,163,0.07958984375,0.13999292254447937,34.877342224121094,0.7744768261909485
6017,156,0.076171875,0.13636086881160736,32.83749771118164,0.799359142780304
6018,164,0.080078125,0.12598150968551636,31.613834381103516,0.815977156162262
6019,167,0.08154296875,0.12607638537883759,32.40842056274414,0.8059529662132263
6020,172,0.083984375,0.12533605098724365,32.15809631347656,0.8117656111717224
6021,180,0.087890625,0.12290118634700775,33.32106018066406,0.7993273138999939
6022,191,0.09326171875,0.13022680580615997,34.3861083984375,0.7897322773933411
6023,215,0.10498046875,0.12494005262851715,32.80253601074219,0.8035831451416016
6024,232,0.11328125,0.13886995613574982,32.56847381591797,0.8038278818130493
6025,234,0.1142578125,0.1370796412229538,32.70993423461914,0.8043779730796814
6026,241,0.11767578125,0.14243027567863464,33.05274200439453,0.8045279383659363
6027,237,0.11572265625,0.13513416051864624,33.60933303833008,0.7981248497962952
6028,254,0.1240234375,0.14089590311050415,33.392311096191406,0.7973998785018921
6029,266,0.1298828125,0.15214680135250092,34.99065399169922,0.7761412858963013
6030,246,0.1201171875,0.13496284186840057,34.3245735168457,0.7810119390487671
6031,233,0.11376953125,0.1306583136320114,32.456905364990234,0.8036355376243591
6032,226,0.1103515625,0.12550172209739685,32.30689239501953,0.8109555244445801
6033,240,0.1171875,0.12954600155353546,33.801204681396484,0.7955654859542847
6034,226,0.1103515625,0.14093637466430664,35.71577835083008,0.775595486164093
6035,238,0.1162109375,0.1363302320241928,35.753414154052734,0.7762497067451477
6036,232,0.11328125,0.140975683927536,34.57268524169922,0.7835653424263
6037,219,0.10693359375,0.14871956408023834,35.01839065551758,0.7759544253349304
6038,201,0.09814453125,0.1447339504957199,34.264122009277344,0.7899305820465088
6039,201,0.09814453125,0.14142607152462006,32.9036750793457,0.8018887639045715
6040,263,0.12841796875,0.12197823077440262,32.43721008300781,0.8052873015403748
6041,254,0.1240234375,0.12013726681470871,32.33806228637695,0.8032281994819641
6042,246,0.1201171875,0.11759643256664276,31.637821197509766,0.8161193132400513
6043,234,0.1142578125,0.11528147011995316,32.69982147216797,0.8016071319580078
6044,229,0.11181640625,0.11494308710098267,33.566978454589844,0.7946573495864868
6045,211,0.10302734375,0.11181429773569107,33.497718811035156,0.7960612177848816
6046,237,0.11572265625,0.12213151901960373,34.59001159667969,0.779697060585022
6047,241,0.11767578125,0.11296850442886353,32.40163040161133,0.8042016625404358
6048,230,0.1123046875,0.10785859078168869,30.38639259338379,0.8287971019744873
6049,230,0.1123046875,0.1065952330827713,32.116607666015625,0.8096440434455872
6050,207,0.10107421875,0.10725966095924377,33.367000579833984,0.7970320582389832
6051,207,0.10107421875,0.10954009741544724,33.578529357910156,0.791202187538147
6052,215,0.10498046875,0.11217119544744492,34.10947799682617,0.7898960709571838
6053,229,0.11181640625,0.11514054238796234,32.972862243652344,0.7995241284370422
6054,223,0.10888671875,0.1168140396475792,33.32834243774414,0.7971869111061096
6055,221,0.10791015625,0.11123356223106384,33.25469207763672,0.7969540953636169
6056,215,0.10498046875,0.113934725522995,32.42140197753906,0.8063581585884094
6057,209,0.10205078125,0.11918502300977707,33.62714767456055,0.7911537289619446
6058,206,0.1005859375,0.11656031012535095,34.381141662597656,0.7834649085998535
6059,194,0.0947265625,0.11936242133378983,33.05552291870117,0.7992072105407715
6060,214,0.1044921875,0.11548050493001938,31.559154510498047,0.8158093690872192
6061,212,0.103515625,0.11747869849205017,31.57330894470215,0.8133773803710938
6062,224,0.109375,0.13120411336421967,32.34233474731445,0.8043292164802551
6063,210,0.1025390625,0.12218330055475235,32.558937072753906,0.8020129799842834
6064,205,0.10009765625,0.11322543770074844,32.151737213134766,0.8048260807991028
6065,193,0.09423828125,0.11741344630718231,33.37483596801758,0.7954586744308472
6066,190,0.0927734375,0.11802273988723755,34.8081169128418,0.780656099319458
6067,208,0.1015625,0.124720498919487,35.002864837646484,0.7788223624229431
6068,190,0.0927734375,0.12155262380838394,34.34899139404297,0.787589967250824
6069,184,0.08984375,0.11997296661138535,33.76437759399414,0.7910222411155701
6070,193,0.09423828125,0.12105979025363922,35.856075286865234,0.7658531665802002
6071,209,0.10205078125,0.13384082913398743,36.42217254638672,0.760377049446106
6072,202,0.0986328125,0.13214218616485596,35.12870407104492,0.7777135372161865
6073,211,0.10302734375,0.12847766280174255,33.884765625,0.7911450862884521
6074,254,0.1240234375,0.1353897899389267,33.56509017944336,0.7966306209564209
6075,275,0.13427734375,0.13979646563529968,33.826812744140625,0.7930328249931335
6076,288,0.140625,0.13701556622982025,33.163936614990234,0.8030335903167725
6077,300,0.146484375,0.14112995564937592,32.96330261230469,0.804665744304657
6078,313,0.15283203125,0.14090709388256073,33.33998107910156,0.7992740869522095
6079,301,0.14697265625,0.1395186185836792,33.481693267822266,0.7971532940864563
6080,1721,0.84033203125,0.11303509026765823,38.57923126220703,0.7258284687995911
6081,565,0.27587890625,0.11936420947313309,28.985315322875977,0.8254668116569519
6082,487,0.23779296875,0.1299329251050949,32.145530700683594,0.796486496925354
6083,457,0.22314453125,0.120712511241436,32.40752410888672,0.8034362196922302
6084,460,0.224609375,0.1346064656972885,31.1519832611084,0.8158336281776428
6085,1232,0.6015625,0.10261847078800201,23.388092041015625,0.8761475086212158
6086,989,0.48291015625,0.08325058966875076,27.782154083251953,0.8469128608703613
6087,1101,0.53759765625,0.0840621218085289,42.50566864013672,0.6973567008972168
6088,981,0.47900390625,0.11177471280097961,26.812837600708008,0.8547905087471008
6089,704,0.34375,0.1441880464553833,36.50965881347656,0.7565351724624634
6090,775,0.37841796875,0.12299028784036636,40.76308822631836,0.7126405835151672
6091,1058,0.5166015625,0.08933574706315994,36.318660736083984,0.7629402279853821
6092,1115,0.54443359375,0.0810035988688469,30.498722076416016,0.8221536874771118
6093,1442,0.7041015625,0.09367881715297699,27.344425201416016,0.8246986269950867
6094,1045,0.51025390625,0.12093767523765564,24.85133934020996,0.8679526448249817
6095,934,0.4560546875,0.12719227373600006,25.044750213623047,0.8705900311470032
6096,771,0.37646484375,0.147072896361351,28.98787498474121,0.8278375864028931
6097,789,0.38525390625,0.16502103209495544,32.80284881591797,0.7959814667701721
6098,1175,0.57373046875,0.12183453142642975,25.679214477539062,0.858121395111084
6099,777,0.37939453125,0.15135344862937927,28.940969467163086,0.8250163793563843
6100,690,0.3369140625,0.16030026972293854,34.52579879760742,0.7674262523651123
6101,697,0.34033203125,0.1589375138282776,36.86770248413086,0.7438761591911316
6102,721,0.35205078125,0.1391916126012802,30.204988479614258,0.8104262351989746
6103,713,0.34814453125,0.13178248703479767,27.93683433532715,0.8327746391296387
6104,760,0.37109375,0.13053299486637115,27.401329040527344,0.8410279750823975
6105,748,0.365234375,0.13361208140850067,27.35725212097168,0.8375881314277649
6106,719,0.35107421875,0.13006649911403656,27.424352645874023,0.8372824788093567
6107,651,0.31787109375,0.13590113818645477,29.63483428955078,0.8149149417877197
6108,531,0.25927734375,0.1582373082637787,33.69016647338867,0.7688820958137512
6109,532,0.259765625,0.16178672015666962,33.22991180419922,0.7767295241355896
6110,473,0.23095703125,0.15961647033691406,36.39362716674805,0.74974125623703
6111,484,0.236328125,0.16101591289043427,35.14200210571289,0.7629889249801636
6112,528,0.2578125,0.15749557316303253,35.081180572509766,0.7627744674682617
6113,468,0.228515625,0.1601199060678482,35.22168731689453,0.7590953707695007
6114,433,0.21142578125,0.16252373158931732,35.47277069091797,0.7574578523635864
6115,436,0.212890625,0.16930913925170898,35.40872573852539,0.7598215341567993
6116,393,0.19189453125,0.1684054285287857,36.51633071899414,0.7524420022964478
6117,362,0.1767578125,0.17935343086719513,39.76276397705078,0.717540442943573
6118,372,0.181640625,0.16896174848079681,37.3798828125,0.7374394536018372
6119,348,0.169921875,0.18131428956985474,38.91603469848633,0.7261537313461304
6120,639,0.31201171875,0.12854056060314178,27.64965057373047,0.8460219502449036
6121,769,0.37548828125,0.13292250037193298,22.943227767944336,0.8862048983573914
6122,726,0.3544921875,0.13906683027744293,24.193593978881836,0.8743442296981812
6123,1038,0.5068359375,0.1305377185344696,20.353504180908203,0.9070115089416504
6124,1022,0.4990234375,0.1338159590959549,18.558259963989258,0.9163982272148132
6125,1552,0.7578125,0.15441612899303436,24.39058494567871,0.8488987684249878
6126,1080,0.52734375,0.129110187292099,17.153385162353516,0.9266104102134705
6127,1085,0.52978515625,0.12395714223384857,15.967066764831543,0.9327074289321899
6128,1035,0.50537109375,0.12118178606033325,17.033964157104492,0.9246983528137207
6129,871,0.42529296875,0.12219133973121643,19.829227447509766,0.9026633501052856
6130,861,0.42041015625,0.11854546517133713,19.013376235961914,0.9109211564064026
6131,721,0.35205078125,0.12025134265422821,20.69086265563965,0.9068323969841003
6132,694,0.3388671875,0.12245329469442368,22.16381072998047,0.8962921500205994
6133,597,0.29150390625,0.12433835864067078,26.179590225219727,0.8648226857185364
6134,728,0.35546875,0.12252476811408997,20.854265213012695,0.9039148092269897
6135,758,0.3701171875,0.11834707111120224,21.036388397216797,0.9040268659591675
6136,813,0.39697265625,0.11847788840532303,19.753751754760742,0.911551296710968
6137,806,0.3935546875,0.11790718138217926,19.73467254638672,0.9143816232681274
6138,856,0.41796875,0.12650640308856964,20.35736656188965,0.9072229266166687
6139,1106,0.5400390625,0.11167068779468536,21.67078971862793,0.8989492058753967
6140,1119,0.54638671875,0.12147422134876251,19.64274024963379,0.9069603681564331
6141,988,0.482421875,0.13327112793922424,20.87613296508789,0.9009005427360535
6142,901,0.43994140625,0.13825492560863495,21.407264709472656,0.896570086479187
6143,906,0.4423828125,0.14261330664157867,22.92144012451172,0.8803988695144653
6144,759,0.37060546875,0.14170432090759277,23.90456771850586,0.8741651177406311
6145,554,0.2705078125,0.13901785016059875,25.69015121459961,0.8621890544891357
6146,593,0.28955078125,0.14571790397167206,25.22660255432129,0.8625427484512329
6147,649,0.31689453125,0.13898621499538422,25.078458786010742,0.8655654788017273
6148,690,0.3369140625,0.13878779113292694,24.84536361694336,0.8654443025588989
6149,856,0.41796875,0.14444276690483093,23.847888946533203,0.8731846213340759
6150,768,0.375,0.14046859741210938,23.191625595092773,0.877842128276825
6151,733,0.35791015625,0.13807161152362823,23.735408782958984,0.8794972896575928
6152,852,0.416015625,0.11856590211391449,23.037748336791992,0.8858294486999512
6153,812,0.396484375,0.1039440706372261,25.094100952148438,0.8661646842956543
6154,723,0.35302734375,0.10327248275279999,24.901897430419922,0.8731224536895752
6155,603,0.29443359375,0.11642339825630188,24.288509368896484,0.8758482933044434
6156,578,0.2822265625,0.10472522675991058,26.02646827697754,0.8605756759643555
6157,545,0.26611328125,0.09960879385471344,27.48460578918457,0.8530550003051758
6158,544,0.265625,0.10407064855098724,32.28923416137695,0.8052764534950256
6159,532,0.259765625,0.10780632495880127,31.860803604125977,0.8106358647346497
6160,160,0.078125,0.10924944281578064,31.198650360107422,0.8228172063827515
6161,161,0.07861328125,0.10911456495523453,32.97763442993164,0.8009111881256104
6162,159,0.07763671875,0.1095738485455513,32.1766242980957,0.8112999200820923
6163,167,0.08154296875,0.10654599219560623,29.070541381835938,0.8359542489051819
6164,177,0.08642578125,0.10900498181581497,31.034849166870117,0.8150827288627625
6165,173,0.08447265625,0.1099584773182869,32.84945297241211,0.8002697825431824
6166,158,0.0771484375,0.10325831174850464,29.908740997314453,0.8294566869735718
6167,157,0.07666015625,0.09608392417430878,31.68039894104004,0.8130181431770325
6168,149,0.07275390625,0.10143879055976868,32.78857421875,0.8056686520576477
6169,146,0.0712890625,0.10181435942649841,31.463184356689453,0.8114851117134094
6170,151,0.07373046875,0.10058067739009857,31.077491760253906,0.8150643706321716
6171,169,0.08251953125,0.09690526872873306,29.609066009521484,0.8214548230171204
6172,186,0.0908203125,0.09445471316576004,29.82374382019043,0.820499062538147
6173,162,0.0791015625,0.09711609035730362,30.273208618164062,0.8261239528656006
6174,171,0.08349609375,0.09833310544490814,30.98517417907715,0.8187518119812012
6175,164,0.080078125,0.10577753186225891,34.65787124633789,0.7868807911872864
6176,171,0.08349609375,0.10670088976621628,33.822532653808594,0.7978390455245972
6177,198,0.0966796875,0.1049676164984703,34.37489318847656,0.7826802134513855
6178,190,0.0927734375,0.10836560279130936,32.658267974853516,0.8080410361289978
6179,190,0.0927734375,0.10758834332227707,34.86447525024414,0.7827432155609131
6180,182,0.0888671875,0.10144196450710297,31.337562561035156,0.823114812374115
6181,185,0.09033203125,0.11812350898981094,33.840919494628906,0.7963013648986816
6182,172,0.083984375,0.10489270091056824,31.41153335571289,0.8152579665184021
6183,175,0.08544921875,0.1041690781712532,29.989486694335938,0.8221935033798218
6184,187,0.09130859375,0.10532636940479279,27.850685119628906,0.8425987958908081
6185,195,0.09521484375,0.09618757665157318,27.520355224609375,0.843367874622345
6186,206,0.1005859375,0.12119200080633163,27.68767738342285,0.8455106616020203
6187,196,0.095703125,0.13673803210258484,30.21383285522461,0.8308520913124084
6188,184,0.08984375,0.1168413758277893,29.24589729309082,0.838234007358551
6189,185,0.09033203125,0.1205199658870697,27.91441535949707,0.8478568196296692
6190,188,0.091796875,0.1282651573419571,27.284137725830078,0.8466139435768127
6191,189,0.09228515625,0.12211212515830994,28.187973022460938,0.8392574787139893
6192,187,0.09130859375,0.12961989641189575,27.412588119506836,0.8485072255134583
6193,185,0.09033203125,0.12300924956798553,27.011844635009766,0.8519566059112549
6194,183,0.08935546875,0.16389894485473633,27.687955856323242,0.8428341150283813
6195,191,0.09326171875,0.17642554640769958,29.845958709716797,0.8330599069595337
6196,180,0.087890625,0.17053969204425812,28.644054412841797,0.8428468704223633
6197,184,0.08984375,0.18077650666236877,28.59641456604004,0.8428134918212891
6198,185,0.09033203125,0.14218440651893616,27.2788143157959,0.8494982719421387
6199,186,0.0908203125,0.12260924279689789,27.957406997680664,0.849560558795929
6200,113,0.05517578125,0.23905642330646515,32.31320571899414,0.8005675673484802
6201,109,0.05322265625,0.18605731427669525,30.829730987548828,0.8148097395896912
6202,101,0.04931640625,0.1986856460571289,31.411693572998047,0.807822048664093
6203,110,0.0537109375,0.17850935459136963,27.894203186035156,0.8520363569259644
6204,108,0.052734375,0.17659440636634827,27.654272079467773,0.8496821522712708
6205,117,0.05712890625,0.16632720828056335,28.659530639648438,0.8411144614219666
6206,133,0.06494140625,0.15669605135917664,32.477264404296875,0.80454421043396
6207,134,0.0654296875,0.156387060880661,30.723236083984375,0.8248690962791443
6208,135,0.06591796875,0.16196247935295105,30.670696258544922,0.8223903179168701
6209,132,0.064453125,0.16937434673309326,32.14313507080078,0.807303249835968
6210,109,0.05322265625,0.16356883943080902,30.93598747253418,0.819717288017273
6211,103,0.05029296875,0.20256388187408447,31.299226760864258,0.808249294757843
6212,104,0.05078125,0.18109145760536194,30.983726501464844,0.8166121244430542
6213,106,0.0517578125,0.17092172801494598,30.079423904418945,0.8315536975860596
6214,120,0.05859375,0.16110928356647491,29.975086212158203,0.8265552520751953
6215,107,0.05224609375,0.16731031239032745,30.62238883972168,0.8207018971443176
6216,107,0.05224609375,0.1696813851594925,30.873165130615234,0.8201456665992737
6217,105,0.05126953125,0.17782515287399292,31.775367736816406,0.8092311024665833
6218,115,0.05615234375,0.17151139676570892,32.05430221557617,0.8091309070587158
6219,111,0.05419921875,0.17291271686553955,31.409299850463867,0.8124125003814697
6220,121,0.05908203125,0.16172544658184052,31.352680206298828,0.8201772570610046
6221,120,0.05859375,0.15516424179077148,31.50739288330078,0.8160668015480042
6222,125,0.06103515625,0.16130363941192627,31.402320861816406,0.8156867623329163
6223,147,0.07177734375,0.16518262028694153,33.7066650390625,0.7898086309432983
6224,135,0.06591796875,0.15639762580394745,31.248552322387695,0.81877201795578
6225,136,0.06640625,0.1552630364894867,31.867671966552734,0.812484085559845
6226,131,0.06396484375,0.17147862911224365,33.24492645263672,0.7998890280723572
6227,130,0.0634765625,0.15118126571178436,34.42719650268555,0.7805202603340149
6228,120,0.05859375,0.14882996678352356,33.578983306884766,0.794390082359314
6229,112,0.0546875,0.14960947632789612,30.529207229614258,0.8255152106285095
6230,115,0.05615234375,0.14309664070606232,30.481277465820312,0.826341986656189
6231,112,0.0546875,0.14358550310134888,29.33345603942871,0.8390135169029236
6232,118,0.0576171875,0.13299712538719177,30.557052612304688,0.8258057236671448
6233,112,0.0546875,0.1597498208284378,30.898324966430664,0.8209394812583923
6234,113,0.05517578125,0.14453601837158203,29.8664493560791,0.8339958786964417
6235,115,0.05615234375,0.1471603512763977,32.132225036621094,0.8105915188789368
6236,113,0.05517578125,0.15233176946640015,30.935630798339844,0.8257260322570801
6237,118,0.0576171875,0.13925233483314514,32.366024017333984,0.804753839969635
6238,106,0.0517578125,0.15947885811328888,33.21710205078125,0.7964575886726379
6239,113,0.05517578125,0.1441279649734497,31.62049674987793,0.8173971176147461
6240,205,0.10009765625,0.19451670348644257,41.906578063964844,0.7009208798408508
6241,216,0.10546875,0.1973089575767517,41.8468017578125,0.7002789378166199
6242,213,0.10400390625,0.18923775851726532,41.77604675292969,0.6997267603874207
6243,185,0.09033203125,0.16841432452201843,39.810523986816406,0.7254886031150818
6244,192,0.09375,0.16556133329868317,40.79349899291992,0.7144570350646973
6245,186,0.0908203125,0.16961908340454102,41.26887512207031,0.7097824215888977
6246,164,0.080078125,0.15349869430065155,37.54448318481445,0.7577061653137207
6247,168,0.08203125,0.16299431025981903,38.48439025878906,0.7471802234649658
6248,162,0.0791015625,0.1573246866464615,38.85280990600586,0.7458946704864502
6249,174,0.0849609375,0.16245441138744354,38.814083099365234,0.7422330975532532
6250,178,0.0869140625,0.1644594669342041,39.87556838989258,0.7307024598121643
6251,167,0.08154296875,0.16630205512046814,41.55127716064453,0.713832676410675
6252,174,0.0849609375,0.20059576630592346,41.21805191040039,0.7092054486274719
6253,183,0.08935546875,0.23718787729740143,40.18256378173828,0.7226270437240601
6254,188,0.091796875,0.25427189469337463,42.708656311035156,0.6912846565246582
6255,158,0.0771484375,0.1755581945180893,41.23606491088867,0.7149152159690857
6256,154,0.0751953125,0.16531188786029816,42.39237976074219,0.7039621472358704
6257,165,0.08056640625,0.16347667574882507,40.90528106689453,0.7252135872840881
6258,148,0.072265625,0.15568366646766663,42.13648223876953,0.7067588567733765
6259,146,0.0712890625,0.15201371908187866,40.1716423034668,0.7237850427627563
6260,160,0.078125,0.15631328523159027,41.099266052246094,0.7166720628738403
6261,151,0.07373046875,0.14805352687835693,41.56867218017578,0.7107686400413513
6262,151,0.07373046875,0.1422833502292633,40.482154846191406,0.7321360111236572
6263,157,0.07666015625,0.15586186945438385,41.93053436279297,0.7147719264030457
6264,153,0.07470703125,0.1524825543165207,42.54133605957031,0.6975410580635071
6265,146,0.0712890625,0.1571541428565979,40.99125289916992,0.7194184064865112
6266,144,0.0703125,0.14660388231277466,41.891441345214844,0.7088263630867004
6267,144,0.0703125,0.1527836173772812,42.6520881652832,0.7014284729957581
6268,141,0.06884765625,0.1626477688550949,40.33998107910156,0.7264295816421509
6269,136,0.06640625,0.16329841315746307,38.685367584228516,0.7490922808647156
6270,133,0.06494140625,0.182901069521904,42.27532958984375,0.7001498341560364
6271,140,0.068359375,0.17508947849273682,42.1366081237793,0.700221598148346
6272,136,0.06640625,0.16732780635356903,40.304359436035156,0.7297105193138123
6273,140,0.068359375,0.17082934081554413,39.56084060668945,0.7367807030677795
6274,141,0.06884765625,0.16822493076324463,41.099639892578125,0.718281626701355
6275,147,0.07177734375,0.1738434135913849,43.673728942871094,0.6872042417526245
6276,147,0.07177734375,0.1685534119606018,43.134315490722656,0.6919360160827637
6277,148,0.072265625,0.17335550487041473,44.56465530395508,0.6736934781074524
6278,150,0.0732421875,0.18358999490737915,43.14138412475586,0.6899290084838867
6279,147,0.07177734375,0.17564241588115692,42.285606384277344,0.701525866985321
6280,51,0.02490234375,0.17292220890522003,35.874752044677734,0.7791630625724792
6281,48,0.0234375,0.18549174070358276,33.671531677246094,0.7976083755493164
6282,47,0.02294921875,0.2303130030632019,35.2252082824707,0.7863024473190308
6283,48,0.0234375,0.26486003398895264,34.40526580810547,0.7868202328681946
6284,41,0.02001953125,0.26670366525650024,35.73423385620117,0.7706319093704224
6285,41,0.02001953125,0.26287057995796204,35.23294448852539,0.7746086120605469
6286,45,0.02197265625,0.2953489422798157,35.00167465209961,0.7809690833091736
6287,41,0.02001953125,0.25682196021080017,36.61637496948242,0.7585915923118591
6288,39,0.01904296875,0.1949959099292755,35.20675277709961,0.7653958201408386
6289,42,0.0205078125,0.1944517344236374,35.41001510620117,0.7686866521835327
6290,43,0.02099609375,0.19755612313747406,34.39940643310547,0.7754936218261719
6291,44,0.021484375,0.1965855062007904,36.75228500366211,0.752078115940094
6292,40,0.01953125,0.1997559517621994,36.33171844482422,0.7545523643493652
6293,37,0.01806640625,0.19446328282356262,31.727252960205078,0.8115788102149963
6294,40,0.01953125,0.2224396914243698,34.441036224365234,0.7803150415420532
6295,34,0.0166015625,0.21060746908187866,34.780094146728516,0.7747082710266113
6296,34,0.0166015625,0.20341652631759644,31.943408966064453,0.8146529197692871
6297,39,0.01904296875,0.2301919162273407,34.74770736694336,0.7844337821006775
6298,41,0.02001953125,0.25143370032310486,36.68519973754883,0.7647535800933838
6299,41,0.02001953125,0.23604916036128998,37.57136535644531,0.7437836527824402
6300,37,0.01806640625,0.2552001476287842,33.038970947265625,0.808266282081604
6301,35,0.01708984375,0.274654358625412,36.78907012939453,0.7624636292457581
6302,38,0.0185546875,0.30913224816322327,36.96030044555664,0.7515962719917297
6303,44,0.021484375,0.2903892993927002,37.87251281738281,0.7351675629615784
6304,41,0.02001953125,0.2858574092388153,34.16282272338867,0.7719511389732361
6305,45,0.02197265625,0.2795645296573639,35.999420166015625,0.7609541416168213
6306,42,0.0205078125,0.3062993884086609,38.77315139770508,0.730911910533905
6307,42,0.0205078125,0.26999104022979736,36.38609313964844,0.7644525170326233
6308,41,0.02001953125,0.2587132751941681,37.85372543334961,0.7466711401939392
6309,41,0.02001953125,0.25602009892463684,35.01122283935547,0.7880328297615051
6310,40,0.01953125,0.2503005266189575,36.07987594604492,0.7680462598800659
6311,39,0.01904296875,0.3000016212463379,38.09267807006836,0.7376742362976074
6312,37,0.01806640625,0.30227115750312805,37.48394012451172,0.7423742413520813
6313,39,0.01904296875,0.3066207468509674,38.1926383972168,0.7400321364402771
6314,41,0.02001953125,0.29712802171707153,39.543453216552734,0.7140114307403564
6315,41,0.02001953125,0.2859896123409271,32.864501953125,0.797174870967865
6316,46,0.0224609375,0.26336660981178284,34.56758499145508,0.7843971252441406
6317,44,0.021484375,0.2591862380504608,33.425289154052734,0.7888185381889343
6318,40,0.01953125,0.2604968547821045,34.09898376464844,0.7952897548675537
6319,48,0.0234375,0.26213449239730835,37.46786880493164,0.740605354309082
6320,109,0.05322265625,0.17017588019371033,28.877853393554688,0.8300177454948425
6321,107,0.05224609375,0.17284953594207764,28.014509201049805,0.8339813947677612
6322,116,0.056640625,0.13356217741966248,25.575441360473633,0.858184814453125
6323,126,0.0615234375,0.12820224463939667,27.992586135864258,0.8379288911819458
6324,117,0.05712890625,0.12207696586847305,27.1500301361084,0.8377337455749512
6325,115,0.05615234375,0.12362085282802582,25.594404220581055,0.8619319200515747
6326,125,0.06103515625,0.14039139449596405,29.116697311401367,0.8191877603530884
6327,113,0.05517578125,0.13001878559589386,28.223237991333008,0.8309037685394287
6328,120,0.05859375,0.12774643301963806,28.157148361206055,0.8367807865142822
6329,124,0.060546875,0.12106557935476303,27.857419967651367,0.8385491967201233
6330,126,0.0615234375,0.12999023497104645,28.797136306762695,0.8276734352111816
6331,129,0.06298828125,0.13098333775997162,29.239267349243164,0.8180941343307495
6332,122,0.0595703125,0.12745711207389832,28.174644470214844,0.8319405913352966
6333,112,0.0546875,0.11931237578392029,27.34686851501465,0.8424644470214844
6334,116,0.056640625,0.12137162685394287,28.747529983520508,0.8278730511665344
6335,106,0.0517578125,0.1335989236831665,25.867300033569336,0.8616183996200562
6336,110,0.0537109375,0.13327796757221222,27.32402992248535,0.845730721950531
6337,110,0.0537109375,0.1425480842590332,28.031980514526367,0.8363947868347168
6338,107,0.05224609375,0.1347644180059433,25.38880157470703,0.8717111349105835
6339,116,0.056640625,0.12353331595659256,27.866453170776367,0.8381744027137756
6340,101,0.04931640625,0.13131141662597656,25.608369827270508,0.8644002676010132
6341,98,0.0478515625,0.1347176879644394,25.56625747680664,0.8621076345443726
6342,96,0.046875,0.14517627656459808,27.062894821166992,0.8496862053871155
6343,96,0.046875,0.13843309879302979,27.75737762451172,0.8412682414054871
6344,96,0.046875,0.13913437724113464,27.955322265625,0.8375129699707031
6345,90,0.0439453125,0.14945873618125916,28.16269874572754,0.8384429812431335
6346,84,0.041015625,0.16616396605968475,29.57162094116211,0.8249213695526123
6347,88,0.04296875,0.16798269748687744,28.71790313720703,0.8299768567085266
6348,84,0.041015625,0.16893050074577332,28.38920021057129,0.8399351239204407
6349,79,0.03857421875,0.17435818910598755,28.17093276977539,0.8360675573348999
6350,82,0.0400390625,0.17292922735214233,29.362295150756836,0.8214983940124512
6351,76,0.037109375,0.1787644922733307,30.879846572875977,0.8021028637886047
6352,72,0.03515625,0.20275719463825226,32.37174987792969,0.7887267470359802
6353,65,0.03173828125,0.20427794754505157,32.32627487182617,0.8051045536994934
6354,72,0.03515625,0.18679213523864746,33.3342399597168,0.7886736989021301
6355,69,0.03369140625,0.17182476818561554,32.614723205566406,0.8021975755691528
6356,75,0.03662109375,0.17401567101478577,33.8591423034668,0.7878216505050659
6357,68,0.033203125,0.17203113436698914,33.281585693359375,0.7942338585853577
6358,68,0.033203125,0.209455668926239,36.92124557495117,0.7532891631126404
6359,65,0.03173828125,0.20853178203105927,36.22478103637695,0.7611678838729858
6360,102,0.0498046875,0.20398925244808197,33.62973403930664,0.7744595408439636
6361,91,0.04443359375,0.20170865952968597,35.33794403076172,0.760942816734314
6362,92,0.044921875,0.19605430960655212,33.070228576660156,0.7898674607276917
6363,93,0.04541015625,0.19655925035476685,32.98263931274414,0.7898529767990112
6364,97,0.04736328125,0.1886586844921112,35.06503677368164,0.7629128098487854
6365,95,0.04638671875,0.19773632287979126,34.6077880859375,0.7635562419891357
6366,98,0.0478515625,0.19760096073150635,32.98577117919922,0.7899717092514038
6367,105,0.05126953125,0.19543461501598358,33.61534881591797,0.7792299389839172
6368,104,0.05078125,0.20031195878982544,34.77378845214844,0.7671995759010315
6369,100,0.048828125,0.19275730848312378,33.43296432495117,0.7866063117980957
6370,93,0.04541015625,0.19198450446128845,32.01425552368164,0.7994681596755981
6371,88,0.04296875,0.2103111892938614,34.023494720458984,0.7900682091712952
6372,90,0.0439453125,0.20036934316158295,34.07526779174805,0.7830961346626282
6373,92,0.044921875,0.19307197630405426,36.85866165161133,0.7509888410568237
6374,99,0.04833984375,0.19814671576023102,35.0828742980957,0.7667112350463867
6375,99,0.04833984375,0.18644770979881287,33.627437591552734,0.7789027690887451
6376,90,0.0439453125,0.19743594527244568,32.32518768310547,0.8043699264526367
6377,94,0.0458984375,0.20269134640693665,31.110918045043945,0.8164200186729431
6378,86,0.0419921875,0.19340193271636963,33.31591033935547,0.7846893668174744
6379,89,0.04345703125,0.20043432712554932,31.929380416870117,0.8109602332115173
6380,84,0.041015625,0.20216640830039978,34.67473602294922,0.7803346514701843
6381,73,0.03564453125,0.21780326962471008,35.50518035888672,0.7727397680282593
6382,72,0.03515625,0.21405518054962158,38.31500244140625,0.7449815273284912
6383,66,0.0322265625,0.22504651546478271,37.85259246826172,0.7495667338371277
6384,66,0.0322265625,0.23757056891918182,39.96304702758789,0.7294939756393433
6385,59,0.02880859375,0.2459157407283783,39.08186340332031,0.7374753952026367
6386,62,0.0302734375,0.24291805922985077,37.62619400024414,0.7450158596038818
6387,64,0.03125,0.22218379378318787,38.794822692871094,0.7411113381385803
6388,69,0.03369140625,0.22705087065696716,42.1442756652832,0.6972900629043579
6389,67,0.03271484375,0.21702329814434052,38.159671783447266,0.7416404485702515
6390,63,0.03076171875,0.2213905155658722,36.794395446777344,0.7542179226875305
6391,70,0.0341796875,0.23874491453170776,39.053977966308594,0.7365645170211792
6392,66,0.0322265625,0.22824694216251373,41.353057861328125,0.712234377861023
6393,75,0.03662109375,0.2309817671775818,38.00205612182617,0.7504923343658447
6394,74,0.0361328125,0.22728537023067474,40.05739212036133,0.7236666083335876
6395,76,0.037109375,0.23033395409584045,40.166751861572266,0.716780960559845
6396,72,0.03515625,0.23893725872039795,38.32598876953125,0.7372293472290039
6397,86,0.0419921875,0.22060991823673248,35.803340911865234,0.7639394402503967
6398,82,0.0400390625,0.19653429090976715,36.38897705078125,0.7535635232925415
6399,92,0.044921875,0.18619076907634735,36.090553283691406,0.7611225843429565
6400,175,0.08544921875,0.1675163209438324,35.74359893798828,0.7564582228660583
6401,172,0.083984375,0.1702122837305069,36.6654052734375,0.7487987875938416
6402,168,0.08203125,0.17179378867149353,34.71613311767578,0.769727885723114
6403,200,0.09765625,0.16018278896808624,32.54100799560547,0.7946256399154663
6404,195,0.09521484375,0.16852833330631256,31.703060150146484,0.8080607056617737
6405,229,0.11181640625,0.16168846189975739,34.21869659423828,0.7784901857376099
6406,209,0.10205078125,0.15504352748394012,32.18186950683594,0.8076843619346619
6407,216,0.10546875,0.15105345845222473,31.189266204833984,0.8135714530944824
6408,245,0.11962890625,0.1535634547472,33.41046905517578,0.7890455722808838
6409,187,0.09130859375,0.1537872850894928,32.53547286987305,0.8073460459709167
6410,206,0.1005859375,0.1559942662715912,32.1605224609375,0.8044276833534241
6411,233,0.11376953125,0.14910466969013214,33.06648635864258,0.7917037606239319
6412,218,0.1064453125,0.14967282116413116,31.512344360351562,0.8085141181945801
6413,166,0.0810546875,0.1718084067106247,30.612960815429688,0.8196641206741333
6414,165,0.08056640625,0.16863760352134705,32.28324508666992,0.8042057156562805
6415,150,0.0732421875,0.18305911123752594,31.382190704345703,0.8097550272941589
6416,150,0.0732421875,0.16867688298225403,31.676210403442383,0.815714955329895
6417,138,0.0673828125,0.14559277892112732,30.53915786743164,0.8234391808509827
6418,153,0.07470703125,0.1404995620250702,30.380887985229492,0.826309323310852
6419,146,0.0712890625,0.13601696491241455,30.292369842529297,0.8234319686889648
6420,178,0.0869140625,0.14681711792945862,31.945043563842773,0.8041180372238159
6421,156,0.076171875,0.12682341039180756,29.98802375793457,0.8326458930969238
6422,170,0.0830078125,0.13524921238422394,31.97049331665039,0.8053821325302124
6423,168,0.08203125,0.1332550197839737,31.66402816772461,0.8130073547363281
6424,151,0.07373046875,0.13153760135173798,28.748441696166992,0.8425344228744507
6425,151,0.07373046875,0.12820523977279663,29.53216552734375,0.8372917771339417
6426,154,0.0751953125,0.11793623864650726,29.98436164855957,0.8344292640686035
6427,141,0.06884765625,0.12267307937145233,29.926973342895508,0.8287160992622375
6428,145,0.07080078125,0.1266743391752243,32.43729019165039,0.7975806593894958
6429,140,0.068359375,0.13368548452854156,28.186019897460938,0.8497819900512695
6430,141,0.06884765625,0.12501437962055206,28.11269760131836,0.849625825881958
6431,148,0.072265625,0.12392130494117737,31.975189208984375,0.8051344752311707
6432,140,0.068359375,0.12640884518623352,29.35730743408203,0.8377580642700195
6433,143,0.06982421875,0.12629547715187073,29.753141403198242,0.8326311111450195
6434,134,0.0654296875,0.12626764178276062,29.817468643188477,0.8306000828742981
6435,130,0.0634765625,0.13343198597431183,29.3738956451416,0.8374055027961731
6436,145,0.07080078125,0.1345987766981125,28.924272537231445,0.8374384641647339
6437,143,0.06982421875,0.13619504868984222,29.883331298828125,0.8288963437080383
6438,140,0.068359375,0.14885178208351135,30.78723907470703,0.8159120678901672
6439,134,0.0654296875,0.15923909842967987,30.704360961914062,0.824397087097168
6440,145,0.07080078125,0.13132086396217346,35.2973747253418,0.7731513977050781
6441,126,0.0615234375,0.14125478267669678,34.94301986694336,0.7788951396942139
6442,120,0.05859375,0.14521946012973785,34.96541213989258,0.7799043655395508
6443,103,0.05029296875,0.15629836916923523,34.84126663208008,0.7822664380073547
6444,111,0.05419921875,0.1459069699048996,35.429786682128906,0.7756296396255493
6445,118,0.0576171875,0.15488603711128235,35.222408294677734,0.7733810544013977
6446,121,0.05908203125,0.14055950939655304,33.76274490356445,0.7907941341400146
6447,110,0.0537109375,0.1376163214445114,35.00703430175781,0.779762327671051
6448,116,0.056640625,0.15591025352478027,35.52433395385742,0.7742944359779358
6449,109,0.05322265625,0.15022216737270355,35.12018966674805,0.7785630822181702
6450,102,0.0498046875,0.14677633345127106,35.63825225830078,0.7736006379127502
6451,118,0.0576171875,0.1378324031829834,33.71134567260742,0.7912272810935974
6452,109,0.05322265625,0.14488227665424347,36.064674377441406,0.764126181602478
6453,108,0.052734375,0.14542032778263092,36.831809997558594,0.757396936416626
6454,110,0.0537109375,0.1483324021100998,35.084781646728516,0.7805954813957214
6455,102,0.0498046875,0.14376476407051086,35.696163177490234,0.7756631970405579
6456,102,0.0498046875,0.15139390528202057,37.9721565246582,0.7495342493057251
6457,105,0.05126953125,0.16329899430274963,38.791744232177734,0.7378818988800049
6458,101,0.04931640625,0.1655002385377884,37.1187629699707,0.756062924861908
6459,105,0.05126953125,0.16941845417022705,38.3333854675293,0.7448721528053284
6460,105,0.05126953125,0.16031742095947266,37.08172607421875,0.760392963886261
6461,97,0.04736328125,0.15255659818649292,36.71551513671875,0.7616116404533386
6462,110,0.0537109375,0.15304553508758545,37.41379165649414,0.7559938430786133
6463,92,0.044921875,0.1625378578901291,36.28055191040039,0.7686742544174194
6464,97,0.04736328125,0.17118696868419647,39.252525329589844,0.7297250032424927
6465,109,0.05322265625,0.1825607568025589,39.74039840698242,0.7248961925506592
6466,101,0.04931640625,0.1708368957042694,38.0020866394043,0.745918869972229
6467,103,0.05029296875,0.1629858911037445,38.72182846069336,0.7374309301376343
6468,121,0.05908203125,0.1748601198196411,38.10179138183594,0.7349328994750977
6469,124,0.060546875,0.1534007340669632,36.28801345825195,0.7643234729766846
6470,121,0.05908203125,0.14782743155956268,36.4837646484375,0.7652636170387268
6471,114,0.0556640625,0.1413181573152542,36.00722885131836,0.766595721244812
6472,143,0.06982421875,0.1319199949502945,35.78413391113281,0.7626950740814209
6473,142,0.0693359375,0.1311066448688507,33.895103454589844,0.7852922081947327
6474,140,0.068359375,0.1343771517276764,35.62489700317383,0.7663601636886597
6475,147,0.07177734375,0.14163607358932495,33.62466812133789,0.790730893611908
6476,161,0.07861328125,0.15498119592666626,36.45254135131836,0.7596977949142456
6477,157,0.07666015625,0.14386580884456635,35.05116271972656,0.773954451084137
6478,159,0.07763671875,0.14798986911773682,36.027854919433594,0.7610215544700623
6479,141,0.06884765625,0.15332844853401184,34.69921875,0.7816365957260132
6480,249,0.12158203125,0.12833274900913239,33.85566329956055,0.7944077849388123
6481,241,0.11767578125,0.13083064556121826,33.525596618652344,0.8004801869392395
6482,219,0.10693359375,0.1285926103591919,36.070892333984375,0.7638508081436157
6483,225,0.10986328125,0.12236959487199783,33.973846435546875,0.7907245755195618
6484,224,0.109375,0.11994312703609467,33.65380096435547,0.7870048880577087
6485,215,0.10498046875,0.1198953315615654,31.61174201965332,0.8058723211288452
6486,217,0.10595703125,0.12000364810228348,33.48554611206055,0.7847785949707031
6487,227,0.11083984375,0.11227649450302124,31.429094314575195,0.8091786503791809
6488,220,0.107421875,0.11967393010854721,31.291332244873047,0.810855507850647
6489,216,0.10546875,0.12313022464513779,33.60298538208008,0.7852737903594971
6490,221,0.10791015625,0.11144749820232391,31.02351188659668,0.8157252073287964
6491,248,0.12109375,0.11370740085840225,31.74163055419922,0.8116428852081299
6492,241,0.11767578125,0.1132487803697586,32.04224395751953,0.8057689070701599
6493,232,0.11328125,0.1109694093465805,33.24156951904297,0.793047308921814
6494,244,0.119140625,0.11841835081577301,31.9334716796875,0.8116872310638428
6495,246,0.1201171875,0.11551240086555481,32.54677963256836,0.8037598729133606
6496,243,0.11865234375,0.11784092336893082,32.81970977783203,0.8028457164764404
6497,238,0.1162109375,0.10515736788511276,32.33970260620117,0.806614339351654
6498,244,0.119140625,0.10673830658197403,31.686288833618164,0.8135905265808105
6499,234,0.1142578125,0.10142362862825394,32.30388259887695,0.8073791265487671
6500,238,0.1162109375,0.1196288987994194,35.14430236816406,0.7706270813941956
6501,248,0.12109375,0.11567336320877075,35.38003158569336,0.7725018858909607
6502,246,0.1201171875,0.11299518495798111,31.514249801635742,0.8148049712181091
6503,241,0.11767578125,0.11119429022073746,32.0250129699707,0.8036926984786987
6504,251,0.12255859375,0.11829401552677155,32.031280517578125,0.8078367710113525
6505,243,0.11865234375,0.12200798839330673,31.363506317138672,0.8151376247406006
6506,237,0.11572265625,0.12613044679164886,32.72628402709961,0.7963900566101074
6507,247,0.12060546875,0.129325732588768,33.31140899658203,0.7958483099937439
6508,249,0.12158203125,0.1302977204322815,32.29953384399414,0.8047834038734436
6509,255,0.12451171875,0.12470747530460358,31.601621627807617,0.8097730875015259
6510,253,0.12353515625,0.12414250522851944,31.233062744140625,0.8126824498176575
6511,258,0.1259765625,0.12283726781606674,31.26319694519043,0.80863356590271
6512,270,0.1318359375,0.12135391682386398,31.90536117553711,0.8024918437004089
6513,260,0.126953125,0.12111479789018631,29.73211669921875,0.8257058262825012
6514,258,0.1259765625,0.12274617701768875,29.742164611816406,0.8224396705627441
6515,260,0.126953125,0.12647868692874908,31.161537170410156,0.8100767135620117
6516,267,0.13037109375,0.13582894206047058,32.44737243652344,0.7990525960922241
6517,268,0.130859375,0.13019658625125885,32.29627990722656,0.800389289855957
6518,239,0.11669921875,0.12467221915721893,32.96100997924805,0.7987224459648132
6519,236,0.115234375,0.12472870945930481,32.55440902709961,0.8035793900489807
6520,317,0.15478515625,0.14023780822753906,31.087614059448242,0.8139294981956482
6521,347,0.16943359375,0.11883091181516647,30.49665069580078,0.8167195916175842
6522,426,0.2080078125,0.10841955244541168,29.02846908569336,0.8280690312385559
6523,413,0.20166015625,0.11460267007350922,27.141618728637695,0.8451380729675293
6524,382,0.1865234375,0.11661548912525177,27.029144287109375,0.8475621342658997
6525,371,0.18115234375,0.11853974312543869,27.188810348510742,0.8450298309326172
6526,420,0.205078125,0.11237924546003342,28.032711029052734,0.837333619594574
6527,373,0.18212890625,0.11831095069646835,25.216869354248047,0.8635089993476868
6528,377,0.18408203125,0.11772482097148895,26.175073623657227,0.8551217913627625
6529,362,0.1767578125,0.11895553767681122,25.424745559692383,0.862981915473938
6530,444,0.216796875,0.11659535020589828,25.81818962097168,0.8514425754547119
6531,412,0.201171875,0.12110894918441772,24.648874282836914,0.8632117509841919
6532,412,0.201171875,0.12416892498731613,24.962453842163086,0.8600056767463684
6533,461,0.22509765625,0.1258019655942917,26.692323684692383,0.8441810607910156
6534,419,0.20458984375,0.1270323395729065,25.440641403198242,0.8544381260871887
6535,395,0.19287109375,0.12424246221780777,26.933069229125977,0.8464354872703552
6536,439,0.21435546875,0.12070194631814957,26.56700897216797,0.8483800292015076
6537,536,0.26171875,0.1103181466460228,30.68501091003418,0.8090989589691162
6538,488,0.23828125,0.10884200036525726,28.25320816040039,0.8346049189567566
6539,558,0.2724609375,0.10928390175104141,31.544418334960938,0.7970857620239258
6540,602,0.2939453125,0.10495109856128693,35.289337158203125,0.7631120681762695
6541,654,0.3193359375,0.10492432117462158,34.33171081542969,0.7716061472892761
6542,676,0.330078125,0.11341077834367752,35.18913650512695,0.7619674801826477
6543,597,0.29150390625,0.1176496222615242,34.79805374145508,0.7787758111953735
6544,456,0.22265625,0.1159224584698677,32.92692947387695,0.7899830937385559
6545,409,0.19970703125,0.11313813924789429,32.464900970458984,0.7944436073303223
6546,402,0.1962890625,0.11238682270050049,33.15403366088867,0.7858066558837891
6547,529,0.25830078125,0.11357814073562622,41.139503479003906,0.7042718529701233
6548,760,0.37109375,0.11112458258867264,29.41871452331543,0.817660927772522
6549,817,0.39892578125,0.10558967292308807,27.412187576293945,0.8306170105934143
6550,1029,0.50244140625,0.14606791734695435,29.701313018798828,0.8068485856056213
6551,1042,0.5087890625,0.1432487964630127,31.85677719116211,0.7824351787567139
6552,1179,0.57568359375,0.17829963564872742,40.28522491455078,0.7065105438232422
6553,1074,0.5244140625,0.15148085355758667,33.53123092651367,0.7601710557937622
6554,394,0.1923828125,0.12204176932573318,39.45402145385742,0.6993013024330139
6555,419,0.20458984375,0.14296232163906097,43.44041061401367,0.6582271456718445
6556,399,0.19482421875,0.11882287263870239,40.19847106933594,0.6961304545402527
6557,658,0.3212890625,0.10684500634670258,27.368722915649414,0.8290873765945435
6558,698,0.3408203125,0.11227434128522873,26.380693435668945,0.8368449211120605
6559,943,0.46044921875,0.13046878576278687,31.906606674194336,0.7871229648590088
6560,775,0.37841796875,0.12844665348529816,22.470287322998047,0.8842021226882935
6561,788,0.384765625,0.12379785627126694,20.30805015563965,0.9012429714202881
6562,787,0.38427734375,0.12995903193950653,20.727996826171875,0.8977116942405701
6563,789,0.38525390625,0.13713310658931732,21.14905548095703,0.8943432569503784
6564,794,0.3876953125,0.1297435760498047,21.325075149536133,0.8935714960098267
6565,778,0.3798828125,0.1291024088859558,22.95651626586914,0.8796023726463318
6566,814,0.3974609375,0.12618790566921234,21.653322219848633,0.8877134323120117
6567,760,0.37109375,0.1296824812889099,21.17740249633789,0.8967748284339905
6568,764,0.373046875,0.1418214738368988,22.49066734313965,0.8808183670043945
6569,752,0.3671875,0.131075918674469,20.01956558227539,0.9087188243865967
6570,737,0.35986328125,0.13212303817272186,19.562898635864258,0.9138689041137695
6571,765,0.37353515625,0.12577255070209503,18.740537643432617,0.9184858202934265
6572,771,0.37646484375,0.12376150488853455,18.980104446411133,0.9174933433532715
6573,808,0.39453125,0.12607041001319885,18.187374114990234,0.9204356074333191
6574,816,0.3984375,0.12477198988199234,18.525100708007812,0.918976902961731
6575,817,0.39892578125,0.12153967469930649,17.759801864624023,0.9224839210510254
6576,784,0.3828125,0.1271122843027115,20.005474090576172,0.9102532267570496
6577,780,0.380859375,0.13174644112586975,18.97026824951172,0.9166972041130066
6578,787,0.38427734375,0.13032300770282745,19.40146827697754,0.9088525772094727
6579,773,0.37744140625,0.12500420212745667,20.65449333190918,0.9017654061317444
6580,817,0.39892578125,0.12122463434934616,18.233665466308594,0.9195228219032288
6581,911,0.44482421875,0.12149883061647415,17.337501525878906,0.9205984473228455
6582,924,0.451171875,0.12234329432249069,17.12605094909668,0.9237983822822571
6583,924,0.451171875,0.13104477524757385,17.53180503845215,0.9205387234687805
6584,909,0.44384765625,0.1400519758462906,20.024255752563477,0.9005640745162964
6585,1004,0.490234375,0.1327088475227356,19.17967987060547,0.9046793580055237
6586,1009,0.49267578125,0.1287405639886856,18.49953842163086,0.9092782139778137
6587,1137,0.55517578125,0.1260860711336136,22.59552001953125,0.8738704323768616
6588,1038,0.5068359375,0.12285203486680984,18.679475784301758,0.9084755778312683
6589,913,0.44580078125,0.11688540875911713,17.557754516601562,0.924959659576416
6590,922,0.4501953125,0.11721036583185196,17.228742599487305,0.9271732568740845
6591,988,0.482421875,0.11620400846004486,18.43735694885254,0.9169390797615051
6592,1297,0.63330078125,0.13166843354701996,31.886432647705078,0.7918489575386047
6593,1133,0.55322265625,0.12132538110017776,22.162099838256836,0.8810428380966187
6594,1078,0.5263671875,0.11801884323358536,18.49122428894043,0.9062506556510925
6595,971,0.47412109375,0.11002840101718903,18.447484970092773,0.9187605977058411
6596,1053,0.51416015625,0.108366459608078,20.54106903076172,0.9000204205513
6597,1187,0.57958984375,0.11050871759653091,30.03685188293457,0.8147875070571899
6598,1314,0.6416015625,0.12632691860198975,32.938232421875,0.7799085974693298
6599,468,0.228515625,0.11697173118591309,53.12583923339844,0.5476073026657104
6600,124,0.060546875,0.23232293128967285,34.48660659790039,0.782770574092865
6601,123,0.06005859375,0.24247486889362335,35.55455780029297,0.7703978419303894
6602,125,0.06103515625,0.23578552901744843,36.041290283203125,0.7567967176437378
6603,128,0.0625,0.24001312255859375,38.88611602783203,0.7225226759910583
6604,126,0.0615234375,0.2400301992893219,37.139278411865234,0.7464522123336792
6605,124,0.060546875,0.25128260254859924,38.01362228393555,0.728091835975647
6606,128,0.0625,0.24345842003822327,37.84794235229492,0.7312862277030945
6607,125,0.06103515625,0.25751951336860657,37.75651931762695,0.7311810255050659
6608,126,0.0615234375,0.2584666907787323,35.95854568481445,0.7575060725212097
6609,133,0.06494140625,0.24721218645572662,39.432804107666016,0.7186356782913208
6610,136,0.06640625,0.23288969695568085,38.13625717163086,0.7315073013305664
6611,130,0.0634765625,0.23782961070537567,37.14042282104492,0.7431901097297668
6612,135,0.06591796875,0.2307114452123642,37.337127685546875,0.7452495098114014
6613,138,0.0673828125,0.22148829698562622,37.681129455566406,0.7390244603157043
6614,134,0.0654296875,0.21566858887672424,37.00972366333008,0.744103729724884
6615,138,0.0673828125,0.2073335349559784,35.8521614074707,0.7563912272453308
6616,144,0.0703125,0.21707367897033691,36.404273986816406,0.748577892780304
6617,137,0.06689453125,0.22195036709308624,35.34574508666992,0.7636964917182922
6618,124,0.060546875,0.2190455198287964,30.945236206054688,0.8119656443595886
6619,135,0.06591796875,0.21240445971488953,33.200843811035156,0.7833701968193054
6620,136,0.06640625,0.21145588159561157,33.323028564453125,0.7815613150596619
6621,133,0.06494140625,0.21463973820209503,32.56966781616211,0.7842872142791748
6622,133,0.06494140625,0.22112302482128143,32.900779724121094,0.7834792733192444
6623,117,0.05712890625,0.215712308883667,27.361068725585938,0.8516159653663635
6624,137,0.06689453125,0.2089729607105255,33.06722640991211,0.7802366614341736
6625,140,0.068359375,0.19787155091762543,33.095027923583984,0.7840271592140198
6626,148,0.072265625,0.19617047905921936,35.07350158691406,0.76185142993927
6627,140,0.068359375,0.18791364133358002,34.90208053588867,0.7644432187080383
6628,143,0.06982421875,0.19469718635082245,34.92007827758789,0.7624091506004333
6629,144,0.0703125,0.19109638035297394,32.9649772644043,0.786641001701355
6630,135,0.06591796875,0.19982829689979553,34.569976806640625,0.7638141512870789
6631,133,0.06494140625,0.17577050626277924,31.753053665161133,0.7945099472999573
6632,133,0.06494140625,0.18099240958690643,27.832189559936523,0.8338713645935059
6633,119,0.05810546875,0.1718589961528778,27.164697647094727,0.852462649345398
6634,115,0.05615234375,0.16011689603328705,26.736526489257812,0.8571966886520386
6635,107,0.05224609375,0.14797282218933105,27.26367950439453,0.848223865032196
6636,117,0.05712890625,0.1723194420337677,28.737089157104492,0.8325818777084351
6637,114,0.0556640625,0.16723954677581787,28.066574096679688,0.8334022164344788
6638,110,0.0537109375,0.16361908614635468,27.619354248046875,0.8456358313560486
6639,100,0.048828125,0.1554918736219406,26.87738800048828,0.8510386943817139
6640,163,0.07958984375,0.13830797374248505,38.836524963378906,0.7378955483436584
6641,167,0.08154296875,0.134571835398674,37.50624465942383,0.7543179392814636
6642,172,0.083984375,0.13117657601833344,36.963802337646484,0.7536462545394897
6643,167,0.08154296875,0.1268300861120224,36.53760528564453,0.7598257660865784
6644,174,0.0849609375,0.12635882198810577,36.24920654296875,0.7655273079872131
6645,168,0.08203125,0.12033525854349136,37.9931755065918,0.7430391907691956
6646,176,0.0859375,0.1389211267232895,36.9145622253418,0.7522213459014893
6647,165,0.08056640625,0.12516441941261292,37.07038497924805,0.7507199048995972
6648,158,0.0771484375,0.11800635606050491,35.648902893066406,0.7697649002075195
6649,161,0.07861328125,0.11749166995286942,36.43154525756836,0.7570797801017761
6650,153,0.07470703125,0.1363440901041031,35.992549896240234,0.7633336782455444
6651,151,0.07373046875,0.14273254573345184,35.90095901489258,0.7640277743339539
6652,163,0.07958984375,0.11703330278396606,36.62638854980469,0.7532720565795898
6653,163,0.07958984375,0.11637526005506516,37.42473602294922,0.7463254332542419
6654,159,0.07763671875,0.1161593496799469,37.44204330444336,0.7494928240776062
6655,156,0.076171875,0.1224917322397232,38.11545944213867,0.7443058490753174
6656,152,0.07421875,0.11944524943828583,38.67726516723633,0.7374016046524048
6657,152,0.07421875,0.11659494787454605,38.26488494873047,0.7478395700454712
6658,140,0.068359375,0.11520625650882721,33.732887268066406,0.7957350611686707
6659,132,0.064453125,0.11087150871753693,31.84869956970215,0.8081883788108826
6660,130,0.0634765625,0.11111315339803696,33.46259307861328,0.7930939197540283
6661,124,0.060546875,0.11457422375679016,34.045860290527344,0.7891347408294678
6662,125,0.06103515625,0.11316084861755371,33.80860137939453,0.793484628200531
6663,129,0.06298828125,0.10521751642227173,32.166500091552734,0.8058105111122131
6664,135,0.06591796875,0.11482927203178406,36.105224609375,0.7707672119140625
6665,131,0.06396484375,0.11098156124353409,32.91713333129883,0.7976210713386536
6666,123,0.06005859375,0.10755793005228043,30.644588470458984,0.8222324848175049
6667,119,0.05810546875,0.11958534270524979,32.589298248291016,0.8062868118286133
6668,116,0.056640625,0.12728847563266754,32.54420471191406,0.8070080280303955
6669,120,0.05859375,0.12957632541656494,32.498130798339844,0.8080305457115173
6670,126,0.0615234375,0.117625892162323,32.08275604248047,0.8094556927680969
6671,129,0.06298828125,0.1059858500957489,30.761394500732422,0.8189547657966614
6672,131,0.06396484375,0.12304890900850296,31.989070892333984,0.8142426013946533
6673,129,0.06298828125,0.1375112384557724,33.24506378173828,0.800948977470398
6674,129,0.06298828125,0.14309456944465637,34.91929244995117,0.7845913767814636
6675,128,0.0625,0.12682193517684937,34.829994201660156,0.7794029712677002
6676,120,0.05859375,0.1111871749162674,32.027915954589844,0.8066689968109131
6677,127,0.06201171875,0.12354232370853424,34.69913101196289,0.7833775281906128
6678,122,0.0595703125,0.114479660987854,33.42621612548828,0.7884460687637329
6679,118,0.0576171875,0.11220808327198029,33.81039810180664,0.7909308671951294
6680,176,0.0859375,0.16352279484272003,27.662988662719727,0.8455536365509033
6681,189,0.09228515625,0.1689160168170929,28.926734924316406,0.8284240365028381
6682,188,0.091796875,0.16582340002059937,28.469078063964844,0.8350764513015747
6683,182,0.0888671875,0.15815624594688416,28.210777282714844,0.8359449505805969
6684,177,0.08642578125,0.1620655655860901,29.227558135986328,0.825411856174469
6685,178,0.0869140625,0.15154169499874115,28.42137336730957,0.8354783058166504
6686,179,0.08740234375,0.1609567552804947,28.57267951965332,0.8303788900375366
6687,177,0.08642578125,0.15003344416618347,28.009130477905273,0.8411063551902771
6688,169,0.08251953125,0.14953133463859558,28.068891525268555,0.8426220417022705
6689,167,0.08154296875,0.1374000459909439,28.00436782836914,0.8430724740028381
6690,168,0.08203125,0.14268329739570618,28.472415924072266,0.8367388844490051
6691,166,0.0810546875,0.14516082406044006,28.665151596069336,0.8373986482620239
6692,164,0.080078125,0.162593811750412,28.852760314941406,0.8355389833450317
6693,162,0.0791015625,0.1442897617816925,27.447982788085938,0.8437541723251343
6694,157,0.07666015625,0.14501364529132843,25.961679458618164,0.8607708215713501
6695,148,0.072265625,0.1572883278131485,26.7152156829834,0.8530412316322327
6696,152,0.07421875,0.16039356589317322,30.429407119750977,0.8113768696784973
6697,150,0.0732421875,0.1615450531244278,29.478548049926758,0.823359489440918
6698,146,0.0712890625,0.15537221729755402,28.60398292541504,0.8328387141227722
6699,154,0.0751953125,0.15014508366584778,28.466869354248047,0.8379210233688354
6700,154,0.0751953125,0.1539497822523117,28.165584564208984,0.838529109954834
6701,157,0.07666015625,0.15228836238384247,31.171367645263672,0.811760663986206
6702,155,0.07568359375,0.14920742809772491,28.53293800354004,0.8376622200012207
6703,153,0.07470703125,0.14823690056800842,29.198532104492188,0.832528293132782
6704,154,0.0751953125,0.1436370611190796,27.731544494628906,0.8459460735321045
6705,154,0.0751953125,0.14762409031391144,27.613229751586914,0.8453452587127686
6706,154,0.0751953125,0.15679500997066498,26.67657470703125,0.8557338714599609
6707,165,0.08056640625,0.15477798879146576,29.060949325561523,0.8328359127044678
6708,154,0.0751953125,0.14720481634140015,25.9915714263916,0.8539369106292725
6709,160,0.078125,0.1500394344329834,27.396038055419922,0.8441754579544067
6710,156,0.076171875,0.14230026304721832,26.143505096435547,0.8587190508842468
6711,162,0.0791015625,0.14671768248081207,27.933900833129883,0.8381319642066956
6712,166,0.0810546875,0.14909763634204865,28.52064323425293,0.8376736640930176
6713,167,0.08154296875,0.166185662150383,31.380029678344727,0.8081229329109192
6714,170,0.0830078125,0.15758469700813293,30.156204223632812,0.8173102140426636
6715,161,0.07861328125,0.15278014540672302,26.435073852539062,0.8479331135749817
6716,161,0.07861328125,0.15210187435150146,26.256174087524414,0.8484959602355957
6717,160,0.078125,0.1528061479330063,26.2668514251709,0.8462579846382141
6718,168,0.08203125,0.1789281815290451,28.550228118896484,0.8265309929847717
6719,167,0.08154296875,0.1751958727836609,27.86281967163086,0.826752781867981
6720,115,0.05615234375,0.1406041532754898,37.455753326416016,0.748322606086731
6721,112,0.0546875,0.1337139755487442,37.485836029052734,0.7406319379806519
6722,111,0.05419921875,0.1332581788301468,37.732948303222656,0.7401014566421509
6723,115,0.05615234375,0.12967759370803833,40.23179626464844,0.7109842896461487
6724,109,0.05322265625,0.13046617805957794,37.23726272583008,0.7434508800506592
6725,109,0.05322265625,0.1256452053785324,36.75126266479492,0.750401496887207
6726,102,0.0498046875,0.13071370124816895,36.10285568237305,0.7612947225570679
6727,105,0.05126953125,0.13132834434509277,35.39129638671875,0.7699213624000549
6728,101,0.04931640625,0.14059258997440338,38.72551345825195,0.7359635829925537
6729,103,0.05029296875,0.13106293976306915,37.3775520324707,0.7497970461845398
6730,98,0.0478515625,0.13778895139694214,36.1916389465332,0.7582007646560669
6731,101,0.04931640625,0.12966330349445343,33.197914123535156,0.791267454624176
6732,94,0.0458984375,0.12500473856925964,31.958560943603516,0.8045195937156677
6733,95,0.04638671875,0.13615547120571136,33.8517951965332,0.783872663974762
6734,97,0.04736328125,0.12858863174915314,31.38450050354004,0.8111103773117065
6735,104,0.05078125,0.12752406299114227,29.196075439453125,0.8312749266624451
6736,110,0.0537109375,0.14455197751522064,31.36766242980957,0.8135396242141724
6737,109,0.05322265625,0.13984128832817078,29.326160430908203,0.8300817608833313
6738,109,0.05322265625,0.1250104159116745,25.911378860473633,0.8692391514778137
6739,111,0.05419921875,0.12628987431526184,26.810148239135742,0.8583278059959412
6740,114,0.0556640625,0.13236068189144135,28.337982177734375,0.8430237174034119
6741,125,0.06103515625,0.13580825924873352,31.7973575592041,0.8069910407066345
6742,120,0.05859375,0.13966552913188934,29.806325912475586,0.8291946649551392
6743,115,0.05615234375,0.12454335391521454,26.530654907226562,0.8587177991867065
6744,114,0.0556640625,0.13209033012390137,27.306272506713867,0.8508706092834473
6745,112,0.0546875,0.12144787609577179,27.22128677368164,0.8498662114143372
6746,110,0.0537109375,0.12838129699230194,27.772808074951172,0.8503488898277283
6747,106,0.0517578125,0.1227724626660347,25.50714874267578,0.8706880807876587
6748,115,0.05615234375,0.12283683568239212,27.26616668701172,0.8549829125404358
6749,113,0.05517578125,0.12543991208076477,27.26103973388672,0.8534495234489441
6750,109,0.05322265625,0.13151274621486664,25.882404327392578,0.8721435070037842
6751,114,0.0556640625,0.12329665571451187,27.838993072509766,0.8503797054290771
6752,112,0.0546875,0.13241459429264069,26.666606903076172,0.8599806427955627
6753,106,0.0517578125,0.12886860966682434,27.85858917236328,0.8488134145736694
6754,104,0.05078125,0.1366032361984253,27.854787826538086,0.8581047058105469
6755,105,0.05126953125,0.12536239624023438,29.241649627685547,0.8391232490539551
6756,113,0.05517578125,0.12596721947193146,28.298465728759766,0.8472654819488525
6757,110,0.0537109375,0.12452812492847443,27.204593658447266,0.8560981154441833
6758,110,0.0537109375,0.12034203857183456,27.617809295654297,0.8552725911140442
6759,108,0.052734375,0.11871930956840515,28.480064392089844,0.848490297794342
6760,213,0.10400390625,0.14263394474983215,31.72565269470215,0.8045286536216736
6761,201,0.09814453125,0.13233709335327148,30.531375885009766,0.8158074617385864
6762,205,0.10009765625,0.1429077684879303,30.94705581665039,0.8113990426063538
6763,238,0.1162109375,0.16803193092346191,31.93733024597168,0.8076398968696594
6764,259,0.12646484375,0.12737736105918884,32.93132400512695,0.7983246445655823
6765,361,0.17626953125,0.1390257030725479,30.670812606811523,0.8259821534156799
6766,310,0.1513671875,0.12113901972770691,31.266780853271484,0.8183984756469727
6767,325,0.15869140625,0.12529876828193665,28.742050170898438,0.8456993699073792
6768,263,0.12841796875,0.12042734026908875,33.39289093017578,0.7902934551239014
6769,258,0.1259765625,0.14008475840091705,32.57611083984375,0.7983288764953613
6770,257,0.12548828125,0.13019061088562012,33.581966400146484,0.7933164834976196
6771,253,0.12353515625,0.13752992451190948,32.76033401489258,0.8001254200935364
6772,270,0.1318359375,0.14714133739471436,30.79933738708496,0.8133509755134583
6773,311,0.15185546875,0.125607430934906,30.37691879272461,0.8251543641090393
6774,318,0.1552734375,0.12589462101459503,29.67278480529785,0.8324906229972839
6775,324,0.158203125,0.12217362970113754,29.9963436126709,0.8327696919441223
6776,365,0.17822265625,0.12483853101730347,29.629077911376953,0.8329482674598694
6777,341,0.16650390625,0.1197771430015564,29.695878982543945,0.833020806312561
6778,345,0.16845703125,0.11832352727651596,29.496702194213867,0.835879921913147
6779,381,0.18603515625,0.13557995855808258,28.95848274230957,0.8422964215278625
6780,248,0.12109375,0.11308615654706955,29.698511123657227,0.8264418840408325
6781,274,0.1337890625,0.13146746158599854,31.415983200073242,0.8062155842781067
6782,284,0.138671875,0.11801503598690033,31.733766555786133,0.8096252083778381
6783,301,0.14697265625,0.11970207095146179,32.50020980834961,0.8012328147888184
6784,327,0.15966796875,0.12170866131782532,32.77911376953125,0.7972256541252136
6785,320,0.15625,0.12434087693691254,34.57489013671875,0.7798649668693542
6786,317,0.15478515625,0.12095596641302109,34.20037841796875,0.7793540954589844
6787,297,0.14501953125,0.11765395104885101,33.65406799316406,0.79289311170578
6788,293,0.14306640625,0.11736537516117096,33.77965545654297,0.793655276298523
6789,219,0.10693359375,0.10815321654081345,31.144031524658203,0.8210015892982483
6790,199,0.09716796875,0.1180778220295906,30.546030044555664,0.8255000114440918
6791,195,0.09521484375,0.1235244944691658,30.754514694213867,0.8203151822090149
6792,198,0.0966796875,0.1165774017572403,31.331844329833984,0.8165625333786011
6793,191,0.09326171875,0.12155215442180634,30.822912216186523,0.8204763531684875
6794,176,0.0859375,0.12673407793045044,31.27649688720703,0.8116431832313538
6795,190,0.0927734375,0.12336722761392593,30.31984519958496,0.8240171074867249
6796,181,0.08837890625,0.12903007864952087,30.86911964416504,0.8198432922363281
6797,176,0.0859375,0.13201700150966644,32.514095306396484,0.8084123730659485
6798,180,0.087890625,0.12437115609645844,31.691516876220703,0.8158565163612366
6799,177,0.08642578125,0.1313898265361786,34.45270538330078,0.7849509716033936
6800,192,0.09375,0.13615800440311432,30.1804256439209,0.8168380260467529
6801,193,0.09423828125,0.13704970479011536,31.372676849365234,0.8111593723297119
6802,201,0.09814453125,0.13550949096679688,32.75717544555664,0.7985203862190247
6803,196,0.095703125,0.13592994213104248,32.4069709777832,0.7980496883392334
6804,202,0.0986328125,0.13409055769443512,32.48624801635742,0.7987750768661499
6805,204,0.099609375,0.12734001874923706,30.19818687438965,0.8208850026130676
6806,222,0.1083984375,0.1246543675661087,30.975528717041016,0.8127625584602356
6807,213,0.10400390625,0.12354815751314163,29.25221824645996,0.8317389488220215
6808,212,0.103515625,0.12166497111320496,28.685144424438477,0.8387077450752258
6809,204,0.099609375,0.1253947615623474,28.84220314025879,0.832391619682312
6810,215,0.10498046875,0.12044195085763931,30.502347946166992,0.8148233294487
6811,214,0.1044921875,0.12318096309900284,27.840206146240234,0.8391208052635193
6812,205,0.10009765625,0.1272355318069458,28.3175048828125,0.8328455686569214
6813,205,0.10009765625,0.12449343502521515,27.998249053955078,0.840977668762207
6814,202,0.0986328125,0.12417279928922653,28.815567016601562,0.8346501588821411
6815,195,0.09521484375,0.12917333841323853,28.957944869995117,0.8268609642982483
6816,194,0.0947265625,0.12505687773227692,28.374473571777344,0.8349842429161072
6817,208,0.1015625,0.1275416612625122,28.542978286743164,0.8341944217681885
6818,206,0.1005859375,0.12343736737966537,27.52301597595215,0.8454217910766602
6819,204,0.099609375,0.12809327244758606,29.456090927124023,0.8235153555870056
6820,209,0.10205078125,0.1259569525718689,28.25473403930664,0.8411173224449158
6821,215,0.10498046875,0.12281238287687302,28.964805603027344,0.8351187705993652
6822,209,0.10205078125,0.11999692022800446,29.755956649780273,0.826122522354126
6823,203,0.09912109375,0.12095335870981216,31.096538543701172,0.8135402202606201
6824,201,0.09814453125,0.12316010892391205,30.213716506958008,0.8212240934371948
6825,212,0.103515625,0.12460531294345856,30.94550132751465,0.8145535588264465
6826,214,0.1044921875,0.12064198404550552,29.472896575927734,0.8321771621704102
6827,214,0.1044921875,0.1192936971783638,29.538854598999023,0.8292573690414429
6828,218,0.1064453125,0.12131336331367493,28.354127883911133,0.8418760895729065
6829,219,0.10693359375,0.12464404106140137,28.770915985107422,0.8378011584281921
6830,223,0.10888671875,0.13210880756378174,28.663686752319336,0.8396009802818298
6831,217,0.10595703125,0.12860284745693207,29.008024215698242,0.8329099416732788
6832,223,0.10888671875,0.13117636740207672,30.02815818786621,0.8275849223136902
6833,208,0.1015625,0.13051119446754456,28.338924407958984,0.8449658751487732
6834,215,0.10498046875,0.12807825207710266,29.928089141845703,0.8297003507614136
6835,227,0.11083984375,0.1271314024925232,31.16058921813965,0.8153108358383179
6836,222,0.1083984375,0.12739282846450806,30.376279830932617,0.8262666463851929
6837,219,0.10693359375,0.12801361083984375,31.434858322143555,0.8147165775299072
6838,229,0.11181640625,0.12757347524166107,31.52855110168457,0.8105408549308777
6839,212,0.103515625,0.12669263780117035,30.89415740966797,0.8171409964561462
6840,103,0.05029296875,0.15825559198856354,34.554325103759766,0.7785303592681885
6841,110,0.0537109375,0.15042226016521454,32.573909759521484,0.8042903542518616
6842,117,0.05712890625,0.13883446156978607,33.03052520751953,0.7915433049201965
6843,117,0.05712890625,0.13271448016166687,31.872074127197266,0.8034971356391907
6844,120,0.05859375,0.13584889471530914,31.42348289489746,0.8101903796195984
6845,129,0.06298828125,0.13008053600788116,33.37081527709961,0.7880461812019348
6846,130,0.0634765625,0.14398927986621857,32.874568939208984,0.7929961085319519
6847,128,0.0625,0.1320144087076187,31.833967208862305,0.8064159750938416
6848,134,0.0654296875,0.13946476578712463,31.745393753051758,0.8069321513175964
6849,128,0.0625,0.13399797677993774,30.217288970947266,0.8201931118965149
6850,126,0.0615234375,0.14768457412719727,31.092540740966797,0.8145097494125366
6851,125,0.06103515625,0.14555777609348297,31.68406867980957,0.8081192970275879
6852,120,0.05859375,0.15076155960559845,31.719127655029297,0.8082770705223083
6853,128,0.0625,0.14120392501354218,31.611406326293945,0.8168057203292847
6854,152,0.07421875,0.13060534000396729,30.38490104675293,0.8245406150817871
6855,179,0.08740234375,0.16156254708766937,33.17612838745117,0.7818448543548584
6856,171,0.08349609375,0.16423042118549347,30.016014099121094,0.8190262913703918
6857,164,0.080078125,0.1569981724023819,29.85488510131836,0.8205349445343018
6858,170,0.0830078125,0.15927980840206146,30.52793312072754,0.8154889941215515
6859,170,0.0830078125,0.17462632060050964,29.050785064697266,0.8343501091003418
6860,171,0.08349609375,0.17445483803749084,28.542831420898438,0.8402108550071716
6861,153,0.07470703125,0.16907823085784912,30.05733871459961,0.8276841044425964
6862,152,0.07421875,0.172890305519104,31.2659912109375,0.813841700553894
6863,168,0.08203125,0.16772302985191345,30.613258361816406,0.8237781524658203
6864,164,0.080078125,0.1630123406648636,27.121599197387695,0.8569269776344299
6865,169,0.08251953125,0.17193862795829773,28.982406616210938,0.8372001647949219
6866,154,0.0751953125,0.15625160932540894,30.11033821105957,0.8298368453979492
6867,152,0.07421875,0.15361884236335754,30.550928115844727,0.8242266178131104
6868,186,0.0908203125,0.1836288422346115,29.69306755065918,0.8287913203239441
6869,169,0.08251953125,0.16036775708198547,27.98812484741211,0.8498263359069824
6870,169,0.08251953125,0.15427738428115845,28.109283447265625,0.8412238359451294
6871,170,0.0830078125,0.1523507535457611,27.37966537475586,0.851487398147583
6872,176,0.0859375,0.1306280791759491,32.982398986816406,0.7931948304176331
6873,184,0.08984375,0.1383582204580307,36.371646881103516,0.7552216649055481
6874,175,0.08544921875,0.1303783804178238,35.23476791381836,0.7669582962989807
6875,156,0.076171875,0.13047116994857788,33.06734848022461,0.7991156578063965
6876,145,0.07080078125,0.11816416680812836,32.79401397705078,0.7997562289237976
6877,151,0.07373046875,0.12639130651950836,36.102088928222656,0.7614029049873352
6878,145,0.07080078125,0.12541921436786652,35.66090393066406,0.7679001092910767
6879,140,0.068359375,0.12998275458812714,34.69805908203125,0.7768740057945251
6880,138,0.0673828125,0.12286284565925598,28.973590850830078,0.8329200148582458
6881,146,0.0712890625,0.11075539141893387,27.326780319213867,0.8407925367355347
6882,152,0.07421875,0.10932572931051254,24.232833862304688,0.8700031638145447
6883,158,0.0771484375,0.11139651387929916,25.13993263244629,0.8591089248657227
6884,169,0.08251953125,0.1135747879743576,23.607040405273438,0.8768665194511414
6885,181,0.08837890625,0.10998992621898651,24.89020347595215,0.863584041595459
6886,202,0.0986328125,0.11092148721218109,23.356382369995117,0.8807494640350342
6887,222,0.1083984375,0.10865624248981476,26.854894638061523,0.8492692112922668
6888,205,0.10009765625,0.10809547454118729,24.754392623901367,0.8633579015731812
6889,200,0.09765625,0.11734254658222198,26.591245651245117,0.8505023121833801
6890,216,0.10546875,0.11804308742284775,27.796825408935547,0.8404648303985596
6891,189,0.09228515625,0.10796580463647842,25.572490692138672,0.8561834692955017
6892,157,0.07666015625,0.11435405164957047,27.175188064575195,0.8539280295372009
6893,162,0.0791015625,0.10774202644824982,25.738977432250977,0.8655369877815247
6894,185,0.09033203125,0.09990020096302032,24.995439529418945,0.8705182671546936
6895,199,0.09716796875,0.09648923575878143,25.802947998046875,0.8653473258018494
6896,176,0.0859375,0.1128503605723381,28.555879592895508,0.8361758589744568
6897,170,0.0830078125,0.11007259786128998,25.98545265197754,0.8637315034866333
6898,193,0.09423828125,0.10931680351495743,25.527971267700195,0.8635532259941101
6899,208,0.1015625,0.09946461766958237,25.106111526489258,0.8702169060707092
6900,188,0.091796875,0.09762433171272278,27.131690979003906,0.8530681133270264
6901,258,0.1259765625,0.10383922606706619,26.012529373168945,0.8574623465538025
6902,273,0.13330078125,0.09867594391107559,25.150911331176758,0.8644504547119141
6903,250,0.1220703125,0.0997578427195549,24.593259811401367,0.8706170916557312
6904,205,0.10009765625,0.0945897251367569,26.830135345458984,0.8561515212059021
6905,215,0.10498046875,0.09530426561832428,27.383325576782227,0.8529326915740967
6906,232,0.11328125,0.10548526793718338,26.395435333251953,0.8578627109527588
6907,242,0.1181640625,0.09616200625896454,27.10527992248535,0.8543491959571838
6908,211,0.10302734375,0.0955280140042305,29.128280639648438,0.8361497521400452
6909,269,0.13134765625,0.09704343974590302,26.66209602355957,0.8557513356208801
6910,361,0.17626953125,0.1019117683172226,25.54383659362793,0.8629620671272278
6911,375,0.18310546875,0.11047384142875671,25.41269874572754,0.8693640828132629
6912,355,0.17333984375,0.11124260723590851,26.345428466796875,0.8586010336875916
6913,347,0.16943359375,0.1248619481921196,26.423847198486328,0.853084146976471
6914,335,0.16357421875,0.13189560174942017,27.73198127746582,0.8427611589431763
6915,331,0.16162109375,0.1300678700208664,26.5071964263916,0.8516585826873779
6916,245,0.11962890625,0.18631969392299652,29.53590965270996,0.8179438710212708
6917,256,0.125,0.22975052893161774,29.464353561401367,0.8200691342353821
6918,267,0.13037109375,0.2316988855600357,29.301319122314453,0.821449339389801
6919,190,0.0927734375,0.21294040977954865,35.53339767456055,0.7694491147994995
6920,67,0.03271484375,0.21331354975700378,46.03739547729492,0.6435189843177795
6921,70,0.0341796875,0.2120620459318161,44.88604736328125,0.658916175365448
6922,74,0.0361328125,0.21533866226673126,45.81528091430664,0.6481019258499146
6923,75,0.03662109375,0.21981878578662872,45.475975036621094,0.6595067381858826
6924,72,0.03515625,0.22608649730682373,43.2874641418457,0.6879931688308716
6925,70,0.0341796875,0.22048814594745636,40.97085952758789,0.7181918025016785
6926,75,0.03662109375,0.22452402114868164,44.55165481567383,0.675696074962616
6927,73,0.03564453125,0.23266512155532837,42.830387115478516,0.6974490284919739
6928,74,0.0361328125,0.2291288822889328,41.79362487792969,0.7090727090835571
6929,71,0.03466796875,0.21879643201828003,43.06975173950195,0.6930287480354309
6930,70,0.0341796875,0.2204003930091858,39.583438873291016,0.736304521560669
6931,67,0.03271484375,0.22672095894813538,39.50696563720703,0.7345348000526428
6932,71,0.03466796875,0.22842104732990265,38.28575897216797,0.7540853023529053
6933,69,0.03369140625,0.2229098379611969,39.456642150878906,0.7394343614578247
6934,74,0.0361328125,0.23035791516304016,39.888511657714844,0.7267439961433411
6935,79,0.03857421875,0.23200179636478424,40.15788650512695,0.7298844456672668
6936,77,0.03759765625,0.21678724884986877,41.434295654296875,0.7134716510772705
6937,71,0.03466796875,0.21762625873088837,44.79064178466797,0.6638774871826172
6938,59,0.02880859375,0.22405153512954712,41.60307693481445,0.6986847519874573
6939,62,0.0302734375,0.22253501415252686,40.935218811035156,0.7119314074516296
6940,66,0.0322265625,0.23352853953838348,42.136234283447266,0.6956835389137268
6941,61,0.02978515625,0.2153719663619995,41.00765609741211,0.7109840512275696
6942,70,0.0341796875,0.21723529696464539,42.52709197998047,0.6946898102760315
6943,70,0.0341796875,0.2300051897764206,39.56605529785156,0.7365255355834961
6944,74,0.0361328125,0.2262505143880844,40.174774169921875,0.7258322834968567
6945,70,0.0341796875,0.2262384444475174,40.5900993347168,0.7269560098648071
6946,67,0.03271484375,0.2247922718524933,40.125892639160156,0.7275469303131104
6947,70,0.0341796875,0.22476185858249664,42.194419860839844,0.7011748552322388
6948,65,0.03173828125,0.2179834246635437,41.637935638427734,0.705829381942749
6949,67,0.03271484375,0.23320655524730682,39.05298614501953,0.7425926327705383
6950,65,0.03173828125,0.23332010209560394,38.215633392333984,0.7569824457168579
6951,75,0.03662109375,0.2270561009645462,40.54648208618164,0.7156728506088257
6952,77,0.03759765625,0.23540526628494263,41.630348205566406,0.7057660818099976
6953,69,0.03369140625,0.22768040001392365,38.580902099609375,0.7491258382797241
6954,60,0.029296875,0.24392369389533997,37.70869827270508,0.7574281692504883
6955,63,0.03076171875,0.23471710085868835,41.84314727783203,0.6983282566070557
6956,56,0.02734375,0.24334321916103363,42.65096664428711,0.6870695948600769
6957,58,0.0283203125,0.2421601563692093,41.16813278198242,0.6993211507797241
6958,61,0.02978515625,0.2380780428647995,38.68293380737305,0.7348631024360657
6959,67,0.03271484375,0.2329370081424713,37.701866149902344,0.7622911334037781
6960,42,0.0205078125,0.14168855547904968,31.069780349731445,0.8200267553329468
6961,44,0.021484375,0.14968432486057281,31.89996910095215,0.8113709092140198
6962,46,0.0224609375,0.16682569682598114,31.194198608398438,0.8207892775535583
6963,47,0.02294921875,0.17241592705249786,31.526050567626953,0.8191741108894348
6964,49,0.02392578125,0.21394303441047668,32.12974548339844,0.7975291013717651
6965,46,0.0224609375,0.19767580926418304,29.61106300354004,0.8449565172195435
6966,45,0.02197265625,0.1731448769569397,32.198997497558594,0.811000406742096
6967,42,0.0205078125,0.17812488973140717,31.137283325195312,0.8169552087783813
6968,47,0.02294921875,0.17149384319782257,31.134511947631836,0.8269017934799194
6969,49,0.02392578125,0.17174984514713287,31.74864959716797,0.8167294859886169
6970,47,0.02294921875,0.16766656935214996,32.20503234863281,0.8122450709342957
6971,46,0.0224609375,0.17913943529129028,30.63836097717285,0.8289112448692322
6972,42,0.0205078125,0.1464979350566864,32.72659683227539,0.8177162408828735
6973,42,0.0205078125,0.16608035564422607,32.88819122314453,0.797832190990448
6974,40,0.01953125,0.15789175033569336,31.708206176757812,0.8168021440505981
6975,42,0.0205078125,0.1485968679189682,33.78406524658203,0.7987982630729675
6976,44,0.021484375,0.20848889648914337,31.48576545715332,0.8144999146461487
6977,40,0.01953125,0.18135033547878265,30.169763565063477,0.8318082690238953
6978,49,0.02392578125,0.1778998225927353,31.875198364257812,0.8142456412315369
6979,40,0.01953125,0.1414312869310379,31.830272674560547,0.8062057495117188
6980,39,0.01904296875,0.14380700886249542,35.092193603515625,0.7649122476577759
6981,39,0.01904296875,0.1351504772901535,34.74856948852539,0.7697222828865051
6982,41,0.02001953125,0.13260725140571594,34.498321533203125,0.7777611613273621
6983,40,0.01953125,0.13393285870552063,35.163841247558594,0.7553923726081848
6984,41,0.02001953125,0.12937569618225098,32.395015716552734,0.8014552593231201
6985,39,0.01904296875,0.12993906438350677,33.84901809692383,0.784771740436554
6986,41,0.02001953125,0.13552182912826538,36.25452423095703,0.7615302205085754
6987,41,0.02001953125,0.13048602640628815,34.34911346435547,0.7739949822425842
6988,42,0.0205078125,0.1316767930984497,35.75518035888672,0.7599318623542786
6989,40,0.01953125,0.13209624588489532,33.79014205932617,0.780443012714386
6990,39,0.01904296875,0.12867380678653717,36.33501434326172,0.7591785788536072
6991,38,0.0185546875,0.1294548213481903,36.80326461791992,0.746285080909729
6992,40,0.01953125,0.12967656552791595,34.21205139160156,0.7707799077033997
6993,45,0.02197265625,0.12694932520389557,37.030208587646484,0.7480089068412781
6994,44,0.021484375,0.12238247692584991,37.10491943359375,0.7503828406333923
6995,47,0.02294921875,0.130476176738739,37.24968719482422,0.7492901682853699
6996,47,0.02294921875,0.12021392583847046,38.59688949584961,0.7287153005599976
6997,52,0.025390625,0.12488552182912827,42.813968658447266,0.6941065192222595
6998,44,0.021484375,0.12186236679553986,39.78885269165039,0.7179468870162964
6999,49,0.02392578125,0.12268742173910141,41.23582458496094,0.6994578838348389
7000,285,0.13916015625,0.12400200963020325,30.207714080810547,0.822140097618103
7001,299,0.14599609375,0.13100102543830872,31.330059051513672,0.8117654323577881
7002,251,0.12255859375,0.1427827626466751,32.91018295288086,0.7951379418373108
7003,249,0.12158203125,0.13037730753421783,30.731435775756836,0.8255188465118408
7004,264,0.12890625,0.12310846149921417,29.536535263061523,0.8325004577636719
7005,251,0.12255859375,0.1409091055393219,32.21450424194336,0.8014976382255554
7006,236,0.115234375,0.13554880023002625,32.513397216796875,0.7964097261428833
7007,240,0.1171875,0.13407111167907715,32.61280822753906,0.7916111350059509
7008,254,0.1240234375,0.12772974371910095,31.93275260925293,0.7991335988044739
7009,217,0.10595703125,0.12730509042739868,31.031978607177734,0.8079797625541687
7010,206,0.1005859375,0.12831157445907593,29.74915885925293,0.8214437961578369
7011,185,0.09033203125,0.13023784756660461,30.22179412841797,0.8199791312217712
7012,172,0.083984375,0.13076214492321014,31.79462432861328,0.8026735782623291
7013,175,0.08544921875,0.13289019465446472,31.706378936767578,0.8055570721626282
7014,173,0.08447265625,0.12249748408794403,30.75272560119629,0.8135601878166199
7015,214,0.1044921875,0.11993305385112762,28.70570182800293,0.8382291793823242
7016,224,0.109375,0.11856749653816223,28.478422164916992,0.8387607336044312
7017,219,0.10693359375,0.11868690699338913,28.327404022216797,0.8388572335243225
7018,224,0.109375,0.1263304352760315,30.40665054321289,0.8180371522903442
7019,197,0.09619140625,0.1156933531165123,29.439321517944336,0.8305860757827759
7020,220,0.107421875,0.10899758338928223,28.365415573120117,0.8356207013130188
7021,191,0.09326171875,0.11779008060693741,29.52490234375,0.8317204117774963
7022,213,0.10400390625,0.11583250015974045,29.51744270324707,0.8237669467926025
7023,213,0.10400390625,0.11736556887626648,30.713037490844727,0.8137482404708862
7024,229,0.11181640625,0.11605152487754822,30.409164428710938,0.8135737776756287
7025,229,0.11181640625,0.12073541432619095,30.076828002929688,0.8181945085525513
7026,256,0.125,0.12498600035905838,29.712446212768555,0.8212732672691345
7027,291,0.14208984375,0.17284944653511047,33.351436614990234,0.7793378233909607
7028,283,0.13818359375,0.15594585239887238,31.78786849975586,0.8021194934844971
7029,254,0.1240234375,0.13278473913669586,32.349830627441406,0.7960532307624817
7030,277,0.13525390625,0.1416005939245224,31.704330444335938,0.8025334477424622
7031,388,0.189453125,0.15532493591308594,36.20392608642578,0.764208972454071
7032,440,0.21484375,0.13305005431175232,35.50998306274414,0.767413318157196
7033,409,0.19970703125,0.12535588443279266,30.282367706298828,0.8260579109191895
7034,498,0.2431640625,0.16146521270275116,33.306854248046875,0.7871758937835693
7035,496,0.2421875,0.13058580458164215,29.970186233520508,0.8115386962890625
7036,495,0.24169921875,0.1325749307870865,29.64264678955078,0.8199806213378906
7037,417,0.20361328125,0.1158275231719017,28.733766555786133,0.833748459815979
7038,382,0.1865234375,0.1224663183093071,33.04706573486328,0.7928974628448486
7039,425,0.20751953125,0.16554999351501465,38.59510040283203,0.7316430807113647
7040,65,0.03173828125,0.14517085254192352,31.46565818786621,0.8056878447532654
7041,68,0.033203125,0.17029297351837158,32.44380187988281,0.7996041178703308
7042,75,0.03662109375,0.14841724932193756,31.159948348999023,0.8080841302871704
7043,75,0.03662109375,0.17824222147464752,28.190650939941406,0.8434210419654846
7044,85,0.04150390625,0.19977644085884094,27.37952423095703,0.8519673347473145
7045,77,0.03759765625,0.19101063907146454,26.005104064941406,0.8620980978012085
7046,80,0.0390625,0.19265376031398773,27.233943939208984,0.8540540933609009
7047,78,0.0380859375,0.18639788031578064,26.81096649169922,0.857246994972229
7048,78,0.0380859375,0.18617886304855347,29.29949188232422,0.8248527646064758
7049,71,0.03466796875,0.17310425639152527,29.749065399169922,0.8253311514854431
7050,66,0.0322265625,0.15595051646232605,28.90277099609375,0.8367238640785217
7051,69,0.03369140625,0.15645810961723328,31.7474422454834,0.8016053438186646
7052,62,0.0302734375,0.13614943623542786,29.81947898864746,0.8211144208908081
7053,65,0.03173828125,0.13779975473880768,33.35358428955078,0.779064416885376
7054,62,0.0302734375,0.13981258869171143,31.25517463684082,0.8166563510894775
7055,63,0.03076171875,0.13573908805847168,33.7526741027832,0.7881284952163696
7056,64,0.03125,0.14331138134002686,32.251609802246094,0.8074596524238586
7057,77,0.03759765625,0.13655413687229156,30.27193832397461,0.8182503581047058
7058,73,0.03564453125,0.13845351338386536,30.60296630859375,0.8227851390838623
7059,73,0.03564453125,0.14816854894161224,28.875883102416992,0.834991455078125
7060,93,0.04541015625,0.1500004231929779,28.224164962768555,0.8320584297180176
7061,83,0.04052734375,0.13677018880844116,29.073942184448242,0.8302558064460754
7062,78,0.0380859375,0.13554935157299042,31.147417068481445,0.8159648776054382
7063,81,0.03955078125,0.12139058113098145,32.83303451538086,0.7979476451873779
7064,89,0.04345703125,0.12406807392835617,33.8385124206543,0.7905600070953369
7065,84,0.041015625,0.1244274228811264,34.433292388916016,0.7839757800102234
7066,89,0.04345703125,0.1255166381597519,31.78026008605957,0.8012465834617615
7067,86,0.0419921875,0.1234356090426445,32.36912155151367,0.80474853515625
7068,88,0.04296875,0.12708865106105804,32.461544036865234,0.8002325296401978
7069,96,0.046875,0.14374428987503052,34.69818878173828,0.7925933003425598
7070,99,0.04833984375,0.12529535591602325,35.60097885131836,0.7740121483802795
7071,99,0.04833984375,0.12712924182415009,34.329803466796875,0.7811066508293152
7072,90,0.0439453125,0.12626002728939056,35.124839782714844,0.7769656777381897
7073,99,0.04833984375,0.1456431746482849,36.156166076660156,0.7679704427719116
7074,99,0.04833984375,0.1422390639781952,34.41055679321289,0.786897599697113
7075,95,0.04638671875,0.14658242464065552,33.406185150146484,0.7956884503364563
7076,87,0.04248046875,0.1456296592950821,33.46711349487305,0.7991945743560791
7077,77,0.03759765625,0.15609708428382874,35.624019622802734,0.7771063446998596
7078,77,0.03759765625,0.1587134301662445,37.731929779052734,0.751403272151947
7079,77,0.03759765625,0.13748104870319366,36.17111587524414,0.7728266716003418
7080,112,0.0546875,0.13850931823253632,32.460506439208984,0.7936739921569824
7081,106,0.0517578125,0.13434916734695435,31.322965621948242,0.8083804249763489
7082,104,0.05078125,0.13077081739902496,30.49336814880371,0.8183237910270691
7083,108,0.052734375,0.13364958763122559,31.105398178100586,0.8122051358222961
7084,106,0.0517578125,0.13356655836105347,31.638317108154297,0.8061728477478027
7085,103,0.05029296875,0.1363922506570816,29.699249267578125,0.8214053511619568
7086,97,0.04736328125,0.13968528807163239,31.531661987304688,0.8028026223182678
7087,98,0.0478515625,0.13830307126045227,30.420318603515625,0.8208407163619995
7088,104,0.05078125,0.1336706280708313,31.77448272705078,0.8044092655181885
7089,99,0.04833984375,0.13874851167201996,30.275047302246094,0.823150634765625
7090,98,0.0478515625,0.14039623737335205,30.17072868347168,0.8238164186477661
7091,101,0.04931640625,0.14429627358913422,30.445762634277344,0.8169242143630981
7092,100,0.048828125,0.14591623842716217,30.73028564453125,0.8172340989112854
7093,97,0.04736328125,0.14396734535694122,30.31854248046875,0.8234872221946716
7094,104,0.05078125,0.14630866050720215,32.30601501464844,0.7975680232048035
7095,90,0.0439453125,0.144433856010437,28.523740768432617,0.8455796837806702
7096,88,0.04296875,0.15509836375713348,29.951881408691406,0.8295808434486389
7097,89,0.04345703125,0.16032101213932037,32.115882873535156,0.8095816969871521
7098,92,0.044921875,0.14626972377300262,29.777423858642578,0.8328779339790344
7099,93,0.04541015625,0.14245975017547607,29.354093551635742,0.8315423130989075
7100,91,0.04443359375,0.14252245426177979,28.748130798339844,0.8379833698272705
7101,91,0.04443359375,0.15759535133838654,32.02821731567383,0.8101072311401367
7102,90,0.0439453125,0.1504490226507187,29.850231170654297,0.8339219093322754
7103,89,0.04345703125,0.16095376014709473,31.314533233642578,0.8173828125
7104,89,0.04345703125,0.1530500203371048,29.37565803527832,0.8389356732368469
7105,93,0.04541015625,0.14859968423843384,29.77975082397461,0.8279063105583191
7106,87,0.04248046875,0.15003059804439545,28.50818634033203,0.8468449711799622
7107,89,0.04345703125,0.15466302633285522,29.466901779174805,0.8403079509735107
7108,90,0.0439453125,0.15961430966854095,30.107275009155273,0.8333454728126526
7109,85,0.04150390625,0.1577681005001068,30.295318603515625,0.8298097252845764
7110,87,0.04248046875,0.1526658833026886,30.77393341064453,0.8223158121109009
7111,78,0.0380859375,0.1515958458185196,29.879589080810547,0.8361501693725586
7112,76,0.037109375,0.15664459764957428,29.936513900756836,0.8428401947021484
7113,82,0.0400390625,0.16335533559322357,31.909460067749023,0.8140726685523987
7114,82,0.0400390625,0.15270033478736877,29.582881927490234,0.836783230304718
7115,88,0.04296875,0.15445752441883087,31.468996047973633,0.8132763504981995
7116,84,0.041015625,0.1547975093126297,29.90799331665039,0.831207811832428
7117,83,0.04052734375,0.1584906131029129,29.20708465576172,0.8439242839813232
7118,82,0.0400390625,0.15872371196746826,31.2340087890625,0.8265402913093567
7119,85,0.04150390625,0.16469600796699524,31.353527069091797,0.8258085250854492
7120,357,0.17431640625,0.17617236077785492,31.592453002929688,0.8098371624946594
7121,349,0.17041015625,0.18176022171974182,30.793323516845703,0.8196470737457275
7122,330,0.1611328125,0.18295976519584656,29.825275421142578,0.8285061717033386
7123,312,0.15234375,0.1735837161540985,30.285449981689453,0.828618586063385
7124,318,0.1552734375,0.1695130467414856,28.521318435668945,0.8437137007713318
7125,289,0.14111328125,0.1687321960926056,28.311077117919922,0.8484954237937927
7126,308,0.150390625,0.17053332924842834,27.951047897338867,0.8474705815315247
7127,303,0.14794921875,0.1665971726179123,28.546546936035156,0.8419143557548523
7128,284,0.138671875,0.16028796136379242,28.854536056518555,0.8396793007850647
7129,297,0.14501953125,0.16943776607513428,28.001808166503906,0.8479080200195312
7130,319,0.15576171875,0.16417869925498962,27.466745376586914,0.8521113395690918
7131,319,0.15576171875,0.16304966807365417,26.52945899963379,0.8602514266967773
7132,342,0.1669921875,0.15346649289131165,26.88530731201172,0.8598536252975464
7133,341,0.16650390625,0.14964382350444794,26.800901412963867,0.8582410216331482
7134,341,0.16650390625,0.1535722017288208,26.342769622802734,0.8628643155097961
7135,377,0.18408203125,0.1486034095287323,28.39679718017578,0.8414178490638733
7136,405,0.19775390625,0.15550872683525085,31.444644927978516,0.8076187968254089
7137,357,0.17431640625,0.14771592617034912,29.248517990112305,0.8284600973129272
7138,381,0.18603515625,0.14700128138065338,29.735483169555664,0.8247982859611511
7139,384,0.1875,0.14719831943511963,29.97886848449707,0.8216269016265869
7140,386,0.1884765625,0.14881716668605804,29.121837615966797,0.8329012989997864
7141,390,0.1904296875,0.15101681649684906,29.586843490600586,0.8291184902191162
7142,393,0.19189453125,0.1497737318277359,28.58033561706543,0.8403586149215698
7143,373,0.18212890625,0.15357176959514618,28.127607345581055,0.8454698920249939
7144,353,0.17236328125,0.15999670326709747,27.515544891357422,0.8517008423805237
7145,319,0.15576171875,0.16874568164348602,26.128211975097656,0.8643971085548401
7146,334,0.1630859375,0.18022286891937256,28.521156311035156,0.8394022583961487
7147,312,0.15234375,0.17352932691574097,28.283153533935547,0.8447656631469727
7148,280,0.13671875,0.16368107497692108,27.270423889160156,0.8558887243270874
7149,285,0.13916015625,0.1630707085132599,27.988496780395508,0.8481999039649963
7150,318,0.1552734375,0.1631544828414917,27.97123146057129,0.8479502201080322
7151,322,0.1572265625,0.1652309000492096,26.97397804260254,0.8558926582336426
7152,267,0.13037109375,0.1704532504081726,27.240915298461914,0.8534277081489563
7153,270,0.1318359375,0.17725014686584473,26.702661514282227,0.8589885234832764
7154,303,0.14794921875,0.17730170488357544,28.750925064086914,0.8385222554206848
7155,305,0.14892578125,0.1826309710741043,27.345623016357422,0.855463445186615
7156,298,0.1455078125,0.18081197142601013,27.353452682495117,0.8550392985343933
7157,274,0.1337890625,0.17703954875469208,28.055377960205078,0.8476133346557617
7158,224,0.109375,0.19362297654151917,31.072668075561523,0.813933253288269
7159,225,0.10986328125,0.180369570851326,29.414270401000977,0.82833331823349
7160,456,0.22265625,0.25144821405410767,35.89601135253906,0.7565889358520508
7161,439,0.21435546875,0.23607143759727478,35.0208625793457,0.7679206728935242
7162,416,0.203125,0.2447614222764969,34.97334289550781,0.7669883370399475
7163,454,0.2216796875,0.24544230103492737,35.079402923583984,0.7673298120498657
7164,475,0.23193359375,0.24952715635299683,36.018592834472656,0.7558903694152832
7165,430,0.2099609375,0.2478874921798706,35.488582611083984,0.7590011954307556
7166,510,0.2490234375,0.27410268783569336,37.81883239746094,0.7338679432868958
7167,457,0.22314453125,0.2629421055316925,37.350894927978516,0.742740273475647
7168,417,0.20361328125,0.25703567266464233,38.41036605834961,0.7273173928260803
7169,387,0.18896484375,0.2504380941390991,37.444854736328125,0.7378345131874084
7170,391,0.19091796875,0.2498108595609665,36.2019157409668,0.7512091398239136
7171,333,0.16259765625,0.25660860538482666,35.680171966552734,0.7623163461685181
7172,327,0.15966796875,0.26102983951568604,34.988365173339844,0.7691779732704163
7173,317,0.15478515625,0.25622284412384033,35.17575454711914,0.7689483165740967
7174,304,0.1484375,0.25541117787361145,34.24293899536133,0.779058039188385
7175,292,0.142578125,0.25190985202789307,34.627662658691406,0.7753625512123108
7176,287,0.14013671875,0.24970915913581848,34.42457580566406,0.7794945240020752
7177,284,0.138671875,0.25555700063705444,34.764183044433594,0.772378146648407
7178,286,0.1396484375,0.24625062942504883,36.076847076416016,0.7610383629798889
7179,264,0.12890625,0.23952102661132812,33.05781936645508,0.7968496084213257
7180,258,0.1259765625,0.2240241914987564,33.755882263183594,0.7849242091178894
7181,268,0.130859375,0.2450956255197525,33.1999626159668,0.7931880950927734
7182,263,0.12841796875,0.23319460451602936,32.88831329345703,0.7967187166213989
7183,294,0.1435546875,0.2463964968919754,34.504058837890625,0.7816012501716614
7184,294,0.1435546875,0.24186351895332336,35.06487274169922,0.7734000086784363
7185,277,0.13525390625,0.2363099902868271,33.47505187988281,0.7902559041976929
7186,294,0.1435546875,0.25313451886177063,34.972877502441406,0.7720360159873962
7187,280,0.13671875,0.24996845424175262,34.44401550292969,0.7774792313575745
7188,315,0.15380859375,0.26309165358543396,36.58499526977539,0.7529817819595337
7189,293,0.14306640625,0.2593454122543335,35.65528106689453,0.7663081288337708
7190,304,0.1484375,0.25960981845855713,35.3625602722168,0.768518328666687
7191,294,0.1435546875,0.2470359355211258,35.30244064331055,0.7701692581176758
7192,294,0.1435546875,0.24257047474384308,34.225521087646484,0.7844045162200928
7193,282,0.1376953125,0.2385508418083191,32.532958984375,0.8008736968040466
7194,310,0.1513671875,0.24592091143131256,35.069305419921875,0.7690483331680298
7195,285,0.13916015625,0.24653877317905426,33.526920318603516,0.7895011305809021
7196,292,0.142578125,0.24895763397216797,34.64764404296875,0.7763873338699341
7197,302,0.1474609375,0.25244712829589844,34.41872787475586,0.7777256965637207
7198,299,0.14599609375,0.2529907822608948,33.648406982421875,0.7866411209106445
7199,290,0.1416015625,0.2559017539024353,34.25877380371094,0.7783833146095276
7200,67,0.03271484375,0.15967263281345367,33.497806549072266,0.8038414120674133
7201,66,0.0322265625,0.16996105015277863,34.28444290161133,0.7933498620986938
7202,69,0.03369140625,0.17913992702960968,34.08073043823242,0.7975156307220459
7203,60,0.029296875,0.15071089565753937,32.15443420410156,0.8199880123138428
7204,63,0.03076171875,0.17396368086338043,34.585697174072266,0.7935872077941895
7205,62,0.0302734375,0.16921572387218475,31.416725158691406,0.8281834721565247
7206,67,0.03271484375,0.168435201048851,36.33246994018555,0.7617472410202026
7207,67,0.03271484375,0.17242220044136047,35.018821716308594,0.7829924821853638
7208,70,0.0341796875,0.17201194167137146,34.45304870605469,0.7943036556243896
7209,74,0.0361328125,0.16835345327854156,38.11671829223633,0.7455010414123535
7210,75,0.03662109375,0.18054676055908203,37.68836212158203,0.7489551305770874
7211,74,0.0361328125,0.18495525419712067,39.306312561035156,0.7277950644493103
7212,74,0.0361328125,0.1807335615158081,38.28335189819336,0.741837739944458
7213,73,0.03564453125,0.17761147022247314,37.92766189575195,0.7446705102920532
7214,79,0.03857421875,0.18134304881095886,39.7691764831543,0.7225751876831055
7215,81,0.03955078125,0.15642009675502777,37.29001998901367,0.7530670166015625
7216,88,0.04296875,0.15756554901599884,39.53468322753906,0.7228471040725708
7217,86,0.0419921875,0.15948380529880524,40.409820556640625,0.7184388637542725
7218,87,0.04248046875,0.16256678104400635,40.89884948730469,0.7074717283248901
7219,87,0.04248046875,0.17247144877910614,40.898746490478516,0.712064266204834
7220,85,0.04150390625,0.1649256944656372,39.68989944458008,0.7231457233428955
7221,87,0.04248046875,0.14994332194328308,39.155879974365234,0.7334357500076294
7222,87,0.04248046875,0.1484607309103012,39.464508056640625,0.7313019037246704
7223,85,0.04150390625,0.14183415472507477,38.152503967285156,0.7480777502059937
7224,81,0.03955078125,0.1415260136127472,35.257625579833984,0.7866789102554321
7225,89,0.04345703125,0.1556681990623474,38.52751541137695,0.7412596940994263
7226,90,0.0439453125,0.1521396040916443,38.71195602416992,0.7370920181274414
7227,93,0.04541015625,0.15646490454673767,39.03575897216797,0.7418485283851624
7228,94,0.0458984375,0.15813946723937988,39.206451416015625,0.7391023635864258
7229,89,0.04345703125,0.15986467897891998,38.41414260864258,0.7425641417503357
7230,92,0.044921875,0.16263410449028015,39.462989807128906,0.7302435040473938
7231,87,0.04248046875,0.16025878489017487,38.39276123046875,0.7443395256996155
7232,89,0.04345703125,0.15484675765037537,38.41865921020508,0.7446162104606628
7233,92,0.044921875,0.16071420907974243,38.508583068847656,0.7408350110054016
7234,95,0.04638671875,0.16317571699619293,38.48786163330078,0.7510947585105896
7235,95,0.04638671875,0.17113257944583893,36.93820571899414,0.7656626105308533
7236,97,0.04736328125,0.16649647057056427,38.412940979003906,0.742274284362793
7237,95,0.04638671875,0.1573144644498825,38.683677673339844,0.7345499396324158
7238,101,0.04931640625,0.15933367609977722,37.3760986328125,0.7498117089271545
7239,99,0.04833984375,0.15588325262069702,37.62262725830078,0.7487463355064392
7240,82,0.0400390625,0.14110727608203888,32.09764099121094,0.8016532063484192
7241,79,0.03857421875,0.15220709145069122,31.35120391845703,0.809969961643219
7242,75,0.03662109375,0.13240393996238708,31.99073600769043,0.7950598001480103
7243,76,0.037109375,0.12808836996555328,32.09103012084961,0.8017994165420532
7244,80,0.0390625,0.12886539101600647,32.992706298828125,0.7881535291671753
7245,66,0.0322265625,0.1392665058374405,31.012479782104492,0.8036285638809204
7246,65,0.03173828125,0.14241160452365875,32.17570877075195,0.7922585010528564
7247,72,0.03515625,0.12793180346488953,31.763864517211914,0.8059403896331787
7248,72,0.03515625,0.13358476758003235,30.11090850830078,0.8260025978088379
7249,81,0.03955078125,0.12984314560890198,31.9072208404541,0.8064984083175659
7250,70,0.0341796875,0.13137823343276978,31.58392906188965,0.8078680634498596
7251,66,0.0322265625,0.13801898062229156,32.66621017456055,0.7963547110557556
7252,70,0.0341796875,0.12887872755527496,29.42201042175293,0.8272268176078796
7253,70,0.0341796875,0.12496887892484665,29.611652374267578,0.8276758193969727
7254,64,0.03125,0.12366573512554169,32.438743591308594,0.8017255663871765
7255,62,0.0302734375,0.13060171902179718,30.52883529663086,0.8196902275085449
7256,66,0.0322265625,0.14227195084095,30.570486068725586,0.8204164505004883
7257,68,0.033203125,0.13564373552799225,28.420398712158203,0.843247652053833
7258,68,0.033203125,0.1398019790649414,31.758695602416992,0.8112835884094238
7259,69,0.03369140625,0.1291220337152481,29.11979103088379,0.8318480253219604
7260,70,0.0341796875,0.13063867390155792,27.084423065185547,0.8525797128677368
7261,69,0.03369140625,0.1324983686208725,29.717098236083984,0.8199310898780823
7262,66,0.0322265625,0.13374771177768707,30.20416831970215,0.8214781880378723
7263,69,0.03369140625,0.1356266736984253,28.508872985839844,0.8382304906845093
7264,72,0.03515625,0.13329942524433136,28.191349029541016,0.8366261720657349
7265,76,0.037109375,0.13072951138019562,30.199649810791016,0.8120714426040649
7266,81,0.03955078125,0.13589254021644592,27.665136337280273,0.8423495888710022
7267,88,0.04296875,0.14067012071609497,28.3906192779541,0.8272355794906616
7268,79,0.03857421875,0.13310395181179047,27.849634170532227,0.8378947973251343
7269,85,0.04150390625,0.13585366308689117,30.693506240844727,0.8086276650428772
7270,88,0.04296875,0.14430466294288635,28.5288028717041,0.8363623023033142
7271,93,0.04541015625,0.13802504539489746,28.668479919433594,0.8303952217102051
7272,102,0.0498046875,0.1410866677761078,33.486209869384766,0.7793832421302795
7273,99,0.04833984375,0.1429915577173233,33.74174880981445,0.7853931188583374
7274,112,0.0546875,0.15413908660411835,33.05221939086914,0.788513720035553
7275,114,0.0556640625,0.15585215389728546,36.923484802246094,0.7547162771224976
7276,112,0.0546875,0.15978862345218658,32.10426712036133,0.7994080185890198
7277,114,0.0556640625,0.15799283981323242,33.19108200073242,0.7909457683563232
7278,136,0.06640625,0.16603592038154602,35.239158630371094,0.7689436674118042
7279,132,0.064453125,0.16659009456634521,36.64287567138672,0.7444434762001038
7280,486,0.2373046875,0.13100221753120422,31.231931686401367,0.8111148476600647
7281,490,0.2392578125,0.12994089722633362,31.44322395324707,0.8079990148544312
7282,480,0.234375,0.13719303905963898,33.06937026977539,0.7902922034263611
7283,463,0.22607421875,0.13910740613937378,31.727590560913086,0.8083202242851257
7284,445,0.21728515625,0.12830039858818054,30.97612953186035,0.8156806826591492
7285,487,0.23779296875,0.1361977458000183,31.2026309967041,0.8079591393470764
7286,529,0.25830078125,0.1684701144695282,35.22154998779297,0.759260356426239
7287,500,0.244140625,0.13867828249931335,32.846195220947266,0.7877556085586548
7288,495,0.24169921875,0.1286034882068634,31.842924118041992,0.8031724691390991
7289,493,0.24072265625,0.12916059792041779,32.20707321166992,0.7997057437896729
7290,509,0.24853515625,0.1329725682735443,32.605106353759766,0.7945013642311096
7291,477,0.23291015625,0.1293133646249771,33.14573287963867,0.7935988306999207
7292,449,0.21923828125,0.12488308548927307,32.57969665527344,0.7985069155693054
7293,430,0.2099609375,0.12842173874378204,33.79228210449219,0.788130521774292
7294,413,0.20166015625,0.11702820658683777,34.0760612487793,0.7815129160881042
7295,414,0.2021484375,0.11560836434364319,33.60927963256836,0.7861736416816711
7296,385,0.18798828125,0.11378341913223267,33.165340423583984,0.7900397181510925
7297,376,0.18359375,0.11910546571016312,33.326332092285156,0.7923848032951355
7298,374,0.1826171875,0.12493710219860077,34.220733642578125,0.7877818942070007
7299,376,0.18359375,0.12561319768428802,36.37580871582031,0.7640118598937988
7300,384,0.1875,0.1304943710565567,35.34044647216797,0.7743985056877136
7301,367,0.17919921875,0.12202171236276627,33.815433502197266,0.7921213507652283
7302,365,0.17822265625,0.11932087689638138,33.1097412109375,0.8002641797065735
7303,384,0.1875,0.11537434905767441,33.19194412231445,0.7918768525123596
7304,395,0.19287109375,0.1228616014122963,33.90260314941406,0.7841793298721313
7305,379,0.18505859375,0.11604828387498856,33.6583251953125,0.7865850329399109
7306,377,0.18408203125,0.12005709856748581,33.091766357421875,0.7929319143295288
7307,389,0.18994140625,0.12065672129392624,33.54628372192383,0.7922142148017883
7308,403,0.19677734375,0.12334630638360977,34.03565979003906,0.7828658223152161
7309,388,0.189453125,0.12191302329301834,34.35643005371094,0.7811911106109619
7310,412,0.201171875,0.11440976709127426,33.837650299072266,0.7835018634796143
7311,420,0.205078125,0.12403163313865662,36.25090026855469,0.7580509185791016
7312,429,0.20947265625,0.11876597255468369,35.174625396728516,0.769006609916687
7313,415,0.20263671875,0.12104146927595139,35.18701934814453,0.7712692022323608
7314,421,0.20556640625,0.12484601885080338,34.95022201538086,0.7751159071922302
7315,413,0.20166015625,0.12421567738056183,34.635982513427734,0.7752957344055176
7316,420,0.205078125,0.13170871138572693,35.87120056152344,0.7658589482307434
7317,451,0.22021484375,0.13290630280971527,36.626609802246094,0.7562040090560913
7318,475,0.23193359375,0.14485712349414825,38.6356201171875,0.7358481884002686
7319,466,0.2275390625,0.14326782524585724,38.9251594543457,0.7340975999832153
7320,51,0.02490234375,0.2288232445716858,40.7718391418457,0.7130610942840576
7321,51,0.02490234375,0.21064943075180054,41.10407257080078,0.7064748406410217
7322,48,0.0234375,0.19409213960170746,37.18783187866211,0.7558305859565735
7323,49,0.02392578125,0.21174301207065582,37.83474349975586,0.7500060796737671
7324,50,0.0244140625,0.19092629849910736,36.752960205078125,0.7630415558815002
7325,45,0.02197265625,0.20018954575061798,36.718814849853516,0.7608709335327148
7326,49,0.02392578125,0.23684747517108917,41.821781158447266,0.680467426776886
7327,46,0.0224609375,0.24058297276496887,40.3341178894043,0.7012557983398438
7328,52,0.025390625,0.2344413548707962,39.78575134277344,0.7211378812789917
7329,51,0.02490234375,0.22356341779232025,39.55074691772461,0.718437671661377
7330,59,0.02880859375,0.22536331415176392,42.76478576660156,0.6796943545341492
7331,56,0.02734375,0.21768182516098022,39.8917236328125,0.7240559458732605
7332,55,0.02685546875,0.22017771005630493,38.607940673828125,0.7307860851287842
7333,54,0.0263671875,0.22012479603290558,37.18864822387695,0.7451609373092651
7334,54,0.0263671875,0.22587281465530396,41.53532028198242,0.6838366985321045
7335,51,0.02490234375,0.23818732798099518,38.49106979370117,0.7250140309333801
7336,50,0.0244140625,0.20945392549037933,38.991851806640625,0.7261512279510498
7337,50,0.0244140625,0.22030985355377197,39.277687072753906,0.7285783290863037
7338,50,0.0244140625,0.2214689552783966,38.381404876708984,0.736897349357605
7339,44,0.021484375,0.20860417187213898,37.51167297363281,0.7415510416030884
7340,43,0.02099609375,0.22790645062923431,39.77113723754883,0.7201929092407227
7341,50,0.0244140625,0.21993610262870789,39.1507453918457,0.727906346321106
7342,50,0.0244140625,0.23254317045211792,45.18864440917969,0.642559826374054
7343,47,0.02294921875,0.24294614791870117,42.15315628051758,0.6879559755325317
7344,44,0.021484375,0.24291479587554932,41.931278228759766,0.6854303479194641
7345,43,0.02099609375,0.2370080202817917,41.78227233886719,0.6832581758499146
7346,41,0.02001953125,0.2254912555217743,42.145408630371094,0.6779058575630188
7347,39,0.01904296875,0.2261449545621872,43.80957794189453,0.6743684411048889
7348,36,0.017578125,0.22210289537906647,41.74372863769531,0.6918206214904785
7349,36,0.017578125,0.2514456808567047,40.65705871582031,0.7034754157066345
7350,37,0.01806640625,0.25438255071640015,40.612586975097656,0.7178487777709961
7351,34,0.0166015625,0.26877734065055847,40.17437744140625,0.7111986875534058
7352,31,0.01513671875,0.2522079348564148,40.033836364746094,0.7297946214675903
7353,32,0.015625,0.24983972311019897,40.928688049316406,0.7128247022628784
7354,32,0.015625,0.24796618521213531,39.64973449707031,0.7265000939369202
7355,31,0.01513671875,0.23899734020233154,37.60947036743164,0.7470877766609192
7356,31,0.01513671875,0.25415530800819397,37.75080108642578,0.7394368052482605
7357,32,0.015625,0.21554914116859436,35.059417724609375,0.7706879377365112
7358,29,0.01416015625,0.25027021765708923,36.196659088134766,0.7637601494789124
7359,29,0.01416015625,0.26158398389816284,33.987648010253906,0.7786610722541809
7360,262,0.1279296875,0.1297072470188141,29.38736915588379,0.823424756526947
7361,259,0.12646484375,0.12771755456924438,29.323293685913086,0.8258561491966248
7362,248,0.12109375,0.12156084924936295,28.643949508666992,0.8368247747421265
7363,252,0.123046875,0.12092434614896774,30.297189712524414,0.820130467414856
7364,250,0.1220703125,0.11812642216682434,28.938636779785156,0.8364506959915161
7365,245,0.11962890625,0.11784365773200989,30.603822708129883,0.819892168045044
7366,227,0.11083984375,0.12982776761054993,31.004863739013672,0.8160532116889954
7367,233,0.11376953125,0.1269093155860901,29.70252227783203,0.8311474323272705
7368,255,0.12451171875,0.11946173012256622,29.430381774902344,0.82767653465271
7369,268,0.130859375,0.1167517602443695,30.21068000793457,0.8218598961830139
7370,245,0.11962890625,0.12591634690761566,27.14759063720703,0.8571870923042297
7371,231,0.11279296875,0.14044120907783508,27.317331314086914,0.8590001463890076
7372,223,0.10888671875,0.13232672214508057,27.78249168395996,0.8557798266410828
7373,240,0.1171875,0.13555017113685608,28.096399307250977,0.8495792150497437
7374,233,0.11376953125,0.1314471811056137,27.45227813720703,0.8549296259880066
7375,228,0.111328125,0.13489089906215668,27.61929702758789,0.8559162020683289
7376,229,0.11181640625,0.13493822515010834,27.591285705566406,0.8540377020835876
7377,227,0.11083984375,0.13026072084903717,28.705707550048828,0.8446173071861267
7378,257,0.12548828125,0.13088123500347137,28.78206443786621,0.8351556658744812
7379,278,0.1357421875,0.13038666546344757,31.29949951171875,0.8085939884185791
7380,272,0.1328125,0.12761355936527252,31.379653930664062,0.809833288192749
7381,270,0.1318359375,0.13042545318603516,29.04075050354004,0.8346576690673828
7382,273,0.13330078125,0.12667381763458252,30.040199279785156,0.8222248554229736
7383,293,0.14306640625,0.12736453115940094,29.989107131958008,0.8212207555770874
7384,297,0.14501953125,0.12849079072475433,30.36687469482422,0.8146691918373108
7385,304,0.1484375,0.1278475821018219,28.580720901489258,0.8345170617103577
7386,290,0.1416015625,0.13231860101222992,27.96087074279785,0.8380708694458008
7387,305,0.14892578125,0.12306030839681625,28.130590438842773,0.8378434181213379
7388,301,0.14697265625,0.12339446693658829,24.659685134887695,0.8678587675094604
7389,318,0.1552734375,0.12290486693382263,25.60074806213379,0.8604826331138611
7390,313,0.15283203125,0.12472878396511078,25.640714645385742,0.8537014722824097
7391,312,0.15234375,0.12866590917110443,24.40093994140625,0.8659007549285889
7392,356,0.173828125,0.15767605602741241,27.911598205566406,0.8303363919258118
7393,360,0.17578125,0.1664460003376007,28.585250854492188,0.8289262652397156
7394,339,0.16552734375,0.14738893508911133,27.11119270324707,0.8441789746284485
7395,319,0.15576171875,0.13098059594631195,27.61306381225586,0.8439152240753174
7396,308,0.150390625,0.12485578656196594,27.359155654907227,0.8455715179443359
7397,294,0.1435546875,0.13404573500156403,27.53648567199707,0.841105043888092
7398,296,0.14453125,0.13305944204330444,27.087383270263672,0.8468796014785767
7399,299,0.14599609375,0.13160844147205353,27.420209884643555,0.8441479802131653
7400,1524,0.744140625,0.20700684189796448,40.6318244934082,0.6974263191223145
7401,682,0.3330078125,0.12750771641731262,36.91978073120117,0.7552424669265747
7402,490,0.2392578125,0.13578924536705017,36.468990325927734,0.7666375637054443
7403,534,0.2607421875,0.11335853487253189,34.51731872558594,0.788244903087616
7404,497,0.24267578125,0.12431157380342484,31.329566955566406,0.8207845091819763
7405,457,0.22314453125,0.11062604933977127,30.157915115356445,0.8251667022705078
7406,446,0.2177734375,0.13646180927753448,30.073213577270508,0.8186461925506592
7407,359,0.17529296875,0.16174308955669403,30.1885929107666,0.8019624948501587
7408,357,0.17431640625,0.15454640984535217,29.959199905395508,0.8048425912857056
7409,314,0.1533203125,0.1613696813583374,29.470149993896484,0.8145358562469482
7410,334,0.1630859375,0.1569567322731018,32.99992370605469,0.7741987705230713
7411,304,0.1484375,0.15507954359054565,32.91062927246094,0.7799422144889832
7412,328,0.16015625,0.15474246442317963,36.641231536865234,0.743398129940033
7413,318,0.1552734375,0.16001583635807037,30.555700302124023,0.8087678551673889
7414,335,0.16357421875,0.16236424446105957,31.68805694580078,0.7951592803001404
7415,302,0.1474609375,0.16283643245697021,32.21074295043945,0.7937242388725281
7416,320,0.15625,0.1589256078004837,31.298442840576172,0.802721381187439
7417,310,0.1513671875,0.16118749976158142,30.546192169189453,0.8108804225921631
7418,339,0.16552734375,0.15805549919605255,33.29273986816406,0.7788454294204712
7419,324,0.158203125,0.1561729609966278,31.839988708496094,0.7994047403335571
7420,328,0.16015625,0.17018315196037292,34.357051849365234,0.7726377844810486
7421,342,0.1669921875,0.16365022957324982,28.89884376525879,0.8206084966659546
7422,359,0.17529296875,0.1424233764410019,26.740175247192383,0.8458969593048096
7423,346,0.1689453125,0.16777075827121735,28.172422409057617,0.8234931826591492
7424,375,0.18310546875,0.17515163123607635,32.56257629394531,0.7870030403137207
7425,314,0.1533203125,0.17587119340896606,28.47837257385254,0.8256248235702515
7426,337,0.16455078125,0.17401759326457977,33.865020751953125,0.7689467072486877
7427,473,0.23095703125,0.13619369268417358,31.973249435424805,0.7927259802818298
7428,474,0.2314453125,0.1377444565296173,29.472354888916016,0.8120390772819519
7429,429,0.20947265625,0.1201409250497818,30.12506675720215,0.8195307850837708
7430,444,0.216796875,0.11914186179637909,30.258678436279297,0.8254011273384094
7431,501,0.24462890625,0.1411679983139038,32.39051818847656,0.8009631633758545
7432,540,0.263671875,0.12383858114480972,37.32836151123047,0.7541074156761169
7433,586,0.2861328125,0.12700079381465912,32.70100784301758,0.797097384929657
7434,558,0.2724609375,0.12376468628644943,34.45405578613281,0.7860115766525269
7435,452,0.220703125,0.1339748054742813,31.783477783203125,0.8120852708816528
7436,493,0.24072265625,0.1384054571390152,35.31236267089844,0.7743670344352722
7437,420,0.205078125,0.12137620896100998,28.289087295532227,0.8386671543121338
7438,343,0.16748046875,0.1317601501941681,29.159412384033203,0.8320778608322144
7439,265,0.12939453125,0.14436213672161102,32.9050407409668,0.7915905714035034
7440,198,0.0966796875,0.09337910264730453,33.28948974609375,0.79451584815979
7441,181,0.08837890625,0.09324301779270172,30.00293731689453,0.8314660787582397
7442,165,0.08056640625,0.09189765155315399,30.517839431762695,0.8310679793357849
7443,170,0.0830078125,0.09918361157178879,30.97323989868164,0.8228710293769836
7444,175,0.08544921875,0.09796935319900513,31.202749252319336,0.8166053891181946
7445,174,0.0849609375,0.09789662063121796,34.5904541015625,0.7802008390426636
7446,162,0.0791015625,0.1023377999663353,30.386474609375,0.8321377038955688
7447,170,0.0830078125,0.09313635528087616,31.827163696289062,0.8167157173156738
7448,166,0.0810546875,0.1144639402627945,31.855459213256836,0.8139755129814148
7449,164,0.080078125,0.09446677565574646,31.005701065063477,0.8239318132400513
7450,162,0.0791015625,0.09467940032482147,30.339962005615234,0.8286612033843994
7451,168,0.08203125,0.09823808819055557,31.23360252380371,0.8170031309127808
7452,198,0.0966796875,0.09908296167850494,31.484323501586914,0.8122614026069641
7453,182,0.0888671875,0.10237809270620346,30.57740592956543,0.8211591243743896
7454,185,0.09033203125,0.08872302621603012,30.441261291503906,0.8261286020278931
7455,202,0.0986328125,0.0925760418176651,31.308866500854492,0.8120485544204712
7456,182,0.0888671875,0.0975734144449234,30.019575119018555,0.827604353427887
7457,212,0.103515625,0.10359269380569458,33.37396240234375,0.7874374389648438
7458,207,0.10107421875,0.1026129201054573,32.120849609375,0.8016992807388306
7459,197,0.09619140625,0.08921436965465546,30.71619415283203,0.8233546614646912
7460,188,0.091796875,0.08630185574293137,30.98941421508789,0.8176107406616211
7461,167,0.08154296875,0.08662835508584976,30.502544403076172,0.8314799070358276
7462,162,0.0791015625,0.09118016809225082,32.315284729003906,0.8103673458099365
7463,164,0.080078125,0.09916674345731735,31.902694702148438,0.8150526881217957
7464,157,0.07666015625,0.09574098140001297,31.544641494750977,0.8178821802139282
7465,172,0.083984375,0.09460575878620148,31.389352798461914,0.8192694187164307
7466,181,0.08837890625,0.09781430661678314,33.89112091064453,0.7891392707824707
7467,168,0.08203125,0.09029980003833771,31.552419662475586,0.8186815977096558
7468,170,0.0830078125,0.0881330743432045,30.028654098510742,0.8330078125
7469,177,0.08642578125,0.09077778458595276,31.145389556884766,0.8202277421951294
7470,178,0.0869140625,0.08712193369865417,29.82305908203125,0.8338724970817566
7471,184,0.08984375,0.08509965986013412,30.388273239135742,0.8285592198371887
7472,214,0.1044921875,0.09042131155729294,31.05626678466797,0.8151819705963135
7473,203,0.09912109375,0.09246210753917694,28.626344680786133,0.8361807465553284
7474,210,0.1025390625,0.09156370162963867,30.367950439453125,0.8166373372077942
7475,194,0.0947265625,0.08474653959274292,28.477222442626953,0.8401064276695251
7476,218,0.1064453125,0.09205608814954758,31.130359649658203,0.8132641315460205
7477,223,0.10888671875,0.09460435807704926,31.27036476135254,0.8102400302886963
7478,227,0.11083984375,0.10337193310260773,31.559011459350586,0.8034445643424988
7479,234,0.1142578125,0.10334949195384979,31.43296241760254,0.803961455821991
7480,1056,0.515625,0.16053506731987,38.04194259643555,0.7295513153076172
7481,871,0.42529296875,0.11849667876958847,31.415193557739258,0.8059863448143005
7482,574,0.2802734375,0.12595489621162415,28.82480812072754,0.8416447639465332
7483,552,0.26953125,0.12799012660980225,28.87696075439453,0.8394036293029785
7484,450,0.2197265625,0.12218653410673141,28.97252655029297,0.8345227241516113
7485,440,0.21484375,0.1172332614660263,28.259811401367188,0.842683732509613
7486,388,0.189453125,0.11800123751163483,27.82998275756836,0.8429088592529297
7487,519,0.25341796875,0.1210973858833313,28.01978874206543,0.8469644784927368
7488,371,0.18115234375,0.1326228827238083,28.53348159790039,0.8346622586250305
7489,313,0.15283203125,0.1388557404279709,29.628671646118164,0.8226147890090942
7490,311,0.15185546875,0.1299426108598709,29.264463424682617,0.8223178386688232
7491,345,0.16845703125,0.12169994413852692,28.60572052001953,0.8321947455406189
7492,393,0.19189453125,0.11803493648767471,29.12194061279297,0.8313559889793396
7493,348,0.169921875,0.11538366228342056,28.27611541748047,0.8394184112548828
7494,310,0.1513671875,0.13428112864494324,28.029645919799805,0.8380988240242004
7495,297,0.14501953125,0.13372181355953217,27.358760833740234,0.8472184538841248
7496,332,0.162109375,0.119694285094738,27.141836166381836,0.8489136099815369
7497,348,0.169921875,0.1157517358660698,27.434343338012695,0.8459690809249878
7498,289,0.14111328125,0.13572946190834045,28.773174285888672,0.8299181461334229
7499,316,0.154296875,0.12215328961610794,28.060497283935547,0.8363438844680786
7500,352,0.171875,0.12828589975833893,28.74589729309082,0.8345731496810913
7501,293,0.14306640625,0.13505801558494568,29.065000534057617,0.832589328289032
7502,287,0.14013671875,0.1382986307144165,29.178451538085938,0.8300463557243347
7503,305,0.14892578125,0.1267060488462448,28.488616943359375,0.8348567485809326
7504,364,0.177734375,0.11675876379013062,27.16812515258789,0.8535686135292053
7505,428,0.208984375,0.11351533234119415,27.28278350830078,0.853710412979126
7506,527,0.25732421875,0.1123722493648529,27.801610946655273,0.8498527407646179
7507,496,0.2421875,0.11138884723186493,27.564481735229492,0.8510072827339172
7508,687,0.33544921875,0.10453174263238907,28.97198486328125,0.8404397964477539
7509,815,0.39794921875,0.10593303292989731,30.209407806396484,0.8231749534606934
7510,788,0.384765625,0.10765010118484497,30.168216705322266,0.824516236782074
7511,600,0.29296875,0.1080336645245552,28.183252334594727,0.8496230840682983
7512,456,0.22265625,0.11698993295431137,26.95075798034668,0.8591600656509399
7513,352,0.171875,0.1251666247844696,27.171735763549805,0.8505333065986633
7514,429,0.20947265625,0.11991752684116364,27.1375789642334,0.8535962700843811
7515,497,0.24267578125,0.12030696123838425,27.112096786499023,0.8597462177276611
7516,514,0.2509765625,0.12265561521053314,26.981916427612305,0.8585439324378967
7517,451,0.22021484375,0.14514878392219543,29.639102935791016,0.8266652226448059
7518,591,0.28857421875,0.1307518035173416,31.087533950805664,0.8153062462806702
7519,559,0.27294921875,0.13600099086761475,30.40706443786621,0.8214098811149597
7520,179,0.08740234375,0.12922924757003784,32.835731506347656,0.7920387387275696
7521,187,0.09130859375,0.11830387264490128,30.208993911743164,0.8211454749107361
7522,193,0.09423828125,0.11399421840906143,30.512928009033203,0.8201616406440735
7523,206,0.1005859375,0.12998995184898376,30.842317581176758,0.8114025592803955
7524,202,0.0986328125,0.13288502395153046,29.939546585083008,0.82177734375
7525,193,0.09423828125,0.11682606488466263,29.565731048583984,0.8285186290740967
7526,196,0.095703125,0.1421375274658203,32.65525436401367,0.7905325889587402
7527,195,0.09521484375,0.12895876169204712,30.986454010009766,0.8091930150985718
7528,197,0.09619140625,0.13619549572467804,32.445316314697266,0.7913329601287842
7529,190,0.0927734375,0.12725669145584106,31.6377010345459,0.8055108189582825
7530,183,0.08935546875,0.11374254524707794,29.644624710083008,0.8328349590301514
7531,174,0.0849609375,0.11276333779096603,30.897247314453125,0.8140621781349182
7532,164,0.080078125,0.10775434970855713,32.74160385131836,0.7987704277038574
7533,169,0.08251953125,0.10586125403642654,32.58101272583008,0.8020533919334412
7534,173,0.08447265625,0.10856296867132187,30.453113555908203,0.8278911113739014
7535,197,0.09619140625,0.10793312638998032,30.898298263549805,0.8215404152870178
7536,196,0.095703125,0.10876604169607162,30.5957088470459,0.8239068984985352
7537,217,0.10595703125,0.1152937039732933,30.477102279663086,0.8222851753234863
7538,216,0.10546875,0.11878401786088943,29.922122955322266,0.8275994658470154
7539,206,0.1005859375,0.11188718676567078,30.591096878051758,0.8226803541183472
7540,203,0.09912109375,0.12037522345781326,29.295085906982422,0.8337824940681458
7541,214,0.1044921875,0.1173931285738945,31.213003158569336,0.8160941004753113
7542,198,0.0966796875,0.12628129124641418,31.42644691467285,0.8136738538742065
7543,193,0.09423828125,0.13121634721755981,32.10209274291992,0.8081050515174866
7544,189,0.09228515625,0.12260434031486511,30.71883201599121,0.8287733793258667
7545,181,0.08837890625,0.1344982087612152,31.986841201782227,0.8146683573722839
7546,173,0.08447265625,0.1392788290977478,32.31877899169922,0.8069046139717102
7547,174,0.0849609375,0.15116585791110992,35.01997756958008,0.7750546932220459
7548,155,0.07568359375,0.14211812615394592,33.6667366027832,0.786257803440094
7549,143,0.06982421875,0.13998007774353027,34.79352951049805,0.7789197564125061
7550,147,0.07177734375,0.14768628776073456,34.6291618347168,0.7830122709274292
7551,138,0.0673828125,0.15126709640026093,34.09367752075195,0.7778090238571167
7552,136,0.06640625,0.14415213465690613,33.74979019165039,0.7842748165130615
7553,132,0.064453125,0.15732687711715698,35.14967727661133,0.7662004828453064
7554,146,0.0712890625,0.1526683270931244,33.936012268066406,0.7891213297843933
7555,158,0.0771484375,0.14590056240558624,33.186832427978516,0.8001492619514465
7556,162,0.0791015625,0.14623433351516724,32.636207580566406,0.8083117604255676
7557,176,0.0859375,0.1466326266527176,33.07955551147461,0.7998130321502686
7558,175,0.08544921875,0.1539149433374405,34.65000534057617,0.7789856195449829
7559,159,0.07763671875,0.15126560628414154,34.05509567260742,0.7863848805427551
7560,251,0.12255859375,0.13500642776489258,37.916141510009766,0.7472178936004639
7561,286,0.1396484375,0.12991996109485626,35.501060485839844,0.7712498307228088
7562,294,0.1435546875,0.1318918615579605,34.15394592285156,0.7785646319389343
7563,283,0.13818359375,0.13081173598766327,34.48810577392578,0.7756011486053467
7564,279,0.13623046875,0.12979215383529663,34.2765998840332,0.7728996276855469
7565,275,0.13427734375,0.13782557845115662,33.87425994873047,0.7756189703941345
7566,382,0.1865234375,0.12632273137569427,32.071720123291016,0.7912065386772156
7567,390,0.1904296875,0.12451507896184921,35.47577667236328,0.7539428472518921
7568,387,0.18896484375,0.12383653223514557,33.514808654785156,0.7755095958709717
7569,376,0.18359375,0.12212582677602768,32.94478225708008,0.7829465866088867
7570,342,0.1669921875,0.1331775188446045,32.4713249206543,0.789874255657196
7571,428,0.208984375,0.15140560269355774,30.982887268066406,0.8075839877128601
7572,419,0.20458984375,0.14596638083457947,31.490699768066406,0.8001525402069092
7573,393,0.19189453125,0.1558743119239807,32.367652893066406,0.7976961731910706
7574,393,0.19189453125,0.12688226997852325,30.86515235900879,0.8074281215667725
7575,442,0.2158203125,0.14481046795845032,31.086044311523438,0.8076322674751282
7576,420,0.205078125,0.1571764349937439,37.26136016845703,0.7408812046051025
7577,429,0.20947265625,0.1412586122751236,33.44023132324219,0.786470353603363
7578,383,0.18701171875,0.12026370316743851,33.14706039428711,0.7920714020729065
7579,405,0.19775390625,0.13112489879131317,31.82694435119629,0.7969667315483093
7580,454,0.2216796875,0.15454815328121185,33.21870422363281,0.7779870629310608
7581,503,0.24560546875,0.15852090716362,32.8508186340332,0.7824379205703735
7582,392,0.19140625,0.17208024859428406,36.62135314941406,0.7513908743858337
7583,398,0.1943359375,0.14491601288318634,34.29953384399414,0.7755907773971558
7584,447,0.21826171875,0.14272961020469666,33.04684066772461,0.7883680462837219
7585,393,0.19189453125,0.12918104231357574,33.8906364440918,0.7840865254402161
7586,315,0.15380859375,0.13016946613788605,34.31386947631836,0.7847212553024292
7587,307,0.14990234375,0.11958076804876328,34.60845184326172,0.7788591980934143
7588,319,0.15576171875,0.12673601508140564,35.670814514160156,0.7626640200614929
7589,292,0.142578125,0.12614919245243073,34.08524703979492,0.7824773192405701
7590,271,0.13232421875,0.12319939583539963,34.49753189086914,0.7761632204055786
7591,245,0.11962890625,0.12894658744335175,34.69419860839844,0.7760814428329468
7592,241,0.11767578125,0.11940096318721771,35.967777252197266,0.7629144191741943
7593,217,0.10595703125,0.12034763395786285,35.83445358276367,0.7685891389846802
7594,232,0.11328125,0.11759458482265472,35.880611419677734,0.7644826173782349
7595,250,0.1220703125,0.12118006497621536,34.567745208740234,0.777625322341919
7596,194,0.0947265625,0.1270769238471985,37.331459045410156,0.7535267472267151
7597,194,0.0947265625,0.12500669062137604,36.50801467895508,0.7614026665687561
7598,220,0.107421875,0.11878374963998795,34.88716506958008,0.7776447534561157
7599,220,0.107421875,0.12210626155138016,36.12539291381836,0.7631978392601013
7600,199,0.09716796875,0.11124193668365479,32.78070068359375,0.7986244559288025
7601,193,0.09423828125,0.11410167068243027,35.70602035522461,0.7620662450790405
7602,189,0.09228515625,0.11501695215702057,36.379066467285156,0.7580994963645935
7603,172,0.083984375,0.1248619332909584,38.787166595458984,0.7265746593475342
7604,186,0.0908203125,0.1151510700583458,36.67989730834961,0.751412570476532
7605,195,0.09521484375,0.10990548133850098,34.92620086669922,0.7721612453460693
7606,193,0.09423828125,0.10978864878416061,33.630313873291016,0.7854639291763306
7607,203,0.09912109375,0.11505326628684998,32.562191009521484,0.8003514409065247
7608,215,0.10498046875,0.11035330593585968,31.200719833374023,0.8131623268127441
7609,225,0.10986328125,0.11439305543899536,31.7523136138916,0.8023976683616638
7610,212,0.103515625,0.11185766756534576,32.4542121887207,0.7949984669685364
7611,214,0.1044921875,0.11049064248800278,32.483184814453125,0.7960044741630554
7612,219,0.10693359375,0.11356480419635773,31.95393180847168,0.8071888089179993
7613,236,0.115234375,0.13602769374847412,31.297311782836914,0.8088231682777405
7614,220,0.107421875,0.13922420144081116,33.96265411376953,0.7775974869728088
7615,232,0.11328125,0.14598318934440613,32.0427360534668,0.8022876381874084
7616,246,0.1201171875,0.14999273419380188,31.645282745361328,0.8049042224884033
7617,259,0.12646484375,0.15482905507087708,32.76240158081055,0.7944413423538208
7618,289,0.14111328125,0.2078443020582199,34.458106994628906,0.7687843441963196
7619,300,0.146484375,0.21742366254329681,33.374664306640625,0.7788567543029785
7620,308,0.150390625,0.19244550168514252,35.22488021850586,0.7580002546310425
7621,248,0.12109375,0.16731350123882294,31.374717712402344,0.8117082715034485
7622,265,0.12939453125,0.19301357865333557,32.27448272705078,0.8045139312744141
7623,248,0.12109375,0.15787512063980103,32.05805969238281,0.805569589138031
7624,224,0.109375,0.1474161297082901,31.669775009155273,0.8090725541114807
7625,211,0.10302734375,0.14775976538658142,33.88574981689453,0.7871116399765015
7626,196,0.095703125,0.14455221593379974,34.67152786254883,0.77880859375
7627,216,0.10546875,0.13808095455169678,33.63335418701172,0.7865752577781677
7628,236,0.115234375,0.12886527180671692,33.3653450012207,0.7889567613601685
7629,212,0.103515625,0.11638949066400528,32.09531021118164,0.8042518496513367
7630,203,0.09912109375,0.11479794234037399,31.159990310668945,0.8133462071418762
7631,211,0.10302734375,0.11612376570701599,32.09477233886719,0.8034078478813171
7632,205,0.10009765625,0.11913273483514786,33.198917388916016,0.7929293513298035
7633,219,0.10693359375,0.11524493247270584,30.114665985107422,0.8248732686042786
7634,224,0.109375,0.11929657310247421,30.94241714477539,0.8160434365272522
7635,194,0.0947265625,0.11388429999351501,31.46944236755371,0.8096023797988892
7636,179,0.08740234375,0.11723455041646957,34.32952117919922,0.7819156050682068
7637,173,0.08447265625,0.1269499808549881,36.332054138183594,0.7584579586982727
7638,186,0.0908203125,0.12369390577077866,35.252681732177734,0.7670642733573914
7639,182,0.0888671875,0.11285815387964249,35.132957458496094,0.771108865737915
7640,146,0.0712890625,0.2155827283859253,34.87173843383789,0.766504168510437
7641,144,0.0703125,0.2194240689277649,35.21670913696289,0.7606935501098633
7642,138,0.0673828125,0.192249596118927,32.20808410644531,0.790916919708252
7643,140,0.068359375,0.1983928084373474,32.39520263671875,0.7885542511940002
7644,144,0.0703125,0.17544405162334442,29.32689666748047,0.8273502588272095
7645,134,0.0654296875,0.18709124624729156,26.554397583007812,0.8549620509147644
7646,131,0.06396484375,0.1915203034877777,26.960233688354492,0.851891815662384
7647,136,0.06640625,0.1832311600446701,27.82380485534668,0.8405455946922302
7648,127,0.06201171875,0.18307258188724518,29.026567459106445,0.829547643661499
7649,128,0.0625,0.1681627482175827,26.70798110961914,0.8561255931854248
7650,121,0.05908203125,0.17663393914699554,27.2219295501709,0.8539755344390869
7651,120,0.05859375,0.17825795710086823,29.085329055786133,0.8388505578041077
7652,118,0.0576171875,0.16783711314201355,28.292118072509766,0.844209611415863
7653,123,0.06005859375,0.1608399748802185,29.099477767944336,0.8321695327758789
7654,119,0.05810546875,0.15461482107639313,28.96221160888672,0.8375013470649719
7655,121,0.05908203125,0.15039005875587463,27.987831115722656,0.8411642909049988
7656,134,0.0654296875,0.15704475343227386,27.752975463867188,0.8406885862350464
7657,124,0.060546875,0.16220058500766754,25.840871810913086,0.8669193983078003
7658,129,0.06298828125,0.16036729514598846,27.858348846435547,0.8429522514343262
7659,127,0.06201171875,0.1618361920118332,27.03896141052246,0.8535701036453247
7660,143,0.06982421875,0.16155360639095306,27.628253936767578,0.8479121923446655
7661,143,0.06982421875,0.16199100017547607,28.217802047729492,0.8402207493782043
7662,138,0.0673828125,0.16111324727535248,27.2569522857666,0.8523140549659729
7663,136,0.06640625,0.16266722977161407,27.30795669555664,0.8486676812171936
7664,135,0.06591796875,0.15569834411144257,26.946044921875,0.8543723821640015
7665,135,0.06591796875,0.14781387150287628,26.36520004272461,0.8627437949180603
7666,143,0.06982421875,0.1466936618089676,28.01702117919922,0.8422366976737976
7667,140,0.068359375,0.1496499627828598,26.80107307434082,0.8581296801567078
7668,134,0.0654296875,0.15633583068847656,27.428632736206055,0.8467896580696106
7669,131,0.06396484375,0.15441112220287323,26.78293800354004,0.8589597940444946
7670,133,0.06494140625,0.15492643415927887,27.837997436523438,0.8448372483253479
7671,132,0.064453125,0.15184026956558228,27.056379318237305,0.8536384105682373
7672,131,0.06396484375,0.13756929337978363,27.317928314208984,0.8527342677116394
7673,147,0.07177734375,0.13332635164260864,27.367429733276367,0.847556471824646
7674,152,0.07421875,0.12490639835596085,28.94276237487793,0.8243935108184814
7675,147,0.07177734375,0.12810911238193512,27.59992790222168,0.840618908405304
7676,146,0.0712890625,0.14069707691669464,27.3917179107666,0.8504441380500793
7677,132,0.064453125,0.14974552392959595,26.530431747436523,0.8618093132972717
7678,138,0.0673828125,0.15019062161445618,27.68203353881836,0.8492296934127808
7679,139,0.06787109375,0.15142065286636353,27.508689880371094,0.848604679107666
7680,337,0.16455078125,0.14593753218650818,32.41373062133789,0.7989290952682495
7681,316,0.154296875,0.14758004248142242,32.24982833862305,0.8040159940719604
7682,303,0.14794921875,0.1420726329088211,31.485397338867188,0.8128803372383118
7683,275,0.13427734375,0.14502717554569244,28.848190307617188,0.8431294560432434
7684,253,0.12353515625,0.14143413305282593,28.501365661621094,0.8420776128768921
7685,249,0.12158203125,0.1440853476524353,32.709022521972656,0.8027201294898987
7686,255,0.12451171875,0.1406717151403427,33.79286193847656,0.7923586964607239
7687,263,0.12841796875,0.13959194719791412,33.600730895996094,0.7933768630027771
7688,295,0.14404296875,0.14292249083518982,34.41218566894531,0.7806183099746704
7689,327,0.15966796875,0.14427468180656433,35.49794387817383,0.762467622756958
7690,327,0.15966796875,0.144852414727211,35.04741287231445,0.7680527567863464
7691,333,0.16259765625,0.14105433225631714,35.655433654785156,0.7647287845611572
7692,355,0.17333984375,0.14464783668518066,36.6031494140625,0.7483975291252136
7693,349,0.17041015625,0.14124050736427307,35.91419219970703,0.7606204748153687
7694,366,0.1787109375,0.14797921478748322,36.01222610473633,0.7600220441818237
7695,346,0.1689453125,0.14460434019565582,35.050724029541016,0.767785370349884
7696,364,0.177734375,0.13267487287521362,31.80256462097168,0.8119438886642456
7697,360,0.17578125,0.13930322229862213,34.154762268066406,0.7842694520950317
7698,279,0.13623046875,0.13322019577026367,29.952606201171875,0.8291289210319519
7699,276,0.134765625,0.13778415322303772,31.59893798828125,0.8237213492393494
7700,282,0.1376953125,0.13490281999111176,32.257720947265625,0.8104325532913208
7701,264,0.12890625,0.13932716846466064,33.36613464355469,0.7992581129074097
7702,262,0.1279296875,0.13385941088199615,33.51948165893555,0.7973204255104065
7703,265,0.12939453125,0.1275150179862976,31.88723373413086,0.813763439655304
7704,256,0.125,0.1285812258720398,33.0034294128418,0.8031085133552551
7705,264,0.12890625,0.13460497558116913,31.601476669311523,0.8136916756629944
7706,294,0.1435546875,0.13157899677753448,31.9952392578125,0.8111859560012817
7707,306,0.1494140625,0.13644050061702728,33.91828918457031,0.7913941144943237
7708,288,0.140625,0.13308221101760864,31.13862419128418,0.8152074217796326
7709,271,0.13232421875,0.12829801440238953,29.690143585205078,0.8317850828170776
7710,274,0.1337890625,0.11529766023159027,31.3134765625,0.8199095726013184
7711,378,0.1845703125,0.1365612894296646,33.424007415771484,0.7949658036231995
7712,361,0.17626953125,0.13220016658306122,32.81752014160156,0.8012713193893433
7713,305,0.14892578125,0.12143661826848984,31.54163932800293,0.8110390901565552
7714,269,0.13134765625,0.12404788285493851,28.934715270996094,0.8308523297309875
7715,340,0.166015625,0.1327097862958908,32.04926300048828,0.8032772541046143
7716,348,0.169921875,0.1456749141216278,35.914005279541016,0.7551036477088928
7717,329,0.16064453125,0.13000242412090302,32.34659194946289,0.8029786944389343
7718,276,0.134765625,0.12360356748104095,32.76398849487305,0.7955955266952515
7719,312,0.15234375,0.13449731469154358,33.9436149597168,0.7917794585227966
7720,22,0.0107421875,0.12984037399291992,41.768226623535156,0.723283052444458
7721,22,0.0107421875,0.12676841020584106,46.64457702636719,0.6634740233421326
7722,26,0.0126953125,0.2204890251159668,41.86388397216797,0.7071007490158081
7723,23,0.01123046875,0.24978089332580566,46.81153869628906,0.6433841586112976
7724,22,0.0107421875,0.18877170979976654,42.74433898925781,0.7120808362960815
7725,30,0.0146484375,0.18146148324012756,37.84410858154297,0.7553274035453796
7726,21,0.01025390625,0.2894830107688904,45.36589431762695,0.6717623472213745
7727,24,0.01171875,0.22415420413017273,34.18218231201172,0.8015491366386414
7728,28,0.013671875,0.1586710661649704,36.038482666015625,0.7820655107498169
7729,28,0.013671875,0.18916290998458862,33.76591110229492,0.7921753525733948
7730,38,0.0185546875,0.10652153193950653,30.784255981445312,0.838291347026825
7731,35,0.01708984375,0.12450680881738663,29.644678115844727,0.8488324284553528
7732,33,0.01611328125,0.13137947022914886,28.829282760620117,0.8540217280387878
7733,42,0.0205078125,0.1304558664560318,33.68510437011719,0.7992014288902283
7734,40,0.01953125,0.13228324055671692,28.15915298461914,0.8546231985092163
7735,39,0.01904296875,0.12710750102996826,26.531063079833984,0.8698614239692688
7736,37,0.01806640625,0.12958651781082153,27.651885986328125,0.8622838854789734
7737,32,0.015625,0.1269514411687851,31.26620101928711,0.8175145983695984
7738,39,0.01904296875,0.13040673732757568,29.308774948120117,0.8402661085128784
7739,31,0.01513671875,0.1210964173078537,30.1676025390625,0.8337012529373169
7740,42,0.0205078125,0.11538489907979965,32.72563171386719,0.8046151399612427
7741,41,0.02001953125,0.12647952139377594,27.337419509887695,0.8506504893302917
7742,43,0.02099609375,0.13505126535892487,29.709491729736328,0.8427968621253967
7743,36,0.017578125,0.13202987611293793,29.694976806640625,0.8337939381599426
7744,42,0.0205078125,0.1292172074317932,31.041902542114258,0.815918505191803
7745,32,0.015625,0.14217691123485565,32.645103454589844,0.8117672204971313
7746,33,0.01611328125,0.12166591733694077,28.539884567260742,0.8446723222732544
7747,35,0.01708984375,0.12830857932567596,28.986743927001953,0.8450321555137634
7748,26,0.0126953125,0.12677791714668274,31.090566635131836,0.8253306150436401
7749,25,0.01220703125,0.1301584243774414,31.976978302001953,0.806271493434906
7750,22,0.0107421875,0.12677867710590363,30.931358337402344,0.816315233707428
7751,42,0.0205078125,0.11694440990686417,26.723970413208008,0.8636812567710876
7752,37,0.01806640625,0.12366040050983429,28.8044490814209,0.8389792442321777
7753,43,0.02099609375,0.12168186157941818,29.934837341308594,0.8245162963867188
7754,43,0.02099609375,0.11287722736597061,26.27117156982422,0.8741202354431152
7755,47,0.02294921875,0.12804600596427917,29.54482650756836,0.8346525430679321
7756,56,0.02734375,0.12522347271442413,30.66680335998535,0.8242958784103394
7757,41,0.02001953125,0.11569422483444214,27.8619384765625,0.8618326783180237
7758,29,0.01416015625,0.1205637976527214,33.971717834472656,0.7942042350769043
7759,27,0.01318359375,0.15191076695919037,35.498233795166016,0.769286572933197
7760,104,0.05078125,0.14026112854480743,30.469533920288086,0.8220773339271545
7761,99,0.04833984375,0.13460110127925873,30.934446334838867,0.8189162611961365
7762,109,0.05322265625,0.1356915533542633,31.213605880737305,0.8164437413215637
7763,109,0.05322265625,0.13710644841194153,32.894798278808594,0.7959277033805847
7764,119,0.05810546875,0.14284928143024445,33.63569259643555,0.7931575775146484
7765,111,0.05419921875,0.13666026294231415,30.97123146057129,0.819167971611023
7766,96,0.046875,0.12918083369731903,28.859739303588867,0.8382630944252014
7767,92,0.044921875,0.13017278909683228,27.568849563598633,0.8474992513656616
7768,90,0.0439453125,0.1306050419807434,25.77419662475586,0.8642141819000244
7769,85,0.04150390625,0.1281747817993164,29.33370018005371,0.8297111988067627
7770,84,0.041015625,0.12703703343868256,27.31033706665039,0.8543181419372559
7771,75,0.03662109375,0.11889666318893433,26.903331756591797,0.8545725345611572
7772,75,0.03662109375,0.12167093902826309,26.273771286010742,0.8626310229301453
7773,81,0.03955078125,0.11816912889480591,27.37651824951172,0.8462584614753723
7774,73,0.03564453125,0.11358840018510818,27.4221134185791,0.8493374586105347
7775,84,0.041015625,0.1287970244884491,27.002151489257812,0.852904736995697
7776,90,0.0439453125,0.13694584369659424,27.094385147094727,0.8547534346580505
7777,97,0.04736328125,0.14272235333919525,27.761207580566406,0.8420069813728333
7778,105,0.05126953125,0.15203839540481567,29.433767318725586,0.8281089663505554
7779,108,0.052734375,0.154780775308609,30.50157928466797,0.81902015209198
7780,102,0.0498046875,0.15533891320228577,29.61903953552246,0.8308877944946289
7781,102,0.0498046875,0.14990682899951935,29.06688690185547,0.8315930366516113
7782,103,0.05029296875,0.1425730139017105,28.919309616088867,0.8351660966873169
7783,110,0.0537109375,0.1540236473083496,26.527820587158203,0.8582661151885986
7784,104,0.05078125,0.1463238000869751,26.516572952270508,0.861790120601654
7785,103,0.05029296875,0.14327000081539154,26.574003219604492,0.8539459705352783
7786,110,0.0537109375,0.15320037305355072,28.640316009521484,0.8352974653244019
7787,103,0.05029296875,0.14828751981258392,26.76755142211914,0.8589736819267273
7788,105,0.05126953125,0.1494668573141098,29.107833862304688,0.8314275145530701
7789,112,0.0546875,0.1576753705739975,27.622350692749023,0.8494318723678589
7790,114,0.0556640625,0.17539209127426147,27.85100555419922,0.841597318649292
7791,109,0.05322265625,0.15921205282211304,26.941635131835938,0.8538305759429932
7792,111,0.05419921875,0.17450648546218872,27.532419204711914,0.8466737866401672
7793,104,0.05078125,0.1609603315591812,29.763633728027344,0.8203011751174927
7794,112,0.0546875,0.16997073590755463,30.065065383911133,0.8224342465400696
7795,118,0.0576171875,0.184900164604187,29.46011734008789,0.8257803916931152
7796,118,0.0576171875,0.19258587062358856,29.80156707763672,0.8248750567436218
7797,125,0.06103515625,0.19837722182273865,29.301427841186523,0.8305047154426575
7798,122,0.0595703125,0.1934676319360733,31.22896957397461,0.8115310668945312
7799,121,0.05908203125,0.18644140660762787,27.80146598815918,0.8447681665420532
7800,300,0.146484375,0.1391904652118683,35.92278289794922,0.7659528851509094
7801,409,0.19970703125,0.12008492648601532,32.875640869140625,0.7952438592910767
7802,463,0.22607421875,0.11938369274139404,33.60567092895508,0.7892323136329651
7803,366,0.1787109375,0.10713768750429153,30.99620246887207,0.8177241683006287
7804,357,0.17431640625,0.10259048640727997,30.595314025878906,0.820848286151886
7805,393,0.19189453125,0.10114029794931412,30.132970809936523,0.8265127539634705
7806,383,0.18701171875,0.10482247918844223,30.53639030456543,0.8200496435165405
7807,276,0.134765625,0.11350153386592865,33.518917083740234,0.7895270586013794
7808,295,0.14404296875,0.1134936735033989,33.003700256347656,0.7949944138526917
7809,320,0.15625,0.09890099614858627,31.230327606201172,0.8174354434013367
7810,314,0.1533203125,0.09717724472284317,31.073198318481445,0.8166560530662537
7811,341,0.16650390625,0.10276901721954346,31.991348266601562,0.8050121068954468
7812,329,0.16064453125,0.09704399108886719,30.984546661376953,0.8133376836776733
7813,293,0.14306640625,0.09962759912014008,30.92504119873047,0.8172681331634521
7814,298,0.1455078125,0.10700160264968872,32.83733367919922,0.7939177751541138
7815,308,0.150390625,0.11747086048126221,34.691951751708984,0.7708888649940491
7816,299,0.14599609375,0.11381416022777557,33.72654724121094,0.7854394316673279
7817,331,0.16162109375,0.10673682391643524,32.56447219848633,0.7993437647819519
7818,388,0.189453125,0.09683381021022797,30.175395965576172,0.823585569858551
7819,433,0.21142578125,0.09511227905750275,29.57000160217285,0.832029402256012
7820,391,0.19091796875,0.09909352660179138,31.245651245117188,0.8145416378974915
7821,487,0.23779296875,0.09638433158397675,29.792476654052734,0.8312854170799255
7822,561,0.27392578125,0.10486198961734772,29.710962295532227,0.8269488215446472
7823,482,0.2353515625,0.10376521944999695,31.081905364990234,0.8166660666465759
7824,514,0.2509765625,0.09831778705120087,28.524559020996094,0.8457393646240234
7825,527,0.25732421875,0.09600090980529785,28.85393714904785,0.841376006603241
7826,739,0.36083984375,0.10762394219636917,29.306257247924805,0.8304154872894287
7827,709,0.34619140625,0.1043083593249321,29.618810653686523,0.8215566873550415
7828,620,0.302734375,0.09499009698629379,25.46409797668457,0.8693200945854187
7829,608,0.296875,0.10282555222511292,31.32624626159668,0.8175553679466248
7830,605,0.29541015625,0.09604626148939133,27.16588592529297,0.8530442118644714
7831,536,0.26171875,0.09445834904909134,28.818017959594727,0.8366689085960388
7832,588,0.287109375,0.09380783140659332,28.455659866333008,0.837546706199646
7833,854,0.4169921875,0.12577228248119354,35.411346435546875,0.7589747309684753
7834,888,0.43359375,0.12545084953308105,35.6896858215332,0.7544141411781311
7835,825,0.40283203125,0.13985998928546906,44.75053787231445,0.6614170670509338
7836,767,0.37451171875,0.10817126929759979,27.34127426147461,0.8402280807495117
7837,623,0.30419921875,0.11881998926401138,34.886131286621094,0.773205041885376
7838,725,0.35400390625,0.121453657746315,34.866146087646484,0.7690438032150269
7839,639,0.31201171875,0.10539165884256363,26.521652221679688,0.849702000617981
7840,364,0.177734375,0.13940733671188354,33.33241653442383,0.7908304929733276
7841,315,0.15380859375,0.1395386904478073,35.236270904541016,0.7708020210266113
7842,310,0.1513671875,0.14165447652339935,36.096214294433594,0.7603477835655212
7843,290,0.1416015625,0.13958223164081573,35.44961166381836,0.7645295858383179
7844,329,0.16064453125,0.1381225883960724,35.15956497192383,0.7693668007850647
7845,319,0.15576171875,0.13703864812850952,33.48485565185547,0.7874478697776794
7846,315,0.15380859375,0.14096561074256897,33.2780647277832,0.7899149060249329
7847,326,0.1591796875,0.1319255828857422,32.08269500732422,0.799358069896698
7848,340,0.166015625,0.1322159320116043,32.93163299560547,0.7899346947669983
7849,357,0.17431640625,0.13557671010494232,32.2241325378418,0.8046557903289795
7850,339,0.16552734375,0.12452084571123123,33.6719970703125,0.7879931926727295
7851,489,0.23876953125,0.13848857581615448,35.84963607788086,0.7617027759552002
7852,598,0.2919921875,0.15531061589717865,36.35809326171875,0.751009464263916
7853,568,0.27734375,0.14524008333683014,37.36870574951172,0.7460727691650391
7854,451,0.22021484375,0.13544125854969025,34.2911491394043,0.778605043888092
7855,422,0.2060546875,0.13387535512447357,35.40547180175781,0.7696802020072937
7856,467,0.22802734375,0.12889257073402405,35.55464172363281,0.7605769038200378
7857,412,0.201171875,0.12631331384181976,35.303565979003906,0.7733974456787109
7858,445,0.21728515625,0.12456304579973221,33.63777542114258,0.7866019606590271
7859,410,0.2001953125,0.13155429065227509,31.82084083557129,0.8016982078552246
7860,381,0.18603515625,0.13441595435142517,31.245206832885742,0.8049904108047485
7861,407,0.19873046875,0.13641704618930817,32.732547760009766,0.7897964119911194
7862,403,0.19677734375,0.14367857575416565,35.90622329711914,0.7598140835762024
7863,429,0.20947265625,0.14422675967216492,32.318092346191406,0.7979159951210022
7864,453,0.22119140625,0.14632868766784668,34.157135009765625,0.7748422622680664
7865,408,0.19921875,0.13851311802864075,35.66288375854492,0.7601774334907532
7866,377,0.18408203125,0.13911424577236176,33.86117935180664,0.7840451598167419
7867,422,0.2060546875,0.14789418876171112,35.692115783691406,0.7607014179229736
7868,450,0.2197265625,0.1481494903564453,37.85238265991211,0.7360782027244568
7869,434,0.2119140625,0.1691286861896515,38.228641510009766,0.7361677289009094
7870,414,0.2021484375,0.15233822166919708,36.90029525756836,0.7522443532943726
7871,472,0.23046875,0.14549361169338226,35.14598083496094,0.7677203416824341
7872,482,0.2353515625,0.13773128390312195,33.02882766723633,0.7891014218330383
7873,469,0.22900390625,0.14180496335029602,33.71659469604492,0.7782074809074402
7874,466,0.2275390625,0.14378094673156738,32.976383209228516,0.7906914949417114
7875,542,0.2646484375,0.13196808099746704,27.108400344848633,0.8513749837875366
7876,469,0.22900390625,0.1356380730867386,31.623010635375977,0.8065547943115234
7877,560,0.2734375,0.13482511043548584,26.925556182861328,0.8583065867424011
7878,660,0.322265625,0.13812436163425446,25.76222801208496,0.8617411255836487
7879,675,0.32958984375,0.14134351909160614,27.521333694458008,0.8422381281852722
7880,162,0.0791015625,0.1486368328332901,31.842700958251953,0.797544002532959
7881,164,0.080078125,0.15505102276802063,32.00644302368164,0.7977623343467712
7882,163,0.07958984375,0.15390922129154205,33.682220458984375,0.7832653522491455
7883,173,0.08447265625,0.14664649963378906,32.68864440917969,0.7937372326850891
7884,175,0.08544921875,0.1278344690799713,32.40640640258789,0.7977277636528015
7885,179,0.08740234375,0.13909132778644562,32.87077713012695,0.8007259368896484
7886,178,0.0869140625,0.13791505992412567,32.2584342956543,0.8082147836685181
7887,180,0.087890625,0.13506896793842316,33.693084716796875,0.7936074137687683
7888,184,0.08984375,0.13344129920005798,33.98707580566406,0.7928562164306641
7889,182,0.0888671875,0.13110607862472534,34.828941345214844,0.7811988592147827
7890,195,0.09521484375,0.12658356130123138,34.62848663330078,0.786729633808136
7891,197,0.09619140625,0.12666435539722443,35.47746658325195,0.7780777812004089
7892,193,0.09423828125,0.1410466581583023,36.7258186340332,0.7593729496002197
7893,185,0.09033203125,0.13256210088729858,34.51108932495117,0.7874143123626709
7894,181,0.08837890625,0.12176239490509033,34.060672760009766,0.7920849919319153
7895,174,0.0849609375,0.13532188534736633,34.148624420166016,0.7848862409591675
7896,175,0.08544921875,0.1471252739429474,34.50433349609375,0.785124659538269
7897,175,0.08544921875,0.14462359249591827,33.17973709106445,0.7981228828430176
7898,178,0.0869140625,0.14397242665290833,33.815372467041016,0.789145827293396
7899,174,0.0849609375,0.15516476333141327,34.25453567504883,0.7869003415107727
7900,168,0.08203125,0.15318553149700165,34.364288330078125,0.7867884635925293
7901,167,0.08154296875,0.16352428495883942,35.42427062988281,0.7757054567337036
7902,172,0.083984375,0.13212762773036957,34.512351989746094,0.7792330980300903
7903,173,0.08447265625,0.1420046091079712,32.723976135253906,0.7977501153945923
7904,176,0.0859375,0.14368115365505219,34.119876861572266,0.784144937992096
7905,185,0.09033203125,0.12822864949703217,34.52094650268555,0.7814662456512451
7906,178,0.0869140625,0.13570216298103333,34.6622428894043,0.7824852466583252
7907,175,0.08544921875,0.12675489485263824,33.68688201904297,0.7984979152679443
7908,180,0.087890625,0.122597835958004,33.302825927734375,0.8026193976402283
7909,174,0.0849609375,0.12144571542739868,33.30976867675781,0.8046054840087891
7910,173,0.08447265625,0.12183715403079987,33.21367263793945,0.8044520020484924
7911,168,0.08203125,0.12174110114574432,33.369205474853516,0.8048123121261597
7912,169,0.08251953125,0.12672802805900574,35.02837371826172,0.7820124626159668
7913,170,0.0830078125,0.12096012383699417,33.74027633666992,0.7943913340568542
7914,172,0.083984375,0.14133360981941223,35.591617584228516,0.7746436595916748
7915,170,0.0830078125,0.12447705864906311,34.84884262084961,0.784932017326355
7916,186,0.0908203125,0.1412586271762848,37.53557586669922,0.7507727742195129
7917,196,0.095703125,0.14108934998512268,37.2498893737793,0.7514971494674683
7918,201,0.09814453125,0.14405861496925354,38.51028823852539,0.7370424866676331
7919,205,0.10009765625,0.15396137535572052,38.70713424682617,0.7327330708503723
7920,133,0.06494140625,0.17967143654823303,37.6799201965332,0.7333676218986511
7921,142,0.0693359375,0.1938391625881195,39.04422378540039,0.7274026274681091
7922,130,0.0634765625,0.20076076686382294,38.1569709777832,0.7387401461601257
7923,132,0.064453125,0.1976853758096695,38.903385162353516,0.7330100536346436
7924,125,0.06103515625,0.18487977981567383,35.44738006591797,0.7739229798316956
7925,128,0.0625,0.20625442266464233,37.684844970703125,0.743107795715332
7926,124,0.060546875,0.20435473322868347,39.285118103027344,0.7299245595932007
7927,129,0.06298828125,0.19194012880325317,37.46359634399414,0.7426232695579529
7928,133,0.06494140625,0.1993119865655899,39.07970428466797,0.7272467613220215
7929,139,0.06787109375,0.20231030881404877,38.26425552368164,0.7365016937255859
7930,139,0.06787109375,0.20016361773014069,41.9459342956543,0.6998758316040039
7931,140,0.068359375,0.18975387513637543,38.94690704345703,0.7317579388618469
7932,135,0.06591796875,0.18016934394836426,36.890682220458984,0.751980185508728
7933,141,0.06884765625,0.170424684882164,37.38606262207031,0.7432098984718323
7934,143,0.06982421875,0.1666160672903061,35.7693977355957,0.7620667219161987
7935,143,0.06982421875,0.1669425666332245,37.459476470947266,0.7378278374671936
7936,138,0.0673828125,0.16387110948562622,35.57182693481445,0.7648817300796509
7937,144,0.0703125,0.17131246626377106,35.21974563598633,0.7655802369117737
7938,139,0.06787109375,0.1702807992696762,35.149688720703125,0.7646021246910095
7939,134,0.0654296875,0.1655617505311966,34.935386657714844,0.7682003378868103
7940,143,0.06982421875,0.16669274866580963,36.19100570678711,0.7553401589393616
7941,138,0.0673828125,0.16837991774082184,34.400569915771484,0.7779220342636108
7942,138,0.0673828125,0.1876048594713211,34.8441047668457,0.7764465808868408
7943,136,0.06640625,0.17013844847679138,35.674495697021484,0.7721735239028931
7944,131,0.06396484375,0.1735926866531372,35.01884460449219,0.7788274884223938
7945,119,0.05810546875,0.18535897135734558,35.4741325378418,0.7752965688705444
7946,122,0.0595703125,0.19108936190605164,34.70325469970703,0.7779754400253296
7947,121,0.05908203125,0.1774797886610031,34.440338134765625,0.7805354595184326
7948,123,0.06005859375,0.18484899401664734,36.01993179321289,0.7654021382331848
7949,115,0.05615234375,0.2019113451242447,34.00973892211914,0.790543258190155
7950,109,0.05322265625,0.21713291108608246,35.209232330322266,0.7743489742279053
7951,115,0.05615234375,0.21609528362751007,34.5190544128418,0.7751492261886597
7952,121,0.05908203125,0.19598229229450226,34.69406509399414,0.7721450924873352
7953,124,0.060546875,0.1911470890045166,34.4565315246582,0.7793329358100891
7954,124,0.060546875,0.1789984107017517,35.68832015991211,0.7610329985618591
7955,130,0.0634765625,0.18025502562522888,36.26884841918945,0.7553511261940002
7956,131,0.06396484375,0.17778590321540833,37.22099304199219,0.7422757744789124
7957,135,0.06591796875,0.17128393054008484,34.27598190307617,0.7799180150032043
7958,136,0.06640625,0.1799183338880539,34.8565673828125,0.7760044932365417
7959,134,0.0654296875,0.1742076426744461,35.600738525390625,0.7661442756652832
7960,630,0.3076171875,0.11699271947145462,35.91884231567383,0.7696813344955444
7961,625,0.30517578125,0.10242561250925064,28.250734329223633,0.8385877013206482
7962,598,0.2919921875,0.08461811393499374,22.339515686035156,0.8845505714416504
7963,592,0.2890625,0.0955376923084259,22.334251403808594,0.8871053457260132
7964,613,0.29931640625,0.08654294162988663,21.81241798400879,0.8914824724197388
7965,550,0.2685546875,0.09560589492321014,22.676799774169922,0.8893969655036926
7966,512,0.25,0.09943454712629318,25.23687744140625,0.872388482093811
7967,420,0.205078125,0.12304972112178802,25.365047454833984,0.8733324408531189
7968,424,0.20703125,0.13138702511787415,25.45274543762207,0.8690815567970276
7969,369,0.18017578125,0.1448003202676773,30.63556480407715,0.8223729133605957
7970,356,0.173828125,0.14429639279842377,30.32080841064453,0.8295714259147644
7971,327,0.15966796875,0.1408129632472992,31.584716796875,0.8152756094932556
7972,328,0.16015625,0.1369367390871048,31.442516326904297,0.8172957301139832
7973,351,0.17138671875,0.13840606808662415,30.886659622192383,0.8233769536018372
7974,395,0.19287109375,0.11889813840389252,25.968433380126953,0.8640506267547607
7975,430,0.2099609375,0.11544550210237503,22.22966194152832,0.8880581855773926
7976,418,0.2041015625,0.11595933884382248,21.975250244140625,0.887639045715332
7977,441,0.21533203125,0.12724797427654266,24.099361419677734,0.8632962703704834
7978,399,0.19482421875,0.12681733071804047,25.933326721191406,0.8554678559303284
7979,432,0.2109375,0.13297203183174133,24.935224533081055,0.8583985567092896
7980,372,0.181640625,0.14079856872558594,29.461578369140625,0.826241672039032
7981,401,0.19580078125,0.12353216856718063,25.22230339050293,0.8611177206039429
7982,361,0.17626953125,0.1326160728931427,27.363313674926758,0.8465074300765991
7983,368,0.1796875,0.11989036947488785,26.417224884033203,0.859323263168335
7984,385,0.18798828125,0.11913365125656128,24.798006057739258,0.8683662414550781
7985,393,0.19189453125,0.12112083286046982,26.094575881958008,0.8535813093185425
7986,367,0.17919921875,0.12355376780033112,26.138456344604492,0.8624145984649658
7987,397,0.19384765625,0.1251310557126999,24.890911102294922,0.8685641884803772
7988,416,0.203125,0.11465660482645035,22.056556701660156,0.8918898105621338
7989,452,0.220703125,0.09736976027488708,22.27847671508789,0.8995686769485474
7990,431,0.21044921875,0.10971616953611374,24.49258804321289,0.8754234313964844
7991,426,0.2080078125,0.10943946242332458,26.135223388671875,0.8609083294868469
7992,433,0.21142578125,0.11686699837446213,22.83839225769043,0.8840570449829102
7993,435,0.21240234375,0.10858737677335739,22.03549575805664,0.8921654224395752
7994,424,0.20703125,0.11633271723985672,22.562551498413086,0.8871653079986572
7995,436,0.212890625,0.12414407730102539,23.250818252563477,0.8751604557037354
7996,420,0.205078125,0.11557919532060623,22.522680282592773,0.885403573513031
7997,446,0.2177734375,0.11308106780052185,22.173906326293945,0.8861757516860962
7998,453,0.22119140625,0.1096331849694252,21.55612564086914,0.8967865705490112
7999,461,0.22509765625,0.0970461368560791,21.964935302734375,0.8988511562347412
8000,36,0.017578125,0.26098546385765076,37.31336975097656,0.7539894580841064
8001,41,0.02001953125,0.25482767820358276,40.64051055908203,0.70299232006073
8002,41,0.02001953125,0.26463016867637634,42.90864562988281,0.6803508400917053
8003,37,0.01806640625,0.27376338839530945,38.256553649902344,0.7425530552864075
8004,42,0.0205078125,0.2554835081100464,40.84372329711914,0.7121519446372986
8005,54,0.0263671875,0.2406514286994934,40.93330764770508,0.7047507762908936
8006,48,0.0234375,0.20328092575073242,40.52712631225586,0.7132341265678406
8007,51,0.02490234375,0.20107969641685486,38.17759704589844,0.7413373589515686
8008,57,0.02783203125,0.20124782621860504,39.95488357543945,0.7151044607162476
8009,59,0.02880859375,0.1984769105911255,39.8541374206543,0.7230626940727234
8010,51,0.02490234375,0.19726458191871643,40.706058502197266,0.7170445919036865
8011,54,0.0263671875,0.20329464972019196,40.32760238647461,0.7188869714736938
8012,54,0.0263671875,0.19757920503616333,37.05998611450195,0.7647380232810974
8013,47,0.02294921875,0.20099669694900513,38.02260208129883,0.7527465224266052
8014,48,0.0234375,0.19651666283607483,39.68833923339844,0.7325255870819092
8015,49,0.02392578125,0.19497819244861603,35.947086334228516,0.7768638134002686
8016,47,0.02294921875,0.19784453511238098,43.40924072265625,0.6769987940788269
8017,48,0.0234375,0.20232591032981873,39.21168899536133,0.7373678684234619
8018,56,0.02734375,0.19992081820964813,42.501895904541016,0.6966699957847595
8019,51,0.02490234375,0.19484524428844452,39.90001678466797,0.7371951341629028
8020,45,0.02197265625,0.21342910826206207,40.20684051513672,0.722556471824646
8021,50,0.0244140625,0.20250990986824036,41.57761764526367,0.6963858604431152
8022,51,0.02490234375,0.19888775050640106,38.352081298828125,0.7480374574661255
8023,53,0.02587890625,0.19630534946918488,39.60294723510742,0.7386075854301453
8024,55,0.02685546875,0.19133321940898895,41.84577560424805,0.7042833566665649
8025,55,0.02685546875,0.18813668191432953,39.8681755065918,0.7329275012016296
8026,53,0.02587890625,0.18831562995910645,38.86381912231445,0.7439575791358948
8027,51,0.02490234375,0.1977543830871582,43.17799758911133,0.6886999011039734
8028,50,0.0244140625,0.20340688526630402,41.30766677856445,0.7094343304634094
8029,47,0.02294921875,0.20464837551116943,41.4282341003418,0.715244710445404
8030,46,0.0224609375,0.2123962789773941,39.03541946411133,0.7430648803710938
8031,47,0.02294921875,0.20883256196975708,42.58180236816406,0.6866143345832825
8032,51,0.02490234375,0.173915296792984,42.94371795654297,0.6972272992134094
8033,49,0.02392578125,0.2092921882867813,40.72024917602539,0.7165442705154419
8034,50,0.0244140625,0.21750172972679138,43.982574462890625,0.6804634928703308
8035,44,0.021484375,0.21506254374980927,41.22880554199219,0.7130149602890015
8036,38,0.0185546875,0.2110980600118637,43.247371673583984,0.6926382184028625
8037,39,0.01904296875,0.22672677040100098,42.591461181640625,0.6922901272773743
8038,40,0.01953125,0.22047825157642365,40.38307571411133,0.7248060703277588
8039,44,0.021484375,0.2089613825082779,37.67843246459961,0.7696552872657776
8040,234,0.1142578125,0.22999007999897003,37.09833526611328,0.7546566128730774
8041,253,0.12353515625,0.22894324362277985,36.31975173950195,0.7618940472602844
8042,259,0.12646484375,0.21016256511211395,37.87138748168945,0.742457926273346
8043,255,0.12451171875,0.2185553014278412,36.0970344543457,0.7619159817695618
8044,238,0.1162109375,0.1742708534002304,33.011878967285156,0.8039122223854065
8045,237,0.11572265625,0.14144904911518097,33.9141845703125,0.7935162782669067
8046,236,0.115234375,0.12881135940551758,32.763710021972656,0.8036275506019592
8047,211,0.10302734375,0.12736622989177704,29.897624969482422,0.8272814750671387
8048,216,0.10546875,0.11398202180862427,29.203527450561523,0.8343539237976074
8049,226,0.1103515625,0.10496148467063904,29.440589904785156,0.8381362557411194
8050,229,0.11181640625,0.10446079075336456,29.743928909301758,0.8287220001220703
8051,229,0.11181640625,0.10376164317131042,29.329662322998047,0.8307449221611023
8052,228,0.111328125,0.10323291271924973,29.10053825378418,0.8371515274047852
8053,236,0.115234375,0.10222945362329483,30.613107681274414,0.8204208612442017
8054,228,0.111328125,0.09884403645992279,29.767364501953125,0.8335422873497009
8055,245,0.11962890625,0.09595232456922531,31.292665481567383,0.815312385559082
8056,248,0.12109375,0.09940162301063538,30.244077682495117,0.824462890625
8057,238,0.1162109375,0.09735890477895737,31.732921600341797,0.8090732097625732
8058,238,0.1162109375,0.10258646309375763,30.60284996032715,0.8244525790214539
8059,242,0.1181640625,0.10071571171283722,30.174800872802734,0.8256391882896423
8060,245,0.11962890625,0.10343191772699356,30.476295471191406,0.8239219784736633
8061,233,0.11376953125,0.11469977349042892,29.69499397277832,0.830047070980072
8062,233,0.11376953125,0.13567709922790527,30.183177947998047,0.8177464604377747
8063,258,0.1259765625,0.14147134125232697,31.671661376953125,0.7961347699165344
8064,250,0.1220703125,0.14567729830741882,30.51048469543457,0.8077295422554016
8065,253,0.12353515625,0.13386458158493042,29.46061134338379,0.8179020285606384
8066,245,0.11962890625,0.13703839480876923,28.818544387817383,0.8266007304191589
8067,257,0.12548828125,0.11547882854938507,28.837373733520508,0.8207512497901917
8068,257,0.12548828125,0.11987132579088211,29.524311065673828,0.817378580570221
8069,270,0.1318359375,0.10366445034742355,29.6862735748291,0.8113387227058411
8070,307,0.14990234375,0.117643341422081,29.541301727294922,0.8196834325790405
8071,301,0.14697265625,0.11656757444143295,30.018171310424805,0.8148401379585266
8072,311,0.15185546875,0.12267900258302689,30.243732452392578,0.8128089308738708
8073,303,0.14794921875,0.11553593724966049,29.736804962158203,0.8170902729034424
8074,281,0.13720703125,0.11419616639614105,30.192581176757812,0.8198702335357666
8075,289,0.14111328125,0.09131602197885513,30.445417404174805,0.8100939393043518
8076,281,0.13720703125,0.08732988685369492,29.600749969482422,0.8163643479347229
8077,297,0.14501953125,0.09589311480522156,31.51103401184082,0.7974440455436707
8078,289,0.14111328125,0.10198915004730225,31.772947311401367,0.79998379945755
8079,267,0.13037109375,0.11503934115171432,32.029273986816406,0.8005322217941284
8080,144,0.0703125,0.10913211107254028,27.305442810058594,0.8538077473640442
8081,141,0.06884765625,0.09817276895046234,26.757545471191406,0.8569869995117188
8082,131,0.06396484375,0.0948200523853302,26.898393630981445,0.8493798971176147
8083,117,0.05712890625,0.1044924184679985,26.864715576171875,0.8560215830802917
8084,123,0.06005859375,0.09951885044574738,26.7053165435791,0.8578023910522461
8085,135,0.06591796875,0.09527730941772461,29.098535537719727,0.8307456970214844
8086,122,0.0595703125,0.10235010832548141,30.456687927246094,0.8226376175880432
8087,111,0.05419921875,0.1028764620423317,26.62057876586914,0.8572472333908081
8088,114,0.0556640625,0.10938779264688492,27.748048782348633,0.8463187217712402
8089,107,0.05224609375,0.11942381411790848,27.90339469909668,0.8461911082267761
8090,109,0.05322265625,0.11885329335927963,27.154781341552734,0.8548562526702881
8091,102,0.0498046875,0.12559251487255096,26.096548080444336,0.8630051612854004
8092,107,0.05224609375,0.11776039749383926,26.256494522094727,0.8628891706466675
8093,105,0.05126953125,0.11876911669969559,27.905750274658203,0.8441471457481384
8094,97,0.04736328125,0.12542299926280975,26.359453201293945,0.8643149137496948
8095,99,0.04833984375,0.13150069117546082,27.121063232421875,0.8563399910926819
8096,98,0.0478515625,0.1363232284784317,27.21690559387207,0.8576791882514954
8097,95,0.04638671875,0.14954432845115662,30.22646141052246,0.8241896629333496
8098,97,0.04736328125,0.1366463303565979,27.582258224487305,0.8509120345115662
8099,94,0.0458984375,0.13773396611213684,28.287588119506836,0.8468859791755676
8100,91,0.04443359375,0.12240353226661682,29.07890510559082,0.835838258266449
8101,93,0.04541015625,0.12960706651210785,30.79891014099121,0.8199596405029297
8102,96,0.046875,0.13539265096187592,30.524513244628906,0.8138484954833984
8103,95,0.04638671875,0.14548401534557343,30.022974014282227,0.8280486464500427
8104,99,0.04833984375,0.12550044059753418,28.004688262939453,0.847862184047699
8105,106,0.0517578125,0.1242220401763916,26.90134048461914,0.8548598885536194
8106,96,0.046875,0.13510769605636597,27.103471755981445,0.8563272356987
8107,96,0.046875,0.13766439259052277,30.97187614440918,0.8089079260826111
8108,100,0.048828125,0.1329391747713089,28.304576873779297,0.840350866317749
8109,109,0.05322265625,0.12185563147068024,29.152141571044922,0.8246057629585266
8110,111,0.05419921875,0.12365628778934479,28.73224639892578,0.8334527015686035
8111,110,0.0537109375,0.12004174292087555,28.319000244140625,0.8388168215751648
8112,113,0.05517578125,0.10958725959062576,29.32477378845215,0.8251203894615173
8113,113,0.05517578125,0.10294932872056961,28.126384735107422,0.8401262164115906
8114,118,0.0576171875,0.10580489039421082,29.873783111572266,0.8273361325263977
8115,124,0.060546875,0.1011945977807045,28.966829299926758,0.8361620306968689
8116,135,0.06591796875,0.09585703164339066,30.345449447631836,0.8258453607559204
8117,137,0.06689453125,0.10304892063140869,30.528573989868164,0.8234100341796875
8118,135,0.06591796875,0.10446646064519882,29.974529266357422,0.8293883204460144
8119,134,0.0654296875,0.10251303017139435,31.414579391479492,0.8196073770523071
8120,554,0.2705078125,0.15136729180812836,36.394187927246094,0.7437630891799927
8121,528,0.2578125,0.1343279927968979,33.91069793701172,0.7766643762588501
8122,524,0.255859375,0.12321493029594421,34.61573028564453,0.7693443894386292
8123,542,0.2646484375,0.12678846716880798,37.503475189208984,0.7380032539367676
8124,526,0.2568359375,0.1272420883178711,36.10139083862305,0.7492077946662903
8125,565,0.27587890625,0.12762771546840668,40.685646057128906,0.6989800930023193
8126,635,0.31005859375,0.10848230123519897,28.40166473388672,0.8235616683959961
8127,595,0.29052734375,0.10369682312011719,28.547626495361328,0.8273389339447021
8128,778,0.3798828125,0.10920513421297073,38.90852355957031,0.7147735953330994
8129,856,0.41796875,0.11363375186920166,43.88155746459961,0.6650876998901367
8130,708,0.345703125,0.10491844266653061,29.4056339263916,0.8121960163116455
8131,708,0.345703125,0.10779637098312378,31.124034881591797,0.7965973019599915
8132,682,0.3330078125,0.096786729991436,28.20475959777832,0.8271948099136353
8133,720,0.3515625,0.10587818175554276,35.558231353759766,0.7511532306671143
8134,833,0.40673828125,0.10284111648797989,34.11747360229492,0.7716723680496216
8135,799,0.39013671875,0.09791132062673569,32.301368713378906,0.7778880000114441
8136,804,0.392578125,0.1423690915107727,39.55363464355469,0.7087955474853516
8137,839,0.40966796875,0.10987120121717453,34.78810119628906,0.7530111074447632
8138,740,0.361328125,0.10401744395494461,29.64266586303711,0.8082408905029297
8139,671,0.32763671875,0.09410109370946884,28.762466430664062,0.8219876289367676
8140,661,0.32275390625,0.09614788740873337,30.267900466918945,0.809974730014801
8141,601,0.29345703125,0.11903310567140579,41.589088439941406,0.6902008652687073
8142,734,0.3583984375,0.11362036317586899,34.762088775634766,0.7554111480712891
8143,885,0.43212890625,0.11315629631280899,35.02296447753906,0.7480392456054688
8144,828,0.404296875,0.1249200850725174,40.70018005371094,0.6945409178733826
8145,878,0.4287109375,0.1155746802687645,34.25260925292969,0.753592312335968
8146,963,0.47021484375,0.11877235025167465,35.06915283203125,0.7464593052864075
8147,971,0.47412109375,0.12022583186626434,35.796688079833984,0.7400909662246704
8148,1063,0.51904296875,0.12143079936504364,43.62125778198242,0.6678208112716675
8149,938,0.4580078125,0.11747916042804718,36.451210021972656,0.7474265694618225
8150,899,0.43896484375,0.10377918928861618,31.250694274902344,0.8004162907600403
8151,898,0.4384765625,0.11994786560535431,34.93934631347656,0.7575764656066895
8152,1029,0.50244140625,0.12072130292654037,42.059471130371094,0.6851323246955872
8153,969,0.47314453125,0.14261357486248016,39.670555114746094,0.7081610560417175
8154,918,0.4482421875,0.11175953596830368,31.858055114746094,0.7938063144683838
8155,888,0.43359375,0.10429022461175919,29.91717529296875,0.8106604218482971
8156,893,0.43603515625,0.10712006688117981,31.7374210357666,0.7957555055618286
8157,789,0.38525390625,0.10680655390024185,29.783674240112305,0.8130064010620117
8158,783,0.38232421875,0.11169511824846268,31.783958435058594,0.7908816933631897
8159,796,0.388671875,0.10490732640028,30.2897891998291,0.8039928078651428
8160,770,0.3759765625,0.14869242906570435,32.01076889038086,0.8069745898246765
8161,808,0.39453125,0.15520469844341278,30.115758895874023,0.8251145482063293
8162,768,0.375,0.14676755666732788,30.56480598449707,0.8238604068756104
8163,802,0.3916015625,0.1579383760690689,29.455875396728516,0.8266833424568176
8164,790,0.3857421875,0.16631527245044708,28.634492874145508,0.8298493027687073
8165,841,0.41064453125,0.16487345099449158,33.867820739746094,0.7750834822654724
8166,850,0.4150390625,0.1620098352432251,32.24422836303711,0.7946882843971252
8167,810,0.3955078125,0.1602412611246109,28.330652236938477,0.8450875282287598
8168,755,0.36865234375,0.1559210568666458,29.61275291442871,0.839647114276886
8169,746,0.3642578125,0.11407656967639923,28.143827438354492,0.8510681390762329
8170,751,0.36669921875,0.09592900425195694,24.528457641601562,0.8815593123435974
8171,761,0.37158203125,0.12750370800495148,25.996368408203125,0.8673123121261597
8172,781,0.38134765625,0.1259896457195282,26.684288024902344,0.8594467639923096
8173,824,0.40234375,0.0934177041053772,22.20937156677246,0.8985845446586609
8174,832,0.40625,0.09535490721464157,21.031400680541992,0.9063930511474609
8175,723,0.35302734375,0.12097049504518509,23.813337326049805,0.8831920623779297
8176,748,0.365234375,0.11086646467447281,22.164134979248047,0.8970880508422852
8177,888,0.43359375,0.09291177988052368,21.709009170532227,0.8980587720870972
8178,1120,0.546875,0.12241796404123306,28.284934997558594,0.8472768664360046
8179,858,0.4189453125,0.09455613791942596,19.855323791503906,0.9139977097511292
8180,715,0.34912109375,0.10898832976818085,21.56125259399414,0.9012383818626404
8181,822,0.4013671875,0.09217211604118347,23.590124130249023,0.8865174055099487
8182,863,0.42138671875,0.09012236446142197,23.003000259399414,0.8926180005073547
8183,798,0.3896484375,0.09581170231103897,22.065549850463867,0.8951002359390259
8184,689,0.33642578125,0.11414092779159546,22.75644302368164,0.8811301589012146
8185,648,0.31640625,0.12979160249233246,23.405162811279297,0.8735077381134033
8186,881,0.43017578125,0.09879161417484283,22.03934669494629,0.8922290802001953
8187,918,0.4482421875,0.10110055655241013,22.34401512145996,0.8908450603485107
8188,724,0.353515625,0.1174270510673523,22.344602584838867,0.8841302394866943
8189,629,0.30712890625,0.1288253664970398,23.729618072509766,0.8697009086608887
8190,601,0.29345703125,0.13813738524913788,25.356531143188477,0.8544352054595947
8191,667,0.32568359375,0.11901165544986725,23.16771697998047,0.8802074790000916
8192,619,0.30224609375,0.11626026779413223,22.918447494506836,0.884249746799469
8193,581,0.28369140625,0.13530662655830383,25.261117935180664,0.857316792011261
8194,625,0.30517578125,0.1314248889684677,24.352535247802734,0.8671581745147705
8195,824,0.40234375,0.10919608175754547,23.05594825744629,0.8802939057350159
8196,886,0.4326171875,0.10300599783658981,21.44552993774414,0.8968284130096436
8197,779,0.38037109375,0.11418861895799637,22.819204330444336,0.8836833834648132
8198,818,0.3994140625,0.10359132289886475,21.839767456054688,0.8927993774414062
8199,718,0.3505859375,0.1270996481180191,25.667362213134766,0.8564269542694092
8200,37,0.01806640625,0.28224772214889526,32.595794677734375,0.7925754189491272
8201,42,0.0205078125,0.26092007756233215,34.831295013427734,0.7701842784881592
8202,39,0.01904296875,0.2688501477241516,30.556453704833984,0.8153252005577087
8203,35,0.01708984375,0.2897765636444092,33.291072845458984,0.7898160815238953
8204,48,0.0234375,0.2681193947792053,35.50019454956055,0.7715147137641907
8205,43,0.02099609375,0.2789999842643738,31.495262145996094,0.8078669309616089
8206,42,0.0205078125,0.2671089470386505,31.124666213989258,0.814917266368866
8207,36,0.017578125,0.24684983491897583,30.217403411865234,0.8338184356689453
8208,39,0.01904296875,0.275134801864624,36.39651107788086,0.7613548636436462
8209,43,0.02099609375,0.2664121687412262,32.45567321777344,0.8061000108718872
8210,48,0.0234375,0.2590007483959198,35.90678405761719,0.7686983942985535
8211,41,0.02001953125,0.27776235342025757,36.32929611206055,0.7588277459144592
8212,43,0.02099609375,0.2771112620830536,35.163089752197266,0.7692057490348816
8213,47,0.02294921875,0.2905690670013428,36.405208587646484,0.7370405793190002
8214,47,0.02294921875,0.2723329961299896,36.31721496582031,0.761692225933075
8215,49,0.02392578125,0.26462051272392273,34.91487503051758,0.7829294800758362
8216,52,0.025390625,0.2581820785999298,33.82600402832031,0.7911930680274963
8217,51,0.02490234375,0.25949591398239136,34.868858337402344,0.7800471782684326
8218,45,0.02197265625,0.2837821841239929,34.026954650878906,0.7794762253761292
8219,43,0.02099609375,0.29450297355651855,33.05241775512695,0.7884674072265625
8220,39,0.01904296875,0.2953455448150635,31.886186599731445,0.8070639371871948
8221,47,0.02294921875,0.2656947374343872,32.37990188598633,0.8089768290519714
8222,54,0.0263671875,0.25249388813972473,36.73823928833008,0.7540473937988281
8223,60,0.029296875,0.23476602137088776,34.997520446777344,0.7713043689727783
8224,62,0.0302734375,0.22582073509693146,35.218597412109375,0.7687568664550781
8225,67,0.03271484375,0.22650277614593506,36.04130554199219,0.7532430291175842
8226,72,0.03515625,0.2177855521440506,34.70197296142578,0.7691806554794312
8227,59,0.02880859375,0.23996831476688385,35.078208923339844,0.7657545804977417
8228,65,0.03173828125,0.21971821784973145,33.28806686401367,0.7773284912109375
8229,60,0.029296875,0.23604092001914978,35.091796875,0.7703708410263062
8230,61,0.02978515625,0.23601531982421875,37.381160736083984,0.738254725933075
8231,58,0.0283203125,0.2337440401315689,37.034568786621094,0.7510157227516174
8232,60,0.029296875,0.2236635684967041,36.39814376831055,0.7670344114303589
8233,58,0.0283203125,0.2225484549999237,36.51679611206055,0.7595016360282898
8234,59,0.02880859375,0.23936855792999268,34.59081268310547,0.7785189151763916
8235,55,0.02685546875,0.24832743406295776,36.90224075317383,0.7576715350151062
8236,48,0.0234375,0.2554495334625244,34.932796478271484,0.7856213450431824
8237,57,0.02783203125,0.2526256740093231,35.3231315612793,0.7688356637954712
8238,46,0.0224609375,0.27397286891937256,31.9154052734375,0.8088249564170837
8239,45,0.02197265625,0.2811540365219116,36.34939956665039,0.7514044046401978
8240,113,0.05517578125,0.20024843513965607,39.5472297668457,0.7213715314865112
8241,108,0.052734375,0.1770344078540802,38.381317138671875,0.7278037071228027
8242,107,0.05224609375,0.18009603023529053,37.651573181152344,0.7355554699897766
8243,103,0.05029296875,0.17803895473480225,37.72676086425781,0.7357128858566284
8244,111,0.05419921875,0.17521177232265472,37.33311080932617,0.7455504536628723
8245,117,0.05712890625,0.18041221797466278,36.23273468017578,0.757247805595398
8246,121,0.05908203125,0.17685770988464355,36.60411071777344,0.7521024346351624
8247,121,0.05908203125,0.1685398519039154,37.173824310302734,0.7514622211456299
8248,116,0.056640625,0.15699857473373413,36.13343048095703,0.7666557431221008
8249,109,0.05322265625,0.17384833097457886,38.878292083740234,0.7312437891960144
8250,109,0.05322265625,0.16183821856975555,36.309730529785156,0.761749267578125
8251,110,0.0537109375,0.16990375518798828,37.17184066772461,0.7525418400764465
8252,114,0.0556640625,0.1556682139635086,35.36548614501953,0.772918164730072
8253,126,0.0615234375,0.15224486589431763,36.43382263183594,0.7594677209854126
8254,125,0.06103515625,0.15288777649402618,35.83816146850586,0.7609727382659912
8255,125,0.06103515625,0.1475040465593338,36.937129974365234,0.7538464069366455
8256,126,0.0615234375,0.14501412212848663,36.54035568237305,0.760739266872406
8257,117,0.05712890625,0.15201714634895325,37.001060485839844,0.7506566643714905
8258,114,0.0556640625,0.15097124874591827,36.77897262573242,0.7538461089134216
8259,114,0.0556640625,0.16313199698925018,36.027503967285156,0.7612688541412354
8260,111,0.05419921875,0.15700295567512512,36.033992767333984,0.7608746886253357
8261,116,0.056640625,0.15532360970973969,37.589595794677734,0.7432771921157837
8262,123,0.06005859375,0.15232184529304504,36.76313781738281,0.7520349621772766
8263,124,0.060546875,0.15104152262210846,36.21696853637695,0.757770299911499
8264,109,0.05322265625,0.1721312701702118,37.49462127685547,0.7501508593559265
8265,101,0.04931640625,0.17606349289417267,38.80445861816406,0.7333942651748657
8266,100,0.048828125,0.17999984323978424,37.11692810058594,0.7538353800773621
8267,106,0.0517578125,0.1653388887643814,37.386192321777344,0.752618134021759
8268,101,0.04931640625,0.17267218232154846,39.0535774230957,0.7364163398742676
8269,106,0.0517578125,0.17351654171943665,37.426551818847656,0.7506953477859497
8270,105,0.05126953125,0.17512014508247375,37.3808708190918,0.7496081590652466
8271,107,0.05224609375,0.18020062148571014,38.319908142089844,0.7322063446044922
8272,107,0.05224609375,0.19451774656772614,37.415828704833984,0.7446690201759338
8273,121,0.05908203125,0.18100832402706146,37.225528717041016,0.7435304522514343
8274,121,0.05908203125,0.17783328890800476,37.67432403564453,0.7391383051872253
8275,114,0.0556640625,0.18052938580513,37.973812103271484,0.7369046807289124
8276,108,0.052734375,0.18502305448055267,37.96409225463867,0.7364275455474854
8277,101,0.04931640625,0.17269328236579895,36.213890075683594,0.7605217695236206
8278,111,0.05419921875,0.1801142394542694,38.690284729003906,0.7270535230636597
8279,118,0.0576171875,0.17395293712615967,36.90045166015625,0.7514215111732483
8280,581,0.28369140625,0.12646961212158203,34.09781265258789,0.7690682411193848
8281,588,0.287109375,0.11446154862642288,32.73996353149414,0.7819321155548096
8282,570,0.2783203125,0.17598268389701843,36.38585662841797,0.7410411238670349
8283,607,0.29638671875,0.11480581015348434,30.450057983398438,0.8113725185394287
8284,638,0.3115234375,0.11008840054273605,29.367876052856445,0.8236786127090454
8285,663,0.32373046875,0.10046921670436859,28.002819061279297,0.841126024723053
8286,647,0.31591796875,0.09755957126617432,27.557872772216797,0.8463079333305359
8287,659,0.32177734375,0.10060378909111023,27.890256881713867,0.8440772891044617
8288,654,0.3193359375,0.10527163743972778,27.839359283447266,0.8454873561859131
8289,673,0.32861328125,0.09303963929414749,24.426109313964844,0.877117395401001
8290,661,0.32275390625,0.09380720555782318,25.589832305908203,0.867149293422699
8291,662,0.3232421875,0.08916325867176056,23.684816360473633,0.8834564089775085
8292,647,0.31591796875,0.0925993099808693,23.800655364990234,0.8797657489776611
8293,677,0.33056640625,0.08837969601154327,22.965171813964844,0.8876724243164062
8294,706,0.3447265625,0.08596260100603104,24.01341438293457,0.8763135671615601
8295,668,0.326171875,0.09103180468082428,22.424617767333984,0.8936805725097656
8296,696,0.33984375,0.08366124331951141,23.56039810180664,0.8838083744049072
8297,739,0.36083984375,0.09022091329097748,24.337169647216797,0.8753447532653809
8298,749,0.36572265625,0.09381790459156036,23.906869888305664,0.8787351250648499
8299,679,0.33154296875,0.09933272004127502,23.438560485839844,0.8906695246696472
8300,666,0.3251953125,0.10058606415987015,23.6657772064209,0.8897615075111389
8301,697,0.34033203125,0.09888496994972229,22.271907806396484,0.8985040783882141
8302,672,0.328125,0.11433205753564835,23.98443603515625,0.8866216540336609
8303,699,0.34130859375,0.10581284016370773,22.640460968017578,0.8960488438606262
8304,715,0.34912109375,0.10943400859832764,23.870447158813477,0.8848757147789001
8305,762,0.3720703125,0.10623674094676971,23.55451774597168,0.8823975324630737
8306,777,0.37939453125,0.1146797388792038,24.881128311157227,0.8786754608154297
8307,782,0.3818359375,0.11368198692798615,25.17392349243164,0.8747667670249939
8308,818,0.3994140625,0.1175222173333168,25.514162063598633,0.8698872327804565
8309,874,0.4267578125,0.12744693458080292,26.552404403686523,0.8591917753219604
8310,864,0.421875,0.12078778445720673,24.61681365966797,0.8767151236534119
8311,844,0.412109375,0.11197290569543839,23.796113967895508,0.8768201470375061
8312,817,0.39892578125,0.10923248529434204,23.439178466796875,0.8753275275230408
8313,786,0.3837890625,0.10563132166862488,24.180885314941406,0.8655585050582886
8314,766,0.3740234375,0.10933120548725128,23.333343505859375,0.8825790286064148
8315,740,0.361328125,0.10860583186149597,24.195905685424805,0.8710594177246094
8316,707,0.34521484375,0.11437222361564636,29.115968704223633,0.8359472751617432
8317,715,0.34912109375,0.128827303647995,32.885765075683594,0.7886484861373901
8318,706,0.3447265625,0.14202527701854706,29.56060028076172,0.8340216279029846
8319,693,0.33837890625,0.14291247725486755,31.35116195678711,0.8092109560966492
8320,455,0.22216796875,0.10034516453742981,33.46358871459961,0.7857733368873596
8321,430,0.2099609375,0.10122311115264893,30.96368408203125,0.8171091675758362
8322,435,0.21240234375,0.1096288189291954,30.369308471679688,0.8180440068244934
8323,443,0.21630859375,0.11404977738857269,30.389198303222656,0.8196362257003784
8324,602,0.2939453125,0.0908433049917221,25.202716827392578,0.8705880045890808
8325,645,0.31494140625,0.09058256447315216,24.582231521606445,0.8771321773529053
8326,622,0.3037109375,0.09266995638608932,25.454545974731445,0.8682786822319031
8327,736,0.359375,0.08746898174285889,23.749574661254883,0.8792268633842468
8328,806,0.3935546875,0.08752124011516571,25.239864349365234,0.8604316711425781
8329,702,0.3427734375,0.08704520016908646,24.30629539489746,0.8710200786590576
8330,932,0.455078125,0.08837350457906723,19.139259338378906,0.9042032361030579
8331,1031,0.50341796875,0.10522864013910294,19.18049430847168,0.9072126746177673
8332,905,0.44189453125,0.09175148606300354,19.92369270324707,0.9032363295555115
8333,944,0.4609375,0.0908535048365593,19.22551918029785,0.9063917398452759
8334,1118,0.5458984375,0.11327380686998367,21.32849884033203,0.8839229345321655
8335,983,0.47998046875,0.10162573307752609,21.480140686035156,0.8884075880050659
8336,1051,0.51318359375,0.10860968381166458,22.91539192199707,0.8760569095611572
8337,1112,0.54296875,0.10710791498422623,19.996746063232422,0.8947208523750305
8338,1279,0.62451171875,0.1350327432155609,24.283952713012695,0.8574352264404297
8339,1069,0.52197265625,0.10466212779283524,18.9947566986084,0.9043844938278198
8340,1095,0.53466796875,0.10875987261533737,19.761293411254883,0.8960034847259521
8341,1041,0.50830078125,0.10890147089958191,20.097976684570312,0.9007954001426697
8342,1033,0.50439453125,0.10696947574615479,20.88377571105957,0.8944258689880371
8343,889,0.43408203125,0.09376773983240128,22.067983627319336,0.891444206237793
8344,836,0.408203125,0.08782269805669785,20.642911911010742,0.9032756090164185
8345,837,0.40869140625,0.0999983549118042,21.815128326416016,0.891405463218689
8346,762,0.3720703125,0.10900725424289703,24.958908081054688,0.8654254078865051
8347,772,0.376953125,0.11071497946977615,25.4268798828125,0.8639923930168152
8348,737,0.35986328125,0.10442401468753815,24.59379005432129,0.8688609600067139
8349,558,0.2724609375,0.13865502178668976,28.017642974853516,0.8422970175743103
8350,617,0.30126953125,0.1158297210931778,26.554187774658203,0.8533996939659119
8351,794,0.3876953125,0.10754156112670898,25.359237670898438,0.8644408583641052
8352,807,0.39404296875,0.10094019025564194,25.796398162841797,0.8614436984062195
8353,889,0.43408203125,0.1084180474281311,22.743803024291992,0.8885089755058289
8354,907,0.44287109375,0.12381502240896225,26.04386329650879,0.8612087368965149
8355,893,0.43603515625,0.12276802957057953,25.17996597290039,0.8651965260505676
8356,914,0.4462890625,0.1054980456829071,22.07918357849121,0.8856902718544006
8357,849,0.41455078125,0.08773450553417206,22.923917770385742,0.8809877634048462
8358,909,0.44384765625,0.11059805005788803,24.26056671142578,0.8710589408874512
8359,906,0.4423828125,0.1091814637184143,24.157121658325195,0.8702894449234009
8360,218,0.1064453125,0.15535098314285278,30.593753814697266,0.8261048197746277
8361,234,0.1142578125,0.16822057962417603,30.383930206298828,0.8232476711273193
8362,233,0.11376953125,0.1657584011554718,31.11205291748047,0.8201901316642761
8363,228,0.111328125,0.15797169506549835,29.728971481323242,0.8359111547470093
8364,225,0.10986328125,0.1596270650625229,29.38703155517578,0.8395341634750366
8365,218,0.1064453125,0.14573568105697632,31.74803352355957,0.8087747693061829
8366,217,0.10595703125,0.15266107022762299,30.852272033691406,0.8230161070823669
8367,226,0.1103515625,0.15352250635623932,30.483755111694336,0.8273667693138123
8368,227,0.11083984375,0.15830494463443756,30.26068687438965,0.828700840473175
8369,220,0.107421875,0.15070225298404694,31.07621192932129,0.8203672766685486
8370,213,0.10400390625,0.1571323126554489,29.269826889038086,0.8378852009773254
8371,205,0.10009765625,0.16207660734653473,30.369094848632812,0.8248494267463684
8372,192,0.09375,0.1660352349281311,29.607194900512695,0.8341807723045349
8373,192,0.09375,0.16659674048423767,29.583093643188477,0.8310104012489319
8374,184,0.08984375,0.16620197892189026,29.936311721801758,0.8258201479911804
8375,183,0.08935546875,0.1574513018131256,29.160839080810547,0.8319254517555237
8376,197,0.09619140625,0.16346049308776855,28.357149124145508,0.8436465859413147
8377,191,0.09326171875,0.16829654574394226,29.39830207824707,0.8348327279090881
8378,190,0.0927734375,0.1648472547531128,29.60311508178711,0.8311133980751038
8379,192,0.09375,0.16593794524669647,30.124177932739258,0.8257966041564941
8380,204,0.099609375,0.1528666466474533,30.6025447845459,0.8203362822532654
8381,204,0.099609375,0.1445949673652649,32.972137451171875,0.7963627576828003
8382,201,0.09814453125,0.14802075922489166,33.68667984008789,0.7871710062026978
8383,206,0.1005859375,0.1450539380311966,32.72759246826172,0.8000640273094177
8384,207,0.10107421875,0.1449713110923767,33.49763107299805,0.7905479669570923
8385,217,0.10595703125,0.14032620191574097,31.78461265563965,0.8111567497253418
8386,229,0.11181640625,0.14143671095371246,33.00564193725586,0.7981387972831726
8387,229,0.11181640625,0.14213275909423828,32.801692962646484,0.8003278374671936
8388,228,0.111328125,0.14201562106609344,32.550899505615234,0.8033767342567444
8389,259,0.12646484375,0.14965566992759705,33.72361755371094,0.7947027087211609
8390,285,0.13916015625,0.15883293747901917,34.22013854980469,0.7919189929962158
8391,309,0.15087890625,0.17708921432495117,38.28695297241211,0.7450527548789978
8392,322,0.1572265625,0.1770559549331665,40.41338348388672,0.718625545501709
8393,327,0.15966796875,0.15911360085010529,38.63880157470703,0.7388498187065125
8394,283,0.13818359375,0.16401056945323944,35.91530990600586,0.7693430781364441
8395,269,0.13134765625,0.15188750624656677,35.184200286865234,0.782592236995697
8396,255,0.12451171875,0.14701788127422333,35.591209411621094,0.775178849697113
8397,243,0.11865234375,0.14650042355060577,35.58333206176758,0.7748500108718872
8398,239,0.11669921875,0.14091134071350098,33.38352584838867,0.7983754873275757
8399,229,0.11181640625,0.14219403266906738,32.78579330444336,0.7997745275497437
8400,59,0.02880859375,0.2175149917602539,44.66517639160156,0.6467624306678772
8401,65,0.03173828125,0.21363835036754608,40.451942443847656,0.6974126100540161
8402,61,0.02978515625,0.21202673017978668,42.746578216552734,0.6723734140396118
8403,53,0.02587890625,0.2148301899433136,36.83185958862305,0.7509425282478333
8404,49,0.02392578125,0.22071872651576996,35.92519760131836,0.7469618916511536
8405,41,0.02001953125,0.2427588254213333,34.13057327270508,0.7807696461677551
8406,39,0.01904296875,0.23189058899879456,39.59326934814453,0.7359358668327332
8407,49,0.02392578125,0.20377042889595032,38.22344970703125,0.748327910900116
8408,45,0.02197265625,0.20837439596652985,37.09792709350586,0.756558895111084
8409,37,0.01806640625,0.23452700674533844,37.077392578125,0.7688634991645813
8410,37,0.01806640625,0.22376905381679535,39.573055267333984,0.7345163226127625
8411,32,0.015625,0.25105923414230347,36.65381622314453,0.761568546295166
8412,40,0.01953125,0.22807349264621735,37.77562713623047,0.7497455477714539
8413,43,0.02099609375,0.21070683002471924,36.57797622680664,0.7635052800178528
8414,38,0.0185546875,0.23945352435112,39.188751220703125,0.7312896251678467
8415,49,0.02392578125,0.20193757116794586,36.19978332519531,0.7687552571296692
8416,48,0.0234375,0.20488311350345612,38.49261474609375,0.7475497722625732
8417,41,0.02001953125,0.21976831555366516,35.36679458618164,0.776419460773468
8418,43,0.02099609375,0.21808312833309174,35.49138259887695,0.777009904384613
8419,57,0.02783203125,0.22317160665988922,38.60786056518555,0.7312426567077637
8420,48,0.0234375,0.20607583224773407,34.784976959228516,0.7879701256752014
8421,39,0.01904296875,0.2442760020494461,35.72665023803711,0.7680840492248535
8422,36,0.017578125,0.2511008381843567,36.29389953613281,0.7579938769340515
8423,37,0.01806640625,0.25117000937461853,37.908321380615234,0.7379037737846375
8424,39,0.01904296875,0.2326507568359375,34.61958312988281,0.7838655114173889
8425,42,0.0205078125,0.23423610627651215,36.92181396484375,0.7480681538581848
8426,50,0.0244140625,0.20974326133728027,36.055198669433594,0.7753914594650269
8427,48,0.0234375,0.2048064023256302,35.45359420776367,0.7751641273498535
8428,55,0.02685546875,0.20838338136672974,37.873233795166016,0.7476722598075867
8429,47,0.02294921875,0.22196823358535767,37.5897102355957,0.7352281212806702
8430,38,0.0185546875,0.23915232717990875,32.28359603881836,0.7994659543037415
8431,50,0.0244140625,0.22116433084011078,34.92521286010742,0.7837287783622742
8432,57,0.02783203125,0.21503180265426636,38.14047622680664,0.7426004409790039
8433,66,0.0322265625,0.20089282095432281,35.69439697265625,0.764899492263794
8434,72,0.03515625,0.1966457962989807,39.121524810791016,0.7230550050735474
8435,66,0.0322265625,0.19696281850337982,36.13127899169922,0.7595460414886475
8436,79,0.03857421875,0.19212719798088074,39.65671157836914,0.7202476859092712
8437,80,0.0390625,0.20878204703330994,39.620384216308594,0.7234920263290405
8438,73,0.03564453125,0.19836026430130005,39.13384246826172,0.7283278703689575
8439,66,0.0322265625,0.21281537413597107,34.86750030517578,0.7695206999778748
8440,1249,0.60986328125,0.1301412433385849,18.608945846557617,0.9028177857398987
8441,1247,0.60888671875,0.12755955755710602,17.802915573120117,0.9107297658920288
8442,1289,0.62939453125,0.12496716529130936,18.390052795410156,0.9050648808479309
8443,1294,0.6318359375,0.12309493869543076,18.680021286010742,0.9084391593933105
8444,1297,0.63330078125,0.11060363054275513,14.928723335266113,0.9336488246917725
8445,1306,0.6376953125,0.10913239419460297,15.028510093688965,0.9329044222831726
8446,1348,0.658203125,0.11321613192558289,17.305999755859375,0.9153803586959839
8447,1312,0.640625,0.10912303626537323,14.543205261230469,0.9348030090332031
8448,1241,0.60595703125,0.10986331850290298,13.241246223449707,0.9518416523933411
8449,1308,0.638671875,0.10185658186674118,12.405450820922852,0.9507724642753601
8450,1271,0.62060546875,0.10255364328622818,12.417123794555664,0.9571741819381714
8451,1257,0.61376953125,0.10460972040891647,12.676650047302246,0.9570600986480713
8452,1259,0.61474609375,0.10356217622756958,12.397475242614746,0.9583960175514221
8453,1264,0.6171875,0.10464541614055634,12.793853759765625,0.9562824368476868
8454,1269,0.61962890625,0.1031283363699913,12.3071928024292,0.9580127000808716
8455,1268,0.619140625,0.10235583037137985,12.749690055847168,0.9559778571128845
8456,1297,0.63330078125,0.10112102329730988,12.209431648254395,0.9529263377189636
8457,1256,0.61328125,0.10164111852645874,11.97838020324707,0.9605699181556702
8458,1265,0.61767578125,0.1015940010547638,11.877113342285156,0.9630957841873169
8459,1306,0.6376953125,0.09929767996072769,11.616701126098633,0.9551524519920349
8460,1379,0.67333984375,0.11085184663534164,16.31574821472168,0.9198564291000366
8461,1302,0.6357421875,0.10405369848012924,11.540929794311523,0.9580658674240112
8462,1275,0.62255859375,0.10265921801328659,12.276591300964355,0.955935001373291
8463,1312,0.640625,0.10455536097288132,11.550013542175293,0.9562714099884033
8464,1338,0.6533203125,0.10878705233335495,12.507619857788086,0.9486843943595886
8465,1314,0.6416015625,0.10456688702106476,11.362142562866211,0.9568900465965271
8466,1361,0.66455078125,0.11071706563234329,13.980989456176758,0.9371114373207092
8467,1321,0.64501953125,0.10797389596700668,12.627484321594238,0.950425386428833
8468,1296,0.6328125,0.10570971667766571,13.124659538269043,0.9509684443473816
8469,1286,0.6279296875,0.10277405381202698,12.563593864440918,0.9554154872894287
8470,1319,0.64404296875,0.10374504327774048,12.183826446533203,0.9510883092880249
8471,1277,0.62353515625,0.10109226405620575,11.738004684448242,0.9592915773391724
8472,1239,0.60498046875,0.10683515667915344,12.047226905822754,0.9582124352455139
8473,1249,0.60986328125,0.10359528660774231,12.014273643493652,0.9586716294288635
8474,1242,0.6064453125,0.10205233097076416,12.272835731506348,0.9578028917312622
8475,1234,0.6025390625,0.10281811654567719,12.315079689025879,0.9577813744544983
8476,1291,0.63037109375,0.10069116204977036,12.237569808959961,0.9532986283302307
8477,1285,0.62744140625,0.10711824893951416,12.96739387512207,0.9484691619873047
8478,1277,0.62353515625,0.10664496570825577,12.925875663757324,0.950056254863739
8479,1303,0.63623046875,0.10081898421049118,13.50411605834961,0.9440164566040039
8480,140,0.068359375,0.15385311841964722,36.92543029785156,0.7578577399253845
8481,144,0.0703125,0.15317067503929138,38.48060607910156,0.7402507662773132
8482,136,0.06640625,0.14966121315956116,39.808284759521484,0.7244789004325867
8483,141,0.06884765625,0.1501593440771103,40.008853912353516,0.7244705557823181
8484,126,0.0615234375,0.15085355937480927,35.853336334228516,0.7704466581344604
8485,128,0.0625,0.15559041500091553,38.34353256225586,0.7381914854049683
8486,118,0.0576171875,0.15925464034080505,36.51255416870117,0.7571281790733337
8487,129,0.06298828125,0.16166271269321442,38.49506378173828,0.738741397857666
8488,126,0.0615234375,0.16366322338581085,38.49128723144531,0.7390725016593933
8489,123,0.06005859375,0.16831593215465546,40.14255142211914,0.7164480090141296
8490,121,0.05908203125,0.16513769328594208,38.9925537109375,0.7321217656135559
8491,121,0.05908203125,0.16015611588954926,37.77027130126953,0.7470184564590454
8492,115,0.05615234375,0.1604936569929123,37.16281509399414,0.7515050768852234
8493,122,0.0595703125,0.15318968892097473,37.318023681640625,0.749302864074707
8494,124,0.060546875,0.15682242810726166,38.99396514892578,0.7258849740028381
8495,117,0.05712890625,0.15700621902942657,37.934932708740234,0.7451127767562866
8496,111,0.05419921875,0.1508178859949112,39.105865478515625,0.7340861558914185
8497,106,0.0517578125,0.13137325644493103,37.302818298339844,0.7509043216705322
8498,105,0.05126953125,0.1364821195602417,35.45817565917969,0.7736619710922241
8499,112,0.0546875,0.14934755861759186,38.67938232421875,0.7366341948509216
8500,110,0.0537109375,0.1629304587841034,38.411746978759766,0.7404540777206421
8501,107,0.05224609375,0.16365283727645874,38.338104248046875,0.7430086135864258
8502,116,0.056640625,0.16539153456687927,39.03401565551758,0.7311082482337952
8503,120,0.05859375,0.16553184390068054,38.9226188659668,0.7360876798629761
8504,117,0.05712890625,0.16061732172966003,38.692298889160156,0.7384058237075806
8505,117,0.05712890625,0.15333020687103271,38.95766067504883,0.7356560230255127
8506,121,0.05908203125,0.1594492346048355,38.822059631347656,0.7357860803604126
8507,117,0.05712890625,0.15946610271930695,38.595401763916016,0.7413439750671387
8508,118,0.0576171875,0.16005699336528778,38.64178466796875,0.7393399477005005
8509,123,0.06005859375,0.15317119657993317,39.31288528442383,0.7302315831184387
8510,128,0.0625,0.1520521640777588,40.37388610839844,0.719456136226654
8511,131,0.06396484375,0.1504049450159073,39.56879806518555,0.7298367023468018
8512,134,0.0654296875,0.14577287435531616,40.2371940612793,0.7196983695030212
8513,130,0.0634765625,0.14949995279312134,37.70570755004883,0.7550159096717834
8514,142,0.0693359375,0.1559772938489914,39.56450653076172,0.7291852831840515
8515,138,0.0673828125,0.15361079573631287,39.69288635253906,0.7306708693504333
8516,131,0.06396484375,0.15164382755756378,37.41309356689453,0.7547702789306641
8517,135,0.06591796875,0.15222342312335968,39.65271759033203,0.7225736975669861
8518,128,0.0625,0.146351620554924,37.73866271972656,0.7512712478637695
8519,133,0.06494140625,0.1531364619731903,38.3452262878418,0.7413640022277832
8520,132,0.064453125,0.17260287702083588,34.356727600097656,0.7760524749755859
8521,133,0.06494140625,0.17197608947753906,35.21116638183594,0.7680038809776306
8522,133,0.06494140625,0.152699276804924,33.58054733276367,0.7883201837539673
8523,123,0.06005859375,0.13008716702461243,32.18351745605469,0.8015106320381165
8524,114,0.0556640625,0.13111135363578796,30.916542053222656,0.8126634955406189
8525,115,0.05615234375,0.1289866864681244,30.33208656311035,0.8227624893188477
8526,109,0.05322265625,0.11969276517629623,32.26498794555664,0.7975379228591919
8527,111,0.05419921875,0.12004491686820984,32.15543746948242,0.7988105416297913
8528,100,0.048828125,0.11741678416728973,31.373708724975586,0.8081232309341431
8529,106,0.0517578125,0.11919736862182617,32.182701110839844,0.8024870753288269
8530,96,0.046875,0.11401292681694031,29.601486206054688,0.8306025862693787
8531,102,0.0498046875,0.11295934021472931,33.88861083984375,0.7829621434211731
8532,100,0.048828125,0.11192028969526291,31.64550018310547,0.8035431504249573
8533,106,0.0517578125,0.11605271697044373,31.675270080566406,0.8018776774406433
8534,97,0.04736328125,0.12675780057907104,27.536941528320312,0.8430262804031372
8535,103,0.05029296875,0.11229502409696579,30.280349731445312,0.8187568187713623
8536,104,0.05078125,0.11605125665664673,31.620136260986328,0.8044993877410889
8537,100,0.048828125,0.11663079261779785,29.861005783081055,0.8294923305511475
8538,99,0.04833984375,0.11436416953802109,29.63985824584961,0.8315203189849854
8539,98,0.0478515625,0.1140839084982872,32.206092834472656,0.8007485270500183
8540,104,0.05078125,0.11376030743122101,32.03658676147461,0.8057197332382202
8541,94,0.0458984375,0.10705754160881042,33.3945198059082,0.7953695058822632
8542,91,0.04443359375,0.11257633566856384,33.86606216430664,0.7886234521865845
8543,95,0.04638671875,0.11531247198581696,31.4521541595459,0.8038278818130493
8544,97,0.04736328125,0.11308123171329498,31.59039306640625,0.81035977602005
8545,93,0.04541015625,0.11912363022565842,33.13455581665039,0.7964215278625488
8546,101,0.04931640625,0.11660391837358475,32.59684371948242,0.8003554940223694
8547,103,0.05029296875,0.11893384158611298,31.88469886779785,0.808674693107605
8548,96,0.046875,0.11882861703634262,29.182790756225586,0.8390045762062073
8549,111,0.05419921875,0.11464331299066544,32.985530853271484,0.793604850769043
8550,117,0.05712890625,0.12046543508768082,33.469181060791016,0.7921063303947449
8551,118,0.0576171875,0.11767113208770752,32.80341720581055,0.8040590882301331
8552,123,0.06005859375,0.13647675514221191,32.595359802246094,0.8013916611671448
8553,121,0.05908203125,0.129084050655365,35.10523223876953,0.7761669754981995
8554,118,0.0576171875,0.1291784942150116,32.54412841796875,0.8030635118484497
8555,106,0.0517578125,0.10890450328588486,30.71674156188965,0.8197473287582397
8556,117,0.05712890625,0.1152377501130104,32.54490661621094,0.7890728116035461
8557,125,0.06103515625,0.13571834564208984,33.5540657043457,0.778066098690033
8558,121,0.05908203125,0.13574530184268951,32.9102897644043,0.794751763343811
8559,121,0.05908203125,0.1398100107908249,31.1844539642334,0.8129429817199707
8560,241,0.11767578125,0.13664492964744568,33.74286651611328,0.7911333441734314
8561,263,0.12841796875,0.12144938856363297,30.907602310180664,0.8185006976127625
8562,236,0.115234375,0.11365899443626404,31.442230224609375,0.8217978477478027
8563,246,0.1201171875,0.1110764592885971,30.0949764251709,0.8293474912643433
8564,253,0.12353515625,0.11206471174955368,30.831012725830078,0.8225832581520081
8565,237,0.11572265625,0.11211799085140228,31.70958137512207,0.8132776021957397
8566,250,0.1220703125,0.11094420403242111,31.44621467590332,0.8162065148353577
8567,224,0.109375,0.11467947065830231,33.6402473449707,0.7970117330551147
8568,248,0.12109375,0.11550315469503403,32.423240661621094,0.8052037358283997
8569,271,0.13232421875,0.1144806519150734,31.401403427124023,0.8107965588569641
8570,268,0.130859375,0.11352694034576416,30.505659103393555,0.8199276328086853
8571,270,0.1318359375,0.11777374148368835,30.901037216186523,0.81485915184021
8572,286,0.1396484375,0.11576786637306213,30.44463348388672,0.8231114745140076
8573,312,0.15234375,0.12450379878282547,33.20755386352539,0.7898277640342712
8574,310,0.1513671875,0.1249588280916214,32.45360565185547,0.793973982334137
8575,253,0.12353515625,0.11891493201255798,29.578922271728516,0.8340586423873901
8576,244,0.119140625,0.11674288660287857,30.975341796875,0.8177416324615479
8577,250,0.1220703125,0.11888789385557175,31.83490753173828,0.8055984377861023
8578,219,0.10693359375,0.1155121922492981,32.12879180908203,0.8089644312858582
8579,209,0.10205078125,0.11269278824329376,32.996421813964844,0.8005936145782471
8580,187,0.09130859375,0.11393176019191742,31.980863571166992,0.8076019883155823
8581,161,0.07861328125,0.11440389603376389,30.76291275024414,0.8233885169029236
8582,141,0.06884765625,0.10761810094118118,27.982608795166016,0.8462730050086975
8583,147,0.07177734375,0.11790133267641068,29.081928253173828,0.8352841734886169
8584,146,0.0712890625,0.12588441371917725,29.963626861572266,0.8225415349006653
8585,154,0.0751953125,0.11866913735866547,29.60565948486328,0.8278806805610657
8586,150,0.0732421875,0.11159021407365799,28.014677047729492,0.849307119846344
8587,141,0.06884765625,0.10838011652231216,28.642473220825195,0.8409297466278076
8588,139,0.06787109375,0.11174388974905014,28.435070037841797,0.841257631778717
8589,141,0.06884765625,0.1129467710852623,29.398691177368164,0.8292297720909119
8590,146,0.0712890625,0.12879571318626404,28.82200050354004,0.8317223191261292
8591,151,0.07373046875,0.1282981038093567,29.674850463867188,0.8233773708343506
8592,162,0.0791015625,0.1367192268371582,30.70893096923828,0.8178191184997559
8593,161,0.07861328125,0.15939657390117645,32.430240631103516,0.8008335828781128
8594,145,0.07080078125,0.13575761020183563,28.558427810668945,0.8429422974586487
8595,149,0.07275390625,0.15153798460960388,28.99814796447754,0.836418867111206
8596,144,0.0703125,0.1402168869972229,29.33213233947754,0.8324061632156372
8597,144,0.0703125,0.1459815800189972,29.937171936035156,0.8275547623634338
8598,147,0.07177734375,0.14090770483016968,29.994199752807617,0.8253467082977295
8599,137,0.06689453125,0.13961809873580933,28.48894691467285,0.8433057069778442
8600,180,0.087890625,0.3426203429698944,45.56361389160156,0.6467615365982056
8601,375,0.18310546875,0.2026653289794922,32.763084411621094,0.7889272570610046
8602,552,0.26953125,0.15706950426101685,29.2163143157959,0.8330868482589722
8603,546,0.2666015625,0.17436952888965607,29.61674690246582,0.8276128172874451
8604,522,0.2548828125,0.17693544924259186,30.404640197753906,0.8193670511245728
8605,588,0.287109375,0.15683570504188538,30.8776912689209,0.8199416995048523
8606,674,0.3291015625,0.13975383341312408,27.939224243164062,0.8430735468864441
8607,697,0.34033203125,0.13867558538913727,28.913036346435547,0.8310320973396301
8608,702,0.3427734375,0.1398376077413559,29.861927032470703,0.8201084136962891
8609,721,0.35205078125,0.14553387463092804,30.408300399780273,0.8165037631988525
8610,703,0.34326171875,0.13203731179237366,29.8481502532959,0.8228930830955505
8611,696,0.33984375,0.1405247151851654,28.14112663269043,0.8401014804840088
8612,642,0.3134765625,0.14154210686683655,29.4104061126709,0.8331666588783264
8613,745,0.36376953125,0.14321212470531464,28.873292922973633,0.8366336822509766
8614,735,0.35888671875,0.14890576899051666,29.715667724609375,0.8314753174781799
8615,718,0.3505859375,0.1439124345779419,29.86346435546875,0.8225562572479248
8616,724,0.353515625,0.15193170309066772,31.30756378173828,0.8137317299842834
8617,711,0.34716796875,0.1740075647830963,34.763275146484375,0.7781007289886475
8618,732,0.357421875,0.15707772970199585,31.041643142700195,0.8135963678359985
8619,588,0.287109375,0.15492118895053864,30.78257942199707,0.8140068054199219
8620,498,0.2431640625,0.17752180993556976,32.995418548583984,0.7876654267311096
8621,531,0.25927734375,0.17250148952007294,30.962244033813477,0.804151177406311
8622,525,0.25634765625,0.16653037071228027,27.72443389892578,0.8391505479812622
8623,597,0.29150390625,0.1608659327030182,28.124568939208984,0.8326360583305359
8624,519,0.25341796875,0.16958826780319214,29.737581253051758,0.8183349967002869
8625,581,0.28369140625,0.16066652536392212,30.360107421875,0.8104042410850525
8626,290,0.1416015625,0.24672389030456543,35.22701644897461,0.7458934783935547
8627,354,0.1728515625,0.21575933694839478,32.66300582885742,0.7788600325584412
8628,337,0.16455078125,0.2194376289844513,33.44037628173828,0.7734562158584595
8629,274,0.1337890625,0.2554713487625122,38.32225036621094,0.7256038188934326
8630,351,0.17138671875,0.19668680429458618,31.324460983276367,0.8033711314201355
8631,588,0.287109375,0.15734007954597473,28.289541244506836,0.8381444811820984
8632,598,0.2919921875,0.1647949367761612,28.510112762451172,0.8312007188796997
8633,418,0.2041015625,0.1985551416873932,29.74102783203125,0.8178406357765198
8634,419,0.20458984375,0.20197321474552155,31.646623611450195,0.802016019821167
8635,537,0.26220703125,0.17958810925483704,28.85825538635254,0.8299867510795593
8636,454,0.2216796875,0.1973905861377716,33.22802734375,0.7854697108268738
8637,307,0.14990234375,0.20535492897033691,38.27561569213867,0.7282264232635498
8638,543,0.26513671875,0.18142642080783844,29.351303100585938,0.823936939239502
8639,586,0.2861328125,0.16714075207710266,30.927234649658203,0.8113909363746643
8640,323,0.15771484375,0.11421536654233932,27.640796661376953,0.8381565809249878
8641,311,0.15185546875,0.12271501868963242,28.137203216552734,0.8370601534843445
8642,320,0.15625,0.11995424330234528,26.935867309570312,0.8455830812454224
8643,323,0.15771484375,0.11661556363105774,26.923627853393555,0.8445143699645996
8644,318,0.1552734375,0.12339747697114944,26.626142501831055,0.8489823937416077
8645,323,0.15771484375,0.12044578790664673,27.2007999420166,0.8381820917129517
8646,314,0.1533203125,0.1247563362121582,29.258676528930664,0.8152831792831421
8647,322,0.1572265625,0.11507897824048996,25.909255981445312,0.8510101437568665
8648,321,0.15673828125,0.11372961103916168,25.667926788330078,0.8567916750907898
8649,364,0.177734375,0.0980861559510231,29.5078182220459,0.8215913772583008
8650,364,0.177734375,0.09828222543001175,30.28520393371582,0.8206920623779297
8651,390,0.1904296875,0.10053674876689911,30.166854858398438,0.8196730613708496
8652,396,0.193359375,0.10558992624282837,30.371849060058594,0.8173208236694336
8653,401,0.19580078125,0.10090793669223785,31.15492820739746,0.8123210072517395
8654,444,0.216796875,0.11725623160600662,30.27362632751465,0.8258715271949768
8655,464,0.2265625,0.16534920036792755,31.466856002807617,0.8110412359237671
8656,492,0.240234375,0.16911670565605164,31.128965377807617,0.8158617615699768
8657,461,0.22509765625,0.14003175497055054,30.072526931762695,0.826287031173706
8658,435,0.21240234375,0.11846233904361725,28.96552848815918,0.8369783759117126
8659,416,0.203125,0.12189428508281708,29.30509376525879,0.8289597630500793
8660,394,0.1923828125,0.108840212225914,28.344932556152344,0.839860737323761
8661,403,0.19677734375,0.11964654177427292,29.168912887573242,0.8333102464675903
8662,406,0.1982421875,0.12440648674964905,29.558216094970703,0.8271832466125488
8663,400,0.1953125,0.11591002345085144,28.49795150756836,0.8404713273048401
8664,389,0.18994140625,0.11941827088594437,29.337404251098633,0.8300045132637024
8665,367,0.17919921875,0.10967137664556503,28.963214874267578,0.8384653925895691
8666,350,0.1708984375,0.10195509344339371,28.150922775268555,0.8480797410011292
8667,357,0.17431640625,0.11635269969701767,28.99239730834961,0.8362795114517212
8668,350,0.1708984375,0.10801180452108383,28.8040828704834,0.8419247269630432
8669,341,0.16650390625,0.10080232471227646,28.01454734802246,0.849892258644104
8670,323,0.15771484375,0.10339274257421494,30.21482276916504,0.8206583857536316
8671,309,0.15087890625,0.11029671877622604,31.523576736450195,0.8091403245925903
8672,328,0.16015625,0.10108332335948944,30.667394638061523,0.817266047000885
8673,342,0.1669921875,0.10676009953022003,28.804140090942383,0.8413322567939758
8674,368,0.1796875,0.09918868541717529,28.78691291809082,0.8395940661430359
8675,361,0.17626953125,0.10096323490142822,28.66507911682129,0.843591570854187
8676,360,0.17578125,0.10361149907112122,28.735645294189453,0.8440178036689758
8677,375,0.18310546875,0.11572936922311783,30.119125366210938,0.8244051337242126
8678,391,0.19091796875,0.13882681727409363,30.586132049560547,0.8176527619361877
8679,427,0.20849609375,0.24076931178569794,32.59354019165039,0.7899169325828552
8680,221,0.10791015625,0.1649237722158432,35.64854049682617,0.7719439268112183
8681,223,0.10888671875,0.15951918065547943,35.58534240722656,0.7695757746696472
8682,207,0.10107421875,0.1486336886882782,34.784393310546875,0.7796335816383362
8683,180,0.087890625,0.1343403160572052,34.52665328979492,0.7759262323379517
8684,183,0.08935546875,0.12610815465450287,33.74900436401367,0.7865585684776306
8685,174,0.0849609375,0.14004330337047577,33.16510772705078,0.7959241271018982
8686,164,0.080078125,0.14685311913490295,32.83080291748047,0.795905351638794
8687,140,0.068359375,0.15862785279750824,36.01023864746094,0.7657361626625061
8688,149,0.07275390625,0.15293121337890625,37.8647575378418,0.7459001541137695
8689,149,0.07275390625,0.15211141109466553,37.45043182373047,0.7477079033851624
8690,159,0.07763671875,0.16527871787548065,36.93297576904297,0.750912606716156
8691,192,0.09375,0.14831186830997467,31.71973419189453,0.8128044605255127
8692,182,0.0888671875,0.13676317036151886,32.68452072143555,0.801749587059021
8693,170,0.0830078125,0.14928597211837769,33.90780258178711,0.7883510589599609
8694,169,0.08251953125,0.1543930172920227,32.795440673828125,0.8055333495140076
8695,184,0.08984375,0.15996675193309784,34.983680725097656,0.7797449231147766
8696,186,0.0908203125,0.14372365176677704,33.43181610107422,0.7947328686714172
8697,186,0.0908203125,0.14157912135124207,31.713655471801758,0.8114435076713562
8698,202,0.0986328125,0.14506463706493378,34.001922607421875,0.7863947153091431
8699,191,0.09326171875,0.1388142853975296,33.439788818359375,0.7881751656532288
8700,190,0.0927734375,0.13589593768119812,31.518354415893555,0.8106569051742554
8701,215,0.10498046875,0.144023135304451,32.47122573852539,0.7984986305236816
8702,217,0.10595703125,0.1345750391483307,31.242713928222656,0.8145325779914856
8703,227,0.11083984375,0.13996584713459015,32.480072021484375,0.7961308360099792
8704,218,0.1064453125,0.11763601750135422,31.642780303955078,0.7964991331100464
8705,263,0.12841796875,0.1260795146226883,32.650569915771484,0.7870553135871887
8706,268,0.130859375,0.13041099905967712,34.40620040893555,0.7643648982048035
8707,246,0.1201171875,0.11509554833173752,33.46329879760742,0.7783181071281433
8708,235,0.11474609375,0.11923082917928696,32.11389923095703,0.792969286441803
8709,277,0.13525390625,0.15336506068706512,31.557613372802734,0.7998693585395813
8710,261,0.12744140625,0.17421329021453857,31.81679916381836,0.7945600152015686
8711,243,0.11865234375,0.1403314173221588,31.744707107543945,0.7960688471794128
8712,294,0.1435546875,0.16162803769111633,32.64308166503906,0.7861396670341492
8713,301,0.14697265625,0.1624658703804016,32.343109130859375,0.7922236323356628
8714,274,0.1337890625,0.15169528126716614,30.824140548706055,0.8108963370323181
8715,312,0.15234375,0.18956661224365234,34.42071533203125,0.7686665654182434
8716,279,0.13623046875,0.16120126843452454,31.672508239746094,0.8019658923149109
8717,244,0.119140625,0.18169409036636353,32.90263748168945,0.7931104302406311
8718,270,0.1318359375,0.20765797793865204,33.563236236572266,0.7865769863128662
8719,295,0.14404296875,0.23440870642662048,33.62590026855469,0.7780344486236572
8720,121,0.05908203125,0.13403663039207458,39.477134704589844,0.7314809560775757
8721,112,0.0546875,0.14609035849571228,38.92082595825195,0.7379746437072754
8722,115,0.05615234375,0.14212504029273987,38.63517761230469,0.7344530820846558
8723,121,0.05908203125,0.13501226902008057,36.215484619140625,0.7705678343772888
8724,143,0.06982421875,0.1364443153142929,39.64387512207031,0.7276261448860168
8725,131,0.06396484375,0.13504905998706818,37.62561798095703,0.7491213083267212
8726,120,0.05859375,0.13489791750907898,36.40462112426758,0.7652540802955627
8727,107,0.05224609375,0.14158691465854645,37.89255905151367,0.7509702444076538
8728,109,0.05322265625,0.14095227420330048,36.027400970458984,0.7663075923919678
8729,104,0.05078125,0.1432938128709793,37.51506423950195,0.7489067912101746
8730,102,0.0498046875,0.1443803906440735,40.019287109375,0.7177870273590088
8731,106,0.0517578125,0.14744652807712555,39.51172637939453,0.7239834666252136
8732,111,0.05419921875,0.14090561866760254,39.27656173706055,0.7332568764686584
8733,114,0.0556640625,0.14909499883651733,39.657073974609375,0.7263956069946289
8734,106,0.0517578125,0.1415138840675354,39.144775390625,0.7366069555282593
8735,108,0.052734375,0.15284259617328644,39.224239349365234,0.7268415093421936
8736,116,0.056640625,0.1501675844192505,39.91427230834961,0.7243863344192505
8737,114,0.0556640625,0.14761567115783691,38.60933303833008,0.7328367829322815
8738,102,0.0498046875,0.1436970978975296,37.41976547241211,0.7584322094917297
8739,100,0.048828125,0.14861363172531128,38.5182991027832,0.7407386898994446
8740,94,0.0458984375,0.1594405472278595,40.61282730102539,0.7206140756607056
8741,101,0.04931640625,0.15858712792396545,39.26734924316406,0.731396496295929
8742,105,0.05126953125,0.14245055615901947,39.43876647949219,0.7298763394355774
8743,106,0.0517578125,0.14001615345478058,39.272098541259766,0.7329527139663696
8744,101,0.04931640625,0.14718791842460632,39.679080963134766,0.7279481291770935
8745,97,0.04736328125,0.14008550345897675,40.39596176147461,0.7218404412269592
8746,97,0.04736328125,0.13757626712322235,41.8873405456543,0.7065867185592651
8747,101,0.04931640625,0.14820799231529236,39.00196838378906,0.7350580096244812
8748,98,0.0478515625,0.14703723788261414,39.66440963745117,0.7306556701660156
8749,94,0.0458984375,0.1511242687702179,39.645877838134766,0.731719970703125
8750,88,0.04296875,0.1588333696126938,37.14964294433594,0.754825234413147
8751,88,0.04296875,0.1524662971496582,39.92615509033203,0.7213447690010071
8752,85,0.04150390625,0.1893584281206131,39.41488265991211,0.7331103086471558
8753,79,0.03857421875,0.19883562624454498,39.42795944213867,0.7242769002914429
8754,75,0.03662109375,0.17939934134483337,39.683048248291016,0.7387579083442688
8755,69,0.03369140625,0.19932429492473602,38.083492279052734,0.7537173628807068
8756,70,0.0341796875,0.192071795463562,40.13601303100586,0.7329762578010559
8757,73,0.03564453125,0.17373202741146088,39.55540466308594,0.7393503189086914
8758,79,0.03857421875,0.18242496252059937,37.20695495605469,0.7666410803794861
8759,81,0.03955078125,0.1678253412246704,37.776763916015625,0.7593444585800171
8760,524,0.255859375,0.08785010874271393,32.21139144897461,0.7986531257629395
8761,536,0.26171875,0.0785166546702385,28.127460479736328,0.8328724503517151
8762,541,0.26416015625,0.07884317636489868,27.00362777709961,0.8422311544418335
8763,499,0.24365234375,0.08463054895401001,27.184404373168945,0.8300220966339111
8764,540,0.263671875,0.08007301390171051,26.78580093383789,0.833245575428009
8765,563,0.27490234375,0.08607438206672668,32.87193298339844,0.7909437417984009
8766,525,0.25634765625,0.0819164365530014,33.072792053222656,0.7908522486686707
8767,570,0.2783203125,0.08064547181129456,27.90972900390625,0.8267490267753601
8768,583,0.28466796875,0.08371693640947342,30.259357452392578,0.8020810484886169
8769,601,0.29345703125,0.08856182545423508,30.229476928710938,0.804921567440033
8770,934,0.4560546875,0.09392073005437851,30.13874053955078,0.7972779870033264
8771,1128,0.55078125,0.09444843977689743,27.702404022216797,0.8293771147727966
8772,1324,0.646484375,0.11366795748472214,41.812801361083984,0.7004039287567139
8773,546,0.2666015625,0.13644535839557648,38.22447967529297,0.7271755337715149
8774,548,0.267578125,0.14601995050907135,38.7611198425293,0.7041547298431396
8775,541,0.26416015625,0.13993820548057556,37.63766098022461,0.7291315793991089
8776,506,0.2470703125,0.13674193620681763,41.507022857666016,0.6830602884292603
8777,510,0.2490234375,0.1449328511953354,40.279911041259766,0.7037546634674072
8778,1114,0.5439453125,0.09330017864704132,28.350074768066406,0.8306549191474915
8779,1082,0.5283203125,0.0973433181643486,30.496118545532227,0.8128166794776917
8780,923,0.45068359375,0.10814544558525085,30.92314910888672,0.8041459321975708
8781,948,0.462890625,0.10174424946308136,28.97400665283203,0.8194679021835327
8782,925,0.45166015625,0.0999259427189827,29.4450740814209,0.8144608736038208
8783,947,0.46240234375,0.10480182617902756,29.81959342956543,0.8123685121536255
8784,1012,0.494140625,0.10177605599164963,29.764856338500977,0.8184044361114502
8785,1160,0.56640625,0.08754073828458786,36.458309173583984,0.7638013362884521
8786,1408,0.6875,0.10818319767713547,39.77043914794922,0.7195414304733276
8787,1379,0.67333984375,0.10955776274204254,41.551876068115234,0.7089263200759888
8788,1307,0.63818359375,0.09894176572561264,40.711158752441406,0.7194243669509888
8789,1238,0.6044921875,0.09243495017290115,40.35993194580078,0.7201595306396484
8790,1425,0.69580078125,0.1073235273361206,41.4487419128418,0.6993255019187927
8791,620,0.302734375,0.1385783702135086,51.53062438964844,0.5790432095527649
8792,1190,0.5810546875,0.10033206641674042,32.530921936035156,0.7850751876831055
8793,1079,0.52685546875,0.10811193287372589,34.438480377197266,0.7824666500091553
8794,423,0.20654296875,0.15850727260112762,46.42611312866211,0.6426388621330261
8795,385,0.18798828125,0.17123731970787048,48.13747024536133,0.623066246509552
8796,544,0.265625,0.13600751757621765,44.96136474609375,0.6707074046134949
8797,573,0.27978515625,0.13563573360443115,44.8669319152832,0.66971755027771
8798,381,0.18603515625,0.17473739385604858,44.375389099121094,0.6604697704315186
8799,371,0.18115234375,0.17636536061763763,43.93816375732422,0.6701927781105042
