sample_idx,hit_count,hit_ratio,rmse_hit,angle_mean_deg_hit,cos_mean_hit
0,210,0.1025390625,0.15252409875392914,33.51917266845703,0.7827484607696533
1,192,0.09375,0.1548725962638855,33.10215759277344,0.7902732491493225
2,205,0.10009765625,0.15563535690307617,33.35055160522461,0.7838377952575684
3,234,0.1142578125,0.15206797420978546,31.558961868286133,0.8073395490646362
4,259,0.12646484375,0.15530182421207428,32.8031005859375,0.7918820977210999
5,302,0.1474609375,0.1444941759109497,30.366439819335938,0.812873363494873
6,349,0.17041015625,0.13422825932502747,30.46988868713379,0.8113034963607788
7,331,0.16162109375,0.13277234137058258,29.508708953857422,0.8241518139839172
8,352,0.171875,0.11992038041353226,31.042823791503906,0.8062551021575928
9,356,0.173828125,0.11520134657621384,30.223445892333984,0.8140501976013184
10,392,0.19140625,0.1152077168226242,30.917268753051758,0.8040899038314819
11,457,0.22314453125,0.1164131909608841,30.657642364501953,0.8089296817779541
12,399,0.19482421875,0.11394774913787842,31.319042205810547,0.8047013282775879
13,426,0.2080078125,0.12498225271701813,33.04695510864258,0.7828382253646851
14,534,0.2607421875,0.13777682185173035,33.3543815612793,0.7793902158737183
15,655,0.31982421875,0.1604294776916504,33.480613708496094,0.786310076713562
16,640,0.3125,0.1624360829591751,34.418067932128906,0.7721618413925171
17,586,0.2861328125,0.12111396342515945,31.295867919921875,0.7979381680488586
18,547,0.26708984375,0.10825908184051514,29.980030059814453,0.810954749584198
19,536,0.26171875,0.10600700974464417,29.25756072998047,0.820012629032135
20,470,0.2294921875,0.12229769676923752,31.967615127563477,0.7963836193084717
21,498,0.2431640625,0.12538132071495056,32.98884582519531,0.7845646739006042
22,503,0.24560546875,0.13244032859802246,33.19524383544922,0.7833981513977051
23,515,0.25146484375,0.13620354235172272,34.25435256958008,0.7757492661476135
24,544,0.265625,0.14078155159950256,33.01652145385742,0.7887110710144043
25,524,0.255859375,0.13948288559913635,33.92551040649414,0.7817599177360535
26,610,0.2978515625,0.13208724558353424,30.864225387573242,0.8097578883171082
27,600,0.29296875,0.13290748000144958,32.8396110534668,0.7871636748313904
28,759,0.37060546875,0.12869757413864136,31.558624267578125,0.7996096014976501
29,871,0.42529296875,0.14863517880439758,33.746517181396484,0.7747753262519836
30,793,0.38720703125,0.14011748135089874,34.30391311645508,0.7741303443908691
31,721,0.35205078125,0.12888182699680328,31.128217697143555,0.8100128173828125
32,680,0.33203125,0.13033612072467804,30.991012573242188,0.813120424747467
33,568,0.27734375,0.12896092236042023,30.858436584472656,0.8175559639930725
34,593,0.28955078125,0.13836181163787842,31.09373664855957,0.8118824362754822
35,636,0.310546875,0.1342252939939499,30.70806884765625,0.8169065117835999
36,561,0.27392578125,0.13893075287342072,33.32515335083008,0.7911275625228882
37,599,0.29248046875,0.1404499113559723,33.75957489013672,0.787118673324585
38,571,0.27880859375,0.13019326329231262,32.67099380493164,0.8000965118408203
39,664,0.32421875,0.14259397983551025,36.357383728027344,0.7544284462928772
40,475,0.23193359375,0.10810335725545883,24.652875900268555,0.8765382766723633
41,415,0.20263671875,0.10530028492212296,23.52584457397461,0.8856348991394043
42,387,0.18896484375,0.10829173773527145,27.456523895263672,0.8474929928779602
43,370,0.1806640625,0.10148914903402328,25.818571090698242,0.862666130065918
44,368,0.1796875,0.0959068015217781,26.00743865966797,0.857460618019104
45,411,0.20068359375,0.09283453971147537,24.25177001953125,0.8782589435577393
46,386,0.1884765625,0.09797481447458267,26.858423233032227,0.8511924147605896
47,374,0.1826171875,0.0941619798541069,24.600614547729492,0.8696643114089966
48,365,0.17822265625,0.09938476979732513,26.956924438476562,0.8444061875343323
49,363,0.17724609375,0.10389655828475952,28.72124671936035,0.8281680345535278
50,374,0.1826171875,0.11163466423749924,29.280784606933594,0.8250854015350342
51,352,0.171875,0.11379137635231018,30.753582000732422,0.8046308159828186
52,375,0.18310546875,0.09965070337057114,26.246286392211914,0.8543536067008972
53,406,0.1982421875,0.10285089910030365,25.326440811157227,0.8686895966529846
54,506,0.2470703125,0.10549674183130264,24.34415054321289,0.8802257180213928
55,525,0.25634765625,0.11050739139318466,24.427396774291992,0.880682110786438
56,521,0.25439453125,0.11390113830566406,24.90252685546875,0.8746462464332581
57,697,0.34033203125,0.1518048495054245,26.678550720214844,0.8640317320823669
58,507,0.24755859375,0.12134378403425217,26.89248275756836,0.8574811816215515
59,581,0.28369140625,0.1178647130727768,25.282751083374023,0.8740690350532532
60,560,0.2734375,0.17790785431861877,24.066635131835938,0.8692917227745056
61,664,0.32421875,0.13509444892406464,26.206750869750977,0.8640738129615784
62,694,0.3388671875,0.16099034249782562,25.567642211914062,0.869678258895874
63,722,0.3525390625,0.14800997078418732,26.64260482788086,0.856150209903717
64,590,0.2880859375,0.1258843094110489,26.486970901489258,0.8571391701698303
65,587,0.28662109375,0.12190143018960953,24.402360916137695,0.8762032389640808
66,511,0.24951171875,0.12603017687797546,28.389755249023438,0.8336614966392517
67,495,0.24169921875,0.12810906767845154,28.426448822021484,0.8303055167198181
68,525,0.25634765625,0.13882261514663696,29.844440460205078,0.8165237903594971
69,515,0.25146484375,0.12156333774328232,26.78206443786621,0.8470461964607239
70,577,0.28173828125,0.12304682284593582,24.886886596679688,0.8705401420593262
71,488,0.23828125,0.11186546087265015,22.75501251220703,0.8876711130142212
72,411,0.20068359375,0.09931819140911102,23.842849731445312,0.8814277648925781
73,374,0.1826171875,0.10057608038187027,25.9985408782959,0.8581234812736511
74,377,0.18408203125,0.10701025277376175,23.702089309692383,0.8764793276786804
75,338,0.1650390625,0.10099193453788757,24.281490325927734,0.8710373044013977
76,355,0.17333984375,0.0993705689907074,24.951152801513672,0.863776683807373
77,357,0.17431640625,0.10356967151165009,24.68384552001953,0.8680325150489807
78,382,0.1865234375,0.10697060078382492,25.375246047973633,0.8697075247764587
79,374,0.1826171875,0.10540679097175598,25.787811279296875,0.867763102054596
80,112,0.0546875,0.1530478149652481,35.110469818115234,0.780990719795227
81,120,0.05859375,0.1749143749475479,35.462852478027344,0.7838299870491028
82,126,0.0615234375,0.17685134708881378,37.76802062988281,0.75168377161026
83,121,0.05908203125,0.17565126717090607,36.032737731933594,0.7770886421203613
84,124,0.060546875,0.18910151720046997,37.23756408691406,0.7551350593566895
85,123,0.06005859375,0.18717287480831146,38.41904830932617,0.746273934841156
86,119,0.05810546875,0.1726931482553482,35.95961380004883,0.7754575610160828
87,120,0.05859375,0.15986591577529907,38.13638687133789,0.7502040863037109
88,103,0.05029296875,0.17070968449115753,36.491607666015625,0.772429883480072
89,103,0.05029296875,0.17596155405044556,37.62199783325195,0.7593315839767456
90,95,0.04638671875,0.15963414311408997,35.109378814697266,0.785346508026123
91,101,0.04931640625,0.139406219124794,36.203453063964844,0.7712678909301758
92,102,0.0498046875,0.14493325352668762,36.33157730102539,0.7709335684776306
93,104,0.05078125,0.14899079501628876,36.22917175292969,0.7668276429176331
94,98,0.0478515625,0.15554025769233704,35.788578033447266,0.777305543422699
95,92,0.044921875,0.1403861939907074,35.529537200927734,0.7723780870437622
96,89,0.04345703125,0.1369023621082306,36.0487060546875,0.7674823999404907
97,88,0.04296875,0.1348050832748413,37.03171157836914,0.7655330896377563
98,99,0.04833984375,0.14804433286190033,37.382896423339844,0.76312255859375
99,102,0.0498046875,0.1475650668144226,38.33774948120117,0.7507070899009705
100,97,0.04736328125,0.15952222049236298,39.41020202636719,0.7333147525787354
101,95,0.04638671875,0.14885511994361877,37.440467834472656,0.7584686279296875
102,102,0.0498046875,0.14831748604774475,37.56284713745117,0.7570874094963074
103,105,0.05126953125,0.1384047269821167,36.31034469604492,0.7754164934158325
104,115,0.05615234375,0.15716184675693512,35.878170013427734,0.7758485674858093
105,102,0.0498046875,0.14268234372138977,35.27528381347656,0.7841761708259583
106,109,0.05322265625,0.15846282243728638,36.40877914428711,0.7752099633216858
107,104,0.05078125,0.16554982960224152,36.90210723876953,0.7618386745452881
108,105,0.05126953125,0.16716980934143066,35.93806457519531,0.7676065564155579
109,120,0.05859375,0.1635187268257141,37.3338623046875,0.7590478658676147
110,108,0.052734375,0.16246634721755981,38.00227737426758,0.7489190101623535
111,102,0.0498046875,0.16627824306488037,35.276344299316406,0.782374382019043
112,99,0.04833984375,0.17534227669239044,36.21206283569336,0.7632678747177124
113,96,0.046875,0.18306714296340942,34.97291946411133,0.7724670767784119
114,89,0.04345703125,0.17490564286708832,33.64690017700195,0.7877680063247681
115,107,0.05224609375,0.17300447821617126,34.22905731201172,0.7870340943336487
116,99,0.04833984375,0.185439333319664,35.497867584228516,0.7743596434593201
117,85,0.04150390625,0.18927372992038727,34.56654357910156,0.781932532787323
118,82,0.0400390625,0.18825078010559082,34.5859375,0.7831528186798096
119,109,0.05322265625,0.18093885481357574,36.95719528198242,0.7611145377159119
120,45,0.02197265625,0.15609215199947357,38.58790588378906,0.7375059127807617
121,54,0.0263671875,0.14007259905338287,41.054264068603516,0.7180114984512329
122,57,0.02783203125,0.13789919018745422,41.412044525146484,0.7139493823051453
123,65,0.03173828125,0.13509121537208557,41.53197479248047,0.7063024640083313
124,54,0.0263671875,0.1289951354265213,40.18592071533203,0.7239541411399841
125,47,0.02294921875,0.13768407702445984,39.41323471069336,0.7480280995368958
126,41,0.02001953125,0.1402396708726883,37.84342575073242,0.7629930973052979
127,41,0.02001953125,0.14750656485557556,41.53112030029297,0.7170685529708862
128,31,0.01513671875,0.16146840155124664,39.8795280456543,0.7261314988136292
129,30,0.0146484375,0.15407811105251312,34.71778869628906,0.7898691892623901
130,28,0.013671875,0.17469573020935059,32.20614242553711,0.8131954073905945
131,23,0.01123046875,0.1860782504081726,37.95590591430664,0.7449203729629517
132,23,0.01123046875,0.18923163414001465,32.21571731567383,0.7999576926231384
133,30,0.0146484375,0.19056054949760437,31.20692253112793,0.8053274154663086
134,36,0.017578125,0.1786680370569229,31.758840560913086,0.8004021644592285
135,36,0.017578125,0.1805284172296524,32.04903030395508,0.8086636066436768
136,43,0.02099609375,0.18212151527404785,33.436866760253906,0.7905246019363403
137,48,0.0234375,0.15721648931503296,32.61117935180664,0.7952859997749329
138,42,0.0205078125,0.17022451758384705,34.151954650878906,0.7777653932571411
139,46,0.0224609375,0.16010837256908417,37.407196044921875,0.7415081262588501
140,33,0.01611328125,0.1812102198600769,35.369075775146484,0.7624545097351074
141,27,0.01318359375,0.14391537010669708,34.815738677978516,0.7653404474258423
142,30,0.0146484375,0.17415037751197815,32.79256057739258,0.7941529750823975
143,36,0.017578125,0.14369812607765198,34.77001190185547,0.7682687640190125
144,23,0.01123046875,0.20303495228290558,36.191383361816406,0.754970133304596
145,23,0.01123046875,0.20817166566848755,33.300270080566406,0.8012006282806396
146,29,0.01416015625,0.21842661499977112,34.578208923339844,0.7864013910293579
147,33,0.01611328125,0.19777610898017883,37.815673828125,0.7460302710533142
148,34,0.0166015625,0.19179148972034454,33.05936050415039,0.7882272601127625
149,37,0.01806640625,0.17996454238891602,32.13344955444336,0.8033152222633362
150,40,0.01953125,0.19114848971366882,31.916976928710938,0.8110283017158508
151,45,0.02197265625,0.2050657868385315,32.02711486816406,0.8118506669998169
152,30,0.0146484375,0.2182188630104065,32.2598876953125,0.8041487336158752
153,30,0.0146484375,0.2177422195672989,34.60750198364258,0.7865256071090698
154,27,0.01318359375,0.2756929397583008,33.53976058959961,0.8035426735877991
155,22,0.0107421875,0.263765424489975,35.752662658691406,0.7619532942771912
156,32,0.015625,0.23442503809928894,33.03135681152344,0.8038026094436646
157,23,0.01123046875,0.2539198100566864,31.76588249206543,0.8054769039154053
158,34,0.0166015625,0.23602113127708435,36.07358932495117,0.7678020596504211
159,40,0.01953125,0.2276267558336258,37.11298370361328,0.745849609375
160,171,0.08349609375,0.1687241792678833,40.59174728393555,0.7177621722221375
161,184,0.08984375,0.16006670892238617,35.58863830566406,0.7704588174819946
162,178,0.0869140625,0.15258055925369263,36.431400299072266,0.7614327073097229
163,191,0.09326171875,0.16082763671875,35.938724517822266,0.7695298194885254
164,201,0.09814453125,0.16169536113739014,34.94748306274414,0.7757445573806763
165,219,0.10693359375,0.17046649754047394,38.931129455566406,0.7280757427215576
166,210,0.1025390625,0.1552029252052307,33.85194778442383,0.7842258214950562
167,216,0.10546875,0.15902818739414215,32.98159408569336,0.7935017347335815
168,208,0.1015625,0.14573748409748077,32.06270980834961,0.8069957494735718
169,211,0.10302734375,0.14893373847007751,31.851539611816406,0.8041037321090698
170,233,0.11376953125,0.16345198452472687,34.45762252807617,0.7730200290679932
171,206,0.1005859375,0.15170440077781677,30.632488250732422,0.8220568895339966
172,187,0.09130859375,0.16428443789482117,32.98006057739258,0.7977319955825806
173,176,0.0859375,0.16680596768856049,31.216754913330078,0.8171470761299133
174,174,0.0849609375,0.1697331964969635,32.732059478759766,0.8033343553543091
175,179,0.08740234375,0.15271084010601044,32.804176330566406,0.7965721487998962
176,180,0.087890625,0.1544421762228012,32.46354293823242,0.7993033528327942
177,208,0.1015625,0.1536628156900406,33.935665130615234,0.7872321605682373
178,193,0.09423828125,0.15484833717346191,33.19864273071289,0.7950429916381836
179,196,0.095703125,0.16635707020759583,34.276161193847656,0.7843852043151855
180,208,0.1015625,0.16452081501483917,34.29141616821289,0.783200204372406
181,206,0.1005859375,0.16146883368492126,32.8233528137207,0.7989681363105774
182,221,0.10791015625,0.15727673470973969,33.35520935058594,0.791359007358551
183,209,0.10205078125,0.16487517952919006,32.840065002441406,0.7977313995361328
184,197,0.09619140625,0.15765342116355896,30.766645431518555,0.8202786445617676
185,215,0.10498046875,0.14581181108951569,32.038780212402344,0.8097960948944092
186,195,0.09521484375,0.15249131619930267,32.1795654296875,0.8052455186843872
187,194,0.0947265625,0.163665309548378,32.809715270996094,0.8037652373313904
188,187,0.09130859375,0.13825148344039917,31.686677932739258,0.8063830733299255
189,183,0.08935546875,0.13484716415405273,30.3204402923584,0.8268766403198242
190,185,0.09033203125,0.14005154371261597,32.1663932800293,0.8006609082221985
191,196,0.095703125,0.13892583549022675,30.52927017211914,0.8234595656394958
192,192,0.09375,0.14912733435630798,30.22563362121582,0.8261682391166687
193,192,0.09375,0.14773496985435486,29.10626220703125,0.8372794985771179
194,186,0.0908203125,0.14430400729179382,32.118431091308594,0.8017763495445251
195,193,0.09423828125,0.15230128169059753,30.635635375976562,0.8181496262550354
196,209,0.10205078125,0.14621299505233765,29.903331756591797,0.8314263820648193
197,200,0.09765625,0.14267666637897491,30.299053192138672,0.8252294659614563
198,182,0.0888671875,0.1439260095357895,30.51532745361328,0.8262182474136353
199,196,0.095703125,0.14811182022094727,32.23123550415039,0.8068204522132874
200,148,0.072265625,0.14151573181152344,37.21293640136719,0.7463600039482117
201,155,0.07568359375,0.13685578107833862,37.62051010131836,0.7389666438102722
202,156,0.076171875,0.1307171732187271,36.61349868774414,0.7484370470046997
203,162,0.0791015625,0.13357406854629517,35.572113037109375,0.7631123065948486
204,163,0.07958984375,0.13424783945083618,37.27119827270508,0.7453222274780273
205,167,0.08154296875,0.12782463431358337,36.70226287841797,0.7530959844589233
206,156,0.076171875,0.1315467357635498,36.35500717163086,0.757390022277832
207,176,0.0859375,0.13473674654960632,35.2476692199707,0.7702589631080627
208,177,0.08642578125,0.14832744002342224,35.256187438964844,0.7795729041099548
209,181,0.08837890625,0.1416795402765274,33.85402297973633,0.7919759750366211
210,179,0.08740234375,0.14729925990104675,37.055763244628906,0.7514806985855103
211,182,0.0888671875,0.15079081058502197,38.01906204223633,0.7405736446380615
212,197,0.09619140625,0.13186168670654297,36.57868194580078,0.7639556527137756
213,196,0.095703125,0.1326424926519394,37.4570198059082,0.753630518913269
214,197,0.09619140625,0.1389402151107788,35.23371505737305,0.7761765122413635
215,216,0.10546875,0.13401252031326294,35.391387939453125,0.7728737592697144
216,227,0.11083984375,0.13314670324325562,34.496337890625,0.7839099168777466
217,232,0.11328125,0.13921672105789185,33.20214080810547,0.801943302154541
218,235,0.11474609375,0.13628160953521729,34.22631072998047,0.7850654721260071
219,259,0.12646484375,0.14686845242977142,33.39153289794922,0.7963104844093323
220,274,0.1337890625,0.1477241814136505,33.72652053833008,0.7909442186355591
221,298,0.1455078125,0.14711397886276245,33.26446533203125,0.7903556823730469
222,306,0.1494140625,0.15418732166290283,33.559207916259766,0.7883552312850952
223,278,0.1357421875,0.145280122756958,33.554847717285156,0.7911063432693481
224,286,0.1396484375,0.14631101489067078,31.570486068725586,0.8122552037239075
225,310,0.1513671875,0.14961810410022736,32.984893798828125,0.7920445203781128
226,307,0.14990234375,0.15107592940330505,31.419301986694336,0.811238169670105
227,271,0.13232421875,0.15488553047180176,31.90816307067871,0.8136074542999268
228,256,0.125,0.14367124438285828,32.64616775512695,0.8030494451522827
229,244,0.119140625,0.14365175366401672,32.47867965698242,0.8051450252532959
230,227,0.11083984375,0.13972806930541992,33.75711441040039,0.7923843860626221
231,219,0.10693359375,0.12664328515529633,34.0697021484375,0.7859127521514893
232,232,0.11328125,0.13936881721019745,33.72112274169922,0.7918568253517151
233,259,0.12646484375,0.14174343645572662,31.592647552490234,0.8115212917327881
234,236,0.115234375,0.13579316437244415,32.20996856689453,0.8083932399749756
235,209,0.10205078125,0.1181255504488945,32.58694076538086,0.8027097582817078
236,208,0.1015625,0.13564568758010864,32.83592224121094,0.7998825907707214
237,214,0.1044921875,0.12838716804981232,32.5575065612793,0.8036234378814697
238,193,0.09423828125,0.12932081520557404,34.74589157104492,0.772445023059845
239,202,0.0986328125,0.1335136592388153,32.480987548828125,0.8001222014427185
240,64,0.03125,0.11850360780954361,22.135879516601562,0.8887622356414795
241,69,0.03369140625,0.11974368989467621,24.035078048706055,0.8705755472183228
242,60,0.029296875,0.11686109751462936,22.749637603759766,0.8824800848960876
243,59,0.02880859375,0.12408596277236938,22.47266387939453,0.8883625864982605
244,60,0.029296875,0.11527439206838608,22.487749099731445,0.8926595449447632
245,68,0.033203125,0.11940353363752365,22.871278762817383,0.8824270963668823
246,75,0.03662109375,0.12643451988697052,24.91469383239746,0.8658625483512878
247,83,0.04052734375,0.1395920068025589,26.671159744262695,0.8522129058837891
248,76,0.037109375,0.1325390636920929,25.5892333984375,0.8639987111091614
249,80,0.0390625,0.13708090782165527,26.901077270507812,0.8531238436698914
250,79,0.03857421875,0.13265535235404968,25.967266082763672,0.8569013476371765
251,72,0.03515625,0.13349106907844543,25.89480972290039,0.8513975739479065
252,78,0.0380859375,0.16793474555015564,26.020965576171875,0.8447750806808472
253,77,0.03759765625,0.13256119191646576,28.095478057861328,0.8312672972679138
254,81,0.03955078125,0.1317364126443863,28.416841506958008,0.8373222947120667
255,77,0.03759765625,0.12842874228954315,26.86212158203125,0.847846508026123
256,72,0.03515625,0.13462349772453308,26.94365119934082,0.8440638780593872
257,79,0.03857421875,0.13151395320892334,26.661949157714844,0.8558210730552673
258,74,0.0361328125,0.13161057233810425,26.011037826538086,0.8567166328430176
259,74,0.0361328125,0.14205586910247803,27.154794692993164,0.837980329990387
260,68,0.033203125,0.13449007272720337,25.297178268432617,0.8571165204048157
261,74,0.0361328125,0.14215637743473053,26.38204002380371,0.8446861505508423
262,78,0.0380859375,0.1601054072380066,26.14569854736328,0.8485627770423889
263,70,0.0341796875,0.18021366000175476,25.835153579711914,0.8549280166625977
264,61,0.02978515625,0.13991641998291016,25.477886199951172,0.8629997968673706
265,69,0.03369140625,0.1385800689458847,26.745447158813477,0.8437613248825073
266,66,0.0322265625,0.13828468322753906,25.370712280273438,0.869830846786499
267,74,0.0361328125,0.13301970064640045,26.000247955322266,0.862752377986908
268,74,0.0361328125,0.14530958235263824,26.841413497924805,0.8555901050567627
269,70,0.0341796875,0.13330966234207153,27.99286460876465,0.8378707766532898
270,74,0.0361328125,0.1321808397769928,26.14789390563965,0.8571639657020569
271,76,0.037109375,0.13560858368873596,26.646461486816406,0.8583397269248962
272,84,0.041015625,0.15096433460712433,31.87688636779785,0.8045096397399902
273,82,0.0400390625,0.13511532545089722,28.460371017456055,0.8377400040626526
274,79,0.03857421875,0.15166357159614563,28.0454158782959,0.8426143527030945
275,77,0.03759765625,0.1398324817419052,29.100553512573242,0.8286613821983337
276,79,0.03857421875,0.1548624336719513,30.698246002197266,0.8176411390304565
277,71,0.03466796875,0.14191599190235138,28.43058204650879,0.8409101366996765
278,69,0.03369140625,0.14098089933395386,27.26667594909668,0.8551461696624756
279,72,0.03515625,0.15759257972240448,29.49696159362793,0.8276212215423584
280,159,0.07763671875,0.2137000560760498,32.7155876159668,0.8052722215652466
281,164,0.080078125,0.20321044325828552,32.747528076171875,0.8002951741218567
282,160,0.078125,0.22102634608745575,32.336795806884766,0.8047865033149719
283,166,0.0810546875,0.21878965198993683,33.22873306274414,0.7930048704147339
284,165,0.08056640625,0.20982399582862854,33.4030647277832,0.7905988097190857
285,173,0.08447265625,0.21456651389598846,32.66510009765625,0.8010778427124023
286,183,0.08935546875,0.21566209197044373,33.552162170410156,0.7946942448616028
287,180,0.087890625,0.20989422500133514,32.52216720581055,0.8039717078208923
288,177,0.08642578125,0.19721180200576782,32.64740753173828,0.8026443123817444
289,180,0.087890625,0.20401650667190552,31.76969337463379,0.8109580278396606
290,186,0.0908203125,0.2010515034198761,30.404033660888672,0.8275421857833862
291,204,0.099609375,0.185790553689003,31.528995513916016,0.8128793239593506
292,199,0.09716796875,0.18002521991729736,30.373472213745117,0.8278095722198486
293,187,0.09130859375,0.1784815490245819,30.80171775817871,0.8240233063697815
294,184,0.08984375,0.16792799532413483,30.027294158935547,0.8293279409408569
295,187,0.09130859375,0.16074959933757782,29.274505615234375,0.8410042524337769
296,180,0.087890625,0.16884717345237732,30.404842376708984,0.8256857991218567
297,187,0.09130859375,0.1512836217880249,29.683197021484375,0.8305904865264893
298,183,0.08935546875,0.15354689955711365,31.952150344848633,0.8129964470863342
299,182,0.0888671875,0.1483212560415268,30.43360710144043,0.8247387409210205
300,182,0.0888671875,0.1471148431301117,31.78834342956543,0.8117718696594238
301,190,0.0927734375,0.14907634258270264,32.07301712036133,0.8030696511268616
302,205,0.10009765625,0.145823672413826,32.03787612915039,0.8065446019172668
303,201,0.09814453125,0.149069681763649,32.195247650146484,0.8036457896232605
304,208,0.1015625,0.15400739014148712,30.66756820678711,0.8228155374526978
305,218,0.1064453125,0.14975272119045258,32.73699188232422,0.8011433482170105
306,218,0.1064453125,0.14631350338459015,32.37315368652344,0.8020243048667908
307,225,0.10986328125,0.150363028049469,32.784854888916016,0.7950261235237122
308,214,0.1044921875,0.14177581667900085,31.56494903564453,0.8117963671684265
309,228,0.111328125,0.1540105789899826,31.41428565979004,0.8123012185096741
310,238,0.1162109375,0.15347768366336823,30.97553062438965,0.8133399486541748
311,247,0.12060546875,0.15114527940750122,33.01360321044922,0.7900747656822205
312,233,0.11376953125,0.15982289612293243,30.73979377746582,0.8195136785507202
313,230,0.1123046875,0.15993353724479675,31.64032554626465,0.8098165988922119
314,251,0.12255859375,0.15183398127555847,33.4969482421875,0.7830736041069031
315,235,0.11474609375,0.1541556417942047,30.82050323486328,0.8184990882873535
316,246,0.1201171875,0.15801027417182922,31.770462036132812,0.8111456632614136
317,243,0.11865234375,0.15926408767700195,32.80223083496094,0.797554612159729
318,257,0.12548828125,0.1567443162202835,31.676687240600586,0.8104862570762634
319,260,0.126953125,0.16874322295188904,32.63146209716797,0.7981746792793274
320,117,0.05712890625,0.14108507335186005,34.58000183105469,0.7848504185676575
321,126,0.0615234375,0.1354258507490158,32.79731750488281,0.8012775778770447
322,125,0.06103515625,0.14958299696445465,33.96923828125,0.7877790331840515
323,122,0.0595703125,0.14066512882709503,33.54556655883789,0.7918406128883362
324,126,0.0615234375,0.13510103523731232,32.64494705200195,0.8037086725234985
325,128,0.0625,0.1220235601067543,31.893983840942383,0.8039178848266602
326,133,0.06494140625,0.13194310665130615,32.98417663574219,0.7928831577301025
327,139,0.06787109375,0.12347858399152756,32.74118423461914,0.795359194278717
328,139,0.06787109375,0.13701318204402924,33.167755126953125,0.7968600988388062
329,148,0.072265625,0.15445469319820404,33.73719024658203,0.78521329164505
330,146,0.0712890625,0.14622193574905396,32.47361755371094,0.8011281490325928
331,143,0.06982421875,0.1393900364637375,33.2263298034668,0.7911089062690735
332,131,0.06396484375,0.13388149440288544,32.86888885498047,0.8003199696540833
333,127,0.06201171875,0.12076950818300247,32.3747673034668,0.8027876019477844
334,128,0.0625,0.12996269762516022,31.834585189819336,0.8118020296096802
335,117,0.05712890625,0.11914940178394318,31.803163528442383,0.8103199601173401
336,119,0.05810546875,0.12461195886135101,33.75611114501953,0.7881318926811218
337,109,0.05322265625,0.11634790152311325,30.38981819152832,0.8265664577484131
338,108,0.052734375,0.1254519671201706,30.65645408630371,0.8201143741607666
339,128,0.0625,0.12264689803123474,30.942197799682617,0.815220832824707
340,127,0.06201171875,0.12212900072336197,30.839128494262695,0.8175196051597595
341,128,0.0625,0.1343359351158142,31.243013381958008,0.810312807559967
342,120,0.05859375,0.12515327334403992,29.192373275756836,0.8355700373649597
343,126,0.0615234375,0.1184123307466507,31.38661766052246,0.8088828325271606
344,136,0.06640625,0.12814323604106903,31.239850997924805,0.8083230257034302
345,144,0.0703125,0.137120321393013,31.26119041442871,0.812279462814331
346,138,0.0673828125,0.13397538661956787,29.5822811126709,0.8259735107421875
347,126,0.0615234375,0.12565577030181885,29.093406677246094,0.8339866399765015
348,142,0.0693359375,0.14058832824230194,32.603118896484375,0.7942262291908264
349,124,0.060546875,0.13119752705097198,30.409788131713867,0.8207861185073853
350,122,0.0595703125,0.12918125092983246,31.565637588500977,0.8043236136436462
351,108,0.052734375,0.13190829753875732,30.134292602539062,0.8197657465934753
352,112,0.0546875,0.13027550280094147,32.129249572753906,0.7951293587684631
353,118,0.0576171875,0.13533923029899597,33.07081604003906,0.7866183519363403
354,113,0.05517578125,0.14719371497631073,32.85173797607422,0.79360431432724
355,106,0.0517578125,0.1379837840795517,32.22487258911133,0.8036351203918457
356,108,0.052734375,0.1414560079574585,33.255592346191406,0.79316645860672
357,109,0.05322265625,0.1441095620393753,36.31671142578125,0.7538657784461975
358,118,0.0576171875,0.14669977128505707,36.69533920288086,0.7507230043411255
359,114,0.0556640625,0.15126824378967285,36.4255485534668,0.758211612701416
360,260,0.126953125,0.14403337240219116,29.839462280273438,0.8113440871238708
361,254,0.1240234375,0.13973115384578705,30.733816146850586,0.8051524758338928
362,229,0.11181640625,0.15160702168941498,31.40496253967285,0.8029281497001648
363,242,0.1181640625,0.14618432521820068,27.840211868286133,0.842745304107666
364,247,0.12060546875,0.14468476176261902,29.66815185546875,0.8217409253120422
365,219,0.10693359375,0.16772985458374023,32.917633056640625,0.7868337631225586
366,206,0.1005859375,0.1520289182662964,30.722530364990234,0.8084750175476074
367,204,0.099609375,0.1613127738237381,32.37948989868164,0.7857298254966736
368,228,0.111328125,0.15343670547008514,30.734445571899414,0.8080570697784424
369,239,0.11669921875,0.1596619188785553,29.606285095214844,0.8218951225280762
370,239,0.11669921875,0.15624868869781494,30.22791862487793,0.8101854920387268
371,253,0.12353515625,0.14257965981960297,29.119840621948242,0.8207542300224304
372,230,0.1123046875,0.14369931817054749,30.04875373840332,0.8143740892410278
373,285,0.13916015625,0.17203673720359802,31.18876075744629,0.8024065494537354
374,303,0.14794921875,0.16433891654014587,32.44307327270508,0.7866430878639221
375,289,0.14111328125,0.14266355335712433,30.442224502563477,0.8081589341163635
376,270,0.1318359375,0.13841216266155243,29.36115264892578,0.8192725777626038
377,236,0.115234375,0.13299258053302765,31.054609298706055,0.8022154569625854
378,225,0.10986328125,0.12856625020503998,31.699928283691406,0.8015730977058411
379,239,0.11669921875,0.1324847787618637,31.2503662109375,0.8056632876396179
380,260,0.126953125,0.1284905970096588,30.580671310424805,0.8118305802345276
381,254,0.1240234375,0.12379725277423859,32.04927444458008,0.8029608130455017
382,246,0.1201171875,0.12291597574949265,32.40835952758789,0.7997824549674988
383,263,0.12841796875,0.12310374528169632,30.718740463256836,0.8144184350967407
384,266,0.1298828125,0.12154217064380646,29.140886306762695,0.8328314423561096
385,261,0.12744140625,0.12920859456062317,29.411144256591797,0.8272455334663391
386,292,0.142578125,0.12693136930465698,29.05339241027832,0.8275750279426575
387,243,0.11865234375,0.13794061541557312,34.47791290283203,0.7822344303131104
388,265,0.12939453125,0.13725149631500244,31.97453498840332,0.805867075920105
389,291,0.14208984375,0.14761054515838623,32.43937301635742,0.7997395396232605
390,309,0.15087890625,0.14433684945106506,31.028228759765625,0.8062836527824402
391,335,0.16357421875,0.13696669042110443,29.233613967895508,0.8193435668945312
392,344,0.16796875,0.1340743601322174,29.953672409057617,0.8151019811630249
393,315,0.15380859375,0.13809357583522797,29.511802673339844,0.8189221620559692
394,316,0.154296875,0.13593241572380066,29.19618034362793,0.8188615441322327
395,268,0.130859375,0.13669511675834656,30.17542839050293,0.811967134475708
396,270,0.1318359375,0.13970214128494263,30.12102508544922,0.8148201107978821
397,353,0.17236328125,0.13248327374458313,30.309036254882812,0.8112941384315491
398,320,0.15625,0.1290958970785141,30.228893280029297,0.8123968243598938
399,279,0.13623046875,0.1323334127664566,31.91386604309082,0.8010969161987305
400,1495,0.72998046875,0.1454559862613678,58.010501861572266,0.4872870445251465
401,694,0.3388671875,0.15872569382190704,43.429569244384766,0.6852810382843018
402,551,0.26904296875,0.10530919581651688,39.980709075927734,0.7335599064826965
403,762,0.3720703125,0.11118575930595398,43.257965087890625,0.6802692413330078
404,705,0.34423828125,0.10218086838722229,43.48419189453125,0.6919917464256287
405,622,0.3037109375,0.09886214882135391,41.25899887084961,0.7163639664649963
406,687,0.33544921875,0.09706708788871765,39.058326721191406,0.7370014786720276
407,606,0.2958984375,0.09458495676517487,39.06975173950195,0.7280284762382507
408,1581,0.77197265625,0.11115670949220657,31.228717803955078,0.802762508392334
409,1702,0.8310546875,0.10891781002283096,38.95718765258789,0.7291265726089478
410,685,0.33447265625,0.09286510199308395,38.68556594848633,0.7260199785232544
411,663,0.32373046875,0.10252314805984497,37.95506286621094,0.7328916788101196
412,651,0.31787109375,0.12317917495965958,39.594505310058594,0.7239591479301453
413,654,0.3193359375,0.12710027396678925,38.8488655090332,0.7346747517585754
414,1412,0.689453125,0.11781331151723862,39.73634338378906,0.7251030206680298
415,598,0.2919921875,0.10839424282312393,39.52814865112305,0.714053750038147
416,576,0.28125,0.11334406584501266,42.69979476928711,0.6775039434432983
417,647,0.31591796875,0.09633225202560425,38.897483825683594,0.7264689207077026
418,1403,0.68505859375,0.11322052031755447,50.327880859375,0.5992853045463562
419,620,0.302734375,0.0946713387966156,38.628292083740234,0.7248921394348145
420,653,0.31884765625,0.0885426253080368,37.827789306640625,0.7358259558677673
421,570,0.2783203125,0.10869818925857544,39.6904182434082,0.7018150687217712
422,1492,0.728515625,0.09303160756826401,29.275175094604492,0.827090859413147
423,959,0.46826171875,0.14250195026397705,35.90240478515625,0.7610294818878174
424,909,0.44384765625,0.14886097609996796,32.83747863769531,0.7994220852851868
425,1010,0.4931640625,0.1416403353214264,26.910324096679688,0.8474196195602417
426,1421,0.69384765625,0.10474032163619995,23.414764404296875,0.8782849907875061
427,1287,0.62841796875,0.10216138511896133,23.616241455078125,0.8799818158149719
428,923,0.45068359375,0.15542714297771454,27.217561721801758,0.8449467420578003
429,923,0.45068359375,0.1498936265707016,27.912546157836914,0.8382837772369385
430,1032,0.50390625,0.15608248114585876,32.85223388671875,0.8005648255348206
431,752,0.3671875,0.1488398015499115,33.569549560546875,0.7756189107894897
432,1042,0.5087890625,0.14566005766391754,26.743148803710938,0.8431309461593628
433,1541,0.75244140625,0.10084695369005203,28.890216827392578,0.8242608904838562
434,615,0.30029296875,0.15017801523208618,34.89332580566406,0.7499465942382812
435,691,0.33740234375,0.16377988457679749,32.75843048095703,0.7754157185554504
436,670,0.3271484375,0.17278823256492615,35.62726974487305,0.7434771656990051
437,1282,0.6259765625,0.09050893038511276,23.554798126220703,0.8740915060043335
438,605,0.29541015625,0.13183067739009857,36.29606246948242,0.736178994178772
439,544,0.265625,0.14859901368618011,33.513362884521484,0.775391161441803
440,97,0.04736328125,0.12391215562820435,36.526973724365234,0.7558357119560242
441,97,0.04736328125,0.11958178877830505,35.25118637084961,0.7726925611495972
442,101,0.04931640625,0.12610606849193573,38.1534423828125,0.735409140586853
443,99,0.04833984375,0.13296610116958618,37.4769401550293,0.7397465705871582
444,108,0.052734375,0.13556130230426788,34.898826599121094,0.7767584323883057
445,112,0.0546875,0.1307859569787979,35.30297088623047,0.7734274864196777
446,124,0.060546875,0.15213842689990997,36.68256378173828,0.7489808797836304
447,105,0.05126953125,0.16791857779026031,34.21245193481445,0.782366931438446
448,112,0.0546875,0.16253596544265747,34.17751693725586,0.7792139649391174
449,123,0.06005859375,0.15970855951309204,35.888484954833984,0.7608364820480347
450,101,0.04931640625,0.14811576902866364,33.509822845458984,0.7933172583580017
451,105,0.05126953125,0.141280859708786,35.162071228027344,0.7709628343582153
452,106,0.0517578125,0.13572533428668976,34.37802505493164,0.7795255184173584
453,98,0.0478515625,0.13733726739883423,35.75804138183594,0.7630130052566528
454,93,0.04541015625,0.13055381178855896,34.250823974609375,0.7799329161643982
455,93,0.04541015625,0.12673485279083252,38.57119369506836,0.7309315204620361
456,81,0.03955078125,0.1319533735513687,36.19003677368164,0.7703122496604919
457,76,0.037109375,0.1504439413547516,37.45711135864258,0.7587612271308899
458,74,0.0361328125,0.15631544589996338,37.98396682739258,0.7517562508583069
459,73,0.03564453125,0.13155928254127502,37.91518783569336,0.7535045146942139
460,85,0.04150390625,0.11440932005643845,37.886478424072266,0.7507715821266174
461,86,0.0419921875,0.12866099178791046,38.45164108276367,0.7366465330123901
462,75,0.03662109375,0.12793445587158203,36.32744216918945,0.760872483253479
463,83,0.04052734375,0.1259058564901352,37.46477508544922,0.7521387338638306
464,89,0.04345703125,0.1154831275343895,38.27841567993164,0.7352589964866638
465,84,0.041015625,0.13099133968353271,37.23444366455078,0.7470241785049438
466,87,0.04248046875,0.12712398171424866,37.123497009277344,0.744443953037262
467,85,0.04150390625,0.12900859117507935,33.609344482421875,0.7825655937194824
468,91,0.04443359375,0.12310491502285004,35.66608810424805,0.756006121635437
469,99,0.04833984375,0.1392693817615509,36.92397689819336,0.7504584789276123
470,90,0.0439453125,0.12441954761743546,36.625492095947266,0.7526267766952515
471,80,0.0390625,0.12153014540672302,37.032318115234375,0.74554842710495
472,85,0.04150390625,0.11786255985498428,35.8123779296875,0.7668967843055725
473,85,0.04150390625,0.12115228176116943,36.5421142578125,0.7531918883323669
474,88,0.04296875,0.11606115102767944,37.25403594970703,0.7472759485244751
475,78,0.0380859375,0.12949509918689728,37.32712173461914,0.7518670558929443
476,70,0.0341796875,0.12679170072078705,38.83136749267578,0.7415474057197571
477,82,0.0400390625,0.12338697910308838,38.1494140625,0.749446451663971
478,77,0.03759765625,0.13324862718582153,36.82858657836914,0.760194718837738
479,76,0.037109375,0.13594220578670502,38.81828689575195,0.7307092547416687
480,46,0.0224609375,0.29637762904167175,36.51788330078125,0.7557616829872131
481,50,0.0244140625,0.28131112456321716,34.626075744628906,0.7699004411697388
482,29,0.01416015625,0.2806979715824127,32.403846740722656,0.8150044679641724
483,37,0.01806640625,0.29306069016456604,35.255126953125,0.7921785712242126
484,31,0.01513671875,0.29958367347717285,34.78158187866211,0.7925572395324707
485,31,0.01513671875,0.291373074054718,32.169044494628906,0.8079645037651062
486,33,0.01611328125,0.30591076612472534,33.527069091796875,0.7868897914886475
487,37,0.01806640625,0.31794273853302,32.770713806152344,0.8174153566360474
488,28,0.013671875,0.34503188729286194,35.076194763183594,0.7895064353942871
489,33,0.01611328125,0.3189028799533844,34.82362365722656,0.7806905508041382
490,32,0.015625,0.33316850662231445,37.606021881103516,0.7628012895584106
491,20,0.009765625,0.3080390989780426,34.360965728759766,0.8169482946395874
492,16,0.0078125,0.35512465238571167,37.83937072753906,0.7730472683906555
493,21,0.01025390625,0.3332875669002533,35.918548583984375,0.800584077835083
494,25,0.01220703125,0.3645421862602234,36.655982971191406,0.7747754454612732
495,28,0.013671875,0.3140251338481903,36.847450256347656,0.7721428275108337
496,29,0.01416015625,0.3142838776111603,36.523231506347656,0.7848792672157288
497,37,0.01806640625,0.2657247483730316,34.92111587524414,0.801085352897644
498,48,0.0234375,0.23716430366039276,35.18916320800781,0.7826404571533203
499,53,0.02587890625,0.2203877717256546,35.58244705200195,0.7840712666511536
500,59,0.02880859375,0.2080579698085785,35.73149108886719,0.7852912545204163
501,55,0.02685546875,0.21913360059261322,37.44021987915039,0.765299379825592
502,50,0.0244140625,0.2226187288761139,35.92390441894531,0.7880651950836182
503,51,0.02490234375,0.2174331694841385,37.58192443847656,0.7583966851234436
504,48,0.0234375,0.20117442309856415,34.6882438659668,0.7934858798980713
505,55,0.02685546875,0.21289455890655518,34.393226623535156,0.7987595200538635
506,64,0.03125,0.19739088416099548,34.47103500366211,0.7936320900917053
507,39,0.01904296875,0.25303205847740173,34.12653732299805,0.7935094833374023
508,34,0.0166015625,0.2550063133239746,35.82569885253906,0.7938461303710938
509,40,0.01953125,0.26467636227607727,33.467620849609375,0.8099238276481628
510,48,0.0234375,0.2426571100950241,33.0864143371582,0.8045714497566223
511,42,0.0205078125,0.2676885426044464,33.63026428222656,0.8008301258087158
512,43,0.02099609375,0.26427462697029114,33.84354019165039,0.805905818939209
513,44,0.021484375,0.2596016526222229,37.424400329589844,0.7746603488922119
514,52,0.025390625,0.24345606565475464,34.702125549316406,0.788979172706604
515,54,0.0263671875,0.23585079610347748,35.103370666503906,0.7912994623184204
516,52,0.025390625,0.22543369233608246,33.919673919677734,0.8089895248413086
517,48,0.0234375,0.22587785124778748,34.45427703857422,0.8019925951957703
518,63,0.03076171875,0.18853075802326202,35.66276550292969,0.7874013781547546
519,57,0.02783203125,0.19050635397434235,37.35231018066406,0.7645992040634155
520,395,0.19287109375,0.12407394498586655,29.574007034301758,0.835017740726471
521,484,0.236328125,0.1303028017282486,31.06882667541504,0.8105190396308899
522,409,0.19970703125,0.11847365647554398,31.08098030090332,0.8206337690353394
523,377,0.18408203125,0.11504745483398438,31.447418212890625,0.8112103939056396
524,393,0.19189453125,0.11875243484973907,30.556917190551758,0.8240467309951782
525,407,0.19873046875,0.12681744992733002,28.706390380859375,0.842211127281189
526,410,0.2001953125,0.12041952461004257,29.806825637817383,0.8263260722160339
527,421,0.20556640625,0.11936858296394348,29.652677536010742,0.8321245312690735
528,415,0.20263671875,0.11584106087684631,28.79948616027832,0.8354958295822144
529,445,0.21728515625,0.11219671368598938,28.343111038208008,0.8340893983840942
530,444,0.216796875,0.11619144678115845,28.60442543029785,0.8355447053909302
531,457,0.22314453125,0.1124049499630928,28.348644256591797,0.8327400088310242
532,493,0.24072265625,0.12704119086265564,32.81084442138672,0.7855192422866821
533,422,0.2060546875,0.1023622378706932,29.09914207458496,0.830651044845581
534,345,0.16845703125,0.09980019927024841,29.795616149902344,0.8245061635971069
535,297,0.14501953125,0.09912509471178055,30.371875762939453,0.8185275793075562
536,295,0.14404296875,0.11806602776050568,30.512542724609375,0.8153050541877747
537,274,0.1337890625,0.10566464066505432,30.268875122070312,0.8188040852546692
538,259,0.12646484375,0.11161398887634277,30.27273178100586,0.8183512687683105
539,246,0.1201171875,0.11183465272188187,31.166805267333984,0.8137738704681396
540,240,0.1171875,0.1264360249042511,31.324724197387695,0.8045369982719421
541,231,0.11279296875,0.11631690710783005,31.43610191345215,0.8097452521324158
542,213,0.10400390625,0.12048260867595673,32.53275680541992,0.7948355078697205
543,204,0.099609375,0.11769696325063705,32.545536041259766,0.7906085848808289
544,169,0.08251953125,0.12107077240943909,30.97858428955078,0.8107542395591736
545,165,0.08056640625,0.12241989374160767,33.742496490478516,0.7801219820976257
546,152,0.07421875,0.12471316754817963,32.545196533203125,0.7956822514533997
547,142,0.0693359375,0.13004791736602783,35.69758224487305,0.7662340402603149
548,130,0.0634765625,0.13313956558704376,33.22413635253906,0.7955693006515503
549,129,0.06298828125,0.13548891246318817,33.487545013427734,0.7959954738616943
550,140,0.068359375,0.1326504945755005,32.712562561035156,0.807030975818634
551,133,0.06494140625,0.13539183139801025,33.99131393432617,0.7934789061546326
552,162,0.0791015625,0.12702202796936035,33.16064453125,0.7962571978569031
553,157,0.07666015625,0.12980160117149353,34.776771545410156,0.7811105847358704
554,161,0.07861328125,0.12268399447202682,33.60871124267578,0.7888578772544861
555,169,0.08251953125,0.11710434406995773,33.1936149597168,0.790440022945404
556,174,0.0849609375,0.1128520518541336,34.50081253051758,0.7733498215675354
557,176,0.0859375,0.10653914511203766,32.57017517089844,0.7968503832817078
558,183,0.08935546875,0.11445122212171555,33.74135971069336,0.7837599515914917
559,198,0.0966796875,0.11301688104867935,33.20705032348633,0.7899296283721924
560,150,0.0732421875,0.13280627131462097,30.122631072998047,0.8187301754951477
561,137,0.06689453125,0.12393850833177567,29.49942970275879,0.8328520655632019
562,139,0.06787109375,0.12940619885921478,32.4059944152832,0.8039232492446899
563,136,0.06640625,0.14399021863937378,31.677583694458008,0.8137170076370239
564,130,0.0634765625,0.14215460419654846,33.95232009887695,0.7875526547431946
565,130,0.0634765625,0.1364242285490036,32.68608474731445,0.8004345893859863
566,135,0.06591796875,0.13504984974861145,32.542110443115234,0.7982427477836609
567,127,0.06201171875,0.13722696900367737,32.81340789794922,0.7948392033576965
568,124,0.060546875,0.1304229348897934,31.054672241210938,0.8148216605186462
569,118,0.0576171875,0.1263294517993927,31.195297241210938,0.8151399493217468
570,135,0.06591796875,0.13206428289413452,32.044342041015625,0.79621422290802
571,113,0.05517578125,0.12703727185726166,29.943321228027344,0.8279414772987366
572,114,0.0556640625,0.12753136456012726,31.050325393676758,0.8083381652832031
573,115,0.05615234375,0.13600824773311615,30.216781616210938,0.8237619996070862
574,116,0.056640625,0.12912258505821228,31.265180587768555,0.812078595161438
575,122,0.0595703125,0.1282980591058731,30.3648624420166,0.826108992099762
576,117,0.05712890625,0.13477912545204163,30.99604606628418,0.8172192573547363
577,117,0.05712890625,0.14001017808914185,32.10755157470703,0.797838568687439
578,120,0.05859375,0.1483960747718811,31.933748245239258,0.8045298457145691
579,123,0.06005859375,0.14143893122673035,31.509090423583984,0.8125137686729431
580,113,0.05517578125,0.145558699965477,30.182016372680664,0.826009213924408
581,114,0.0556640625,0.15860310196876526,32.618072509765625,0.7983070015907288
582,111,0.05419921875,0.15644322335720062,30.522735595703125,0.8211745023727417
583,105,0.05126953125,0.14993871748447418,30.186458587646484,0.8235845565795898
584,104,0.05078125,0.1498585194349289,31.66891098022461,0.8028185367584229
585,98,0.0478515625,0.1612868458032608,29.548646926879883,0.8330385684967041
586,87,0.04248046875,0.14888259768486023,29.06432342529297,0.8414592742919922
587,96,0.046875,0.16294457018375397,31.70716667175293,0.8093560338020325
588,102,0.0498046875,0.16227661073207855,31.27109718322754,0.8163084387779236
589,94,0.0458984375,0.17028439044952393,31.165678024291992,0.8209254741668701
590,110,0.0537109375,0.1524299532175064,30.51738739013672,0.8262172937393188
591,109,0.05322265625,0.15796926617622375,30.665586471557617,0.8201510310173035
592,107,0.05224609375,0.15181778371334076,30.488685607910156,0.8228340744972229
593,105,0.05126953125,0.16332535445690155,31.632854461669922,0.8055517077445984
594,117,0.05712890625,0.1669214963912964,33.79304122924805,0.7849739193916321
595,110,0.0537109375,0.17926006019115448,32.0918083190918,0.8058550953865051
596,121,0.05908203125,0.17480652034282684,33.82059097290039,0.7868032455444336
597,128,0.0625,0.17981655895709991,35.741241455078125,0.7689216136932373
598,177,0.08642578125,0.19675269722938538,36.927528381347656,0.7554821968078613
599,191,0.09326171875,0.1919323354959488,37.01752471923828,0.7527592182159424
600,155,0.07568359375,0.13938571512699127,29.585474014282227,0.8337909579277039
601,158,0.0771484375,0.14079655706882477,30.023387908935547,0.8301287293434143
602,150,0.0732421875,0.1305757761001587,26.82253646850586,0.8599948287010193
603,143,0.06982421875,0.1345907598733902,27.926776885986328,0.8476366400718689
604,138,0.0673828125,0.13779035210609436,29.039836883544922,0.8411256074905396
605,139,0.06787109375,0.13965721428394318,29.621726989746094,0.8341561555862427
606,126,0.0615234375,0.13083313405513763,29.053010940551758,0.8420572876930237
607,134,0.0654296875,0.1264650821685791,30.010894775390625,0.8320854306221008
608,139,0.06787109375,0.1278974711894989,29.99802589416504,0.8328403234481812
609,129,0.06298828125,0.12210755050182343,30.275537490844727,0.8272753357887268
610,139,0.06787109375,0.11927646398544312,29.902097702026367,0.8290297985076904
611,134,0.0654296875,0.128068208694458,30.277931213378906,0.8296919465065002
612,132,0.064453125,0.13209517300128937,29.93463897705078,0.8292468786239624
613,133,0.06494140625,0.12835946679115295,30.363784790039062,0.8278612494468689
614,136,0.06640625,0.12540042400360107,28.51828956604004,0.8454758524894714
615,135,0.06591796875,0.12611077725887299,28.584062576293945,0.8448327779769897
616,133,0.06494140625,0.12431461364030838,28.95689582824707,0.8381125330924988
617,142,0.0693359375,0.11988112330436707,29.76267433166504,0.8297120928764343
618,138,0.0673828125,0.13304166495800018,29.25634002685547,0.8391669392585754
619,135,0.06591796875,0.14333543181419373,30.437341690063477,0.8250293731689453
620,142,0.0693359375,0.14241072535514832,30.30476951599121,0.8271116614341736
621,141,0.06884765625,0.13776803016662598,28.7927188873291,0.8438777327537537
622,139,0.06787109375,0.1360914260149002,30.439599990844727,0.8247745037078857
623,142,0.0693359375,0.13401956856250763,30.195192337036133,0.8307369947433472
624,135,0.06591796875,0.1278020590543747,29.463903427124023,0.8365585207939148
625,155,0.07568359375,0.13526880741119385,31.505395889282227,0.8129875063896179
626,146,0.0712890625,0.13762205839157104,30.28670883178711,0.82624751329422
627,151,0.07373046875,0.12705738842487335,31.233802795410156,0.8206048011779785
628,161,0.07861328125,0.11437086760997772,32.6146354675293,0.8058257699012756
629,151,0.07373046875,0.10525818169116974,32.739662170410156,0.802657961845398
630,155,0.07568359375,0.11126327514648438,32.043113708496094,0.8107039928436279
631,146,0.0712890625,0.11095792055130005,31.10924530029297,0.8166117072105408
632,151,0.07373046875,0.11157362908124924,31.932161331176758,0.8096787929534912
633,148,0.072265625,0.11453785002231598,31.939945220947266,0.8085938692092896
634,160,0.078125,0.12089844793081284,33.27996063232422,0.7967857718467712
635,165,0.08056640625,0.114967942237854,33.262054443359375,0.790789783000946
636,159,0.07763671875,0.11948028951883316,33.06648635864258,0.7985088229179382
637,142,0.0693359375,0.12608252465724945,33.895957946777344,0.7911221981048584
638,157,0.07666015625,0.12891806662082672,33.62579345703125,0.7933540344238281
639,162,0.0791015625,0.12700137495994568,32.72142791748047,0.8023828864097595
640,467,0.22802734375,0.096391461789608,24.27299690246582,0.8688488602638245
641,505,0.24658203125,0.08979221433401108,23.887737274169922,0.8729085922241211
642,562,0.2744140625,0.09384595602750778,24.05261993408203,0.8700625896453857
643,633,0.30908203125,0.0933246985077858,24.255084991455078,0.8617268204689026
644,1086,0.5302734375,0.11056776344776154,35.100765228271484,0.7697939276695251
645,925,0.45166015625,0.1006288230419159,34.080081939697266,0.7810255885124207
646,1362,0.6650390625,0.1590636670589447,48.151031494140625,0.6188238859176636
647,300,0.146484375,0.15441596508026123,39.71165084838867,0.7199162840843201
648,980,0.478515625,0.10827320069074631,31.72150993347168,0.8104298114776611
649,689,0.33642578125,0.08966799080371857,22.70086097717285,0.887509286403656
650,854,0.4169921875,0.09476624429225922,28.4390926361084,0.8459468483924866
651,819,0.39990234375,0.09858327358961105,20.94655990600586,0.8976597785949707
652,687,0.33544921875,0.10040833055973053,22.53731346130371,0.8926355242729187
653,693,0.33837890625,0.10193181782960892,20.96257972717285,0.8969756364822388
654,619,0.30224609375,0.11453701555728912,30.1822566986084,0.8225407600402832
655,623,0.30419921875,0.1151418536901474,25.2027530670166,0.8697901368141174
656,602,0.2939453125,0.11335182934999466,24.06838607788086,0.8784741163253784
657,507,0.24755859375,0.11993633955717087,25.150598526000977,0.8628044128417969
658,542,0.2646484375,0.10836141556501389,23.223649978637695,0.8811489343643188
659,517,0.25244140625,0.10045037418603897,23.089176177978516,0.8867248296737671
660,616,0.30078125,0.09559144824743271,22.591463088989258,0.8961724638938904
661,711,0.34716796875,0.08625199645757675,23.144126892089844,0.892914354801178
662,919,0.44873046875,0.1014753207564354,26.746723175048828,0.8544450402259827
663,726,0.3544921875,0.09089425206184387,28.018346786499023,0.8597615361213684
664,711,0.34716796875,0.08844758570194244,22.345136642456055,0.9030301570892334
665,615,0.30029296875,0.09446751326322556,23.181398391723633,0.8907670974731445
666,644,0.314453125,0.0969611257314682,22.09847068786621,0.8993743658065796
667,541,0.26416015625,0.11029504239559174,23.353546142578125,0.890155017375946
668,540,0.263671875,0.11228740215301514,21.80035400390625,0.8980117440223694
669,647,0.31591796875,0.101603202521801,21.39545440673828,0.9041337966918945
670,564,0.275390625,0.105914406478405,26.7668514251709,0.8548376560211182
671,545,0.26611328125,0.10804127156734467,26.5955867767334,0.8588553071022034
672,534,0.2607421875,0.10919535905122757,28.205142974853516,0.8438451886177063
673,504,0.24609375,0.1270681470632553,25.244897842407227,0.858850359916687
674,493,0.24072265625,0.11815802752971649,25.73387336730957,0.8526512980461121
675,444,0.216796875,0.1401507705450058,26.448993682861328,0.8532121181488037
676,417,0.20361328125,0.14648011326789856,27.02128791809082,0.846068799495697
677,392,0.19140625,0.16068357229232788,30.74149513244629,0.8153661489486694
678,362,0.1767578125,0.18461167812347412,31.069232940673828,0.8155326843261719
679,337,0.16455078125,0.19274690747261047,32.44368362426758,0.8034505844116211
680,942,0.4599609375,0.15790458023548126,45.7109260559082,0.6592210531234741
681,884,0.431640625,0.13307805359363556,29.268518447875977,0.8296229839324951
682,889,0.43408203125,0.1317766010761261,28.052040100097656,0.8372021913528442
683,878,0.4287109375,0.13205742835998535,34.26800537109375,0.7848557233810425
684,909,0.44384765625,0.13214097917079926,33.01173400878906,0.7948881387710571
685,772,0.376953125,0.13015489280223846,35.15353775024414,0.76496821641922
686,642,0.3134765625,0.12934274971485138,34.51531219482422,0.7767034769058228
687,610,0.2978515625,0.12956975400447845,34.20804977416992,0.7778666019439697
688,467,0.22802734375,0.12373264133930206,31.383760452270508,0.8069686889648438
689,519,0.25341796875,0.1325148195028305,33.80177307128906,0.7836856842041016
690,455,0.22216796875,0.12735554575920105,31.232336044311523,0.8099073767662048
691,428,0.208984375,0.12792064249515533,31.959135055541992,0.7961835265159607
692,384,0.1875,0.1278495490550995,30.21709442138672,0.8144841194152832
693,406,0.1982421875,0.12977026402950287,29.859561920166016,0.8209404945373535
694,461,0.22509765625,0.13091307878494263,32.10185623168945,0.7944559454917908
695,450,0.2197265625,0.13005664944648743,31.570362091064453,0.7994834780693054
696,468,0.228515625,0.12386231869459152,32.171661376953125,0.7928644418716431
697,453,0.22119140625,0.11882123351097107,33.47212600708008,0.7805547118186951
698,459,0.22412109375,0.12147468328475952,33.2118034362793,0.7789528965950012
699,449,0.21923828125,0.11932022124528885,30.71518325805664,0.808775007724762
700,352,0.171875,0.1188216358423233,29.1966609954834,0.8268095254898071
701,382,0.1865234375,0.12372146546840668,29.38991928100586,0.8169851899147034
702,367,0.17919921875,0.1117805689573288,27.813045501708984,0.8391880989074707
703,388,0.189453125,0.12805551290512085,29.039722442626953,0.8231518864631653
704,396,0.193359375,0.1317933052778244,29.856779098510742,0.8144152164459229
705,414,0.2021484375,0.12463138997554779,28.370389938354492,0.8369947075843811
706,389,0.18994140625,0.11735137552022934,26.849599838256836,0.8468570113182068
707,405,0.19775390625,0.11096987128257751,26.360614776611328,0.8631268739700317
708,387,0.18896484375,0.11989980190992355,27.772104263305664,0.845385730266571
709,366,0.1787109375,0.11862500756978989,28.654640197753906,0.84514981508255
710,378,0.1845703125,0.1212049052119255,30.441024780273438,0.8211672306060791
711,381,0.18603515625,0.11300953477621078,27.016864776611328,0.8547220826148987
712,390,0.1904296875,0.11451279371976852,25.5390625,0.8594390749931335
713,354,0.1728515625,0.11553803831338882,24.93208122253418,0.8598030805587769
714,347,0.16943359375,0.1368391513824463,30.488622665405273,0.8044465184211731
715,435,0.21240234375,0.13259871304035187,29.658218383789062,0.8090611696243286
716,484,0.236328125,0.14444047212600708,30.02979278564453,0.803328275680542
717,539,0.26318359375,0.1373901665210724,28.379913330078125,0.8199304342269897
718,480,0.234375,0.12954476475715637,26.323823928833008,0.852119505405426
719,465,0.22705078125,0.13885913789272308,27.349708557128906,0.8435062766075134
720,183,0.08935546875,0.1251671463251114,32.515560150146484,0.8059027791023254
721,196,0.095703125,0.1268903762102127,33.28011703491211,0.7964403033256531
722,186,0.0908203125,0.12835171818733215,32.845333099365234,0.8049466609954834
723,174,0.0849609375,0.1280595064163208,31.966455459594727,0.8119888305664062
724,213,0.10400390625,0.17574559152126312,34.99810028076172,0.7747516632080078
725,192,0.09375,0.14099374413490295,33.21493911743164,0.7952297329902649
726,169,0.08251953125,0.12789812684059143,30.842273712158203,0.8265798091888428
727,179,0.08740234375,0.1352071762084961,33.684696197509766,0.7890101671218872
728,196,0.095703125,0.15634290874004364,33.207332611083984,0.7940801382064819
729,204,0.099609375,0.16483959555625916,33.412086486816406,0.7897935509681702
730,214,0.1044921875,0.12664803862571716,33.29465866088867,0.7904109358787537
731,199,0.09716796875,0.1342107057571411,32.903934478759766,0.7978352308273315
732,243,0.11865234375,0.1926344782114029,33.937355041503906,0.7806716561317444
733,268,0.130859375,0.16288864612579346,35.53395462036133,0.7622683048248291
734,293,0.14306640625,0.21259063482284546,35.09832763671875,0.7676947116851807
735,275,0.13427734375,0.15178991854190826,34.86809158325195,0.7708016633987427
736,271,0.13232421875,0.1431087851524353,35.394962310791016,0.7637934684753418
737,231,0.11279296875,0.11956823617219925,32.92436218261719,0.7950844764709473
738,224,0.109375,0.10639078915119171,33.33633041381836,0.7922914624214172
739,211,0.10302734375,0.10502740740776062,32.01738739013672,0.8071529865264893
740,213,0.10400390625,0.11058896034955978,31.964717864990234,0.8094620108604431
741,250,0.1220703125,0.1327628642320633,35.248077392578125,0.7677805423736572
742,203,0.09912109375,0.12550897896289825,32.106082916259766,0.8060486316680908
743,202,0.0986328125,0.13463713228702545,33.13134002685547,0.7880839705467224
744,201,0.09814453125,0.13110025227069855,33.75398254394531,0.7905497550964355
745,186,0.0908203125,0.13881978392601013,34.95537567138672,0.7779455780982971
746,196,0.095703125,0.14036542177200317,33.618228912353516,0.7915830612182617
747,200,0.09765625,0.14591725170612335,34.19886779785156,0.7868036031723022
748,198,0.0966796875,0.13765893876552582,32.1416130065918,0.8125192523002625
749,195,0.09521484375,0.13376140594482422,33.04386901855469,0.8019229173660278
750,211,0.10302734375,0.11544501036405563,33.00020217895508,0.8005169034004211
751,209,0.10205078125,0.126821830868721,34.54597473144531,0.7796787023544312
752,232,0.11328125,0.14428803324699402,35.64256286621094,0.7707788348197937
753,211,0.10302734375,0.15321488678455353,36.5251579284668,0.7591813206672668
754,217,0.10595703125,0.1483868509531021,35.71290969848633,0.7675825357437134
755,207,0.10107421875,0.14997775852680206,35.59229278564453,0.7682016491889954
756,207,0.10107421875,0.14842677116394043,36.794708251953125,0.7549310922622681
757,198,0.0966796875,0.16448478400707245,40.400146484375,0.7138760685920715
758,196,0.095703125,0.18420682847499847,42.12288284301758,0.6911849975585938
759,193,0.09423828125,0.18615654110908508,38.27663040161133,0.7400285005569458
760,265,0.12939453125,0.1428123414516449,32.751930236816406,0.7866448163986206
761,270,0.1318359375,0.13259632885456085,33.49091339111328,0.7806026339530945
762,227,0.11083984375,0.1045793667435646,29.381460189819336,0.8203950524330139
763,199,0.09716796875,0.10246646404266357,29.22627830505371,0.8206586241722107
764,190,0.0927734375,0.10158000141382217,29.635711669921875,0.8159591555595398
765,186,0.0908203125,0.11405351012945175,32.018577575683594,0.7895210981369019
766,181,0.08837890625,0.11420632153749466,32.626956939697266,0.7831272482872009
767,200,0.09765625,0.11609015613794327,31.566028594970703,0.8019595146179199
768,221,0.10791015625,0.11501437425613403,32.7675895690918,0.7904309034347534
769,319,0.15576171875,0.11381914466619492,34.049224853515625,0.7905098795890808
770,305,0.14892578125,0.11607734858989716,34.696327209472656,0.7901953458786011
771,310,0.1513671875,0.12306051701307297,37.08904266357422,0.7617342472076416
772,286,0.1396484375,0.11771168559789658,36.91535186767578,0.7619536519050598
773,314,0.1533203125,0.13578163087368011,42.14138412475586,0.7022088766098022
774,272,0.1328125,0.11265373229980469,33.974578857421875,0.7901485562324524
775,251,0.12255859375,0.11706960201263428,35.55632781982422,0.7623192071914673
776,313,0.15283203125,0.12029018998146057,34.26902770996094,0.7828004360198975
777,302,0.1474609375,0.1159568727016449,33.224178314208984,0.7889115214347839
778,283,0.13818359375,0.11681603640317917,29.24005889892578,0.8267510533332825
779,265,0.12939453125,0.11571433395147324,26.182390213012695,0.8522697687149048
780,276,0.134765625,0.11585176736116409,28.70916748046875,0.8273369073867798
781,236,0.115234375,0.12064424157142639,27.658571243286133,0.8398844599723816
782,283,0.13818359375,0.12683601677417755,32.39241409301758,0.806041419506073
783,264,0.12890625,0.11608874797821045,31.649370193481445,0.8134786486625671
784,256,0.125,0.11538087576627731,31.928115844726562,0.8088738322257996
785,265,0.12939453125,0.11828780919313431,31.881271362304688,0.8022626042366028
786,273,0.13330078125,0.11391466110944748,30.80785369873047,0.8149535655975342
787,249,0.12158203125,0.11368846148252487,31.10951805114746,0.8084722757339478
788,235,0.11474609375,0.11547545343637466,34.41523742675781,0.7690749764442444
789,264,0.12890625,0.11573845148086548,37.8896598815918,0.734761118888855
790,301,0.14697265625,0.1142083927989006,35.4564094543457,0.7619525194168091
791,251,0.12255859375,0.11515949666500092,29.118623733520508,0.8351929187774658
792,240,0.1171875,0.12395201623439789,28.25174903869629,0.8325969576835632
793,258,0.1259765625,0.11960653960704803,28.882604598999023,0.8337803483009338
794,218,0.1064453125,0.13755472004413605,29.898040771484375,0.8194818496704102
795,245,0.11962890625,0.1393965184688568,29.459211349487305,0.825369656085968
796,295,0.14404296875,0.12746918201446533,28.780290603637695,0.8369860649108887
797,316,0.154296875,0.1278199851512909,27.95975685119629,0.8426764607429504
798,277,0.13525390625,0.13841816782951355,31.16424560546875,0.8166924118995667
799,292,0.142578125,0.12747639417648315,28.157798767089844,0.8392755389213562
800,219,0.10693359375,0.14860671758651733,27.50629997253418,0.8575924634933472
801,185,0.09033203125,0.13478657603263855,27.105775833129883,0.8592748641967773
802,211,0.10302734375,0.14144685864448547,27.201845169067383,0.8579356074333191
803,235,0.11474609375,0.15899357199668884,27.48992156982422,0.8470101952552795
804,234,0.1142578125,0.15962502360343933,24.73394012451172,0.8770575523376465
805,226,0.1103515625,0.15358828008174896,24.139636993408203,0.8757997751235962
806,251,0.12255859375,0.15701963007450104,25.638702392578125,0.8622931241989136
807,242,0.1181640625,0.15815921127796173,24.82927894592285,0.8721790909767151
808,239,0.11669921875,0.14463354647159576,24.551721572875977,0.8756967186927795
809,270,0.1318359375,0.13012823462486267,24.090269088745117,0.8817574977874756
810,255,0.12451171875,0.13647182285785675,24.628076553344727,0.8754953145980835
811,253,0.12353515625,0.1362791210412979,26.46500015258789,0.8506362438201904
812,293,0.14306640625,0.1283511370420456,26.934654235839844,0.8552041053771973
813,294,0.1435546875,0.12401536107063293,28.58940887451172,0.8419088125228882
814,247,0.12060546875,0.13347388803958893,25.650903701782227,0.8743436336517334
815,212,0.103515625,0.11294955760240555,24.600814819335938,0.8698862791061401
816,195,0.09521484375,0.10764475166797638,23.51141357421875,0.885399580001831
817,175,0.08544921875,0.10323108732700348,23.906200408935547,0.8800437450408936
818,188,0.091796875,0.1122681051492691,25.05600357055664,0.8652247190475464
819,194,0.0947265625,0.1073138639330864,25.966232299804688,0.8555600643157959
820,202,0.0986328125,0.11273936927318573,26.65483283996582,0.8520660996437073
821,251,0.12255859375,0.12442633509635925,27.855066299438477,0.8436985015869141
822,262,0.1279296875,0.10843580216169357,27.579988479614258,0.845899760723114
823,256,0.125,0.11262600123882294,28.925479888916016,0.8382688164710999
824,288,0.140625,0.13485541939735413,31.98825454711914,0.7975547313690186
825,271,0.13232421875,0.14728312194347382,33.17321014404297,0.7875659465789795
826,363,0.17724609375,0.12322298437356949,33.00800704956055,0.7956360578536987
827,387,0.18896484375,0.1225324273109436,31.20374298095703,0.8134316802024841
828,377,0.18408203125,0.1153680831193924,30.037168502807617,0.827438235282898
829,451,0.22021484375,0.12164928019046783,38.82407760620117,0.7318170666694641
830,407,0.19873046875,0.11360179632902145,30.00606346130371,0.822960615158081
831,461,0.22509765625,0.12705542147159576,32.59238815307617,0.7974809408187866
832,430,0.2099609375,0.13154561817646027,33.93429183959961,0.7918956875801086
833,362,0.1767578125,0.13124555349349976,27.945261001586914,0.8368757963180542
834,329,0.16064453125,0.1569923758506775,33.551822662353516,0.7873058319091797
835,316,0.154296875,0.13684284687042236,26.839284896850586,0.8470727205276489
836,294,0.1435546875,0.1365160048007965,26.924518585205078,0.8484429121017456
837,423,0.20654296875,0.12775453925132751,25.416873931884766,0.8613688945770264
838,384,0.1875,0.13019534945487976,29.003393173217773,0.8242659568786621
839,274,0.1337890625,0.14120037853717804,30.77881622314453,0.8049829602241516
840,71,0.03466796875,0.16122914850711823,29.76396369934082,0.8404338955879211
841,60,0.029296875,0.144384503364563,30.886629104614258,0.822953462600708
842,46,0.0224609375,0.13916727900505066,31.750329971313477,0.8154638409614563
843,48,0.0234375,0.12679065763950348,31.259719848632812,0.8194534182548523
844,73,0.03564453125,0.129778191447258,32.40932083129883,0.8161554336547852
845,94,0.0458984375,0.1279638558626175,30.71573257446289,0.8256730437278748
846,95,0.04638671875,0.12381056696176529,30.814977645874023,0.8190516233444214
847,85,0.04150390625,0.12792493402957916,30.146398544311523,0.8321335911750793
848,101,0.04931640625,0.12403488159179688,30.63731575012207,0.8278281092643738
849,100,0.048828125,0.13326223194599152,29.913930892944336,0.8347851634025574
850,86,0.0419921875,0.13595528900623322,31.186742782592773,0.8248565793037415
851,87,0.04248046875,0.13764183223247528,30.14980125427246,0.8303377628326416
852,93,0.04541015625,0.14405320584774017,29.195640563964844,0.8424152731895447
853,81,0.03955078125,0.13328886032104492,29.52490234375,0.8358275890350342
854,58,0.0283203125,0.16217920184135437,28.763273239135742,0.8479360342025757
855,52,0.025390625,0.14508166909217834,27.47788429260254,0.8628542423248291
856,52,0.025390625,0.15147194266319275,30.99445915222168,0.8255411386489868
857,53,0.02587890625,0.14332830905914307,30.268320083618164,0.8314223885536194
858,52,0.025390625,0.15554402768611908,31.607271194458008,0.8183934688568115
859,46,0.0224609375,0.1415238380432129,31.027490615844727,0.831616222858429
860,47,0.02294921875,0.15007640421390533,29.798654556274414,0.8390483260154724
861,54,0.0263671875,0.15149210393428802,31.253707885742188,0.8223109841346741
862,54,0.0263671875,0.15907445549964905,28.574378967285156,0.849163830280304
863,49,0.02392578125,0.1573759764432907,30.85576820373535,0.8215393424034119
864,52,0.025390625,0.18690082430839539,31.315399169921875,0.8200973868370056
865,55,0.02685546875,0.17591826617717743,30.930133819580078,0.8262524604797363
866,47,0.02294921875,0.15365701913833618,29.658052444458008,0.8425503373146057
867,42,0.0205078125,0.12763109803199768,28.297237396240234,0.8428991436958313
868,40,0.01953125,0.1265014410018921,33.220787048339844,0.7783793807029724
869,48,0.0234375,0.1274253875017166,31.72871971130371,0.8011783957481384
870,43,0.02099609375,0.11842742562294006,30.074371337890625,0.8347941637039185
871,45,0.02197265625,0.14046655595302582,29.19510269165039,0.8411222100257874
872,50,0.0244140625,0.1356711983680725,30.690998077392578,0.8291991949081421
873,63,0.03076171875,0.14756375551223755,32.47126007080078,0.8062008619308472
874,46,0.0224609375,0.13849161565303802,33.58727264404297,0.7892116904258728
875,48,0.0234375,0.14377890527248383,30.79094696044922,0.8287114500999451
876,51,0.02490234375,0.13825270533561707,30.25351905822754,0.8308591842651367
877,68,0.033203125,0.13685372471809387,31.403980255126953,0.814948320388794
878,74,0.0361328125,0.13167612254619598,32.42353057861328,0.8061144351959229
879,74,0.0361328125,0.15393005311489105,36.53251647949219,0.7534369826316833
880,666,0.3251953125,0.09387010335922241,22.583967208862305,0.8936334848403931
881,666,0.3251953125,0.08504929393529892,20.361064910888672,0.9096233248710632
882,738,0.3603515625,0.0887715220451355,20.27720832824707,0.9160832762718201
883,695,0.33935546875,0.08700937032699585,19.369245529174805,0.9190686345100403
884,636,0.310546875,0.09546085447072983,17.040775299072266,0.9273309111595154
885,646,0.3154296875,0.0913296639919281,16.789339065551758,0.9329551458358765
886,634,0.3095703125,0.08944617211818695,16.594219207763672,0.9285855889320374
887,600,0.29296875,0.09412528574466705,18.79368019104004,0.9187027215957642
888,672,0.328125,0.0913580060005188,16.954692840576172,0.931731641292572
889,702,0.3427734375,0.08705055713653564,17.3146915435791,0.9300933480262756
890,693,0.33837890625,0.09040671586990356,19.3420352935791,0.9184245467185974
891,602,0.2939453125,0.09239587932825089,18.207468032836914,0.9182320237159729
892,701,0.34228515625,0.08282627910375595,16.386348724365234,0.9325195550918579
893,721,0.35205078125,0.08294428139925003,15.440897941589355,0.9383077025413513
894,662,0.3232421875,0.08664137125015259,14.660126686096191,0.941029965877533
895,711,0.34716796875,0.09673343598842621,17.157798767089844,0.9270442128181458
896,867,0.42333984375,0.08742518723011017,15.763504028320312,0.9377131462097168
897,1080,0.52734375,0.09333368390798569,16.529510498046875,0.9353053569793701
898,861,0.42041015625,0.09031496196985245,16.431886672973633,0.9328274726867676
899,661,0.32275390625,0.09568525105714798,18.061004638671875,0.9185681343078613
900,757,0.36962890625,0.09044166654348373,15.772083282470703,0.9349605441093445
901,832,0.40625,0.0824287161231041,14.586889266967773,0.9435164928436279
902,839,0.40966796875,0.08218574523925781,15.322967529296875,0.9415826797485352
903,713,0.34814453125,0.08622186630964279,15.77895736694336,0.9389995336532593
904,845,0.41259765625,0.08287247270345688,16.417797088623047,0.9390310645103455
905,1003,0.48974609375,0.08143667876720428,18.108779907226562,0.9348024129867554
906,1398,0.6826171875,0.10126791894435883,21.335155487060547,0.8988798260688782
907,1234,0.6025390625,0.09902488440275192,17.428808212280273,0.932884156703949
908,1006,0.4912109375,0.0958254262804985,15.902438163757324,0.9402305483818054
909,1099,0.53662109375,0.10006040334701538,14.5394287109375,0.9492015242576599
910,1036,0.505859375,0.09709448367357254,13.328152656555176,0.9554994106292725
911,1286,0.6279296875,0.11284976452589035,15.466078758239746,0.9385120868682861
912,924,0.451171875,0.09452396631240845,13.675789833068848,0.9523314833641052
913,756,0.369140625,0.09121733903884888,15.151531219482422,0.9390960931777954
914,662,0.3232421875,0.09421929717063904,15.679161071777344,0.9365413188934326
915,758,0.3701171875,0.08542105555534363,13.640552520751953,0.9470708966255188
916,801,0.39111328125,0.08355915546417236,13.496158599853516,0.9466280937194824
917,730,0.3564453125,0.0887601301074028,14.105080604553223,0.9446049928665161
918,723,0.35302734375,0.0821978747844696,14.053756713867188,0.943307101726532
919,739,0.36083984375,0.0854950100183487,14.497238159179688,0.9440115094184875
920,43,0.02099609375,0.3085631728172302,42.38709259033203,0.7107337117195129
921,43,0.02099609375,0.292766809463501,40.237361907958984,0.7386609315872192
922,51,0.02490234375,0.27468934655189514,45.003170013427734,0.6758888959884644
923,40,0.01953125,0.29974621534347534,41.89363098144531,0.7114962339401245
924,33,0.01611328125,0.32701167464256287,35.46343994140625,0.7810559868812561
925,30,0.0146484375,0.29750779271125793,37.546756744384766,0.7729993462562561
926,29,0.01416015625,0.27215251326560974,36.18506622314453,0.7824739217758179
927,21,0.01025390625,0.2535524070262909,41.61034393310547,0.7062002420425415
928,17,0.00830078125,0.26853492856025696,41.88794708251953,0.7103496193885803
929,20,0.009765625,0.23389090597629547,40.94181442260742,0.6970049738883972
930,19,0.00927734375,0.251581072807312,49.2718620300293,0.602673351764679
931,18,0.0087890625,0.24751310050487518,40.17692184448242,0.7406119108200073
932,19,0.00927734375,0.31138649582862854,44.11227798461914,0.6791777014732361
933,23,0.01123046875,0.3270096778869629,46.73700714111328,0.6375400424003601
934,28,0.013671875,0.2811587154865265,40.640316009521484,0.7244454622268677
935,20,0.009765625,0.32538312673568726,38.91904067993164,0.7473751306533813
936,31,0.01513671875,0.2860516905784607,41.90011215209961,0.6894468665122986
937,29,0.01416015625,0.282642126083374,39.744808197021484,0.723162055015564
938,22,0.0107421875,0.22718699276447296,36.28499984741211,0.7737100124359131
939,20,0.009765625,0.26224228739738464,35.878997802734375,0.7721308469772339
940,16,0.0078125,0.2054707407951355,37.531646728515625,0.7699767351150513
941,35,0.01708984375,0.18168839812278748,40.532127380371094,0.7183316349983215
942,30,0.0146484375,0.19189608097076416,34.54484176635742,0.7867029905319214
943,38,0.0185546875,0.22232593595981598,40.00670623779297,0.707332193851471
944,24,0.01171875,0.20012123882770538,37.49026870727539,0.7687227725982666
945,20,0.009765625,0.24831056594848633,38.28426742553711,0.7459203600883484
946,23,0.01123046875,0.2204097956418991,42.74069595336914,0.6813524961471558
947,29,0.01416015625,0.21929629147052765,42.49177932739258,0.6862121820449829
948,17,0.00830078125,0.27180755138397217,40.72429275512695,0.706977367401123
949,23,0.01123046875,0.31354987621307373,42.3366813659668,0.6970863342285156
950,26,0.0126953125,0.33789995312690735,41.181678771972656,0.7062488794326782
951,24,0.01171875,0.33214718103408813,39.575313568115234,0.7252762913703918
952,17,0.00830078125,0.22966258227825165,38.002838134765625,0.7319810390472412
953,34,0.0166015625,0.28859439492225647,44.90367889404297,0.6517008543014526
954,46,0.0224609375,0.26659539341926575,43.12651443481445,0.6890983581542969
955,36,0.017578125,0.2786640524864197,41.25483703613281,0.7078449726104736
956,51,0.02490234375,0.22350667417049408,37.555809020996094,0.7599672675132751
957,61,0.02978515625,0.18882286548614502,38.0991096496582,0.7548078298568726
958,51,0.02490234375,0.23013262450695038,35.88871383666992,0.7693043947219849
959,63,0.03076171875,0.23471932113170624,40.00263977050781,0.7216585278511047
960,248,0.12109375,0.14371192455291748,34.00295639038086,0.7712839245796204
961,279,0.13623046875,0.14319778978824615,33.60591125488281,0.7719656825065613
962,262,0.1279296875,0.14065437018871307,31.6101131439209,0.7950053811073303
963,241,0.11767578125,0.1428976207971573,31.67061424255371,0.7949696183204651
964,266,0.1298828125,0.15729209780693054,30.6341552734375,0.8078242540359497
965,291,0.14208984375,0.16505959630012512,33.207794189453125,0.7804087996482849
966,304,0.1484375,0.16511908173561096,34.01280975341797,0.7751101851463318
967,278,0.1357421875,0.14199945330619812,32.609352111816406,0.7906407713890076
968,220,0.107421875,0.13616374135017395,34.145572662353516,0.7735671997070312
969,213,0.10400390625,0.1432829201221466,34.090545654296875,0.7747281193733215
970,227,0.11083984375,0.1461486965417862,35.58372116088867,0.7574753165245056
971,259,0.12646484375,0.1399112194776535,34.19773483276367,0.7727609872817993
972,239,0.11669921875,0.13149678707122803,33.760498046875,0.7803389430046082
973,233,0.11376953125,0.135006844997406,33.78829574584961,0.7764216661453247
974,264,0.12890625,0.13004261255264282,34.35089111328125,0.7641363143920898
975,257,0.12548828125,0.11888515204191208,34.402435302734375,0.7666345834732056
976,241,0.11767578125,0.11330793052911758,34.25510025024414,0.769598126411438
977,221,0.10791015625,0.10919129103422165,35.79682159423828,0.763986349105835
978,225,0.10986328125,0.11460036784410477,36.69519805908203,0.7533330917358398
979,211,0.10302734375,0.12620258331298828,36.50029754638672,0.7613531351089478
980,192,0.09375,0.12468219548463821,35.4228401184082,0.7758288979530334
981,182,0.0888671875,0.12736040353775024,35.32646942138672,0.7726225256919861
982,177,0.08642578125,0.12919548153877258,35.12397766113281,0.7791687846183777
983,175,0.08544921875,0.1266891360282898,35.55528259277344,0.7729827165603638
984,158,0.0771484375,0.1283472627401352,33.251380920410156,0.7944387793540955
985,146,0.0712890625,0.1328027993440628,32.986351013183594,0.7943093180656433
986,151,0.07373046875,0.1339399218559265,32.99115753173828,0.7980237603187561
987,150,0.0732421875,0.1368551254272461,32.40770721435547,0.798120379447937
988,145,0.07080078125,0.14220254123210907,33.23463439941406,0.7909216284751892
989,137,0.06689453125,0.14136117696762085,33.13749694824219,0.7943891882896423
990,137,0.06689453125,0.14146418869495392,31.48320960998535,0.8098912835121155
991,141,0.06884765625,0.1424580067396164,32.706298828125,0.7960525155067444
992,134,0.0654296875,0.14570212364196777,31.53506088256836,0.8085196018218994
993,130,0.0634765625,0.14878004789352417,32.69450759887695,0.7927932739257812
994,150,0.0732421875,0.1596861481666565,33.31686782836914,0.7915121912956238
995,156,0.076171875,0.16460685431957245,34.102054595947266,0.7939104437828064
996,147,0.07177734375,0.14020057022571564,36.152530670166016,0.765163004398346
997,134,0.0654296875,0.14174184203147888,35.69152069091797,0.7706618905067444
998,124,0.060546875,0.1371857225894928,35.014583587646484,0.7780527472496033
999,118,0.0576171875,0.143258735537529,34.2747688293457,0.7817811965942383
1000,124,0.060546875,0.13478752970695496,35.631874084472656,0.7762572169303894
1001,138,0.0673828125,0.12897878885269165,36.281436920166016,0.7642704248428345
1002,149,0.07275390625,0.11734263598918915,36.04640197753906,0.7668843865394592
1003,149,0.07275390625,0.11814025044441223,36.113426208496094,0.7667766809463501
1004,161,0.07861328125,0.12088052928447723,36.865989685058594,0.7586150765419006
1005,140,0.068359375,0.1271502822637558,34.523094177246094,0.7875248789787292
1006,132,0.064453125,0.11446323245763779,34.19105911254883,0.7880315780639648
1007,133,0.06494140625,0.1411346197128296,33.70612716674805,0.7920674681663513
1008,119,0.05810546875,0.1383209377527237,36.71431350708008,0.7587577104568481
1009,127,0.06201171875,0.15008698403835297,34.792266845703125,0.7802062034606934
1010,143,0.06982421875,0.16060905158519745,35.12449645996094,0.7743902206420898
1011,133,0.06494140625,0.14795568585395813,35.03459548950195,0.7787951827049255
1012,151,0.07373046875,0.1599566638469696,36.69522476196289,0.7617769837379456
1013,157,0.07666015625,0.15654778480529785,38.00798416137695,0.7428792715072632
1014,127,0.06201171875,0.14552541077136993,35.03227615356445,0.7788369059562683
1015,123,0.06005859375,0.1637408584356308,34.26091766357422,0.788357138633728
1016,112,0.0546875,0.1770232617855072,33.95236587524414,0.7910022735595703
1017,105,0.05126953125,0.16895703971385956,32.5983772277832,0.8062372207641602
1018,102,0.0498046875,0.16190537810325623,32.25813293457031,0.8025618195533752
1019,99,0.04833984375,0.15853677690029144,32.98274230957031,0.7919780611991882
1020,99,0.04833984375,0.1533973217010498,32.05400848388672,0.8077746033668518
1021,94,0.0458984375,0.1342771351337433,31.140066146850586,0.8158395886421204
1022,108,0.052734375,0.15222413837909698,31.13125228881836,0.8163015842437744
1023,98,0.0478515625,0.16319790482521057,34.040428161621094,0.7912272810935974
1024,99,0.04833984375,0.14608682692050934,31.118515014648438,0.8226229548454285
1025,102,0.0498046875,0.14319220185279846,32.74323654174805,0.7991651892662048
1026,107,0.05224609375,0.15878276526927948,30.49268913269043,0.8261353969573975
1027,107,0.05224609375,0.16409116983413696,31.59853744506836,0.8136810660362244
1028,120,0.05859375,0.14755313098430634,31.757816314697266,0.8128868937492371
1029,142,0.0693359375,0.194301038980484,34.30208969116211,0.7845934629440308
1030,135,0.06591796875,0.16396582126617432,34.659881591796875,0.7810863256454468
1031,134,0.0654296875,0.16277170181274414,33.80854797363281,0.7912372350692749
1032,122,0.0595703125,0.16215993463993073,34.11467742919922,0.7854310870170593
1033,129,0.06298828125,0.16272543370723724,33.9504508972168,0.7890812158584595
1034,140,0.068359375,0.17640291154384613,33.716026306152344,0.7929695248603821
1035,135,0.06591796875,0.18492676317691803,33.84463882446289,0.7905980348587036
1036,116,0.056640625,0.15429557859897614,32.03754425048828,0.8128838539123535
1037,124,0.060546875,0.15031851828098297,33.362449645996094,0.7953084707260132
1038,119,0.05810546875,0.13504886627197266,31.125934600830078,0.8293842077255249
1039,117,0.05712890625,0.155870258808136,31.86115264892578,0.8179729580879211
1040,531,0.25927734375,0.12235881388187408,30.867448806762695,0.8070034384727478
1041,469,0.22900390625,0.11340304464101791,28.72591209411621,0.8263147473335266
1042,388,0.189453125,0.12558937072753906,33.10280990600586,0.7857955694198608
1043,359,0.17529296875,0.12598387897014618,32.83095932006836,0.7890492677688599
1044,429,0.20947265625,0.11735295504331589,30.348854064941406,0.8125138282775879
1045,470,0.2294921875,0.10702341794967651,29.228469848632812,0.8286236524581909
1046,570,0.2783203125,0.10805555433034897,29.698862075805664,0.8272644877433777
1047,579,0.28271484375,0.10745923966169357,31.109981536865234,0.8065767288208008
1048,617,0.30126953125,0.11000879108905792,32.413856506347656,0.7918419241905212
1049,644,0.314453125,0.1116633489727974,29.862808227539062,0.8186732530593872
1050,693,0.33837890625,0.10950732231140137,29.92007064819336,0.8195056319236755
1051,786,0.3837890625,0.1290811449289322,26.904495239257812,0.8471962213516235
1052,755,0.36865234375,0.13957145810127258,25.691078186035156,0.8546349406242371
1053,723,0.35302734375,0.13460169732570648,25.48560905456543,0.8551173806190491
1054,743,0.36279296875,0.13424421846866608,27.27787208557129,0.8379570245742798
1055,714,0.3486328125,0.1308344453573227,25.689939498901367,0.8577325940132141
1056,695,0.33935546875,0.126675546169281,25.701011657714844,0.8572471141815186
1057,537,0.26220703125,0.12636242806911469,28.322481155395508,0.8344647884368896
1058,559,0.27294921875,0.12234105914831161,27.22800636291504,0.8460894823074341
1059,496,0.2421875,0.1268761307001114,27.707319259643555,0.844039261341095
1060,566,0.2763671875,0.1191432774066925,27.174453735351562,0.8490323424339294
1061,669,0.32666015625,0.12225449085235596,27.457048416137695,0.841195285320282
1062,744,0.36328125,0.12507140636444092,28.203187942504883,0.8386454582214355
1063,598,0.2919921875,0.12202700227499008,29.659969329833984,0.828532338142395
1064,646,0.3154296875,0.12722137570381165,30.538105010986328,0.8209788799285889
1065,607,0.29638671875,0.11520174145698547,27.172361373901367,0.844898521900177
1066,677,0.33056640625,0.11105101555585861,30.640331268310547,0.8184075951576233
1067,606,0.2958984375,0.1100388839840889,29.18709373474121,0.8287217617034912
1068,683,0.33349609375,0.11501771211624146,29.823148727416992,0.8219223618507385
1069,599,0.29248046875,0.1165541559457779,29.815414428710938,0.8201732635498047
1070,552,0.26953125,0.12815682590007782,29.910322189331055,0.8181324005126953
1071,542,0.2646484375,0.12981188297271729,31.09157371520996,0.8063850998878479
1072,549,0.26806640625,0.12368152290582657,31.197282791137695,0.8057586550712585
1073,629,0.30712890625,0.12331676483154297,30.452051162719727,0.8168028593063354
1074,586,0.2861328125,0.12515562772750854,31.158296585083008,0.8097211718559265
1075,591,0.28857421875,0.1295161247253418,32.34107971191406,0.7969527840614319
1076,511,0.24951171875,0.11994657665491104,32.58826446533203,0.7995477914810181
1077,538,0.2626953125,0.12360094487667084,33.20343780517578,0.791850209236145
1078,475,0.23193359375,0.1190517321228981,32.959197998046875,0.7992419600486755
1079,420,0.205078125,0.11943194270133972,31.897579193115234,0.8071513772010803
1080,113,0.05517578125,0.18017829954624176,35.26366424560547,0.7699365615844727
1081,127,0.06201171875,0.1930127590894699,35.93032455444336,0.7631272077560425
1082,132,0.064453125,0.18843160569667816,35.12889099121094,0.7787699699401855
1083,161,0.07861328125,0.1516900509595871,33.15696716308594,0.7964338064193726
1084,182,0.0888671875,0.13803532719612122,32.215972900390625,0.803114652633667
1085,239,0.11669921875,0.11826477944850922,30.138355255126953,0.8237302303314209
1086,251,0.12255859375,0.11454476416110992,29.42937660217285,0.8260174989700317
1087,235,0.11474609375,0.11799941211938858,30.061094284057617,0.8296760320663452
1088,233,0.11376953125,0.1298409253358841,35.311954498291016,0.7770359516143799
1089,303,0.14794921875,0.12159198522567749,32.76142883300781,0.793674886226654
1090,371,0.18115234375,0.11354684084653854,26.66267967224121,0.8533255457878113
1091,343,0.16748046875,0.11407039314508438,28.806808471679688,0.8342759609222412
1092,350,0.1708984375,0.114381805062294,28.777742385864258,0.8325133323669434
1093,341,0.16650390625,0.11496394127607346,30.434326171875,0.8184666633605957
1094,324,0.158203125,0.10916836559772491,28.055753707885742,0.8423891663551331
1095,321,0.15673828125,0.11515665799379349,30.15172004699707,0.8135551810264587
1096,284,0.138671875,0.11019618064165115,29.973543167114258,0.8264658451080322
1097,271,0.13232421875,0.12054426968097687,30.566482543945312,0.8181490302085876
1098,289,0.14111328125,0.13206470012664795,31.92229461669922,0.7964462637901306
1099,284,0.138671875,0.11287637054920197,30.967662811279297,0.8144425749778748
1100,278,0.1357421875,0.10985206067562103,28.372329711914062,0.8414433002471924
1101,299,0.14599609375,0.11754978448152542,28.010759353637695,0.8455855250358582
1102,320,0.15625,0.12342755496501923,28.176416397094727,0.8439050912857056
1103,261,0.12744140625,0.12683486938476562,28.75197410583496,0.8399559259414673
1104,283,0.13818359375,0.12091340124607086,28.386680603027344,0.8410677313804626
1105,245,0.11962890625,0.12418412417173386,29.7515869140625,0.8322091102600098
1106,226,0.1103515625,0.1356707513332367,31.69025421142578,0.8104839324951172
1107,236,0.115234375,0.1409253180027008,32.175533294677734,0.8028079271316528
1108,252,0.123046875,0.13550814986228943,29.547969818115234,0.8363950848579407
1109,351,0.17138671875,0.1271732747554779,27.534284591674805,0.8385798931121826
1110,290,0.1416015625,0.11883655935525894,30.87704086303711,0.8113764524459839
1111,291,0.14208984375,0.12114067375659943,29.47382354736328,0.8277209401130676
1112,298,0.1455078125,0.12935304641723633,33.431827545166016,0.7827316522598267
1113,277,0.13525390625,0.12596653401851654,32.402164459228516,0.8014701008796692
1114,261,0.12744140625,0.13661731779575348,30.832107543945312,0.8170506954193115
1115,322,0.1572265625,0.13963888585567474,30.98333740234375,0.8126718401908875
1116,386,0.1884765625,0.11710356920957565,26.110652923583984,0.851749062538147
1117,479,0.23388671875,0.12508730590343475,25.395427703857422,0.8634620904922485
1118,576,0.28125,0.16144126653671265,25.29488754272461,0.8697579503059387
1119,409,0.19970703125,0.1898135095834732,28.099594116210938,0.8359165191650391
1120,85,0.04150390625,0.15002503991127014,34.645240783691406,0.7720851898193359
1121,91,0.04443359375,0.14617207646369934,32.988372802734375,0.7884824872016907
1122,97,0.04736328125,0.14258456230163574,30.649734497070312,0.8187020421028137
1123,114,0.0556640625,0.13811567425727844,34.4344367980957,0.7694709897041321
1124,112,0.0546875,0.1396758109331131,32.449466705322266,0.7964475750923157
1125,116,0.056640625,0.12900614738464355,31.750856399536133,0.8038730621337891
1126,123,0.06005859375,0.13247811794281006,33.91533660888672,0.780207097530365
1127,140,0.068359375,0.12258253246545792,33.202999114990234,0.7898831367492676
1128,131,0.06396484375,0.12793318927288055,32.42714309692383,0.7914594411849976
1129,142,0.0693359375,0.12226978689432144,31.347625732421875,0.8109514117240906
1130,133,0.06494140625,0.13496096432209015,31.738012313842773,0.8048284649848938
1131,143,0.06982421875,0.12503373622894287,32.510101318359375,0.7926063537597656
1132,161,0.07861328125,0.12142150849103928,31.122922897338867,0.814551591873169
1133,158,0.0771484375,0.11615703999996185,32.79336929321289,0.7920944094657898
1134,140,0.068359375,0.11815042048692703,31.533763885498047,0.809659481048584
1135,138,0.0673828125,0.12182199954986572,30.482555389404297,0.8209585547447205
1136,138,0.0673828125,0.11714344471693039,30.823312759399414,0.8160805702209473
1137,137,0.06689453125,0.1169646680355072,29.765365600585938,0.8301438689231873
1138,148,0.072265625,0.12164169549942017,29.774776458740234,0.8259538412094116
1139,161,0.07861328125,0.11686665564775467,28.120960235595703,0.8443424105644226
1140,169,0.08251953125,0.11312779039144516,31.025279998779297,0.8143866658210754
1141,162,0.0791015625,0.1166801005601883,28.663928985595703,0.8412684798240662
1142,153,0.07470703125,0.12019219994544983,28.687366485595703,0.8402107357978821
1143,162,0.0791015625,0.11986330151557922,30.106306076049805,0.8265447020530701
1144,175,0.08544921875,0.12219877541065216,29.556682586669922,0.829853892326355
1145,183,0.08935546875,0.11945361644029617,29.53854751586914,0.8292816877365112
1146,181,0.08837890625,0.12515802681446075,29.99614715576172,0.8274387717247009
1147,175,0.08544921875,0.1232692301273346,30.335357666015625,0.8275150060653687
1148,177,0.08642578125,0.12680558860301971,30.12506866455078,0.831112265586853
1149,184,0.08984375,0.12656845152378082,30.054729461669922,0.8314169049263
1150,174,0.0849609375,0.11740868538618088,29.66099739074707,0.8353204131126404
1151,201,0.09814453125,0.1263176053762436,30.840675354003906,0.8249107599258423
1152,187,0.09130859375,0.12527669966220856,30.400482177734375,0.8302280902862549
1153,188,0.091796875,0.13143636286258698,32.94300079345703,0.802497386932373
1154,197,0.09619140625,0.1304323971271515,32.48916244506836,0.807555615901947
1155,209,0.10205078125,0.13415420055389404,31.3137264251709,0.816560685634613
1156,231,0.11279296875,0.13784177601337433,30.84937858581543,0.8179311752319336
1157,237,0.11572265625,0.13436929881572723,30.773780822753906,0.8240493535995483
1158,259,0.12646484375,0.13811266422271729,30.939851760864258,0.8220836520195007
1159,237,0.11572265625,0.13242454826831818,30.31329345703125,0.8290606737136841
1160,743,0.36279296875,0.1013883426785469,35.02528381347656,0.7786316275596619
1161,811,0.39599609375,0.1053086519241333,33.76270294189453,0.7898892760276794
1162,834,0.4072265625,0.10459627211093903,35.04994201660156,0.7728498578071594
1163,794,0.3876953125,0.09949661046266556,33.310428619384766,0.79350346326828
1164,793,0.38720703125,0.1023409441113472,31.428850173950195,0.8130987882614136
1165,759,0.37060546875,0.09597470611333847,32.096656799316406,0.8046227097511292
1166,791,0.38623046875,0.10235638171434402,35.13549041748047,0.774333655834198
1167,690,0.3369140625,0.10096997022628784,32.60581588745117,0.8040894269943237
1168,696,0.33984375,0.09576255083084106,33.22383499145508,0.7954784035682678
1169,541,0.26416015625,0.11547544598579407,33.41244125366211,0.7949789762496948
1170,618,0.3017578125,0.10883548110723495,30.5966854095459,0.8207667469978333
1171,741,0.36181640625,0.09272836148738861,30.278308868408203,0.8227182626724243
1172,723,0.35302734375,0.08981572836637497,28.920915603637695,0.8326870203018188
1173,757,0.36962890625,0.09394708275794983,30.454566955566406,0.8163763880729675
1174,678,0.3310546875,0.10220783203840256,33.67058563232422,0.783499538898468
1175,641,0.31298828125,0.09855782240629196,35.862281799316406,0.7587332129478455
1176,682,0.3330078125,0.09784851968288422,35.73260498046875,0.7672088742256165
1177,608,0.296875,0.10389883816242218,34.2076530456543,0.7836059331893921
1178,565,0.27587890625,0.10927494615316391,34.27588653564453,0.787948727607727
1179,564,0.275390625,0.1025702953338623,33.104854583740234,0.7964193224906921
1180,605,0.29541015625,0.09799835830926895,29.127031326293945,0.8332819938659668
1181,651,0.31787109375,0.09778113663196564,28.024127960205078,0.8415334224700928
1182,755,0.36865234375,0.10783383250236511,24.25924301147461,0.8722631931304932
1183,706,0.3447265625,0.10567431151866913,31.788833618164062,0.8104280233383179
1184,734,0.3583984375,0.09974518418312073,30.83700180053711,0.8143430948257446
1185,800,0.390625,0.10310828685760498,32.78706741333008,0.7966820001602173
1186,771,0.37646484375,0.09952975809574127,32.33244323730469,0.8029910326004028
1187,799,0.39013671875,0.11005550622940063,36.63966751098633,0.7555693984031677
1188,883,0.43115234375,0.10884353518486023,37.98065185546875,0.7459971904754639
1189,856,0.41796875,0.087086021900177,34.94993591308594,0.7806249856948853
1190,965,0.47119140625,0.08870245516300201,33.77804183959961,0.7851980924606323
1191,959,0.46826171875,0.07612881809473038,26.334922790527344,0.8479981422424316
1192,847,0.41357421875,0.07631189376115799,26.679889678955078,0.8535819053649902
1193,674,0.3291015625,0.0790233165025711,20.98391342163086,0.9004237055778503
1194,633,0.30908203125,0.08772417157888412,23.783872604370117,0.886029064655304
1195,603,0.29443359375,0.08241157233715057,22.32839012145996,0.8957220911979675
1196,491,0.23974609375,0.1379474699497223,27.970565795898438,0.8513610363006592
1197,479,0.23388671875,0.13740499317646027,28.2745304107666,0.8489983081817627
1198,535,0.26123046875,0.11270555853843689,25.14732551574707,0.8754476308822632
1199,636,0.310546875,0.09988753497600555,32.831695556640625,0.789979875087738
1200,1156,0.564453125,0.08995628356933594,33.64373779296875,0.7752258777618408
1201,1311,0.64013671875,0.11941996216773987,40.12397003173828,0.6922428011894226
1202,544,0.265625,0.10707873851060867,37.827789306640625,0.7307122945785522
1203,627,0.30615234375,0.10435736924409866,39.197174072265625,0.7169063687324524
1204,612,0.298828125,0.10527494549751282,39.811458587646484,0.7167593240737915
1205,714,0.3486328125,0.10009312629699707,39.64806365966797,0.7126073837280273
1206,548,0.267578125,0.10454392433166504,40.215877532958984,0.6934621930122375
1207,785,0.38330078125,0.09656605124473572,40.533634185791016,0.7046647667884827
1208,1117,0.54541015625,0.09140292555093765,40.944522857666016,0.698845624923706
1209,1199,0.58544921875,0.09880790114402771,43.51625061035156,0.671416699886322
1210,1302,0.6357421875,0.11242728680372238,44.94134521484375,0.6527922749519348
1211,1285,0.62744140625,0.12175754457712173,49.6329345703125,0.5966242551803589
1212,1343,0.65576171875,0.1135856881737709,46.53153991699219,0.6309189796447754
1213,608,0.296875,0.10072103887796402,39.1865348815918,0.7139625549316406
1214,587,0.28662109375,0.11853202432394028,40.87171936035156,0.6960532069206238
1215,563,0.27490234375,0.1077694371342659,37.18360137939453,0.7384982109069824
1216,518,0.2529296875,0.11158879846334457,39.06788635253906,0.7208778262138367
1217,507,0.24755859375,0.1120527982711792,39.72090148925781,0.7096946239471436
1218,512,0.25,0.1096646785736084,34.02763748168945,0.7711259126663208
1219,493,0.24072265625,0.10432064533233643,33.50541305541992,0.7758166790008545
1220,562,0.2744140625,0.12801115214824677,39.07682418823242,0.7246989011764526
1221,642,0.3134765625,0.14853525161743164,47.64801788330078,0.631819486618042
1222,937,0.45751953125,0.13970598578453064,48.60693359375,0.6127060651779175
1223,790,0.3857421875,0.13934271037578583,47.716827392578125,0.623519241809845
1224,797,0.38916015625,0.13182362914085388,49.32353591918945,0.5985347032546997
1225,791,0.38623046875,0.15155674517154694,56.232826232910156,0.5116630792617798
1226,716,0.349609375,0.13265220820903778,54.096378326416016,0.543065071105957
1227,761,0.37158203125,0.15186947584152222,46.29206466674805,0.6394383311271667
1228,730,0.3564453125,0.1374082863330841,44.975868225097656,0.653696596622467
1229,732,0.357421875,0.12103749066591263,42.428627014160156,0.6838979721069336
1230,777,0.37939453125,0.1277986615896225,40.727142333984375,0.7001216411590576
1231,633,0.30908203125,0.13890615105628967,40.96813201904297,0.7102314829826355
1232,736,0.359375,0.13217519223690033,40.388450622558594,0.7047719359397888
1233,681,0.33251953125,0.1506565660238266,37.88874816894531,0.7365474104881287
1234,625,0.30517578125,0.15772077441215515,36.3631706237793,0.7538598775863647
1235,571,0.27880859375,0.16981497406959534,37.48926544189453,0.7357824444770813
1236,593,0.28955078125,0.16325078904628754,39.75559997558594,0.7196407914161682
1237,621,0.30322265625,0.15655921399593353,36.915279388427734,0.7463232278823853
1238,705,0.34423828125,0.16380640864372253,40.66366195678711,0.7063566446304321
1239,730,0.3564453125,0.16538715362548828,40.84120178222656,0.7045451998710632
1240,92,0.044921875,0.13543614745140076,32.803775787353516,0.8058719635009766
1241,96,0.046875,0.1325191855430603,32.63875198364258,0.8028030395507812
1242,104,0.05078125,0.1394115686416626,34.0484619140625,0.7875102758407593
1243,105,0.05126953125,0.13066284358501434,32.63614273071289,0.8042787313461304
1244,97,0.04736328125,0.1246630921959877,32.26124954223633,0.8088824152946472
1245,92,0.044921875,0.13062231242656708,35.126197814941406,0.7774855494499207
1246,102,0.0498046875,0.12676803767681122,32.03059768676758,0.8141992092132568
1247,96,0.046875,0.12342584133148193,36.339447021484375,0.7610927224159241
1248,104,0.05078125,0.1192275732755661,35.01211166381836,0.7761006951332092
1249,98,0.0478515625,0.12801672518253326,36.048240661621094,0.77017742395401
1250,91,0.04443359375,0.13386204838752747,37.90884017944336,0.7444756627082825
1251,96,0.046875,0.13133423030376434,38.956939697265625,0.7237353920936584
1252,101,0.04931640625,0.12679877877235413,38.56955337524414,0.7302681803703308
1253,100,0.048828125,0.1295759230852127,36.27784729003906,0.7617541551589966
1254,96,0.046875,0.13280625641345978,36.85926818847656,0.7572165131568909
1255,86,0.0419921875,0.1277991682291031,36.34475326538086,0.7613730430603027
1256,87,0.04248046875,0.1296911984682083,38.231178283691406,0.7377107739448547
1257,83,0.04052734375,0.11735987663269043,36.56328201293945,0.7592517733573914
1258,87,0.04248046875,0.11870411038398743,37.845584869384766,0.7440220713615417
1259,85,0.04150390625,0.12025390565395355,37.90019989013672,0.7436197400093079
1260,77,0.03759765625,0.12082267552614212,37.620140075683594,0.7461524605751038
1261,76,0.037109375,0.11781813204288483,37.79755783081055,0.7485416531562805
1262,65,0.03173828125,0.12583009898662567,36.181724548339844,0.7635981440544128
1263,66,0.0322265625,0.13435140252113342,36.28315734863281,0.761725127696991
1264,60,0.029296875,0.13939587771892548,38.707096099853516,0.7364549040794373
1265,57,0.02783203125,0.14401574432849884,38.25212478637695,0.7285189628601074
1266,51,0.02490234375,0.14468756318092346,38.45800018310547,0.730840802192688
1267,48,0.0234375,0.16868963837623596,36.52993392944336,0.7571292519569397
1268,44,0.021484375,0.17270877957344055,36.96840286254883,0.7512074112892151
1269,46,0.0224609375,0.1821889877319336,36.963050842285156,0.7563236951828003
1270,27,0.01318359375,0.21125417947769165,32.84567642211914,0.7915210127830505
1271,14,0.0068359375,0.26848945021629333,32.73701477050781,0.7839512228965759
1272,14,0.0068359375,0.24936389923095703,30.005369186401367,0.8231789469718933
1273,7,0.00341796875,0.25950202345848083,23.84520149230957,0.8874345421791077
1274,22,0.0107421875,0.19754670560359955,31.895902633666992,0.8123618960380554
1275,15,0.00732421875,0.16688470542430878,38.872310638427734,0.7343835830688477
1276,14,0.0068359375,0.16625964641571045,38.032657623291016,0.7537860870361328
1277,11,0.00537109375,0.17890885472297668,42.412010192871094,0.7047607898712158
1278,8,0.00390625,0.18953658640384674,35.29716491699219,0.7882550954818726
1279,13,0.00634765625,0.17300403118133545,39.12086486816406,0.735840380191803
1280,99,0.04833984375,0.11914364993572235,33.47517013549805,0.7790451645851135
1281,110,0.0537109375,0.11697306483983994,31.702959060668945,0.8084389567375183
1282,113,0.05517578125,0.11881318688392639,32.783653259277344,0.7952127456665039
1283,94,0.0458984375,0.11762934923171997,34.32285690307617,0.7798376679420471
1284,103,0.05029296875,0.11159907281398773,33.073699951171875,0.7893721461296082
1285,95,0.04638671875,0.1158675029873848,32.58818054199219,0.7962422966957092
1286,87,0.04248046875,0.11284969002008438,32.7371711730957,0.7985666394233704
1287,93,0.04541015625,0.11469972133636475,33.406272888183594,0.7869153618812561
1288,92,0.044921875,0.12098856270313263,32.31269454956055,0.7989968657493591
1289,93,0.04541015625,0.11885435879230499,31.12350845336914,0.8176127076148987
1290,95,0.04638671875,0.14058858156204224,33.59939193725586,0.7789003252983093
1291,96,0.046875,0.10999194532632828,32.55936050415039,0.8057295680046082
1292,89,0.04345703125,0.10404516756534576,32.65818786621094,0.7993995547294617
1293,94,0.0458984375,0.10641134530305862,33.919925689697266,0.7868831753730774
1294,88,0.04296875,0.10259915143251419,35.322471618652344,0.7643083930015564
1295,76,0.037109375,0.10422214865684509,32.28681564331055,0.8028793334960938
1296,68,0.033203125,0.10797528922557831,34.17798614501953,0.7963215112686157
1297,60,0.029296875,0.11352159082889557,35.276065826416016,0.7875292897224426
1298,59,0.02880859375,0.12658357620239258,37.70848846435547,0.7493103742599487
1299,71,0.03466796875,0.10881632566452026,34.419464111328125,0.7821452617645264
1300,69,0.03369140625,0.10385157912969589,30.99910545349121,0.8176392316818237
1301,82,0.0400390625,0.1019991859793663,33.70545196533203,0.7913558483123779
1302,98,0.0478515625,0.10148840397596359,35.38444519042969,0.7692375779151917
1303,119,0.05810546875,0.12290026247501373,34.75174331665039,0.7802137136459351
1304,104,0.05078125,0.11070719361305237,35.169864654541016,0.777673602104187
1305,111,0.05419921875,0.10458589345216751,35.449851989746094,0.7721269726753235
1306,133,0.06494140625,0.11217252910137177,35.74791717529297,0.7727282047271729
1307,129,0.06298828125,0.10340464860200882,34.3675422668457,0.7881879806518555
1308,139,0.06787109375,0.10274185240268707,33.22542953491211,0.802056074142456
1309,169,0.08251953125,0.12687166035175323,34.695350646972656,0.7827165722846985
1310,154,0.0751953125,0.1072855070233345,32.95703887939453,0.7972163558006287
1311,174,0.0849609375,0.12365788221359253,33.217918395996094,0.790993332862854
1312,145,0.07080078125,0.10374213755130768,31.56678009033203,0.8149697780609131
1313,152,0.07421875,0.1232290267944336,32.94674301147461,0.7974699139595032
1314,163,0.07958984375,0.10764849931001663,33.366180419921875,0.7957121729850769
1315,140,0.068359375,0.10499684512615204,34.09894561767578,0.7911497354507446
1316,138,0.0673828125,0.11384693533182144,32.41856384277344,0.8086047172546387
1317,143,0.06982421875,0.11102245002985,33.51454162597656,0.7965515851974487
1318,154,0.0751953125,0.12608394026756287,32.34443664550781,0.8067446351051331
1319,145,0.07080078125,0.1242637187242508,33.185054779052734,0.7945171594619751
1320,479,0.23388671875,0.10617689788341522,30.61427879333496,0.8160939812660217
1321,533,0.26025390625,0.10958096385002136,29.860471725463867,0.8224913477897644
1322,491,0.23974609375,0.10390742123126984,29.845314025878906,0.8200275897979736
1323,453,0.22119140625,0.11058096587657928,31.583984375,0.8074934482574463
1324,377,0.18408203125,0.1286497861146927,32.29670715332031,0.7986304759979248
1325,372,0.181640625,0.13441972434520721,32.3671875,0.805965781211853
1326,384,0.1875,0.1092095673084259,31.14897918701172,0.8162620067596436
1327,385,0.18798828125,0.10898666083812714,32.25710678100586,0.8010177612304688
1328,402,0.1962890625,0.109180748462677,33.393253326416016,0.7935482859611511
1329,426,0.2080078125,0.09908986836671829,33.214298248291016,0.7982390522956848
1330,468,0.228515625,0.09909115731716156,34.26598358154297,0.773695707321167
1331,482,0.2353515625,0.09814506024122238,31.47102165222168,0.8089169859886169
1332,560,0.2734375,0.10694126784801483,30.705270767211914,0.8172869086265564
1333,503,0.24560546875,0.10399908572435379,30.90937614440918,0.8138910531997681
1334,549,0.26806640625,0.10026844590902328,30.313091278076172,0.8134332895278931
1335,606,0.2958984375,0.10149833559989929,30.254695892333984,0.8126592636108398
1336,717,0.35009765625,0.11181267350912094,31.356430053710938,0.8023884892463684
1337,876,0.427734375,0.13250401616096497,36.93505859375,0.7508310079574585
1338,868,0.423828125,0.1149972677230835,30.168241500854492,0.8092249035835266
1339,737,0.35986328125,0.11174039542675018,29.4775447845459,0.8215213418006897
1340,633,0.30908203125,0.10517942160367966,29.693363189697266,0.8191735744476318
1341,619,0.30224609375,0.10851319134235382,29.397396087646484,0.8210686445236206
1342,722,0.3525390625,0.1101490780711174,29.309009552001953,0.8221472501754761
1343,884,0.431640625,0.11484899371862411,27.363689422607422,0.83320152759552
1344,959,0.46826171875,0.11145481467247009,28.758989334106445,0.8164975047111511
1345,1068,0.521484375,0.11010482907295227,32.21253967285156,0.7804590463638306
1346,915,0.44677734375,0.12321237474679947,63.96979904174805,0.41275566816329956
1347,1413,0.68994140625,0.07468503713607788,33.89390563964844,0.7736951112747192
1348,1572,0.767578125,0.08100548386573792,36.83490753173828,0.7438478469848633
1349,912,0.4453125,0.10811412334442139,31.41624641418457,0.7974786758422852
1350,1195,0.58349609375,0.07331342995166779,31.848787307739258,0.8003131151199341
1351,1041,0.50830078125,0.08098548650741577,29.503374099731445,0.8207021355628967
1352,1346,0.6572265625,0.10164372622966766,39.059513092041016,0.7201932072639465
1353,1589,0.77587890625,0.09429518133401871,38.806480407714844,0.722637951374054
1354,1028,0.501953125,0.12306957691907883,41.84658432006836,0.6834391951560974
1355,897,0.43798828125,0.09819767624139786,38.7474365234375,0.7308310866355896
1356,1153,0.56298828125,0.08328194916248322,37.082420349121094,0.7459938526153564
1357,1134,0.5537109375,0.09714145213365555,32.3840446472168,0.797309398651123
1358,770,0.3759765625,0.10471846163272858,32.88050079345703,0.791745126247406
1359,576,0.28125,0.1118629053235054,33.96347427368164,0.782231330871582
1360,885,0.43212890625,0.15871256589889526,53.890228271484375,0.5409134030342102
1361,1619,0.79052734375,0.12911060452461243,42.37399673461914,0.6838101148605347
1362,1135,0.55419921875,0.10725410282611847,37.368934631347656,0.7480114102363586
1363,1207,0.58935546875,0.09809406101703644,35.84844970703125,0.7610770463943481
1364,1332,0.650390625,0.07858958095312119,37.77947998046875,0.7361398935317993
1365,1487,0.72607421875,0.09151003509759903,40.87629318237305,0.6983346343040466
1366,1476,0.720703125,0.08613541722297668,39.075286865234375,0.7193648219108582
1367,1117,0.54541015625,0.08855339139699936,30.234466552734375,0.8150466084480286
1368,633,0.30908203125,0.08769191801548004,36.13207244873047,0.7249762415885925
1369,1178,0.5751953125,0.0940641239285469,29.447296142578125,0.8208639025688171
1370,931,0.45458984375,0.08992846310138702,32.042808532714844,0.7983798980712891
1371,843,0.41162109375,0.08600812405347824,29.03294563293457,0.8232262134552002
1372,576,0.28125,0.09642518311738968,35.83622741699219,0.7382712364196777
1373,1316,0.642578125,0.10368786007165909,38.07933807373047,0.7365986108779907
1374,938,0.4580078125,0.08513855934143066,31.02754020690918,0.8063600063323975
1375,923,0.45068359375,0.07686640322208405,26.052927017211914,0.8619514107704163
1376,945,0.46142578125,0.08166693896055222,21.36363410949707,0.9009436368942261
1377,706,0.3447265625,0.09046859294176102,20.986894607543945,0.9054246544837952
1378,707,0.34521484375,0.09151510149240494,21.375553131103516,0.9038740396499634
1379,877,0.42822265625,0.08648082613945007,22.020328521728516,0.8964597582817078
1380,661,0.32275390625,0.09265030175447464,21.653160095214844,0.9034181833267212
1381,741,0.36181640625,0.09081549197435379,20.557958602905273,0.909477174282074
1382,945,0.46142578125,0.10032989829778671,21.27643585205078,0.8966540694236755
1383,851,0.41552734375,0.10258042812347412,20.801090240478516,0.9046282172203064
1384,722,0.3525390625,0.10558530688285828,22.000904083251953,0.898834228515625
1385,649,0.31689453125,0.10096842795610428,21.115724563598633,0.9045101404190063
1386,565,0.27587890625,0.10758315026760101,23.73580551147461,0.8842453956604004
1387,649,0.31689453125,0.11505100131034851,23.30230712890625,0.8870099186897278
1388,662,0.3232421875,0.1103745847940445,22.222774505615234,0.897113561630249
1389,655,0.31982421875,0.11040312796831131,22.086750030517578,0.8968576788902283
1390,558,0.2724609375,0.10422244668006897,23.491783142089844,0.886123538017273
1391,460,0.224609375,0.10635486245155334,23.738388061523438,0.886258602142334
1392,519,0.25341796875,0.10684077441692352,22.06696128845215,0.8994611501693726
1393,452,0.220703125,0.09919960051774979,22.939678192138672,0.892015278339386
1394,489,0.23876953125,0.10234301537275314,23.025976181030273,0.8920124173164368
1395,350,0.1708984375,0.11070241779088974,25.871654510498047,0.8716801404953003
1396,322,0.1572265625,0.12277331948280334,27.29026985168457,0.8588312864303589
1397,317,0.15478515625,0.11301757395267487,25.801393508911133,0.8759779334068298
1398,303,0.14794921875,0.10833540558815002,26.37436294555664,0.8712042570114136
1399,333,0.16259765625,0.11189255118370056,25.989530563354492,0.8706410527229309
1400,281,0.13720703125,0.14621202647686005,35.82445526123047,0.7630724906921387
1401,280,0.13671875,0.12770481407642365,34.94585037231445,0.7716003656387329
1402,267,0.13037109375,0.11722443997859955,32.417152404785156,0.8007564544677734
1403,249,0.12158203125,0.1066180169582367,32.18943405151367,0.8062535524368286
1404,248,0.12109375,0.12034066766500473,34.34086608886719,0.7816645503044128
1405,262,0.1279296875,0.11320587992668152,34.12910079956055,0.7846960425376892
1406,255,0.12451171875,0.1155073270201683,33.86262130737305,0.7843455076217651
1407,280,0.13671875,0.11651866883039474,32.809268951416016,0.7925425171852112
1408,284,0.138671875,0.12892374396324158,35.34198760986328,0.7679160237312317
1409,270,0.1318359375,0.131097674369812,35.89121627807617,0.7604997754096985
1410,256,0.125,0.1171090230345726,34.93578338623047,0.7776268720626831
1411,225,0.10986328125,0.12224137783050537,35.17127990722656,0.7744643688201904
1412,209,0.10205078125,0.10674012452363968,34.8373908996582,0.778112530708313
1413,206,0.1005859375,0.10850289463996887,34.961448669433594,0.7770994901657104
1414,208,0.1015625,0.11205416917800903,34.06289291381836,0.7880253195762634
1415,218,0.1064453125,0.11326690018177032,34.67158889770508,0.7792623043060303
1416,234,0.1142578125,0.1315363496541977,35.840362548828125,0.7665252089500427
1417,210,0.1025390625,0.11599156260490417,33.653953552246094,0.800366997718811
1418,213,0.10400390625,0.11400213092565536,34.45564270019531,0.7869333028793335
1419,224,0.109375,0.10428188741207123,33.79254150390625,0.7954821586608887
1420,265,0.12939453125,0.125091090798378,36.36593246459961,0.7632197141647339
1421,254,0.1240234375,0.11962027102708817,34.3060302734375,0.7872824668884277
1422,249,0.12158203125,0.11226090043783188,35.05017852783203,0.7827213406562805
1423,221,0.10791015625,0.10084350407123566,34.74476623535156,0.7863737940788269
1424,229,0.11181640625,0.11960730701684952,35.67705154418945,0.7765892148017883
1425,248,0.12109375,0.11510657519102097,34.8917121887207,0.7786211967468262
1426,218,0.1064453125,0.12486116588115692,35.13770294189453,0.7775863409042358
1427,181,0.08837890625,0.12227816879749298,33.68253707885742,0.7949631214141846
1428,169,0.08251953125,0.12763343751430511,34.424896240234375,0.7876505851745605
1429,178,0.0869140625,0.1292237639427185,35.592220306396484,0.7702727317810059
1430,176,0.0859375,0.12465029209852219,34.10749053955078,0.787360429763794
1431,155,0.07568359375,0.12569038569927216,33.986534118652344,0.7936970591545105
1432,151,0.07373046875,0.12193035334348679,34.831207275390625,0.7822361588478088
1433,162,0.0791015625,0.11476397514343262,33.20741271972656,0.798657238483429
1434,176,0.0859375,0.11930090934038162,34.19740676879883,0.788187563419342
1435,172,0.083984375,0.11193829774856567,34.74867248535156,0.7807251811027527
1436,197,0.09619140625,0.10779658704996109,33.605018615722656,0.7957041263580322
1437,202,0.0986328125,0.10382457077503204,33.60285186767578,0.7934649586677551
1438,189,0.09228515625,0.09696608781814575,33.473426818847656,0.7945082187652588
1439,179,0.08740234375,0.09799706935882568,34.25113296508789,0.7929309606552124
1440,225,0.10986328125,0.17908257246017456,34.846763610839844,0.7800104022026062
1441,279,0.13623046875,0.1559336930513382,32.32466506958008,0.8055872321128845
1442,312,0.15234375,0.17399075627326965,32.30301284790039,0.8029674887657166
1443,301,0.14697265625,0.15532906353473663,33.02508544921875,0.79524827003479
1444,289,0.14111328125,0.14140431582927704,32.44083023071289,0.8012824058532715
1445,287,0.14013671875,0.13973897695541382,32.13428497314453,0.8062801957130432
1446,322,0.1572265625,0.13327741622924805,31.904462814331055,0.8083404898643494
1447,360,0.17578125,0.13237719237804413,32.00812530517578,0.8016706705093384
1448,341,0.16650390625,0.12445516884326935,30.242109298706055,0.821304440498352
1449,366,0.1787109375,0.11780339479446411,29.069904327392578,0.8337977528572083
1450,333,0.16259765625,0.10633879154920578,29.242862701416016,0.831199049949646
1451,320,0.15625,0.11070573329925537,30.143091201782227,0.8222049474716187
1452,257,0.12548828125,0.10646473616361618,30.33037567138672,0.8183141946792603
1453,268,0.130859375,0.10247743129730225,29.38760757446289,0.8314754962921143
1454,302,0.1474609375,0.1057034581899643,30.987388610839844,0.8160368800163269
1455,349,0.17041015625,0.11069004237651825,29.487302780151367,0.8325169682502747
1456,350,0.1708984375,0.10997473448514938,30.00178337097168,0.8284820318222046
1457,381,0.18603515625,0.12121469527482986,31.938655853271484,0.801918625831604
1458,348,0.169921875,0.12250864505767822,30.790864944458008,0.8129672408103943
1459,366,0.1787109375,0.11405489593744278,29.718414306640625,0.8261188268661499
1460,324,0.158203125,0.10541092604398727,29.337444305419922,0.8353390097618103
1461,334,0.1630859375,0.10435636341571808,29.685657501220703,0.8285347819328308
1462,334,0.1630859375,0.11304015666246414,29.5880126953125,0.830360472202301
1463,353,0.17236328125,0.11458311975002289,30.44270896911621,0.8180670142173767
1464,355,0.17333984375,0.1281903088092804,30.57554817199707,0.8172535300254822
1465,316,0.154296875,0.12672223150730133,30.742116928100586,0.8186818361282349
1466,293,0.14306640625,0.12981177866458893,31.182491302490234,0.8134711384773254
1467,369,0.18017578125,0.1481906622648239,32.841819763183594,0.7904067635536194
1468,352,0.171875,0.14472240209579468,31.179033279418945,0.8068788051605225
1469,322,0.1572265625,0.1246645450592041,30.933650970458984,0.8106644749641418
1470,297,0.14501953125,0.12184825539588928,30.947256088256836,0.808696448802948
1471,324,0.158203125,0.12055034190416336,30.049617767333984,0.8238988518714905
1472,369,0.18017578125,0.13316497206687927,30.587705612182617,0.8142969012260437
1473,396,0.193359375,0.1444714218378067,33.032649993896484,0.7912907600402832
1474,357,0.17431640625,0.1333056539297104,33.2687873840332,0.7920469045639038
1475,317,0.15478515625,0.12438856065273285,32.833858489990234,0.8003039360046387
1476,343,0.16748046875,0.1214650422334671,31.04178810119629,0.8195871710777283
1477,320,0.15625,0.11919071525335312,31.596424102783203,0.8093897104263306
1478,321,0.15673828125,0.12111082673072815,32.04905319213867,0.7999882698059082
1479,256,0.125,0.1207069605588913,31.560321807861328,0.8097590208053589
1480,219,0.10693359375,0.19805023074150085,24.405380249023438,0.8702859282493591
1481,226,0.1103515625,0.1904435008764267,23.66468048095703,0.8755654692649841
1482,253,0.12353515625,0.19459673762321472,22.314861297607422,0.8871484398841858
1483,242,0.1181640625,0.181182861328125,22.34706687927246,0.8838558197021484
1484,303,0.14794921875,0.16821987926959991,20.327314376831055,0.9019861817359924
1485,310,0.1513671875,0.12889441847801208,22.253559112548828,0.8856607675552368
1486,331,0.16162109375,0.1637682169675827,20.588590621948242,0.8997005224227905
1487,353,0.17236328125,0.16134405136108398,19.636634826660156,0.9077378511428833
1488,401,0.19580078125,0.16544921696186066,21.603723526000977,0.8850222229957581
1489,347,0.16943359375,0.14799746870994568,20.754249572753906,0.8951447606086731
1490,418,0.2041015625,0.1554783433675766,23.265043258666992,0.8734474182128906
1491,312,0.15234375,0.16551174223423004,22.10200309753418,0.8892621994018555
1492,338,0.1650390625,0.16819754242897034,20.51970672607422,0.9038941264152527
1493,330,0.1611328125,0.16653874516487122,19.929061889648438,0.9093185663223267
1494,322,0.1572265625,0.17588819563388824,20.661575317382812,0.9033526182174683
1495,295,0.14404296875,0.18168528378009796,22.12696647644043,0.8914108872413635
1496,313,0.15283203125,0.1835959404706955,22.822372436523438,0.8910253643989563
1497,346,0.1689453125,0.17867648601531982,22.61302375793457,0.891642689704895
1498,375,0.18310546875,0.17246012389659882,22.389297485351562,0.8915632367134094
1499,411,0.20068359375,0.17743824422359467,23.88914680480957,0.8748862743377686
1500,360,0.17578125,0.1882944107055664,24.45084571838379,0.8756159543991089
1501,375,0.18310546875,0.18928256630897522,24.756567001342773,0.8709341883659363
1502,331,0.16162109375,0.19869770109653473,23.33570671081543,0.8830065131187439
1503,298,0.1455078125,0.19219587743282318,23.59246253967285,0.8857507705688477
1504,300,0.146484375,0.19437845051288605,23.115015029907227,0.8877855539321899
1505,259,0.12646484375,0.21207796037197113,26.593252182006836,0.8565095067024231
1506,292,0.142578125,0.20906388759613037,25.42493438720703,0.8694308400154114
1507,323,0.15771484375,0.21152667701244354,26.62533187866211,0.8568049073219299
1508,323,0.15771484375,0.19983094930648804,26.79787254333496,0.8598579168319702
1509,271,0.13232421875,0.1977609246969223,27.280868530273438,0.8561052680015564
1510,301,0.14697265625,0.18854226171970367,27.126489639282227,0.859378457069397
1511,283,0.13818359375,0.19721530377864838,28.3962345123291,0.8463693857192993
1512,293,0.14306640625,0.19588179886341095,28.21215057373047,0.8480919599533081
1513,248,0.12109375,0.19913607835769653,30.459272384643555,0.8303190469741821
1514,227,0.11083984375,0.20552510023117065,30.67950439453125,0.8276259899139404
1515,243,0.11865234375,0.20910200476646423,30.740463256835938,0.8261482119560242
1516,285,0.13916015625,0.2188432365655899,33.223148345947266,0.7975448966026306
1517,267,0.13037109375,0.2263694852590561,34.02543258666992,0.7893897294998169
1518,303,0.14794921875,0.23444941639900208,37.87126541137695,0.7444372177124023
1519,284,0.138671875,0.24452197551727295,36.55208969116211,0.7628464102745056
1520,309,0.15087890625,0.1308884471654892,28.105825424194336,0.8359477519989014
1521,303,0.14794921875,0.12947560846805573,27.387022018432617,0.8444697856903076
1522,359,0.17529296875,0.12413278967142105,27.47365951538086,0.8388973474502563
1523,337,0.16455078125,0.12105783820152283,27.148771286010742,0.8420034050941467
1524,359,0.17529296875,0.11785449087619781,25.325193405151367,0.860619068145752
1525,312,0.15234375,0.11013633012771606,26.701807022094727,0.8508815169334412
1526,288,0.140625,0.11188369244337082,27.626367568969727,0.8413901329040527
1527,286,0.1396484375,0.11392340809106827,26.773927688598633,0.8518056869506836
1528,249,0.12158203125,0.1235508918762207,28.840797424316406,0.8388891816139221
1529,246,0.1201171875,0.12229259312152863,30.92093276977539,0.8193195462226868
1530,249,0.12158203125,0.11637429893016815,28.801992416381836,0.8379983305931091
1531,273,0.13330078125,0.1143256202340126,27.753183364868164,0.8487827777862549
1532,292,0.142578125,0.10991968214511871,27.758617401123047,0.8481038212776184
1533,322,0.1572265625,0.11197913438081741,27.702491760253906,0.8487630486488342
1534,313,0.15283203125,0.11106330901384354,27.822546005249023,0.8440542221069336
1535,354,0.1728515625,0.11194371432065964,27.951627731323242,0.8407353162765503
1536,336,0.1640625,0.10722243785858154,29.435592651367188,0.8282271027565002
1537,304,0.1484375,0.10561012476682663,28.344436645507812,0.8403871059417725
1538,303,0.14794921875,0.10617281496524811,28.09726905822754,0.8403347134590149
1539,311,0.15185546875,0.11023924499750137,28.108642578125,0.8429194688796997
1540,300,0.146484375,0.11501548439264297,28.702180862426758,0.8327740430831909
1541,293,0.14306640625,0.11614774912595749,28.74957275390625,0.839024007320404
1542,282,0.1376953125,0.11327247321605682,28.252107620239258,0.8422271609306335
1543,288,0.140625,0.11792066693305969,28.9398193359375,0.8374704718589783
1544,318,0.1552734375,0.11953461170196533,29.380807876586914,0.829194188117981
1545,286,0.1396484375,0.11860019713640213,28.233049392700195,0.8450407981872559
1546,308,0.150390625,0.11194639652967453,28.217853546142578,0.8453315496444702
1547,295,0.14404296875,0.11498340219259262,28.3117618560791,0.8445104956626892
1548,298,0.1455078125,0.10893317312002182,29.584373474121094,0.8280280232429504
1549,306,0.1494140625,0.11556709557771683,28.19894027709961,0.8471436500549316
1550,298,0.1455078125,0.11691129952669144,28.4406795501709,0.846462070941925
1551,266,0.1298828125,0.11676636338233948,29.29452133178711,0.8381291031837463
1552,277,0.13525390625,0.11662236601114273,29.102985382080078,0.8387759923934937
1553,234,0.1142578125,0.12093417346477509,30.64124298095703,0.8233137726783752
1554,259,0.12646484375,0.11897744238376617,29.12537384033203,0.837935209274292
1555,264,0.12890625,0.1299811750650406,29.423494338989258,0.8338648676872253
1556,282,0.1376953125,0.12155039608478546,29.43699836730957,0.8342700004577637
1557,286,0.1396484375,0.1253204494714737,29.383310317993164,0.8348007202148438
1558,302,0.1474609375,0.13597038388252258,30.499414443969727,0.8199712634086609
1559,321,0.15673828125,0.14223012328147888,29.75843620300293,0.8312857151031494
1560,1069,0.52197265625,0.08657554537057877,24.735088348388672,0.8732275366783142
1561,1055,0.51513671875,0.09270329028367996,22.57840347290039,0.8898664116859436
1562,965,0.47119140625,0.09900405257940292,22.461902618408203,0.8891866207122803
1563,1201,0.58642578125,0.0884157046675682,22.327436447143555,0.881869912147522
1564,959,0.46826171875,0.08681505918502808,21.598363876342773,0.8990658521652222
1565,1054,0.5146484375,0.0787815973162651,20.427656173706055,0.9058851599693298
1566,987,0.48193359375,0.07280950248241425,24.634071350097656,0.8737469911575317
1567,911,0.44482421875,0.10301040858030319,27.936742782592773,0.8409817814826965
1568,1230,0.6005859375,0.08212795853614807,21.85067367553711,0.8945172429084778
1569,1490,0.7275390625,0.08300378918647766,28.100421905517578,0.8353039026260376
1570,1221,0.59619140625,0.08092201501131058,32.89029312133789,0.7855329513549805
1571,1550,0.7568359375,0.08990585058927536,40.586883544921875,0.6976626515388489
1572,178,0.0869140625,0.2666158974170685,50.39564895629883,0.5941355228424072
1573,180,0.087890625,0.2583458125591278,57.211692810058594,0.4891341030597687
1574,179,0.08740234375,0.23908399045467377,46.02949905395508,0.6399183869361877
1575,1745,0.85205078125,0.1058451384305954,56.15292739868164,0.5109201073646545
1576,171,0.08349609375,0.24296388030052185,43.928340911865234,0.6628794074058533
1577,1722,0.8408203125,0.10284505784511566,54.74998092651367,0.5267170667648315
1578,159,0.07763671875,0.2601482570171356,44.113826751708984,0.667720377445221
1579,752,0.3671875,0.13584989309310913,41.65138626098633,0.7088051438331604
1580,975,0.47607421875,0.1274360716342926,40.909141540527344,0.7226025462150574
1581,748,0.365234375,0.14027898013591766,27.220003128051758,0.8327979445457458
1582,648,0.31640625,0.14440350234508514,24.70182228088379,0.845745861530304
1583,674,0.3291015625,0.14694690704345703,25.551477432250977,0.8439841866493225
1584,657,0.32080078125,0.14249496161937714,26.60589027404785,0.8432664275169373
1585,648,0.31640625,0.13267114758491516,25.605775833129883,0.8398893475532532
1586,707,0.34521484375,0.1390986144542694,27.087017059326172,0.8282056450843811
1587,569,0.27783203125,0.14689074456691742,28.99977684020996,0.8070711493492126
1588,611,0.29833984375,0.14874494075775146,28.531047821044922,0.8094069361686707
1589,530,0.2587890625,0.15386974811553955,29.594173431396484,0.7949105501174927
1590,549,0.26806640625,0.15181170403957367,30.215147018432617,0.7919045090675354
1591,528,0.2578125,0.14376428723335266,33.21234893798828,0.7561718225479126
1592,496,0.2421875,0.14530587196350098,33.095458984375,0.7553248405456543
1593,505,0.24658203125,0.14971481263637543,32.83537292480469,0.7573497295379639
1594,526,0.2568359375,0.16066133975982666,33.826045989990234,0.7497361302375793
1595,545,0.26611328125,0.15696880221366882,38.13349533081055,0.7128247022628784
1596,576,0.28125,0.1887577772140503,43.38072967529297,0.657067596912384
1597,609,0.29736328125,0.16799968481063843,40.27970886230469,0.6956223845481873
1598,543,0.26513671875,0.1424865871667862,35.973106384277344,0.7441415190696716
1599,578,0.2822265625,0.13770654797554016,36.53049087524414,0.7368950247764587
1600,164,0.080078125,0.15168248116970062,33.30786895751953,0.7982365489006042
1601,175,0.08544921875,0.14528773725032806,32.382816314697266,0.8100116848945618
1602,173,0.08447265625,0.13637979328632355,32.351966857910156,0.8046213388442993
1603,165,0.08056640625,0.13783028721809387,31.446229934692383,0.8193822503089905
1604,169,0.08251953125,0.14261877536773682,30.690446853637695,0.8246223330497742
1605,177,0.08642578125,0.13226716220378876,29.51255226135254,0.8352684378623962
1606,169,0.08251953125,0.13256649672985077,29.1966552734375,0.8394559621810913
1607,185,0.09033203125,0.1152004525065422,29.208999633789062,0.8336920738220215
1608,177,0.08642578125,0.11766070872545242,27.98885726928711,0.8442121744155884
1609,187,0.09130859375,0.12640738487243652,29.33583641052246,0.8313300013542175
1610,181,0.08837890625,0.12585724890232086,29.897310256958008,0.8316323161125183
1611,171,0.08349609375,0.12775200605392456,31.215463638305664,0.8162243962287903
1612,178,0.0869140625,0.12908922135829926,29.836145401000977,0.8299322128295898
1613,165,0.08056640625,0.12599386274814606,32.014862060546875,0.8053843379020691
1614,178,0.0869140625,0.12492995709180832,32.214115142822266,0.8022739291191101
1615,200,0.09765625,0.128362774848938,31.584251403808594,0.8101027607917786
1616,199,0.09716796875,0.12910546362400055,33.4935302734375,0.7858263254165649
1617,194,0.0947265625,0.11849967390298843,30.77960968017578,0.8134419322013855
1618,187,0.09130859375,0.12280483543872833,31.880823135375977,0.8018436431884766
1619,193,0.09423828125,0.11600074172019958,30.2590389251709,0.818881094455719
1620,192,0.09375,0.10834906250238419,26.689674377441406,0.8586161732673645
1621,190,0.0927734375,0.10758186131715775,26.455825805664062,0.8594485521316528
1622,185,0.09033203125,0.11022880673408508,27.963830947875977,0.8449341058731079
1623,201,0.09814453125,0.11228618025779724,26.998430252075195,0.8531025648117065
1624,228,0.111328125,0.11246413737535477,26.922035217285156,0.852647602558136
1625,297,0.14501953125,0.11912413686513901,25.515043258666992,0.8628382682800293
1626,313,0.15283203125,0.13096123933792114,27.109901428222656,0.8469153642654419
1627,309,0.15087890625,0.12872517108917236,27.41773796081543,0.8418266177177429
1628,304,0.1484375,0.1528787910938263,32.072227478027344,0.7955778241157532
1629,278,0.1357421875,0.10815256088972092,26.352073669433594,0.8553181886672974
1630,304,0.1484375,0.10524971038103104,25.3102970123291,0.8643730282783508
1631,276,0.134765625,0.11689814180135727,24.990482330322266,0.8682109713554382
1632,288,0.140625,0.1000014916062355,25.614261627197266,0.8611118793487549
1633,338,0.1650390625,0.11476768553256989,27.978662490844727,0.8380081653594971
1634,300,0.146484375,0.10153675824403763,28.501934051513672,0.8384916186332703
1635,304,0.1484375,0.1006937175989151,27.313983917236328,0.8509615063667297
1636,288,0.140625,0.10691186040639877,28.598533630371094,0.8431186676025391
1637,298,0.1455078125,0.10676790773868561,27.37286376953125,0.8504104018211365
1638,274,0.1337890625,0.11161339282989502,26.747365951538086,0.8544104099273682
1639,261,0.12744140625,0.11401893198490143,28.039762496948242,0.8436449766159058
1640,231,0.11279296875,0.1312001794576645,34.540435791015625,0.7689571380615234
1641,214,0.1044921875,0.14444038271903992,35.83299255371094,0.764365017414093
1642,248,0.12109375,0.14647196233272552,38.058349609375,0.7402558922767639
1643,245,0.11962890625,0.1349494308233261,35.99309539794922,0.7584533095359802
1644,240,0.1171875,0.13810808956623077,33.46398162841797,0.7895458340644836
1645,253,0.12353515625,0.14266952872276306,34.35581588745117,0.7824158668518066
1646,295,0.14404296875,0.13740545511245728,32.358577728271484,0.8009209632873535
1647,299,0.14599609375,0.13223543763160706,30.89255142211914,0.8101474046707153
1648,250,0.1220703125,0.1217569038271904,31.39722442626953,0.8051719069480896
1649,247,0.12060546875,0.12193354964256287,32.008426666259766,0.7965161204338074
1650,269,0.13134765625,0.1272716224193573,31.63364028930664,0.8075934648513794
1651,255,0.12451171875,0.13683836162090302,33.809322357177734,0.7883487343788147
1652,221,0.10791015625,0.12949605286121368,34.41316223144531,0.7822759747505188
1653,218,0.1064453125,0.1275007277727127,34.37135314941406,0.7799873948097229
1654,219,0.10693359375,0.12539298832416534,33.40650939941406,0.7890491485595703
1655,199,0.09716796875,0.11255285143852234,33.00693893432617,0.7961409687995911
1656,189,0.09228515625,0.10988752543926239,30.287975311279297,0.8244927525520325
1657,192,0.09375,0.11527521163225174,30.98187828063965,0.8126745223999023
1658,204,0.099609375,0.11454637348651886,28.738893508911133,0.8368492722511292
1659,224,0.109375,0.11277248710393906,29.919692993164062,0.8229759335517883
1660,189,0.09228515625,0.10385097563266754,30.296600341796875,0.8208041191101074
1661,176,0.0859375,0.1150609478354454,30.885663986206055,0.8071328997612
1662,169,0.08251953125,0.11570605635643005,31.2713680267334,0.8049207925796509
1663,176,0.0859375,0.11303576081991196,28.643007278442383,0.8331363797187805
1664,202,0.0986328125,0.11868880689144135,29.847911834716797,0.8267616629600525
1665,213,0.10400390625,0.10844828933477402,30.286182403564453,0.817581057548523
1666,190,0.0927734375,0.10602754354476929,29.278011322021484,0.8304128646850586
1667,185,0.09033203125,0.1064658984541893,29.108068466186523,0.8302749991416931
1668,194,0.0947265625,0.10796141624450684,27.984704971313477,0.8389378190040588
1669,189,0.09228515625,0.10567411780357361,26.907487869262695,0.8465949296951294
1670,206,0.1005859375,0.11038263142108917,27.795896530151367,0.8408517241477966
1671,192,0.09375,0.11194129288196564,28.1285457611084,0.8335163593292236
1672,187,0.09130859375,0.11267579346895218,27.417896270751953,0.8404642343521118
1673,187,0.09130859375,0.11756307631731033,28.119338989257812,0.8411440253257751
1674,178,0.0869140625,0.10848261415958405,26.31625747680664,0.8499141931533813
1675,189,0.09228515625,0.11093346774578094,27.85100746154785,0.8398619890213013
1676,175,0.08544921875,0.10673995316028595,27.46005630493164,0.8476532101631165
1677,188,0.091796875,0.10980895161628723,28.720157623291016,0.8329951763153076
1678,169,0.08251953125,0.10726088285446167,26.892005920410156,0.8501303195953369
1679,176,0.0859375,0.11024177819490433,27.290189743041992,0.8513017892837524
1680,581,0.28369140625,0.155779629945755,32.964595794677734,0.8015593886375427
1681,511,0.24951171875,0.15443789958953857,32.66101837158203,0.7987878918647766
1682,541,0.26416015625,0.15611517429351807,32.944602966308594,0.7972931265830994
1683,544,0.265625,0.16172663867473602,33.96931457519531,0.7838634252548218
1684,514,0.2509765625,0.1516985446214676,32.7559928894043,0.7980297803878784
1685,433,0.21142578125,0.15319013595581055,32.984500885009766,0.7997207641601562
1686,420,0.205078125,0.1466193050146103,32.146156311035156,0.8112805485725403
1687,389,0.18994140625,0.15143750607967377,31.359352111816406,0.8166733980178833
1688,401,0.19580078125,0.15394504368305206,30.982614517211914,0.8204717636108398
1689,409,0.19970703125,0.14544528722763062,31.995582580566406,0.8029992580413818
1690,396,0.193359375,0.14391252398490906,31.560611724853516,0.8075080513954163
1691,350,0.1708984375,0.13958977162837982,34.88241958618164,0.7750193476676941
1692,363,0.17724609375,0.1358698457479477,34.20754623413086,0.7832805514335632
1693,408,0.19921875,0.14073693752288818,34.31186294555664,0.780780553817749
1694,473,0.23095703125,0.14399223029613495,34.8633918762207,0.7758453488349915
1695,425,0.20751953125,0.14415036141872406,34.655704498291016,0.7778490781784058
1696,424,0.20703125,0.15348640084266663,35.33803176879883,0.7675155997276306
1697,410,0.2001953125,0.1382817029953003,33.772335052490234,0.7865655422210693
1698,386,0.1884765625,0.14136114716529846,35.46651840209961,0.7713112831115723
1699,390,0.1904296875,0.13931527733802795,33.02216720581055,0.7902207374572754
1700,378,0.1845703125,0.1385868638753891,32.21686553955078,0.8006078600883484
1701,354,0.1728515625,0.14249739050865173,34.333072662353516,0.7817836999893188
1702,416,0.203125,0.135079488158226,31.452064514160156,0.8048609495162964
1703,449,0.21923828125,0.13137197494506836,29.64268684387207,0.8220447897911072
1704,426,0.2080078125,0.1343032866716385,31.566129684448242,0.8104670643806458
1705,473,0.23095703125,0.13335926830768585,29.670650482177734,0.8278315663337708
1706,482,0.2353515625,0.13765767216682434,31.82394790649414,0.8100691437721252
1707,510,0.2490234375,0.12712086737155914,31.688465118408203,0.8064002990722656
1708,496,0.2421875,0.12955066561698914,32.022911071777344,0.8063575029373169
1709,560,0.2734375,0.13149075210094452,32.47312927246094,0.7992159128189087
1710,610,0.2978515625,0.13417325913906097,32.78645706176758,0.7961258888244629
1711,685,0.33447265625,0.14457020163536072,29.62653350830078,0.8280804753303528
1712,741,0.36181640625,0.1602594405412674,25.235340118408203,0.871451735496521
1713,789,0.38525390625,0.1755324751138687,21.639463424682617,0.8955130577087402
1714,847,0.41357421875,0.1838102638721466,38.344337463378906,0.7607117295265198
1715,743,0.36279296875,0.186734139919281,36.940185546875,0.7527135610580444
1716,707,0.34521484375,0.18476292490959167,32.66636276245117,0.7922588586807251
1717,1120,0.546875,0.19267621636390686,27.101058959960938,0.8512672781944275
1718,1185,0.57861328125,0.17746274173259735,24.441255569458008,0.8598543405532837
1719,675,0.32958984375,0.17231376469135284,26.243478775024414,0.8586148023605347
1720,202,0.0986328125,0.12252525985240936,28.311477661132812,0.8385023474693298
1721,195,0.09521484375,0.11251426488161087,29.27648162841797,0.8272008895874023
1722,198,0.0966796875,0.10286828875541687,28.617782592773438,0.8296035528182983
1723,204,0.099609375,0.10680172592401505,27.051849365234375,0.847379207611084
1724,209,0.10205078125,0.11432358622550964,28.10987663269043,0.8368937373161316
1725,200,0.09765625,0.10764776170253754,27.932191848754883,0.8444814085960388
1726,208,0.1015625,0.1127377524971962,28.15191650390625,0.8347474336624146
1727,196,0.095703125,0.12337061017751694,28.3499698638916,0.8351808786392212
1728,193,0.09423828125,0.12265098839998245,29.440946578979492,0.8235617280006409
1729,191,0.09326171875,0.1201852485537529,26.873933792114258,0.8563358783721924
1730,195,0.09521484375,0.13412494957447052,28.508012771606445,0.8363785743713379
1731,180,0.087890625,0.13002602756023407,27.058164596557617,0.8517681360244751
1732,172,0.083984375,0.12699785828590393,28.474916458129883,0.8372423052787781
1733,160,0.078125,0.1218356117606163,26.82930564880371,0.8522368669509888
1734,165,0.08056640625,0.11805334687232971,26.998668670654297,0.8490672707557678
1735,154,0.0751953125,0.10921607911586761,25.749067306518555,0.8622282147407532
1736,145,0.07080078125,0.11403340101242065,25.543201446533203,0.8545714616775513
1737,131,0.06396484375,0.12816856801509857,25.27644920349121,0.8658653497695923
1738,135,0.06591796875,0.11825212091207504,24.94599723815918,0.8596867322921753
1739,137,0.06689453125,0.1120038777589798,24.012025833129883,0.8693088889122009
1740,136,0.06640625,0.11462606489658356,24.926023483276367,0.8623625636100769
1741,138,0.0673828125,0.10607045888900757,25.956985473632812,0.8515828251838684
1742,150,0.0732421875,0.09975550323724747,25.46106719970703,0.8554447293281555
1743,164,0.080078125,0.10057879984378815,26.89289093017578,0.8421118855476379
1744,165,0.08056640625,0.10221163183450699,25.7096004486084,0.8614130020141602
1745,151,0.07373046875,0.09955387562513351,26.78116798400879,0.8457483053207397
1746,157,0.07666015625,0.10195592790842056,27.648971557617188,0.8342022895812988
1747,152,0.07421875,0.1009809672832489,28.00993537902832,0.8300877809524536
1748,165,0.08056640625,0.10238830000162125,27.377174377441406,0.8392273187637329
1749,153,0.07470703125,0.09662643820047379,27.93463134765625,0.8358181715011597
1750,160,0.078125,0.09663385152816772,28.59823989868164,0.8273864984512329
1751,131,0.06396484375,0.10176753252744675,27.346513748168945,0.8411234021186829
1752,132,0.064453125,0.10471302270889282,28.317581176757812,0.8260597586631775
1753,136,0.06640625,0.09997525066137314,27.202978134155273,0.8437444567680359
1754,142,0.0693359375,0.09965933859348297,27.090087890625,0.8423402309417725
1755,144,0.0703125,0.09885477274656296,26.32660675048828,0.8551238775253296
1756,145,0.07080078125,0.10291969776153564,26.855579376220703,0.8486797213554382
1757,142,0.0693359375,0.11403317749500275,27.704999923706055,0.8400200009346008
1758,136,0.06640625,0.1251862347126007,28.52721405029297,0.8302667140960693
1759,149,0.07275390625,0.12025890499353409,29.26990509033203,0.8235992789268494
1760,383,0.18701171875,0.11043871939182281,30.83213996887207,0.8155161142349243
1761,349,0.17041015625,0.10905476659536362,30.56899642944336,0.8159632682800293
1762,317,0.15478515625,0.11220595240592957,29.887147903442383,0.8294309973716736
1763,337,0.16455078125,0.1144770011305809,30.697046279907227,0.8186938762664795
1764,321,0.15673828125,0.11474568396806717,30.958457946777344,0.8180099129676819
1765,326,0.1591796875,0.12221809476613998,33.0074577331543,0.7977104187011719
1766,315,0.15380859375,0.11300505697727203,31.4588565826416,0.8146703243255615
1767,358,0.1748046875,0.10217759013175964,32.14774703979492,0.809633195400238
1768,372,0.181640625,0.10675089806318283,32.69526672363281,0.8034735321998596
1769,365,0.17822265625,0.11341128498315811,31.657365798950195,0.811385989189148
1770,341,0.16650390625,0.14115147292613983,34.16404342651367,0.782035231590271
1771,369,0.18017578125,0.1335194855928421,33.408504486083984,0.7899042367935181
1772,367,0.17919921875,0.13485389947891235,33.88676834106445,0.7863388657569885
1773,343,0.16748046875,0.12479007244110107,35.30179977416992,0.7681729197502136
1774,410,0.2001953125,0.14947712421417236,34.601463317871094,0.7734724879264832
1775,355,0.17333984375,0.14388979971408844,34.07841491699219,0.7836095094680786
1776,345,0.16845703125,0.14412909746170044,34.73847579956055,0.771401047706604
1777,418,0.2041015625,0.14375165104866028,33.57328796386719,0.7888228297233582
1778,495,0.24169921875,0.13556203246116638,31.98154067993164,0.8017823100090027
1779,482,0.2353515625,0.1347019225358963,31.798858642578125,0.804317831993103
1780,424,0.20703125,0.15128207206726074,33.56388473510742,0.7876662015914917
1781,418,0.2041015625,0.14899395406246185,34.768367767333984,0.7771025896072388
1782,573,0.27978515625,0.14631403982639313,35.00303268432617,0.770078182220459
1783,706,0.3447265625,0.1420460343360901,32.184661865234375,0.7907549142837524
1784,949,0.46337890625,0.16516271233558655,26.115571975708008,0.8540067076683044
1785,728,0.35546875,0.14736203849315643,30.988378524780273,0.8092352747917175
1786,777,0.37939453125,0.14518167078495026,29.420316696166992,0.8285484910011292
1787,592,0.2890625,0.13042661547660828,33.541900634765625,0.7837737798690796
1788,569,0.27783203125,0.1282983273267746,32.650081634521484,0.7919909358024597
1789,538,0.2626953125,0.11820089817047119,31.497316360473633,0.8048099875450134
1790,588,0.287109375,0.10051052272319794,30.302715301513672,0.8142620325088501
1791,611,0.29833984375,0.09896828234195709,29.664478302001953,0.8179949522018433
1792,613,0.29931640625,0.09573565423488617,29.465351104736328,0.8225682377815247
1793,546,0.2666015625,0.09135575592517853,28.417566299438477,0.8373569846153259
1794,618,0.3017578125,0.09971218556165695,30.193584442138672,0.81613689661026
1795,584,0.28515625,0.09028977155685425,29.218963623046875,0.8269012570381165
1796,614,0.2998046875,0.09219600260257721,28.70663070678711,0.8282952308654785
1797,619,0.30224609375,0.09397867321968079,29.207155227661133,0.8295500874519348
1798,624,0.3046875,0.09812354296445847,27.625370025634766,0.8399438858032227
1799,608,0.296875,0.10531683266162872,29.05799674987793,0.8275293111801147
1800,588,0.287109375,0.16386553645133972,48.188053131103516,0.6225391030311584
1801,1128,0.55078125,0.1212480366230011,25.146324157714844,0.8723792433738708
1802,1075,0.52490234375,0.13086648285388947,21.070070266723633,0.8969405889511108
1803,1082,0.5283203125,0.14066770672798157,20.769723892211914,0.8957711458206177
1804,1060,0.517578125,0.13939696550369263,20.652070999145508,0.8953564763069153
1805,1048,0.51171875,0.14512543380260468,21.287015914916992,0.8908265233039856
1806,924,0.451171875,0.1418938785791397,24.3277530670166,0.8691959381103516
1807,953,0.46533203125,0.1460847705602646,27.548904418945312,0.8482398986816406
1808,899,0.43896484375,0.13586880266666412,28.01026725769043,0.8397870659828186
1809,872,0.42578125,0.14569586515426636,29.316051483154297,0.8326119780540466
1810,959,0.46826171875,0.13071000576019287,25.178966522216797,0.8650152087211609
1811,1169,0.57080078125,0.09822823852300644,36.70127487182617,0.7770837545394897
1812,1345,0.65673828125,0.1061611995100975,35.08940887451172,0.793313205242157
1813,1063,0.51904296875,0.12992508709430695,23.374980926513672,0.8760994076728821
1814,1034,0.5048828125,0.1451236754655838,26.764320373535156,0.8528031706809998
1815,1097,0.53564453125,0.1426929384469986,26.67966079711914,0.8557648658752441
1816,981,0.47900390625,0.12958474457263947,25.291751861572266,0.859667956829071
1817,936,0.45703125,0.1286112368106842,27.902040481567383,0.843950629234314
1818,974,0.4755859375,0.13068950176239014,29.825960159301758,0.8270490169525146
1819,1054,0.5146484375,0.13929049670696259,25.838470458984375,0.8509753346443176
1820,804,0.392578125,0.13835963606834412,26.526887893676758,0.8499874472618103
1821,709,0.34619140625,0.14861857891082764,27.59198760986328,0.8395079970359802
1822,589,0.28759765625,0.16611965000629425,30.10936164855957,0.8151379823684692
1823,736,0.359375,0.13434484601020813,28.17499351501465,0.8332329392433167
1824,748,0.365234375,0.13603681325912476,28.29395294189453,0.8333640694618225
1825,852,0.416015625,0.13637107610702515,28.413496017456055,0.8342594504356384
1826,878,0.4287109375,0.13083294034004211,27.194486618041992,0.8455536365509033
1827,898,0.4384765625,0.1302126944065094,28.28557777404785,0.8368737101554871
1828,794,0.3876953125,0.13141199946403503,29.362356185913086,0.823337972164154
1829,1003,0.48974609375,0.13541440665721893,28.699907302856445,0.8300492167472839
1830,813,0.39697265625,0.137876957654953,27.69394302368164,0.8363891243934631
1831,764,0.373046875,0.13852731883525848,29.59918212890625,0.8159536719322205
1832,691,0.33740234375,0.14570777118206024,28.304964065551758,0.8342517614364624
1833,629,0.30712890625,0.15970148146152496,29.27849006652832,0.8231167197227478
1834,883,0.43115234375,0.14113421738147736,28.277616500854492,0.8352848291397095
1835,952,0.46484375,0.12802276015281677,27.500656127929688,0.8400510549545288
1836,1125,0.54931640625,0.12733930349349976,25.11024284362793,0.8587340116500854
1837,1111,0.54248046875,0.13331781327724457,26.834081649780273,0.8437097668647766
1838,1021,0.49853515625,0.135163351893425,30.699644088745117,0.8174861669540405
1839,946,0.4619140625,0.1313256323337555,30.753507614135742,0.817496120929718
1840,76,0.037109375,0.19271762669086456,36.307701110839844,0.785210907459259
1841,81,0.03955078125,0.18284763395786285,36.316200256347656,0.7794878482818604
1842,77,0.03759765625,0.1936408281326294,36.96379470825195,0.7796509861946106
1843,65,0.03173828125,0.19173654913902283,37.70298767089844,0.7596308588981628
1844,81,0.03955078125,0.18615050613880157,38.71861267089844,0.739393949508667
1845,83,0.04052734375,0.17908406257629395,40.907527923583984,0.7231835126876831
1846,66,0.0322265625,0.19551052153110504,37.214542388916016,0.7701319456100464
1847,47,0.02294921875,0.18363553285598755,40.89592742919922,0.7166747450828552
1848,47,0.02294921875,0.18484118580818176,34.33595275878906,0.8046598434448242
1849,65,0.03173828125,0.18463335931301117,35.4879264831543,0.7850983142852783
1850,56,0.02734375,0.18588173389434814,35.321449279785156,0.7879939079284668
1851,55,0.02685546875,0.19586504995822906,36.143951416015625,0.7747437953948975
1852,47,0.02294921875,0.18592426180839539,34.82786178588867,0.7966117858886719
1853,53,0.02587890625,0.2067275196313858,34.06663131713867,0.8016621470451355
1854,51,0.02490234375,0.194500133395195,32.03948974609375,0.816727876663208
1855,64,0.03125,0.19077178835868835,34.01761245727539,0.7981820702552795
1856,79,0.03857421875,0.18613852560520172,36.094913482666016,0.7713431119918823
1857,72,0.03515625,0.1771629899740219,35.20785140991211,0.7879963517189026
1858,87,0.04248046875,0.17294490337371826,34.570953369140625,0.7933447957038879
1859,96,0.046875,0.1663653701543808,33.85746383666992,0.7870867252349854
1860,86,0.0419921875,0.16536933183670044,35.703861236572266,0.7601189613342285
1861,96,0.046875,0.16565033793449402,35.00325393676758,0.7705556750297546
1862,94,0.0458984375,0.16444432735443115,35.187435150146484,0.7709577679634094
1863,110,0.0537109375,0.16070464253425598,37.231815338134766,0.7531011700630188
1864,107,0.05224609375,0.16109681129455566,37.5251350402832,0.7434371709823608
1865,107,0.05224609375,0.16173283755779266,37.30464172363281,0.7436324954032898
1866,107,0.05224609375,0.1668049395084381,35.55284118652344,0.7626577615737915
1867,104,0.05078125,0.1642223596572876,35.848533630371094,0.7674575448036194
1868,92,0.044921875,0.1740981787443161,35.95298767089844,0.7712709307670593
1869,107,0.05224609375,0.16736026108264923,36.02566146850586,0.7666871547698975
1870,92,0.044921875,0.17226019501686096,33.59737014770508,0.7939815521240234
1871,102,0.0498046875,0.16730041801929474,35.24339294433594,0.7742643356323242
1872,102,0.0498046875,0.1763683259487152,36.05449676513672,0.7687862515449524
1873,117,0.05712890625,0.17544282972812653,36.092891693115234,0.7744442820549011
1874,116,0.056640625,0.16816924512386322,37.692169189453125,0.75384521484375
1875,113,0.05517578125,0.17206545174121857,36.99919891357422,0.7591440081596375
1876,117,0.05712890625,0.16788125038146973,38.66128158569336,0.7462475299835205
1877,113,0.05517578125,0.1723334789276123,38.73090362548828,0.7521109580993652
1878,116,0.056640625,0.16985966265201569,39.38967514038086,0.7416388392448425
1879,114,0.0556640625,0.16420115530490875,41.36494445800781,0.7131320238113403
1880,413,0.20166015625,0.14037401974201202,27.98432731628418,0.839384138584137
1881,487,0.23779296875,0.13985928893089294,35.845279693603516,0.7599954009056091
1882,397,0.19384765625,0.13794876635074615,29.361337661743164,0.8325014114379883
1883,346,0.1689453125,0.13865229487419128,29.30451774597168,0.8325884938240051
1884,339,0.16552734375,0.12278326600790024,27.06663703918457,0.8530949354171753
1885,338,0.1650390625,0.11307638138532639,24.941349029541016,0.8738929629325867
1886,334,0.1630859375,0.1250707358121872,26.596904754638672,0.852634072303772
1887,361,0.17626953125,0.1310269683599472,26.172773361206055,0.8577117323875427
1888,353,0.17236328125,0.11408603936433792,24.723934173583984,0.8735410571098328
1889,368,0.1796875,0.11642318218946457,24.64740562438965,0.8717110753059387
1890,422,0.2060546875,0.11522793769836426,24.81779670715332,0.8636266589164734
1891,486,0.2373046875,0.09414879232645035,21.45296859741211,0.8933395743370056
1892,472,0.23046875,0.10281853377819061,22.835432052612305,0.8843600153923035
1893,429,0.20947265625,0.10104284435510635,22.2467041015625,0.8889976739883423
1894,436,0.212890625,0.09514795988798141,21.879430770874023,0.8932982683181763
1895,439,0.21435546875,0.09901859611272812,22.97771453857422,0.8862894773483276
1896,519,0.25341796875,0.09627459198236465,25.538610458374023,0.855647623538971
1897,501,0.24462890625,0.08906044065952301,21.36115264892578,0.8937845826148987
1898,568,0.27734375,0.09606026858091354,22.450927734375,0.8815146684646606
1899,509,0.24853515625,0.0902680903673172,20.904823303222656,0.9010215997695923
1900,479,0.23388671875,0.09889135509729385,24.057104110717773,0.8779345750808716
1901,488,0.23828125,0.11093202233314514,24.924434661865234,0.8721003532409668
1902,515,0.25146484375,0.1021789163351059,22.38912010192871,0.8905121088027954
1903,502,0.2451171875,0.1014048308134079,22.848114013671875,0.8863978385925293
1904,511,0.24951171875,0.10286965221166611,22.116592407226562,0.8894640207290649
1905,495,0.24169921875,0.10292626172304153,23.821149826049805,0.8792637586593628
1906,459,0.22412109375,0.10442495346069336,23.637340545654297,0.8815223574638367
1907,503,0.24560546875,0.12080105394124985,27.875244140625,0.8423547744750977
1908,471,0.22998046875,0.11126703768968582,27.012739181518555,0.8535365462303162
1909,444,0.216796875,0.13134515285491943,27.49856185913086,0.8486083149909973
1910,436,0.212890625,0.10202842950820923,21.72235679626465,0.8937166333198547
1911,434,0.2119140625,0.10241401195526123,21.822063446044922,0.8958958983421326
1912,451,0.22021484375,0.1024763435125351,20.555757522583008,0.9017258286476135
1913,388,0.189453125,0.1121889278292656,22.638330459594727,0.8881635665893555
1914,435,0.21240234375,0.11123581230640411,21.105945587158203,0.8937962055206299
1915,412,0.201171875,0.10481104254722595,22.842947006225586,0.888556718826294
1916,419,0.20458984375,0.10639837384223938,20.969520568847656,0.8977670669555664
1917,489,0.23876953125,0.10317352414131165,20.25050926208496,0.9001669883728027
1918,476,0.232421875,0.10949878394603729,20.141904830932617,0.9023833274841309
1919,440,0.21484375,0.10748308897018433,23.053007125854492,0.8821322321891785
1920,125,0.06103515625,0.10684167593717575,34.78453063964844,0.7778990864753723
1921,136,0.06640625,0.10232377052307129,32.44032287597656,0.8020590543746948
1922,138,0.0673828125,0.10462397336959839,32.687564849853516,0.7985893487930298
1923,161,0.07861328125,0.10689137876033783,30.229379653930664,0.8211416006088257
1924,157,0.07666015625,0.10472016781568527,29.901826858520508,0.8249095678329468
1925,169,0.08251953125,0.09858862310647964,29.586711883544922,0.826341986656189
1926,178,0.0869140625,0.10745677351951599,29.45280647277832,0.8269971609115601
1927,179,0.08740234375,0.11386407911777496,30.521888732910156,0.8152168989181519
1928,165,0.08056640625,0.09809423238039017,29.498620986938477,0.8234068155288696
1929,169,0.08251953125,0.09328968822956085,29.458059310913086,0.8257516622543335
1930,152,0.07421875,0.09046827256679535,27.283016204833984,0.8482716083526611
1931,148,0.072265625,0.08878225088119507,28.87863540649414,0.8306251764297485
1932,160,0.078125,0.10264662653207779,29.880878448486328,0.8238779902458191
1933,147,0.07177734375,0.1044151708483696,30.80435562133789,0.8135527968406677
1934,169,0.08251953125,0.10987094044685364,31.666650772094727,0.8038802146911621
1935,143,0.06982421875,0.10199916362762451,30.278751373291016,0.8253447413444519
1936,151,0.07373046875,0.09754431247711182,31.03461265563965,0.8118409514427185
1937,152,0.07421875,0.09849008172750473,30.602031707763672,0.820051908493042
1938,172,0.083984375,0.10041557997465134,30.594167709350586,0.8111509084701538
1939,193,0.09423828125,0.11519841849803925,32.01900863647461,0.7999434471130371
1940,176,0.0859375,0.10164470970630646,30.33026885986328,0.8119168877601624
1941,172,0.083984375,0.10451329499483109,32.099117279052734,0.8019352555274963
1942,168,0.08203125,0.10325125604867935,30.803234100341797,0.8203301429748535
1943,181,0.08837890625,0.1053004264831543,30.27342987060547,0.8229492902755737
1944,181,0.08837890625,0.12263272702693939,31.139034271240234,0.815959095954895
1945,172,0.083984375,0.10649832338094711,31.792444229125977,0.8057142496109009
1946,168,0.08203125,0.10067316889762878,29.713050842285156,0.8244729042053223
1947,156,0.076171875,0.11559362709522247,31.05548858642578,0.8133031725883484
1948,191,0.09326171875,0.11627624928951263,32.469696044921875,0.800618052482605
1949,164,0.080078125,0.10134083777666092,30.014368057250977,0.8243997097015381
1950,153,0.07470703125,0.09908324480056763,32.04283905029297,0.8012136220932007
1951,145,0.07080078125,0.09926073253154755,30.900400161743164,0.8204455971717834
1952,131,0.06396484375,0.10316590964794159,31.325374603271484,0.8055132031440735
1953,140,0.068359375,0.09750764071941376,29.11151695251465,0.830533504486084
1954,132,0.064453125,0.10119705647230148,31.518543243408203,0.7998905181884766
1955,139,0.06787109375,0.10110421478748322,30.827917098999023,0.8110772967338562
1956,174,0.0849609375,0.1026557981967926,31.710033416748047,0.8018657565116882
1957,158,0.0771484375,0.10364479571580887,30.756032943725586,0.8115891218185425
1958,167,0.08154296875,0.10104081779718399,31.739994049072266,0.7979036569595337
1959,177,0.08642578125,0.10723478347063065,30.797456741333008,0.8133403658866882
1960,204,0.099609375,0.16390372812747955,34.13819885253906,0.7738354206085205
1961,188,0.091796875,0.160687655210495,29.807485580444336,0.8257070779800415
1962,206,0.1005859375,0.1579836755990982,32.3846549987793,0.7940825819969177
1963,240,0.1171875,0.15184494853019714,33.61256408691406,0.781879723072052
1964,232,0.11328125,0.1454337239265442,33.39824676513672,0.7823277711868286
1965,193,0.09423828125,0.14843828976154327,28.628345489501953,0.8312664031982422
1966,185,0.09033203125,0.14503206312656403,28.851499557495117,0.8331679701805115
1967,183,0.08935546875,0.1389286071062088,30.34417152404785,0.825117290019989
1968,167,0.08154296875,0.14368630945682526,29.527503967285156,0.8274877071380615
1969,160,0.078125,0.1462639570236206,31.2424259185791,0.8097692728042603
1970,162,0.0791015625,0.1522216498851776,33.510013580322266,0.7878032922744751
1971,160,0.078125,0.14743734896183014,31.960866928100586,0.8027938008308411
1972,162,0.0791015625,0.13447460532188416,31.908615112304688,0.802493155002594
1973,147,0.07177734375,0.15466879308223724,32.62586212158203,0.7898370027542114
1974,161,0.07861328125,0.13922099769115448,31.683048248291016,0.8046907186508179
1975,160,0.078125,0.14497318863868713,31.56204605102539,0.8015972375869751
1976,161,0.07861328125,0.14344416558742523,31.2529354095459,0.8057233691215515
1977,153,0.07470703125,0.1456579715013504,31.505109786987305,0.8056674599647522
1978,145,0.07080078125,0.13605545461177826,30.296571731567383,0.8219641447067261
1979,150,0.0732421875,0.13333213329315186,29.300214767456055,0.8316302299499512
1980,152,0.07421875,0.13680458068847656,29.116390228271484,0.8359058499336243
1981,129,0.06298828125,0.13397039473056793,29.22150230407715,0.8349784016609192
1982,130,0.0634765625,0.13961753249168396,30.89510154724121,0.8116195797920227
1983,130,0.0634765625,0.15399257838726044,34.28910827636719,0.7765581011772156
1984,135,0.06591796875,0.16914913058280945,34.9650993347168,0.770606517791748
1985,141,0.06884765625,0.1756701022386551,36.28658676147461,0.7594569325447083
1986,141,0.06884765625,0.1880512535572052,34.70326614379883,0.7761990427970886
1987,143,0.06982421875,0.19867129623889923,35.15468978881836,0.7721125483512878
1988,132,0.064453125,0.1803474724292755,35.476707458496094,0.7650518417358398
1989,143,0.06982421875,0.17880983650684357,36.99763870239258,0.7510412335395813
1990,124,0.060546875,0.1736012101173401,31.66131591796875,0.8151137828826904
1991,120,0.05859375,0.17220880091190338,31.749908447265625,0.8099926114082336
1992,108,0.052734375,0.15775832533836365,29.983396530151367,0.8293821811676025
1993,114,0.0556640625,0.15363427996635437,31.512205123901367,0.8128410577774048
1994,131,0.06396484375,0.1645192950963974,32.95313262939453,0.7951757311820984
1995,133,0.06494140625,0.16420608758926392,32.177024841308594,0.8037406206130981
1996,122,0.0595703125,0.15177500247955322,29.777847290039062,0.8307215571403503
1997,125,0.06103515625,0.15362147986888885,29.614761352539062,0.8293086886405945
1998,135,0.06591796875,0.1625441014766693,29.66200828552246,0.8327086567878723
1999,131,0.06396484375,0.15130658447742462,30.20561408996582,0.8250331282615662
2000,1090,0.5322265625,0.1273467242717743,40.96523666381836,0.6949473023414612
2001,1017,0.49658203125,0.11557905375957489,42.62934494018555,0.6654393672943115
2002,1007,0.49169921875,0.11254534870386124,35.25338363647461,0.7474545836448669
2003,906,0.4423828125,0.10087086260318756,30.555889129638672,0.7942231297492981
2004,823,0.40185546875,0.10393799841403961,31.076637268066406,0.7993807792663574
2005,770,0.3759765625,0.10035950690507889,29.77210807800293,0.8162748217582703
2006,752,0.3671875,0.10204749554395676,28.377239227294922,0.8268513679504395
2007,705,0.34423828125,0.10937163978815079,28.88351058959961,0.8326352834701538
2008,633,0.30908203125,0.09488046169281006,28.896150588989258,0.8287310004234314
2009,617,0.30126953125,0.10068903863430023,29.095674514770508,0.8313901424407959
2010,612,0.298828125,0.1063794419169426,30.189233779907227,0.8218743801116943
2011,648,0.31640625,0.10868620872497559,29.492977142333984,0.826522171497345
2012,748,0.365234375,0.11305150389671326,26.372495651245117,0.8500185608863831
2013,708,0.345703125,0.11519189924001694,26.769018173217773,0.848141610622406
2014,549,0.26806640625,0.12157292664051056,29.372243881225586,0.8251701593399048
2015,688,0.3359375,0.11625392735004425,25.6784725189209,0.8591564893722534
2016,642,0.3134765625,0.1261659413576126,26.86309051513672,0.8525773882865906
2017,624,0.3046875,0.14248903095722198,26.899620056152344,0.8483768105506897
2018,626,0.3056640625,0.1520165503025055,27.44026756286621,0.8448688387870789
2019,609,0.29736328125,0.14800243079662323,29.725757598876953,0.8189472556114197
2020,464,0.2265625,0.1739824116230011,31.369386672973633,0.8004891872406006
2021,383,0.18701171875,0.187041237950325,34.60493469238281,0.763550341129303
2022,334,0.1630859375,0.19514088332653046,34.173545837402344,0.77374267578125
2023,350,0.1708984375,0.1840697079896927,34.28511428833008,0.7743302583694458
2024,405,0.19775390625,0.16901549696922302,31.134443283081055,0.8049383759498596
2025,387,0.18896484375,0.18722142279148102,34.145015716552734,0.7741586565971375
2026,470,0.2294921875,0.17443257570266724,31.201457977294922,0.8006666898727417
2027,416,0.203125,0.1706334352493286,30.89189338684082,0.8087136745452881
2028,467,0.22802734375,0.16154548525810242,28.373897552490234,0.8325629830360413
2029,573,0.27978515625,0.14577551186084747,26.353092193603516,0.8500385880470276
2030,662,0.3232421875,0.1360228955745697,25.361143112182617,0.8605461716651917
2031,652,0.318359375,0.13302667438983917,22.52333641052246,0.887110710144043
2032,679,0.33154296875,0.12571215629577637,21.144140243530273,0.8984689712524414
2033,646,0.3154296875,0.13030914962291718,23.565898895263672,0.880570650100708
2034,613,0.29931640625,0.12843537330627441,24.952726364135742,0.8712041974067688
2035,671,0.32763671875,0.13934163749217987,27.04299545288086,0.8502165675163269
2036,600,0.29296875,0.13245388865470886,26.808422088623047,0.8496469855308533
2037,785,0.38330078125,0.1367928385734558,23.977869033813477,0.8675574660301208
2038,744,0.36328125,0.12953761219978333,25.54704475402832,0.8541794419288635
2039,675,0.32958984375,0.12797406315803528,23.65795135498047,0.8809351325035095
2040,182,0.0888671875,0.14509591460227966,39.29674530029297,0.7326357364654541
2041,203,0.09912109375,0.14745956659317017,38.65835952758789,0.7396917939186096
2042,207,0.10107421875,0.14491738379001617,37.62115478515625,0.7529287338256836
2043,190,0.0927734375,0.14265652000904083,34.16028594970703,0.7926391363143921
2044,190,0.0927734375,0.13460753858089447,35.992191314697266,0.7705378532409668
2045,186,0.0908203125,0.12474691867828369,36.305641174316406,0.7615100741386414
2046,176,0.0859375,0.1286824643611908,34.942501068115234,0.7775599956512451
2047,175,0.08544921875,0.12842611968517303,34.439308166503906,0.7831955552101135
2048,171,0.08349609375,0.12178202718496323,35.00332260131836,0.7745372653007507
2049,179,0.08740234375,0.12506546080112457,37.34209060668945,0.7482353448867798
2050,166,0.0810546875,0.12872257828712463,36.49991989135742,0.7593362927436829
2051,161,0.07861328125,0.12575779855251312,34.70222473144531,0.7786949276924133
2052,148,0.072265625,0.12727268040180206,35.4156379699707,0.7676106095314026
2053,167,0.08154296875,0.13146434724330902,36.86455154418945,0.7530087232589722
2054,172,0.083984375,0.1483277678489685,36.845340728759766,0.7611225247383118
2055,168,0.08203125,0.15542632341384888,36.56336975097656,0.7659156322479248
2056,143,0.06982421875,0.14808477461338043,35.37358474731445,0.7823618054389954
2057,142,0.0693359375,0.1532491147518158,36.26857376098633,0.7714925408363342
2058,133,0.06494140625,0.15209151804447174,35.41521453857422,0.7777023315429688
2059,123,0.06005859375,0.1455891728401184,33.104610443115234,0.8033430576324463
2060,122,0.0595703125,0.15105146169662476,33.15129852294922,0.8061906099319458
2061,118,0.0576171875,0.15336394309997559,32.29126739501953,0.8165484666824341
2062,123,0.06005859375,0.1520255208015442,33.95960998535156,0.7970559597015381
2063,142,0.0693359375,0.15158066153526306,33.73707580566406,0.8027694225311279
2064,140,0.068359375,0.15074414014816284,33.31452178955078,0.8077479004859924
2065,145,0.07080078125,0.15863628685474396,35.70070266723633,0.7752709984779358
2066,120,0.05859375,0.17179906368255615,34.83024978637695,0.790632426738739
2067,123,0.06005859375,0.18592627346515656,37.486106872558594,0.7575809359550476
2068,123,0.06005859375,0.17982065677642822,38.437904357910156,0.7472044229507446
2069,105,0.05126953125,0.17376530170440674,35.95832061767578,0.7804964184761047
2070,105,0.05126953125,0.16475793719291687,37.9775390625,0.758526623249054
2071,107,0.05224609375,0.17590969800949097,37.13893127441406,0.7657211422920227
2072,96,0.046875,0.16716860234737396,35.33059310913086,0.7871350646018982
2073,104,0.05078125,0.1636093556880951,38.04674530029297,0.7555974125862122
2074,107,0.05224609375,0.16441449522972107,37.19775390625,0.7649335861206055
2075,107,0.05224609375,0.16408281028270721,35.953636169433594,0.7807422280311584
2076,120,0.05859375,0.17484229803085327,35.92656326293945,0.772314190864563
2077,122,0.0595703125,0.16997088491916656,38.3721809387207,0.7437262535095215
2078,121,0.05908203125,0.1734100878238678,38.07633590698242,0.7512311339378357
2079,123,0.06005859375,0.1761745661497116,38.492149353027344,0.7467475533485413
2080,351,0.17138671875,0.11657947301864624,28.476234436035156,0.8240869641304016
2081,353,0.17236328125,0.11184879392385483,28.544288635253906,0.8237394690513611
2082,375,0.18310546875,0.11715209484100342,27.894493103027344,0.8345443606376648
2083,420,0.205078125,0.10851611942052841,26.024925231933594,0.8483283519744873
2084,382,0.1865234375,0.11479661613702774,28.605348587036133,0.8231119513511658
2085,466,0.2275390625,0.108250692486763,26.338619232177734,0.8438894152641296
2086,497,0.24267578125,0.11195535957813263,26.803428649902344,0.8403407335281372
2087,527,0.25732421875,0.10500458627939224,25.939346313476562,0.8489410281181335
2088,618,0.3017578125,0.09172027558088303,25.60088539123535,0.8523733615875244
2089,669,0.32666015625,0.0799376517534256,23.624387741088867,0.8728844523429871
2090,646,0.3154296875,0.09068019688129425,23.884933471679688,0.8750691413879395
2091,746,0.3642578125,0.08363435417413712,26.268369674682617,0.8645426034927368
2092,771,0.37646484375,0.07756265252828598,22.98206901550293,0.8849024772644043
2093,795,0.38818359375,0.0819876417517662,20.50278663635254,0.8994244933128357
2094,1049,0.51220703125,0.08960903435945511,21.770246505737305,0.8947902917861938
2095,575,0.28076171875,0.13203544914722443,68.4137191772461,0.3445690870285034
2096,1144,0.55859375,0.09970171749591827,22.2499942779541,0.8802452683448792
2097,1237,0.60400390625,0.0904351994395256,22.812543869018555,0.8781999945640564
2098,1226,0.5986328125,0.097943976521492,21.02020835876465,0.8917453289031982
2099,1009,0.49267578125,0.10529894381761551,18.745677947998047,0.9045273661613464
2100,997,0.48681640625,0.11331918090581894,19.990589141845703,0.9054019451141357
2101,1046,0.5107421875,0.12359657883644104,19.80781364440918,0.9029107689857483
2102,677,0.33056640625,0.1150422915816307,23.231122970581055,0.8733406066894531
2103,778,0.3798828125,0.1142546609044075,22.182985305786133,0.885840117931366
2104,743,0.36279296875,0.10770614445209503,22.131980895996094,0.8873215317726135
2105,648,0.31640625,0.11595307290554047,25.40434455871582,0.8605116605758667
2106,752,0.3671875,0.11663537472486496,23.13274574279785,0.875408411026001
2107,823,0.40185546875,0.11335758119821548,23.079225540161133,0.8742988705635071
2108,811,0.39599609375,0.11632838100194931,25.713457107543945,0.8495362401008606
2109,902,0.4404296875,0.10840758681297302,25.164051055908203,0.8615642189979553
2110,843,0.41162109375,0.11066757142543793,22.71565055847168,0.8831281065940857
2111,805,0.39306640625,0.10462258011102676,22.457496643066406,0.883712112903595
2112,713,0.34814453125,0.11436700820922852,27.47368621826172,0.8267115354537964
2113,749,0.36572265625,0.11679524928331375,28.405986785888672,0.8166534900665283
2114,639,0.31201171875,0.10668560117483139,29.00954246520996,0.8114219903945923
2115,588,0.287109375,0.12009134888648987,32.25200653076172,0.7862128019332886
2116,597,0.29150390625,0.11716563254594803,31.72284507751465,0.7911562919616699
2117,755,0.36865234375,0.11163073778152466,27.017032623291016,0.8323668241500854
2118,690,0.3369140625,0.11163188517093658,25.496685028076172,0.8469930291175842
2119,606,0.2958984375,0.13086743652820587,32.6376838684082,0.7781768441200256
2120,873,0.42626953125,0.12668192386627197,38.8416633605957,0.7327489256858826
2121,840,0.41015625,0.1253916323184967,37.831504821777344,0.7431303262710571
2122,873,0.42626953125,0.12084060907363892,39.02333068847656,0.7323455214500427
2123,911,0.44482421875,0.11777983605861664,41.97013854980469,0.6971065998077393
2124,871,0.42529296875,0.11471989005804062,38.512306213378906,0.7376669645309448
2125,769,0.37548828125,0.11400070041418076,40.37266159057617,0.7150532007217407
2126,802,0.3916015625,0.11635570973157883,40.123043060302734,0.713563084602356
2127,745,0.36376953125,0.11647617816925049,43.67901611328125,0.6738502979278564
2128,713,0.34814453125,0.09798359870910645,44.16973876953125,0.6652676463127136
2129,867,0.42333984375,0.08659622073173523,39.51131057739258,0.7246168255805969
2130,1061,0.51806640625,0.0850045457482338,38.034339904785156,0.7405427694320679
2131,921,0.44970703125,0.08095532655715942,38.464534759521484,0.7388490438461304
2132,755,0.36865234375,0.08691363036632538,43.4580192565918,0.6856043338775635
2133,1188,0.580078125,0.10436690598726273,41.876651763916016,0.6980876326560974
2134,1026,0.5009765625,0.08708188682794571,40.969688415527344,0.7112753391265869
2135,1103,0.53857421875,0.10179944336414337,45.05404281616211,0.6641565561294556
2136,1265,0.61767578125,0.10095779597759247,42.58100509643555,0.6956464648246765
2137,1143,0.55810546875,0.09396359324455261,43.6666374206543,0.6800970435142517
2138,987,0.48193359375,0.0941530093550682,31.407407760620117,0.807373583316803
2139,388,0.189453125,0.09188918024301529,35.287837982177734,0.7487666606903076
2140,387,0.18896484375,0.08510257303714752,36.28279113769531,0.7269350290298462
2141,798,0.3896484375,0.08248721063137054,26.162315368652344,0.8552059531211853
2142,1055,0.51513671875,0.09153290838003159,31.90448760986328,0.8027493953704834
2143,683,0.33349609375,0.0715024545788765,36.060089111328125,0.7670182585716248
2144,368,0.1796875,0.07397077232599258,30.894441604614258,0.7823097109794617
2145,770,0.3759765625,0.07779911160469055,29.67026710510254,0.8301106095314026
2146,750,0.3662109375,0.08155809342861176,30.40229606628418,0.8097808361053467
2147,775,0.37841796875,0.07940423488616943,27.384803771972656,0.8418206572532654
2148,870,0.4248046875,0.09220071136951447,33.663291931152344,0.7809798121452332
2149,784,0.3828125,0.1252054125070572,40.49660110473633,0.7078807353973389
2150,715,0.34912109375,0.12958712875843048,38.96487808227539,0.7291893362998962
2151,705,0.34423828125,0.13801930844783783,34.060794830322266,0.786030650138855
2152,768,0.375,0.13799715042114258,34.59773635864258,0.7742455005645752
2153,827,0.40380859375,0.13517645001411438,34.585426330566406,0.7735051512718201
2154,416,0.203125,0.16361746191978455,48.00693893432617,0.6154021620750427
2155,786,0.3837890625,0.11752767115831375,44.51356887817383,0.6643902659416199
2156,944,0.4609375,0.1082172617316246,39.812095642089844,0.7207924127578735
2157,1568,0.765625,0.10866148769855499,50.84001159667969,0.5829052329063416
2158,1063,0.51904296875,0.11012482643127441,47.47077178955078,0.6289814114570618
2159,1244,0.607421875,0.10606398433446884,48.13309860229492,0.6275232434272766
2160,158,0.0771484375,0.14978650212287903,33.83716583251953,0.7865919470787048
2161,158,0.0771484375,0.1488339602947235,35.05255889892578,0.7705812454223633
2162,152,0.07421875,0.16441133618354797,35.79520797729492,0.7638587951660156
2163,152,0.07421875,0.16686706244945526,35.523773193359375,0.7703935503959656
2164,166,0.0810546875,0.16541515290737152,34.27605438232422,0.7855536937713623
2165,158,0.0771484375,0.17222696542739868,34.83430480957031,0.7703601717948914
2166,152,0.07421875,0.18429899215698242,32.29787063598633,0.7994184494018555
2167,141,0.06884765625,0.18099434673786163,32.73210906982422,0.8007739186286926
2168,137,0.06689453125,0.15800587832927704,30.657596588134766,0.8300153017044067
2169,137,0.06689453125,0.16049650311470032,30.0582275390625,0.8321906328201294
2170,117,0.05712890625,0.13894878327846527,28.7542781829834,0.8403127789497375
2171,122,0.0595703125,0.14260333776474,29.547487258911133,0.8340951204299927
2172,136,0.06640625,0.1629883199930191,30.779085159301758,0.8207425475120544
2173,138,0.0673828125,0.15414753556251526,30.004581451416016,0.8267679214477539
2174,131,0.06396484375,0.13454534113407135,28.32354164123535,0.8489857316017151
2175,129,0.06298828125,0.13352139294147491,27.443700790405273,0.8595932126045227
2176,162,0.0791015625,0.13471239805221558,27.81156349182129,0.851627767086029
2177,170,0.0830078125,0.13869649171829224,26.281938552856445,0.8541942834854126
2178,176,0.0859375,0.1276026964187622,26.833337783813477,0.8588986992835999
2179,202,0.0986328125,0.12933994829654694,25.787181854248047,0.8600877523422241
2180,230,0.1123046875,0.1267818659543991,24.24382972717285,0.8772229552268982
2181,228,0.111328125,0.13118183612823486,24.04254913330078,0.8760554790496826
2182,264,0.12890625,0.11824247241020203,24.33153533935547,0.8708794116973877
2183,287,0.14013671875,0.11473123729228973,24.786930084228516,0.8716127872467041
2184,318,0.1552734375,0.11082013696432114,25.965051651000977,0.8632429838180542
2185,282,0.1376953125,0.10929764807224274,30.191329956054688,0.8291999697685242
2186,245,0.11962890625,0.10700391978025436,26.264251708984375,0.8612006902694702
2187,256,0.125,0.10116780549287796,27.51268768310547,0.8496443033218384
2188,258,0.1259765625,0.11259537190198898,30.636808395385742,0.827347993850708
2189,265,0.12939453125,0.12450549751520157,32.77159881591797,0.8030295372009277
2190,279,0.13623046875,0.11040198802947998,32.64793395996094,0.8007203340530396
2191,296,0.14453125,0.11650053411722183,33.104225158691406,0.7961261868476868
2192,288,0.140625,0.13835036754608154,35.78820037841797,0.7649433612823486
2193,314,0.1533203125,0.12298015505075455,33.28280258178711,0.7905569672584534
2194,309,0.15087890625,0.1296052485704422,36.37763214111328,0.7596768140792847
2195,310,0.1513671875,0.11239806562662125,30.815759658813477,0.8216593265533447
2196,359,0.17529296875,0.10817644000053406,31.354040145874023,0.8119915723800659
2197,362,0.1767578125,0.11451510339975357,30.3150634765625,0.8236815929412842
2198,381,0.18603515625,0.11674068868160248,31.235591888427734,0.8202218413352966
2199,306,0.1494140625,0.10231415182352066,30.75037956237793,0.8280859589576721
2200,155,0.07568359375,0.16716164350509644,34.69612503051758,0.7779499292373657
2201,150,0.0732421875,0.16351597011089325,31.01822853088379,0.8120275735855103
2202,152,0.07421875,0.16642166674137115,31.153785705566406,0.8102005124092102
2203,181,0.08837890625,0.18254117667675018,33.95916748046875,0.7909493446350098
2204,184,0.08984375,0.1829640418291092,32.114070892333984,0.8090518712997437
2205,174,0.0849609375,0.1689586639404297,30.836448669433594,0.8151654005050659
2206,169,0.08251953125,0.16811563074588776,30.33547592163086,0.8196795582771301
2207,160,0.078125,0.1640242338180542,33.210880279541016,0.7872268557548523
2208,148,0.072265625,0.17167752981185913,33.77654266357422,0.7752133011817932
2209,146,0.0712890625,0.15990176796913147,33.918846130371094,0.7697253227233887
2210,174,0.0849609375,0.1682201623916626,34.5533447265625,0.7669203281402588
2211,149,0.07275390625,0.16304415464401245,34.62956237792969,0.7649252414703369
2212,159,0.07763671875,0.1718728244304657,36.02897262573242,0.7513557076454163
2213,153,0.07470703125,0.14824236929416656,34.025978088378906,0.7725878953933716
2214,154,0.0751953125,0.15798711776733398,32.229156494140625,0.7928895950317383
2215,157,0.07666015625,0.14814169704914093,31.16326332092285,0.8035526275634766
2216,179,0.08740234375,0.14883826673030853,30.343067169189453,0.813447892665863
2217,173,0.08447265625,0.161131352186203,30.859228134155273,0.8046416640281677
2218,173,0.08447265625,0.15500561892986298,29.79778289794922,0.8166926503181458
2219,185,0.09033203125,0.1532151848077774,30.605737686157227,0.8142352104187012
2220,175,0.08544921875,0.15352195501327515,32.14788055419922,0.8007102012634277
2221,182,0.0888671875,0.154279887676239,31.45191192626953,0.8056321740150452
2222,191,0.09326171875,0.15312248468399048,31.853412628173828,0.800781786441803
2223,191,0.09326171875,0.14903786778450012,30.9639949798584,0.8096954226493835
2224,189,0.09228515625,0.15354572236537933,31.678821563720703,0.8034147024154663
2225,194,0.0947265625,0.1540369689464569,28.612117767333984,0.8334377408027649
2226,190,0.0927734375,0.15411217510700226,28.027441024780273,0.8391002416610718
2227,189,0.09228515625,0.1482430100440979,29.75338363647461,0.818805456161499
2228,201,0.09814453125,0.15003396570682526,30.012088775634766,0.8219892978668213
2229,180,0.087890625,0.15090660750865936,31.347314834594727,0.8131500482559204
2230,180,0.087890625,0.1521194726228714,29.720003128051758,0.8223578333854675
2231,172,0.083984375,0.15216369926929474,30.40718650817871,0.8149203062057495
2232,167,0.08154296875,0.16276609897613525,33.82823181152344,0.7805474400520325
2233,174,0.0849609375,0.15543091297149658,31.31702995300293,0.8083969354629517
2234,163,0.07958984375,0.15402653813362122,31.628055572509766,0.8000724911689758
2235,170,0.0830078125,0.17551223933696747,31.841564178466797,0.7922642230987549
2236,152,0.07421875,0.16210348904132843,28.691152572631836,0.8346800208091736
2237,149,0.07275390625,0.1694987565279007,29.9996395111084,0.8211820721626282
2238,161,0.07861328125,0.17311705648899078,31.257802963256836,0.8106502890586853
2239,170,0.0830078125,0.17291761934757233,33.263038635253906,0.7930542230606079
2240,63,0.03076171875,0.23253919184207916,36.884029388427734,0.761101245880127
2241,70,0.0341796875,0.23708359897136688,38.70734405517578,0.7486326098442078
2242,78,0.0380859375,0.23043285310268402,35.660614013671875,0.7686998844146729
2243,94,0.0458984375,0.2125295102596283,35.30095672607422,0.7813769578933716
2244,98,0.0478515625,0.19261717796325684,36.46831130981445,0.7725886106491089
2245,97,0.04736328125,0.20078107714653015,35.26168441772461,0.7802006602287292
2246,95,0.04638671875,0.2004559487104416,35.965797424316406,0.7699564099311829
2247,95,0.04638671875,0.21345224976539612,35.861087799072266,0.7770408987998962
2248,93,0.04541015625,0.19289511442184448,37.77032470703125,0.7531428337097168
2249,89,0.04345703125,0.20822980999946594,38.52141189575195,0.7464591264724731
2250,81,0.03955078125,0.19877274334430695,36.872337341308594,0.7672252655029297
2251,82,0.0400390625,0.18107041716575623,36.16197204589844,0.7779204249382019
2252,79,0.03857421875,0.17859727144241333,36.51812744140625,0.7748816609382629
2253,81,0.03955078125,0.17523878812789917,36.57658004760742,0.7755417823791504
2254,73,0.03564453125,0.18417046964168549,37.51108932495117,0.7665876746177673
2255,73,0.03564453125,0.2035461813211441,36.504783630371094,0.7704939246177673
2256,55,0.02685546875,0.21389538049697876,36.52482223510742,0.7764875292778015
2257,57,0.02783203125,0.20076912641525269,37.32177734375,0.7627739310264587
2258,61,0.02978515625,0.20197710394859314,36.039390563964844,0.7797039747238159
2259,64,0.03125,0.19741381704807281,38.50050354003906,0.7496005296707153
2260,55,0.02685546875,0.20919965207576752,37.10047149658203,0.7608516216278076
2261,59,0.02880859375,0.22335804998874664,37.11547088623047,0.7640001773834229
2262,68,0.033203125,0.19761386513710022,36.18891143798828,0.7798714637756348
2263,69,0.03369140625,0.21455511450767517,35.91503143310547,0.7788897156715393
2264,71,0.03466796875,0.17791758477687836,36.26853561401367,0.7745532393455505
2265,81,0.03955078125,0.19225527346134186,36.49760055541992,0.770171582698822
2266,77,0.03759765625,0.1718013882637024,35.768699645996094,0.7830483913421631
2267,84,0.041015625,0.17093443870544434,35.58548355102539,0.7797924280166626
2268,89,0.04345703125,0.1689322292804718,34.35784149169922,0.7920048832893372
2269,81,0.03955078125,0.18292920291423798,35.916175842285156,0.774930477142334
2270,90,0.0439453125,0.18348944187164307,35.43033981323242,0.778214693069458
2271,99,0.04833984375,0.1729743778705597,37.391597747802734,0.7569291591644287
2272,99,0.04833984375,0.16835422813892365,37.8846321105957,0.7495585083961487
2273,102,0.0498046875,0.1784128099679947,38.38241195678711,0.7451369166374207
2274,103,0.05029296875,0.17296774685382843,36.78306198120117,0.7681769132614136
2275,109,0.05322265625,0.1776411086320877,36.87357711791992,0.7643941640853882
2276,107,0.05224609375,0.1712859869003296,36.80870819091797,0.7597630023956299
2277,115,0.05615234375,0.1793488711118698,36.765899658203125,0.7615087628364563
2278,125,0.06103515625,0.18613430857658386,36.260772705078125,0.7690845727920532
2279,128,0.0625,0.17051219940185547,35.86128616333008,0.773849368095398
2280,1538,0.7509765625,0.1036524623632431,41.01938247680664,0.7083972096443176
2281,1354,0.6611328125,0.10039561241865158,41.185691833496094,0.7107475399971008
2282,1702,0.8310546875,0.11355619877576828,40.09161376953125,0.7186239361763
2283,1452,0.708984375,0.11139792948961258,42.06926727294922,0.6983554363250732
2284,1573,0.76806640625,0.10381022840738297,39.16164016723633,0.7310097813606262
2285,1456,0.7109375,0.10269489884376526,40.63127899169922,0.7138011455535889
2286,1546,0.7548828125,0.10125529021024704,41.83737564086914,0.6975707411766052
2287,1357,0.66259765625,0.09587597101926804,42.1905403137207,0.6947003602981567
2288,1008,0.4921875,0.10213962942361832,46.83535385131836,0.6345742344856262
2289,1115,0.54443359375,0.10073644667863846,42.08080291748047,0.6987606287002563
2290,1547,0.75537109375,0.0974060520529747,41.3851203918457,0.7013407945632935
2291,1004,0.490234375,0.11127132922410965,40.984188079833984,0.7067301869392395
2292,1244,0.607421875,0.11412172019481659,46.87648010253906,0.6335366368293762
2293,1177,0.57470703125,0.1153918206691742,46.55962371826172,0.6343256235122681
2294,1367,0.66748046875,0.1175396740436554,36.79495620727539,0.7528260946273804
2295,1507,0.73583984375,0.12720425426959991,36.039344787597656,0.755963921546936
2296,1232,0.6015625,0.11875910311937332,31.824697494506836,0.7953816056251526
2297,1035,0.50537109375,0.1356239765882492,30.66910171508789,0.8035148978233337
2298,1045,0.51025390625,0.12306226044893265,30.236501693725586,0.811681866645813
2299,1003,0.48974609375,0.12373417615890503,30.23386001586914,0.8087143301963806
2300,1069,0.52197265625,0.13643379509449005,28.924301147460938,0.8212391138076782
2301,1154,0.5634765625,0.11614375561475754,29.72270393371582,0.8142655491828918
2302,1205,0.58837890625,0.11299341917037964,31.921220779418945,0.7894084453582764
2303,929,0.45361328125,0.11605982482433319,32.834617614746094,0.7794139385223389
2304,961,0.46923828125,0.111298106610775,32.119224548339844,0.7894997000694275
2305,933,0.45556640625,0.1282254308462143,34.181888580322266,0.7702135443687439
2306,1047,0.51123046875,0.13045087456703186,32.68885040283203,0.784812331199646
2307,1120,0.546875,0.11878679692745209,31.570863723754883,0.7974087595939636
2308,1191,0.58154296875,0.12206168472766876,33.048343658447266,0.7816794514656067
2309,1164,0.568359375,0.13753248751163483,34.282779693603516,0.7724793553352356
2310,1176,0.57421875,0.14412134885787964,34.41722106933594,0.7686017155647278
2311,1193,0.58251953125,0.14485514163970947,41.7102165222168,0.6998592615127563
2312,1214,0.5927734375,0.13153500854969025,36.605262756347656,0.7479066848754883
2313,1169,0.57080078125,0.12418902665376663,32.087120056152344,0.797156810760498
2314,1076,0.525390625,0.12865015864372253,32.49470520019531,0.7940850853919983
2315,1137,0.55517578125,0.11435798555612564,31.615449905395508,0.7965099811553955
2316,939,0.45849609375,0.10346343368291855,34.16611099243164,0.7728418111801147
2317,1048,0.51171875,0.10997600853443146,31.91180419921875,0.7927564382553101
2318,998,0.4873046875,0.10799308866262436,32.959285736083984,0.7876195311546326
2319,1101,0.53759765625,0.1258854866027832,50.10749053955078,0.5959166288375854
2320,151,0.07373046875,0.12056955695152283,30.541244506835938,0.8195695877075195
2321,172,0.083984375,0.12621572613716125,30.600067138671875,0.816394031047821
2322,152,0.07421875,0.10084950178861618,29.353370666503906,0.8354758620262146
2323,161,0.07861328125,0.11534572392702103,29.959016799926758,0.8233891129493713
2324,173,0.08447265625,0.11042844504117966,30.567190170288086,0.8169666528701782
2325,202,0.0986328125,0.11646247655153275,27.60934829711914,0.8469131588935852
2326,214,0.1044921875,0.1343686878681183,28.32461166381836,0.8373474478721619
2327,233,0.11376953125,0.14750798046588898,30.139604568481445,0.8180131912231445
2328,207,0.10107421875,0.13854801654815674,27.90117073059082,0.8382748365402222
2329,207,0.10107421875,0.13377581536769867,29.03850555419922,0.8278591632843018
2330,227,0.11083984375,0.13653816282749176,28.66598892211914,0.8339273929595947
2331,254,0.1240234375,0.13821426033973694,30.44878387451172,0.8171387314796448
2332,299,0.14599609375,0.11520510911941528,30.144371032714844,0.8137427568435669
2333,295,0.14404296875,0.11357417702674866,30.487529754638672,0.811732292175293
2334,289,0.14111328125,0.1205890029668808,31.967317581176758,0.7981478571891785
2335,310,0.1513671875,0.12715113162994385,31.75349998474121,0.8004259467124939
2336,303,0.14794921875,0.11500801891088486,31.434356689453125,0.8024674654006958
2337,355,0.17333984375,0.11328142136335373,31.57850456237793,0.8083560466766357
2338,394,0.1923828125,0.12322860956192017,32.58407211303711,0.8030952215194702
2339,341,0.16650390625,0.10698322206735611,31.094810485839844,0.8088255524635315
2340,328,0.16015625,0.10976500809192657,31.11577606201172,0.8054926991462708
2341,362,0.1767578125,0.12353550642728806,31.33190155029297,0.8028219938278198
2342,326,0.1591796875,0.11331041902303696,31.188671112060547,0.806402862071991
2343,321,0.15673828125,0.10327821969985962,31.288818359375,0.8066641092300415
2344,327,0.15966796875,0.1012379378080368,31.217798233032227,0.8078501224517822
2345,326,0.1591796875,0.10113188624382019,32.28788757324219,0.7952214479446411
2346,314,0.1533203125,0.09961960464715958,33.489295959472656,0.7873983383178711
2347,336,0.1640625,0.10542134940624237,33.12955856323242,0.7974477410316467
2348,378,0.1845703125,0.11007394641637802,29.38817024230957,0.8283146619796753
2349,382,0.1865234375,0.11243553459644318,30.99880599975586,0.8150538802146912
2350,412,0.201171875,0.11014099419116974,31.25568962097168,0.8077346682548523
2351,406,0.1982421875,0.11367042362689972,30.749116897583008,0.8159121870994568
2352,424,0.20703125,0.11380520462989807,30.74866485595703,0.8173826932907104
2353,454,0.2216796875,0.1343880295753479,33.513465881347656,0.7852097749710083
2354,470,0.2294921875,0.1188231110572815,30.860368728637695,0.8138216137886047
2355,448,0.21875,0.1164419874548912,30.589237213134766,0.8211629986763
2356,389,0.18994140625,0.11938311904668808,32.09273147583008,0.805191695690155
2357,383,0.18701171875,0.12421564757823944,33.40325164794922,0.7917510867118835
2358,413,0.20166015625,0.132532998919487,31.07988929748535,0.8210702538490295
2359,390,0.1904296875,0.134405255317688,30.309988021850586,0.826616644859314
2360,181,0.08837890625,0.10657510906457901,32.77542495727539,0.7907843589782715
2361,165,0.08056640625,0.10604071617126465,33.07196807861328,0.7850675582885742
2362,161,0.07861328125,0.1203339695930481,33.45473098754883,0.7779280543327332
2363,161,0.07861328125,0.11245321482419968,33.01424026489258,0.7905574440956116
2364,161,0.07861328125,0.11055247485637665,32.052947998046875,0.7985409498214722
2365,150,0.0732421875,0.11751186847686768,35.2369270324707,0.7621946930885315
2366,173,0.08447265625,0.14233383536338806,34.09865951538086,0.7782992124557495
2367,156,0.076171875,0.13044098019599915,33.70790100097656,0.7770835161209106
2368,161,0.07861328125,0.12554308772087097,38.05512237548828,0.7362285852432251
2369,154,0.0751953125,0.10586680471897125,33.836524963378906,0.7882066369056702
2370,137,0.06689453125,0.12787789106369019,33.271846771240234,0.8039780855178833
2371,139,0.06787109375,0.13117896020412445,34.02450180053711,0.7921072840690613
2372,144,0.0703125,0.12782689929008484,35.78294372558594,0.7690756320953369
2373,149,0.07275390625,0.11912398040294647,35.41823959350586,0.7807707786560059
2374,170,0.0830078125,0.1261204481124878,34.35713577270508,0.7885197997093201
2375,188,0.091796875,0.12706004083156586,32.85975646972656,0.8043210506439209
2376,235,0.11474609375,0.15865638852119446,32.853858947753906,0.7967502474784851
2377,269,0.13134765625,0.14176176488399506,32.86186981201172,0.7954635620117188
2378,251,0.12255859375,0.12336025387048721,34.33335494995117,0.7798259258270264
2379,214,0.1044921875,0.12178801000118256,37.898468017578125,0.7430793046951294
2380,203,0.09912109375,0.11009244620800018,33.58973693847656,0.7850548028945923
2381,225,0.10986328125,0.11294779181480408,38.05190658569336,0.7391796112060547
2382,213,0.10400390625,0.11477050930261612,30.215320587158203,0.8226048350334167
2383,245,0.11962890625,0.12158302217721939,32.13373947143555,0.8038866519927979
2384,258,0.1259765625,0.14200147986412048,30.560911178588867,0.8142514824867249
2385,275,0.13427734375,0.14030110836029053,30.354290008544922,0.8150748014450073
2386,303,0.14794921875,0.16799427568912506,31.22943687438965,0.8044602870941162
2387,297,0.14501953125,0.1309826821088791,36.143428802490234,0.7520932555198669
2388,394,0.1923828125,0.17496684193611145,30.90205192565918,0.8119993805885315
2389,354,0.1728515625,0.2118394672870636,31.796897888183594,0.8020552396774292
2390,259,0.12646484375,0.16775694489479065,28.948701858520508,0.8298051357269287
2391,302,0.1474609375,0.1822434514760971,29.09079360961914,0.822329044342041
2392,261,0.12744140625,0.1614421010017395,28.528053283691406,0.8319494128227234
2393,273,0.13330078125,0.16822554171085358,29.46002197265625,0.8249486088752747
2394,220,0.107421875,0.15934734046459198,30.714794158935547,0.8141497373580933
2395,219,0.10693359375,0.162173792719841,29.70021629333496,0.8267294764518738
2396,202,0.0986328125,0.13100841641426086,29.72710418701172,0.8297125697135925
2397,190,0.0927734375,0.12785060703754425,33.30340576171875,0.7987245321273804
2398,190,0.0927734375,0.13640379905700684,35.53413009643555,0.7683972716331482
2399,221,0.10791015625,0.1539948731660843,34.74797058105469,0.7811732888221741
2400,135,0.06591796875,0.18620818853378296,28.25678825378418,0.8449592590332031
2401,131,0.06396484375,0.1979045569896698,28.755210876464844,0.8335731029510498
2402,131,0.06396484375,0.18984857201576233,26.07733154296875,0.8617523908615112
2403,131,0.06396484375,0.2169473022222519,27.962120056152344,0.839927077293396
2404,130,0.0634765625,0.2228432297706604,28.74889373779297,0.8320701718330383
2405,126,0.0615234375,0.1963769495487213,27.496000289916992,0.844632089138031
2406,122,0.0595703125,0.1800031214952469,27.206790924072266,0.851187527179718
2407,125,0.06103515625,0.17615756392478943,25.477487564086914,0.8608559370040894
2408,132,0.064453125,0.17965686321258545,26.18643569946289,0.8527955412864685
2409,134,0.0654296875,0.19755643606185913,27.06918716430664,0.8476008772850037
2410,125,0.06103515625,0.16639412939548492,26.3076171875,0.8588931560516357
2411,126,0.0615234375,0.17137707769870758,27.035188674926758,0.8552859425544739
2412,130,0.0634765625,0.15844528377056122,27.137168884277344,0.8482404351234436
2413,140,0.068359375,0.18116611242294312,25.20846176147461,0.8641694784164429
2414,132,0.064453125,0.18131868541240692,26.529600143432617,0.8556551933288574
2415,134,0.0654296875,0.20976723730564117,28.884645462036133,0.8332790732383728
2416,142,0.0693359375,0.182603657245636,24.838850021362305,0.8747738003730774
2417,150,0.0732421875,0.18873518705368042,25.312101364135742,0.8655925393104553
2418,157,0.07666015625,0.18990015983581543,25.7209529876709,0.8617711067199707
2419,167,0.08154296875,0.19098757207393646,25.7420711517334,0.8620485067367554
2420,155,0.07568359375,0.19381211698055267,24.938451766967773,0.8761829137802124
2421,155,0.07568359375,0.1970123052597046,26.245445251464844,0.85860675573349
2422,159,0.07763671875,0.17667295038700104,25.318740844726562,0.8680992126464844
2423,145,0.07080078125,0.18935076892375946,25.99568748474121,0.8634973168373108
2424,145,0.07080078125,0.1912120282649994,26.821081161499023,0.8554743528366089
2425,136,0.06640625,0.20460353791713715,28.636329650878906,0.8385382890701294
2426,121,0.05908203125,0.20730385184288025,26.235454559326172,0.8639081716537476
2427,128,0.0625,0.20888997614383698,27.345417022705078,0.8464753031730652
2428,132,0.064453125,0.20762386918067932,28.760910034179688,0.8381822109222412
2429,128,0.0625,0.20097927749156952,27.158241271972656,0.8532912135124207
2430,129,0.06298828125,0.20864816009998322,29.464570999145508,0.8333643674850464
2431,127,0.06201171875,0.21104425191879272,27.37611198425293,0.8544111251831055
2432,135,0.06591796875,0.21224206686019897,28.05730628967285,0.8376336097717285
2433,138,0.0673828125,0.2018180936574936,27.987924575805664,0.8434785604476929
2434,138,0.0673828125,0.18351778388023376,25.501609802246094,0.8665351867675781
2435,154,0.0751953125,0.17622977495193481,27.620731353759766,0.8504506945610046
2436,147,0.07177734375,0.1936870813369751,25.461856842041016,0.8674858212471008
2437,170,0.0830078125,0.1843843162059784,29.184728622436523,0.839972734451294
2438,184,0.08984375,0.17814397811889648,30.443164825439453,0.829219400882721
2439,186,0.0908203125,0.1791422963142395,31.05204963684082,0.8259807229042053
2440,662,0.3232421875,0.15066464245319366,34.25657272338867,0.7790255546569824
2441,696,0.33984375,0.1299552619457245,36.89424133300781,0.7484527230262756
2442,670,0.3271484375,0.12973695993423462,37.004852294921875,0.7480623126029968
2443,638,0.3115234375,0.14378200471401215,32.62510299682617,0.7928763628005981
2444,655,0.31982421875,0.1453208178281784,34.68119812011719,0.771743893623352
2445,609,0.29736328125,0.15847551822662354,35.77702331542969,0.7587570548057556
2446,603,0.29443359375,0.1539345532655716,36.57081604003906,0.7531890869140625
2447,558,0.2724609375,0.16011439263820648,36.345821380615234,0.7517731785774231
2448,575,0.28076171875,0.16806957125663757,37.8563117980957,0.7348999381065369
2449,490,0.2392578125,0.16789299249649048,35.65345001220703,0.7569758296012878
2450,444,0.216796875,0.190298393368721,37.82460021972656,0.734985888004303
2451,453,0.22119140625,0.18136002123355865,38.20162582397461,0.7308313250541687
2452,474,0.2314453125,0.15888899564743042,35.00212097167969,0.7608655095100403
2453,539,0.26318359375,0.14467018842697144,35.92769241333008,0.7586989402770996
2454,603,0.29443359375,0.14765261113643646,32.64291000366211,0.7932823300361633
2455,587,0.28662109375,0.1479920595884323,33.139652252197266,0.7869781255722046
2456,602,0.2939453125,0.1552729457616806,35.2347526550293,0.7666355967521667
2457,463,0.22607421875,0.19729828834533691,42.79255294799805,0.6958669424057007
2458,481,0.23486328125,0.19138182699680328,41.56545639038086,0.7012808918952942
2459,494,0.2412109375,0.18075555562973022,37.02374267578125,0.753713071346283
2460,452,0.220703125,0.16274504363536835,35.32659149169922,0.7711232900619507
2461,446,0.2177734375,0.15427160263061523,35.24851608276367,0.7710116505622864
2462,412,0.201171875,0.1819448173046112,38.53874206542969,0.7395605444908142
2463,449,0.21923828125,0.18423901498317719,37.33676528930664,0.7481362819671631
2464,406,0.1982421875,0.17950572073459625,39.61808395385742,0.715498685836792
2465,388,0.189453125,0.20645903050899506,36.22700881958008,0.7503689527511597
2466,413,0.20166015625,0.2029878944158554,32.436031341552734,0.7791128158569336
2467,428,0.208984375,0.21713493764400482,31.977920532226562,0.7847279906272888
2468,434,0.2119140625,0.21662123501300812,35.142372131347656,0.7588476538658142
2469,414,0.2021484375,0.21780695021152496,37.25246810913086,0.7370131015777588
2470,408,0.19921875,0.20861123502254486,34.513336181640625,0.7602323889732361
2471,327,0.15966796875,0.24931049346923828,36.50344467163086,0.745607316493988
2472,317,0.15478515625,0.2579314410686493,36.25197982788086,0.745327353477478
2473,307,0.14990234375,0.2943184971809387,36.391075134277344,0.7413644194602966
2474,356,0.173828125,0.22608375549316406,33.455448150634766,0.7771259546279907
2475,381,0.18603515625,0.19462312757968903,32.236358642578125,0.7910650372505188
2476,341,0.16650390625,0.23983383178710938,33.89744186401367,0.7706086039543152
2477,308,0.150390625,0.24541904032230377,34.78532028198242,0.7625904679298401
2478,351,0.17138671875,0.23935161530971527,37.474891662597656,0.7317321300506592
2479,331,0.16162109375,0.2604414224624634,36.409385681152344,0.7528715133666992
2480,306,0.1494140625,0.14038315415382385,42.647705078125,0.6893556714057922
2481,297,0.14501953125,0.1466355323791504,41.289485931396484,0.7075793147087097
2482,377,0.18408203125,0.13745854794979095,36.9138069152832,0.7605159878730774
2483,580,0.283203125,0.15300396084785461,38.903804779052734,0.741063117980957
2484,403,0.19677734375,0.12235056608915329,35.922607421875,0.775139570236206
2485,312,0.15234375,0.11197669804096222,33.00973892211914,0.7984914183616638
2486,327,0.15966796875,0.11472142487764359,32.7550163269043,0.804767370223999
2487,323,0.15771484375,0.11472810059785843,35.66218185424805,0.7793576121330261
2488,423,0.20654296875,0.12672804296016693,35.20775604248047,0.7683452367782593
2489,536,0.26171875,0.10886149108409882,31.86394500732422,0.8044041991233826
2490,537,0.26220703125,0.10503234714269638,29.929458618164062,0.8271966576576233
2491,534,0.2607421875,0.09553578495979309,30.43893051147461,0.8215053081512451
2492,586,0.2861328125,0.10467290133237839,34.16701889038086,0.7827721834182739
2493,539,0.26318359375,0.1055106446146965,33.39980697631836,0.7936931848526001
2494,727,0.35498046875,0.11359091848134995,34.869625091552734,0.77659010887146
2495,643,0.31396484375,0.09448417276144028,30.264846801757812,0.8255358934402466
2496,680,0.33203125,0.10339236259460449,32.026649475097656,0.8011106848716736
2497,484,0.236328125,0.08610936999320984,29.53302001953125,0.826185941696167
2498,399,0.19482421875,0.0987027958035469,28.678884506225586,0.8390273451805115
2499,479,0.23388671875,0.0969371572136879,31.10213279724121,0.8104209899902344
2500,493,0.24072265625,0.106503926217556,30.42867660522461,0.8154796957969666
2501,694,0.3388671875,0.10405302792787552,31.510149002075195,0.8098338842391968
2502,558,0.2724609375,0.10364727675914764,26.455291748046875,0.8587389588356018
2503,838,0.4091796875,0.12624886631965637,29.455642700195312,0.8317578434944153
2504,765,0.37353515625,0.126111701130867,28.44841194152832,0.8406100273132324
2505,743,0.36279296875,0.1400848776102066,32.725154876708984,0.7870205044746399
2506,871,0.42529296875,0.17010825872421265,37.50688552856445,0.7421570420265198
2507,627,0.30615234375,0.13592231273651123,32.13739013671875,0.808647096157074
2508,491,0.23974609375,0.1208648756146431,31.202299118041992,0.8142836689949036
2509,378,0.1845703125,0.12854699790477753,27.664011001586914,0.8497682809829712
2510,413,0.20166015625,0.13452008366584778,27.209047317504883,0.8525201678276062
2511,342,0.1669921875,0.14614826440811157,29.631153106689453,0.8295473456382751
2512,239,0.11669921875,0.1409279853105545,30.496007919311523,0.8279582262039185
2513,175,0.08544921875,0.1461578756570816,29.244138717651367,0.8365843892097473
2514,177,0.08642578125,0.14661327004432678,27.583106994628906,0.8561705946922302
2515,149,0.07275390625,0.1603524386882782,27.370529174804688,0.8529642820358276
2516,154,0.0751953125,0.16054044663906097,28.28135108947754,0.844273567199707
2517,214,0.1044921875,0.14937089383602142,29.775131225585938,0.825285017490387
2518,269,0.13134765625,0.14622743427753448,30.119895935058594,0.8309348821640015
2519,254,0.1240234375,0.1436654031276703,31.241291046142578,0.8217636346817017
2520,175,0.08544921875,0.10606247931718826,34.02084732055664,0.7810991406440735
2521,173,0.08447265625,0.10450642555952072,31.807750701904297,0.8050797581672668
2522,194,0.0947265625,0.10103679448366165,31.400192260742188,0.8097297549247742
2523,173,0.08447265625,0.0950273647904396,30.93590545654297,0.8150145411491394
2524,182,0.0888671875,0.09823797643184662,32.29346466064453,0.8004220724105835
2525,181,0.08837890625,0.11029175668954849,34.157894134521484,0.7790815830230713
2526,181,0.08837890625,0.10036151856184006,32.17189407348633,0.8037020564079285
2527,174,0.0849609375,0.09327815473079681,30.516387939453125,0.8205169439315796
2528,179,0.08740234375,0.09958682209253311,30.078386306762695,0.8224572539329529
2529,177,0.08642578125,0.09815716743469238,30.50322723388672,0.8179881572723389
2530,201,0.09814453125,0.09609929472208023,28.556859970092773,0.8368116617202759
2531,198,0.0966796875,0.09521324932575226,28.85578727722168,0.8352417349815369
2532,201,0.09814453125,0.10639099776744843,29.54814338684082,0.8272998929023743
2533,194,0.0947265625,0.10457407683134079,30.10786247253418,0.8172267079353333
2534,188,0.091796875,0.10329843312501907,29.99215316772461,0.8200457096099854
2535,171,0.08349609375,0.1294756978750229,32.197940826416016,0.7922220230102539
2536,184,0.08984375,0.1323520839214325,33.141178131103516,0.7837156057357788
2537,181,0.08837890625,0.1002749651670456,30.50636863708496,0.8155735731124878
2538,177,0.08642578125,0.10304233431816101,30.082828521728516,0.8164420127868652
2539,186,0.0908203125,0.0943031832575798,29.295333862304688,0.8289062976837158
2540,186,0.0908203125,0.0965079814195633,28.94209098815918,0.8324761986732483
2541,193,0.09423828125,0.10272537171840668,28.622920989990234,0.840786337852478
2542,173,0.08447265625,0.10284703969955444,29.265058517456055,0.831665575504303
2543,189,0.09228515625,0.10763544589281082,29.755414962768555,0.8234200477600098
2544,189,0.09228515625,0.13221491873264313,32.397945404052734,0.797857403755188
2545,206,0.1005859375,0.10372860729694366,27.70620346069336,0.8471828699111938
2546,202,0.0986328125,0.10441263020038605,28.860692977905273,0.8359962105751038
2547,182,0.0888671875,0.1077791377902031,28.62133026123047,0.8371729850769043
2548,206,0.1005859375,0.10093601047992706,27.460359573364258,0.8503638505935669
2549,220,0.107421875,0.09717100858688354,28.114933013916016,0.842390775680542
2550,232,0.11328125,0.10191875696182251,26.87787628173828,0.8565022945404053
2551,234,0.1142578125,0.0944119393825531,26.541282653808594,0.8563140034675598
2552,242,0.1181640625,0.10287249088287354,27.24175453186035,0.8525550961494446
2553,229,0.11181640625,0.0987999439239502,27.189647674560547,0.8548821210861206
2554,249,0.12158203125,0.10621433705091476,27.134397506713867,0.8499979972839355
2555,235,0.11474609375,0.10136056691408157,29.264345169067383,0.8297010660171509
2556,224,0.109375,0.09558915346860886,28.22969627380371,0.8411740064620972
2557,234,0.1142578125,0.09484776109457016,26.814783096313477,0.8522953391075134
2558,254,0.1240234375,0.1163519024848938,27.158123016357422,0.84854656457901
2559,229,0.11181640625,0.09740335494279861,27.78386116027832,0.8508418202400208
2560,556,0.271484375,0.11021886765956879,31.12076759338379,0.8137710094451904
2561,748,0.365234375,0.08584537357091904,28.519756317138672,0.827599048614502
2562,761,0.37158203125,0.08988344669342041,28.560871124267578,0.8277021646499634
2563,830,0.4052734375,0.09956640005111694,27.83075523376465,0.8304280042648315
2564,756,0.369140625,0.08829007297754288,25.752086639404297,0.8531612753868103
2565,815,0.39794921875,0.11526915431022644,33.457603454589844,0.7894230484962463
2566,583,0.28466796875,0.10335816442966461,31.914222717285156,0.8037304878234863
2567,470,0.2294921875,0.10815154016017914,33.14159393310547,0.7834464907646179
2568,555,0.27099609375,0.11192470043897629,31.741117477416992,0.8012170195579529
2569,401,0.19580078125,0.11669738590717316,32.64486312866211,0.7943394780158997
2570,519,0.25341796875,0.12394446134567261,30.25518798828125,0.8196091651916504
2571,668,0.326171875,0.1117730587720871,28.287887573242188,0.8320369124412537
2572,633,0.30908203125,0.14213769137859344,34.00778579711914,0.7693602442741394
2573,667,0.32568359375,0.14511778950691223,33.72013854980469,0.7777284383773804
2574,674,0.3291015625,0.147169828414917,31.216602325439453,0.7982150316238403
2575,889,0.43408203125,0.1322149634361267,29.303245544433594,0.8133116364479065
2576,895,0.43701171875,0.12090988457202911,28.1088924407959,0.8247965574264526
2577,934,0.4560546875,0.11463742703199387,26.31751251220703,0.844257116317749
2578,861,0.42041015625,0.12405992299318314,28.64470100402832,0.8174969553947449
2579,901,0.43994140625,0.13141611218452454,32.997798919677734,0.7874868512153625
2580,1002,0.4892578125,0.11940164119005203,22.83409881591797,0.873536229133606
2581,1068,0.521484375,0.12450806051492691,24.931488037109375,0.8562324047088623
2582,1129,0.55126953125,0.1280258744955063,20.100418090820312,0.8931283950805664
2583,1088,0.53125,0.12991610169410706,26.07447052001953,0.8433228731155396
2584,1166,0.5693359375,0.12748610973358154,26.31260108947754,0.8476946949958801
2585,1268,0.619140625,0.11482702195644379,25.546754837036133,0.8664609789848328
2586,1186,0.5791015625,0.11862476170063019,18.515281677246094,0.9030644297599792
2587,1069,0.52197265625,0.12885542213916779,22.656389236450195,0.8606287240982056
2588,1111,0.54248046875,0.12874223291873932,22.27579116821289,0.8729329109191895
2589,893,0.43603515625,0.14843638241291046,25.989721298217773,0.8461252450942993
2590,946,0.4619140625,0.14779137074947357,27.530290603637695,0.8410245180130005
2591,829,0.40478515625,0.16025574505329132,29.989093780517578,0.8242738842964172
2592,803,0.39208984375,0.15441882610321045,28.641551971435547,0.8354701995849609
2593,730,0.3564453125,0.160308837890625,33.470035552978516,0.7843334674835205
2594,806,0.3935546875,0.15324470400810242,31.105072021484375,0.8163704872131348
2595,901,0.43994140625,0.179374098777771,29.197721481323242,0.8286738991737366
2596,1093,0.53369140625,0.2167041301727295,31.361801147460938,0.802734911441803
2597,667,0.32568359375,0.2028551697731018,40.88607406616211,0.723194420337677
2598,745,0.36376953125,0.19939365983009338,34.954124450683594,0.7739295363426208
2599,772,0.376953125,0.2280793935060501,33.21280288696289,0.7952437400817871
2600,244,0.119140625,0.10490915924310684,29.007740020751953,0.8388814330101013
2601,226,0.1103515625,0.10976018011569977,27.520845413208008,0.8464497327804565
2602,245,0.11962890625,0.11175230890512466,28.77947425842285,0.8381988406181335
2603,295,0.14404296875,0.11005301773548126,29.950403213500977,0.8215371370315552
2604,278,0.1357421875,0.10461290180683136,28.09984588623047,0.8418070077896118
2605,281,0.13720703125,0.11187296360731125,29.297090530395508,0.8327862024307251
2606,265,0.12939453125,0.10832791775465012,29.47339630126953,0.8292326927185059
2607,273,0.13330078125,0.11624737083911896,33.00839614868164,0.795905351638794
2608,264,0.12890625,0.11145070195198059,32.549774169921875,0.7957370281219482
2609,264,0.12890625,0.1086219996213913,31.321455001831055,0.8084641695022583
2610,239,0.11669921875,0.12008555233478546,34.13182067871094,0.7807779908180237
2611,261,0.12744140625,0.11510036140680313,31.94911003112793,0.8041896224021912
2612,227,0.11083984375,0.10791687667369843,30.92854881286621,0.8173876404762268
2613,211,0.10302734375,0.10260605067014694,30.176725387573242,0.8274585604667664
2614,231,0.11279296875,0.10568094998598099,29.938737869262695,0.8281213045120239
2615,230,0.1123046875,0.10494653135538101,28.97705078125,0.8340340256690979
2616,235,0.11474609375,0.11109285056591034,31.973716735839844,0.801863968372345
2617,258,0.1259765625,0.12003251165151596,31.739295959472656,0.8081409335136414
2618,298,0.1455078125,0.11999205499887466,36.04840850830078,0.7598908543586731
2619,295,0.14404296875,0.12076883018016815,34.96059799194336,0.7708293199539185
2620,306,0.1494140625,0.14575716853141785,37.639774322509766,0.741530179977417
2621,255,0.12451171875,0.13026925921440125,31.561140060424805,0.8054509162902832
2622,268,0.130859375,0.13665972650051117,32.71039581298828,0.7940426468849182
2623,258,0.1259765625,0.12715187668800354,29.592985153198242,0.8261499404907227
2624,268,0.130859375,0.13711917400360107,30.659103393554688,0.8165698051452637
2625,256,0.125,0.13741153478622437,32.352073669433594,0.8003678321838379
2626,273,0.13330078125,0.13767267763614655,31.787525177001953,0.8024575114250183
2627,285,0.13916015625,0.13209736347198486,28.886640548706055,0.834740400314331
2628,275,0.13427734375,0.12441453337669373,31.3602352142334,0.8166130781173706
2629,262,0.1279296875,0.11619812995195389,31.78756332397461,0.8073951601982117
2630,295,0.14404296875,0.126492440700531,34.3939208984375,0.7897612452507019
2631,306,0.1494140625,0.14308255910873413,35.08945846557617,0.7780129313468933
2632,300,0.146484375,0.13372637331485748,32.93737030029297,0.7979879975318909
2633,267,0.13037109375,0.14040227234363556,33.167694091796875,0.8007568120956421
2634,319,0.15576171875,0.1332818865776062,33.66310501098633,0.786162793636322
2635,303,0.14794921875,0.1400439590215683,33.352806091308594,0.7952544689178467
2636,298,0.1455078125,0.12784914672374725,31.412160873413086,0.8172138929367065
2637,276,0.134765625,0.13403132557868958,33.056114196777344,0.8006883859634399
2638,267,0.13037109375,0.1197761818766594,33.605411529541016,0.7912561893463135
2639,253,0.12353515625,0.13000114262104034,34.11176681518555,0.7907823324203491
2640,138,0.0673828125,0.1904458999633789,34.23112869262695,0.7851592898368835
2641,142,0.0693359375,0.17023126780986786,31.833127975463867,0.8090249300003052
2642,147,0.07177734375,0.16744133830070496,33.06100845336914,0.7979161143302917
2643,161,0.07861328125,0.16931414604187012,31.062915802001953,0.817470371723175
2644,162,0.0791015625,0.1544264853000641,31.287033081054688,0.8183363676071167
2645,157,0.07666015625,0.15137064456939697,29.983192443847656,0.8262276649475098
2646,145,0.07080078125,0.1662890762090683,30.6754150390625,0.8207011222839355
2647,152,0.07421875,0.16989383101463318,33.417850494384766,0.7861461639404297
2648,148,0.072265625,0.16286972165107727,33.50848388671875,0.7911708950996399
2649,148,0.072265625,0.1574966460466385,32.2395133972168,0.8034831285476685
2650,142,0.0693359375,0.16151604056358337,31.4823055267334,0.812242865562439
2651,132,0.064453125,0.15930165350437164,32.05518341064453,0.8083257079124451
2652,138,0.0673828125,0.16830797493457794,32.56022262573242,0.7979456782341003
2653,146,0.0712890625,0.1609344184398651,32.25444030761719,0.8064738512039185
2654,146,0.0712890625,0.13284268975257874,31.958492279052734,0.8072708249092102
2655,153,0.07470703125,0.13371048867702484,33.19807815551758,0.7933226823806763
2656,173,0.08447265625,0.14409679174423218,33.47140121459961,0.7960721254348755
2657,176,0.0859375,0.146393820643425,34.47856521606445,0.7833116054534912
2658,171,0.08349609375,0.14920739829540253,34.68638610839844,0.7809606194496155
2659,177,0.08642578125,0.15887431800365448,35.1360969543457,0.7760835886001587
2660,191,0.09326171875,0.1556004136800766,36.985633850097656,0.7522095441818237
2661,192,0.09375,0.15387603640556335,35.713260650634766,0.7654682993888855
2662,196,0.095703125,0.1503988355398178,35.76768493652344,0.7682348489761353
2663,201,0.09814453125,0.1674712747335434,35.47541427612305,0.7703039050102234
2664,202,0.0986328125,0.16594339907169342,36.941436767578125,0.7581700086593628
2665,205,0.10009765625,0.1775951087474823,36.29731750488281,0.765247642993927
2666,213,0.10400390625,0.15493172407150269,35.7615966796875,0.7700018882751465
2667,205,0.10009765625,0.14545564353466034,34.79669952392578,0.7758539915084839
2668,193,0.09423828125,0.14998166263103485,33.47588348388672,0.7879193425178528
2669,214,0.1044921875,0.1537572741508484,33.79718780517578,0.782031774520874
2670,212,0.103515625,0.15380187332630157,32.89439392089844,0.7972807884216309
2671,230,0.1123046875,0.14918909966945648,32.92204666137695,0.7933814525604248
2672,221,0.10791015625,0.1552438735961914,32.913604736328125,0.7966101169586182
2673,220,0.107421875,0.1615285724401474,32.67113494873047,0.8016111850738525
2674,210,0.1025390625,0.15839198231697083,31.658065795898438,0.8064670562744141
2675,214,0.1044921875,0.15629759430885315,31.417774200439453,0.8074983358383179
2676,208,0.1015625,0.16220785677433014,31.589942932128906,0.8097769021987915
2677,220,0.107421875,0.1639939546585083,32.180667877197266,0.8044301271438599
2678,197,0.09619140625,0.17067663371562958,31.38905143737793,0.8118099570274353
2679,212,0.103515625,0.16414593160152435,32.9089469909668,0.7940870523452759
2680,306,0.1494140625,0.15280428528785706,28.851869583129883,0.8294674754142761
2681,272,0.1328125,0.14858847856521606,29.799551010131836,0.8215187788009644
2682,265,0.12939453125,0.15903782844543457,29.174402236938477,0.8291913866996765
2683,294,0.1435546875,0.15463753044605255,29.445119857788086,0.8205444812774658
2684,307,0.14990234375,0.16136159002780914,30.14015769958496,0.8182680010795593
2685,296,0.14453125,0.1512616127729416,29.715282440185547,0.8239188194274902
2686,269,0.13134765625,0.14091147482395172,27.301963806152344,0.8524637222290039
2687,255,0.12451171875,0.13265714049339294,28.668685913085938,0.8365898132324219
2688,249,0.12158203125,0.12420705705881119,30.50295639038086,0.8175855278968811
2689,282,0.1376953125,0.1337076872587204,29.859413146972656,0.823428750038147
2690,276,0.134765625,0.14438267052173615,29.487611770629883,0.829285204410553
2691,270,0.1318359375,0.1510857343673706,28.873008728027344,0.8363426327705383
2692,272,0.1328125,0.15096187591552734,30.740938186645508,0.8217471241950989
2693,301,0.14697265625,0.14483076333999634,32.27674865722656,0.7987625002861023
2694,308,0.150390625,0.16314804553985596,31.987760543823242,0.8003197908401489
2695,284,0.138671875,0.16679315268993378,34.60499954223633,0.7720595598220825
2696,278,0.1357421875,0.1469753086566925,31.72294044494629,0.7994025945663452
2697,278,0.1357421875,0.12194842845201492,31.997804641723633,0.7984753251075745
2698,291,0.14208984375,0.12203874439001083,31.63985252380371,0.8046022653579712
2699,300,0.146484375,0.12590241432189941,31.392545700073242,0.8100348114967346
2700,361,0.17626953125,0.12414906919002533,28.843887329101562,0.833281397819519
2701,383,0.18701171875,0.16351813077926636,29.53813934326172,0.8327048420906067
2702,363,0.17724609375,0.10850080847740173,27.73908805847168,0.8477967977523804
2703,332,0.162109375,0.10333272814750671,26.136465072631836,0.8601229786872864
2704,343,0.16748046875,0.10944274812936783,27.75382423400879,0.8410738706588745
2705,329,0.16064453125,0.10259383171796799,27.518293380737305,0.844866931438446
2706,345,0.16845703125,0.11902058124542236,25.45864486694336,0.8669463396072388
2707,311,0.15185546875,0.11505800485610962,26.235097885131836,0.8563054800033569
2708,314,0.1533203125,0.1283891350030899,27.420454025268555,0.8442365527153015
2709,365,0.17822265625,0.11788532882928848,27.216014862060547,0.8541498780250549
2710,333,0.16259765625,0.1185261681675911,27.445646286010742,0.8487533926963806
2711,317,0.15478515625,0.12074656039476395,28.48269271850586,0.8378263115882874
2712,372,0.181640625,0.12026282399892807,33.337738037109375,0.7882741093635559
2713,362,0.1767578125,0.12282220274209976,27.960058212280273,0.8468524813652039
2714,383,0.18701171875,0.12120496481657028,33.86040115356445,0.7849316596984863
2715,361,0.17626953125,0.12082690745592117,31.23027992248535,0.8150092959403992
2716,395,0.19287109375,0.12909701466560364,30.68807601928711,0.8219230771064758
2717,505,0.24658203125,0.12675054371356964,32.28767395019531,0.8022581338882446
2718,499,0.24365234375,0.13820283114910126,33.558231353759766,0.7898566126823425
2719,497,0.24267578125,0.13215209543704987,37.334407806396484,0.7532469630241394
2720,90,0.0439453125,0.11311735957860947,29.392309188842773,0.8264252543449402
2721,95,0.04638671875,0.10887569934129715,31.917985916137695,0.8006110191345215
2722,117,0.05712890625,0.10664266347885132,33.63376235961914,0.7875547409057617
2723,126,0.0615234375,0.10875862091779709,31.88981819152832,0.8100379109382629
2724,121,0.05908203125,0.10978156328201294,32.29185104370117,0.7999680042266846
2725,117,0.05712890625,0.11094525456428528,31.089412689208984,0.8152990937232971
2726,118,0.0576171875,0.1110256239771843,33.741024017333984,0.7818084955215454
2727,128,0.0625,0.10710684210062027,29.3649845123291,0.8375819325447083
2728,112,0.0546875,0.11908096075057983,31.553625106811523,0.8098326325416565
2729,149,0.07275390625,0.10611612349748611,33.08076095581055,0.7979763746261597
2730,146,0.0712890625,0.10407272726297379,31.35877227783203,0.8225514888763428
2731,137,0.06689453125,0.10860706865787506,32.05331802368164,0.8119820356369019
2732,180,0.087890625,0.11335955560207367,33.4444465637207,0.7996867895126343
2733,168,0.08203125,0.11144127696752548,33.09232711791992,0.8031985759735107
2734,185,0.09033203125,0.1123465746641159,35.570472717285156,0.7742329239845276
2735,169,0.08251953125,0.11093231290578842,39.174869537353516,0.7243184447288513
2736,170,0.0830078125,0.11023826152086258,37.15822219848633,0.7547797560691833
2737,187,0.09130859375,0.11562760174274445,32.40423583984375,0.8073226809501648
2738,175,0.08544921875,0.11678323149681091,35.31704330444336,0.7775216102600098
2739,200,0.09765625,0.12176809459924698,33.47455978393555,0.7963139414787292
2740,208,0.1015625,0.11955223232507706,33.28910446166992,0.793087899684906
2741,266,0.1298828125,0.13205356895923615,32.314735412597656,0.8060451149940491
2742,287,0.14013671875,0.1414875090122223,32.74966049194336,0.8010972738265991
2743,376,0.18359375,0.171216681599617,33.535484313964844,0.7905448079109192
2744,324,0.158203125,0.16060176491737366,33.82109451293945,0.7913217544555664
2745,327,0.15966796875,0.16463442146778107,32.87598419189453,0.8025950193405151
2746,295,0.14404296875,0.16817714273929596,36.47449493408203,0.7650179862976074
2747,284,0.138671875,0.16371361911296844,35.97966003417969,0.7694393992424011
2748,272,0.1328125,0.14957132935523987,35.31763458251953,0.7780162692070007
2749,273,0.13330078125,0.14939670264720917,33.2900276184082,0.797764241695404
2750,263,0.12841796875,0.14628084003925323,33.2065315246582,0.7964227795600891
2751,272,0.1328125,0.16855013370513916,32.694923400878906,0.8034141063690186
2752,323,0.15771484375,0.16064921021461487,31.771495819091797,0.8082183599472046
2753,303,0.14794921875,0.1523011028766632,32.10919189453125,0.8009518980979919
2754,270,0.1318359375,0.14479665458202362,30.858673095703125,0.8166118264198303
2755,235,0.11474609375,0.1345946043729782,32.558128356933594,0.8008167147636414
2756,238,0.1162109375,0.1472747027873993,32.68658447265625,0.8077061772346497
2757,212,0.103515625,0.14722496271133423,34.017372131347656,0.7926546931266785
2758,198,0.0966796875,0.1337425708770752,35.8400993347168,0.7586790919303894
2759,173,0.08447265625,0.12842263281345367,32.13972854614258,0.8006290197372437
2760,391,0.19091796875,0.11615266650915146,32.93354034423828,0.783970057964325
2761,399,0.19482421875,0.11623362451791763,30.701099395751953,0.8087673783302307
2762,396,0.193359375,0.10987160354852676,30.264406204223633,0.8120613694190979
2763,382,0.1865234375,0.1089361384510994,30.28782081604004,0.8120155334472656
2764,378,0.1845703125,0.10452164709568024,30.875289916992188,0.8073769211769104
2765,382,0.1865234375,0.10727864503860474,31.086124420166016,0.8078712224960327
2766,337,0.16455078125,0.09964172542095184,31.408966064453125,0.8058152198791504
2767,299,0.14599609375,0.10224021226167679,33.2446174621582,0.791201651096344
2768,383,0.18701171875,0.1051454171538353,30.528200149536133,0.814071536064148
2769,424,0.20703125,0.11501801013946533,31.59505271911621,0.7991625070571899
2770,394,0.1923828125,0.10577549785375595,30.550182342529297,0.8154312968254089
2771,446,0.2177734375,0.12263564765453339,32.19753646850586,0.7926466464996338
2772,447,0.21826171875,0.11452141404151917,30.394460678100586,0.8200039267539978
2773,389,0.18994140625,0.10294162482023239,31.621919631958008,0.8047857880592346
2774,321,0.15673828125,0.10760176181793213,32.61962890625,0.8095049262046814
2775,292,0.142578125,0.1104826033115387,32.932891845703125,0.8094660043716431
2776,287,0.14013671875,0.10771339386701584,32.54458999633789,0.8124869465827942
2777,317,0.15478515625,0.10513337701559067,32.46760177612305,0.81064373254776
2778,279,0.13623046875,0.1064983382821083,33.27314376831055,0.8083845376968384
2779,258,0.1259765625,0.11170250922441483,34.62166976928711,0.7917124032974243
2780,260,0.126953125,0.11473363637924194,34.091522216796875,0.7958644032478333
2781,314,0.1533203125,0.11336029320955276,33.388145446777344,0.800977885723114
2782,370,0.1806640625,0.11578047275543213,31.2940616607666,0.8228552937507629
2783,343,0.16748046875,0.11980526894330978,31.50078010559082,0.8221107125282288
2784,348,0.169921875,0.11301177740097046,29.06095314025879,0.8447060585021973
2785,347,0.16943359375,0.10985714197158813,29.058340072631836,0.8413136005401611
2786,313,0.15283203125,0.11000414937734604,27.50445556640625,0.8493174314498901
2787,399,0.19482421875,0.11368836462497711,27.07887077331543,0.8548554182052612
2788,427,0.20849609375,0.11014467477798462,27.325544357299805,0.8495434522628784
2789,465,0.22705078125,0.11176787316799164,26.717687606811523,0.853582501411438
2790,498,0.2431640625,0.11190487444400787,24.877979278564453,0.8781630396842957
2791,570,0.2783203125,0.11914977431297302,25.51912498474121,0.8719669580459595
2792,583,0.28466796875,0.11986199766397476,28.251785278320312,0.8473923802375793
2793,511,0.24951171875,0.11535722017288208,27.759235382080078,0.854594349861145
2794,440,0.21484375,0.11164326965808868,30.50507354736328,0.8264113664627075
2795,476,0.232421875,0.11167770624160767,31.484649658203125,0.8210623860359192
2796,480,0.234375,0.1157202422618866,33.33284378051758,0.8013610243797302
2797,491,0.23974609375,0.11164677888154984,32.223487854003906,0.8115544319152832
2798,536,0.26171875,0.12070098519325256,31.65298843383789,0.8107274770736694
2799,565,0.27587890625,0.1252656877040863,32.698692321777344,0.8041212558746338
2800,261,0.12744140625,0.12053524702787399,30.07234764099121,0.8298561573028564
2801,259,0.12646484375,0.11996365338563919,31.206439971923828,0.8123657703399658
2802,270,0.1318359375,0.1241716742515564,30.178390502929688,0.8246337175369263
2803,254,0.1240234375,0.12477580457925797,29.910804748535156,0.8266693353652954
2804,248,0.12109375,0.12011441588401794,30.37141990661621,0.8207557201385498
2805,236,0.115234375,0.12294451147317886,30.615989685058594,0.820158064365387
2806,228,0.111328125,0.12290024757385254,32.502479553222656,0.80246901512146
2807,234,0.1142578125,0.1352786421775818,33.65874099731445,0.7888703942298889
2808,250,0.1220703125,0.13013377785682678,30.69655990600586,0.8235028982162476
2809,251,0.12255859375,0.12437616288661957,30.73910140991211,0.8208065629005432
2810,252,0.123046875,0.12220442295074463,30.61632537841797,0.8227902054786682
2811,239,0.11669921875,0.12338525056838989,30.984956741333008,0.8204504251480103
2812,253,0.12353515625,0.12231720983982086,29.606876373291016,0.8324233889579773
2813,243,0.11865234375,0.12404393404722214,30.984773635864258,0.818863034248352
2814,245,0.11962890625,0.15815021097660065,33.295711517333984,0.7949976921081543
2815,247,0.12060546875,0.1319904625415802,32.038909912109375,0.806520938873291
2816,247,0.12060546875,0.11382671445608139,29.238134384155273,0.8379331231117249
2817,241,0.11767578125,0.11536909639835358,29.42305564880371,0.8366037607192993
2818,249,0.12158203125,0.11324822157621384,30.565685272216797,0.8229413628578186
2819,236,0.115234375,0.10647975653409958,31.07979965209961,0.8153460025787354
2820,237,0.11572265625,0.11240555346012115,31.248472213745117,0.8142620325088501
2821,247,0.12060546875,0.1109348013997078,30.82577896118164,0.8191167712211609
2822,249,0.12158203125,0.10915987938642502,31.6058292388916,0.8109434247016907
2823,248,0.12109375,0.11115752160549164,30.981685638427734,0.8166986107826233
2824,252,0.123046875,0.11724831908941269,32.649620056152344,0.7986623048782349
2825,247,0.12060546875,0.11821316927671432,32.24716567993164,0.8018819689750671
2826,228,0.111328125,0.10857083648443222,31.983020782470703,0.8062248229980469
2827,225,0.10986328125,0.10807584226131439,31.840063095092773,0.8075843453407288
2828,230,0.1123046875,0.11028476059436798,32.152984619140625,0.805462658405304
2829,214,0.1044921875,0.11481814086437225,33.424983978271484,0.7915211319923401
2830,217,0.10595703125,0.12903882563114166,33.26930236816406,0.7938867807388306
2831,226,0.1103515625,0.14134936034679413,33.99968719482422,0.7850102186203003
2832,223,0.10888671875,0.24873408675193787,35.14870071411133,0.7765929102897644
2833,222,0.1083984375,0.2585434019565582,34.754417419433594,0.7793272137641907
2834,209,0.10205078125,0.16973595321178436,34.599239349365234,0.7803860306739807
2835,188,0.091796875,0.13204477727413177,31.967527389526367,0.8056968450546265
2836,191,0.09326171875,0.12420960515737534,35.933780670166016,0.7595277428627014
2837,191,0.09326171875,0.12334445863962173,36.41946029663086,0.7522178888320923
2838,183,0.08935546875,0.1263251155614853,34.05891036987305,0.7846986651420593
2839,202,0.0986328125,0.13857343792915344,35.28973388671875,0.7708378434181213
2840,255,0.12451171875,0.15699328482151031,37.229087829589844,0.7502804398536682
2841,264,0.12890625,0.1554747372865677,37.514705657958984,0.7421780228614807
2842,257,0.12548828125,0.15549807250499725,35.52558135986328,0.7596025466918945
2843,275,0.13427734375,0.1677597165107727,36.44599914550781,0.74798184633255
2844,352,0.171875,0.16260725259780884,36.90848922729492,0.7436290383338928
2845,410,0.2001953125,0.14167985320091248,34.21596145629883,0.7718961238861084
2846,505,0.24658203125,0.1455802172422409,32.113311767578125,0.789469838142395
2847,657,0.32080078125,0.15846019983291626,37.636817932128906,0.7305396199226379
2848,662,0.3232421875,0.1465771198272705,33.02155685424805,0.7789598107337952
2849,594,0.2900390625,0.15422861278057098,39.17496871948242,0.7184239029884338
2850,568,0.27734375,0.15250323712825775,35.80963897705078,0.7552482485771179
2851,553,0.27001953125,0.12936066091060638,31.866594314575195,0.7956492304801941
2852,444,0.216796875,0.13515952229499817,34.244140625,0.7738821506500244
2853,585,0.28564453125,0.13906711339950562,32.962581634521484,0.7844492197036743
2854,466,0.2275390625,0.13338784873485565,34.11625289916992,0.7773247361183167
2855,692,0.337890625,0.12736496329307556,34.871070861816406,0.7603908777236938
2856,593,0.28955078125,0.117141492664814,33.4948844909668,0.7818439602851868
2857,673,0.32861328125,0.11827582865953445,33.2286262512207,0.778560996055603
2858,761,0.37158203125,0.12077943980693817,34.90827941894531,0.7553654909133911
2859,465,0.22705078125,0.12937425076961517,32.65300369262695,0.7900009751319885
2860,399,0.19482421875,0.1281314194202423,32.67801284790039,0.7954756021499634
2861,312,0.15234375,0.1439758688211441,35.23540115356445,0.7626487612724304
2862,317,0.15478515625,0.1338220238685608,33.798492431640625,0.7851954102516174
2863,305,0.14892578125,0.14235025644302368,34.33995819091797,0.7797052264213562
2864,360,0.17578125,0.14015768468379974,34.567752838134766,0.7720182538032532
2865,319,0.15576171875,0.13961955904960632,33.968868255615234,0.7815579771995544
2866,412,0.201171875,0.13251455128192902,34.39724349975586,0.7733692526817322
2867,410,0.2001953125,0.13921920955181122,35.18277359008789,0.7636083364486694
2868,383,0.18701171875,0.13613292574882507,34.35151290893555,0.7789337038993835
2869,442,0.2158203125,0.13450686633586884,36.040077209472656,0.7572092413902283
2870,451,0.22021484375,0.1414559781551361,35.73179244995117,0.7562670707702637
2871,401,0.19580078125,0.16515393555164337,36.255455017089844,0.7501713633537292
2872,482,0.2353515625,0.13524770736694336,32.500389099121094,0.7890582084655762
2873,626,0.3056640625,0.1452319324016571,35.002647399902344,0.7571497559547424
2874,444,0.216796875,0.1420678198337555,32.11307144165039,0.7967026829719543
2875,529,0.25830078125,0.12601685523986816,33.69192886352539,0.7801030874252319
2876,719,0.35107421875,0.1231917291879654,38.64915084838867,0.7326945662498474
2877,575,0.28076171875,0.11202418804168701,35.323482513427734,0.7632021307945251
2878,519,0.25341796875,0.12411458790302277,37.72857666015625,0.7424501776695251
2879,466,0.2275390625,0.12381112575531006,37.75258255004883,0.7435839176177979
2880,119,0.05810546875,0.15763184428215027,34.90272903442383,0.779701828956604
2881,121,0.05908203125,0.15653833746910095,36.7078857421875,0.7620259523391724
2882,110,0.0537109375,0.15291784703731537,34.9193000793457,0.7742522358894348
2883,110,0.0537109375,0.15640157461166382,33.869014739990234,0.7908979058265686
2884,101,0.04931640625,0.14410673081874847,33.109352111816406,0.7980523705482483
2885,100,0.048828125,0.16867277026176453,33.95090103149414,0.7907020449638367
2886,88,0.04296875,0.16949594020843506,31.947742462158203,0.8127493262290955
2887,79,0.03857421875,0.156370148062706,33.180301666259766,0.8009473085403442
2888,81,0.03955078125,0.17948244512081146,31.567039489746094,0.821496307849884
2889,76,0.037109375,0.16063904762268066,33.10607147216797,0.7950036525726318
2890,74,0.0361328125,0.176477313041687,32.0233268737793,0.810207188129425
2891,73,0.03564453125,0.17382250726222992,30.00563621520996,0.8290756344795227
2892,83,0.04052734375,0.16776610910892487,31.898529052734375,0.8068026900291443
2893,80,0.0390625,0.18122996389865875,31.83370590209961,0.811551570892334
2894,79,0.03857421875,0.2175084948539734,33.06235885620117,0.796980082988739
2895,60,0.029296875,0.2131170779466629,35.01906204223633,0.779251217842102
2896,58,0.0283203125,0.2870306670665741,38.720008850097656,0.7450951337814331
2897,55,0.02685546875,0.24004997313022614,37.99513626098633,0.7559499144554138
2898,42,0.0205078125,0.2609526813030243,37.55839920043945,0.7649462819099426
2899,41,0.02001953125,0.3039535880088806,39.39152526855469,0.7470782399177551
2900,36,0.017578125,0.2853020131587982,40.65104293823242,0.7305504679679871
2901,36,0.017578125,0.23294810950756073,40.24101638793945,0.7329201102256775
2902,43,0.02099609375,0.29995620250701904,40.22327423095703,0.7335549592971802
2903,38,0.0185546875,0.26409921050071716,40.697357177734375,0.7259798049926758
2904,50,0.0244140625,0.24684561789035797,40.07461166381836,0.7416313290596008
2905,70,0.0341796875,0.25498417019844055,37.937255859375,0.7585178017616272
2906,66,0.0322265625,0.25466275215148926,39.52022933959961,0.7388415336608887
2907,78,0.0380859375,0.2442246526479721,39.75676345825195,0.7349669337272644
2908,71,0.03466796875,0.2454395741224289,41.2949104309082,0.7185932993888855
2909,77,0.03759765625,0.2425510734319687,38.45981979370117,0.7538655996322632
2910,88,0.04296875,0.23407495021820068,38.32063674926758,0.7464525699615479
2911,75,0.03662109375,0.24749326705932617,38.22989273071289,0.7485131621360779
2912,67,0.03271484375,0.24472521245479584,40.386627197265625,0.7202882766723633
2913,72,0.03515625,0.2473747283220291,39.81394958496094,0.7299968004226685
2914,89,0.04345703125,0.2256985902786255,36.94841003417969,0.7588704824447632
2915,83,0.04052734375,0.22824417054653168,35.43153381347656,0.779067873954773
2916,89,0.04345703125,0.22008933126926422,35.34346389770508,0.7786157727241516
2917,80,0.0390625,0.20912158489227295,36.313419342041016,0.7635892033576965
2918,84,0.041015625,0.20961236953735352,35.53384780883789,0.7755093574523926
2919,79,0.03857421875,0.19762036204338074,35.49894332885742,0.7743498086929321
2920,377,0.18408203125,0.13166087865829468,29.656566619873047,0.8267062306404114
2921,387,0.18896484375,0.13688427209854126,28.443023681640625,0.8393068313598633
2922,387,0.18896484375,0.15092980861663818,34.395423889160156,0.7753190398216248
2923,369,0.18017578125,0.1387239694595337,31.4205379486084,0.8083664774894714
2924,471,0.22998046875,0.12784826755523682,28.630075454711914,0.832098126411438
2925,513,0.25048828125,0.16683799028396606,36.835357666015625,0.7499722838401794
2926,464,0.2265625,0.13062097132205963,31.51963233947754,0.8069103956222534
2927,460,0.224609375,0.12170951068401337,29.914661407470703,0.8249990344047546
2928,468,0.228515625,0.13131879270076752,30.40726089477539,0.8196666240692139
2929,436,0.212890625,0.12171148508787155,29.857894897460938,0.8291321992874146
2930,429,0.20947265625,0.1352563351392746,32.018428802490234,0.7961999177932739
2931,413,0.20166015625,0.13740964233875275,33.402774810791016,0.7824699878692627
2932,348,0.169921875,0.16532759368419647,34.27463150024414,0.7765710949897766
2933,286,0.1396484375,0.15370561182498932,37.915348052978516,0.7382150888442993
2934,242,0.1181640625,0.16048401594161987,38.04568862915039,0.7324404120445251
2935,272,0.1328125,0.17415298521518707,38.70978927612305,0.7283385992050171
2936,287,0.14013671875,0.15466217696666718,31.481040954589844,0.802108108997345
2937,306,0.1494140625,0.12626922130584717,29.5644474029541,0.820893406867981
2938,262,0.1279296875,0.10693853348493576,25.518577575683594,0.8610868453979492
2939,280,0.13671875,0.11298110336065292,27.566213607788086,0.8378534913063049
2940,236,0.115234375,0.113560251891613,25.482248306274414,0.8603346943855286
2941,219,0.10693359375,0.12467873841524124,25.907434463500977,0.8568153381347656
2942,228,0.111328125,0.12750683724880219,27.204191207885742,0.8375232815742493
2943,229,0.11181640625,0.12095695734024048,27.059377670288086,0.838550865650177
2944,213,0.10400390625,0.1212010309100151,27.61908531188965,0.8367801904678345
2945,200,0.09765625,0.12427859753370285,28.238901138305664,0.8293335437774658
2946,209,0.10205078125,0.11548763513565063,27.22515869140625,0.841684877872467
2947,229,0.11181640625,0.12304876744747162,27.780004501342773,0.8392083644866943
2948,219,0.10693359375,0.21144090592861176,45.023887634277344,0.654129147529602
2949,250,0.1220703125,0.21310949325561523,49.543617248535156,0.5984750986099243
2950,228,0.111328125,0.12265075743198395,29.597190856933594,0.8213806748390198
2951,276,0.134765625,0.12249381840229034,28.4433650970459,0.8270297050476074
2952,263,0.12841796875,0.11432932317256927,29.32221794128418,0.8258008360862732
2953,285,0.13916015625,0.11824294179677963,33.65676498413086,0.7776632905006409
2954,335,0.16357421875,0.11177346855401993,32.631317138671875,0.7830432653427124
2955,324,0.158203125,0.11004849523305893,31.81897735595703,0.7915475964546204
2956,334,0.1630859375,0.11449606716632843,32.5783805847168,0.7832478880882263
2957,263,0.12841796875,0.11201266944408417,28.036436080932617,0.8367055654525757
2958,302,0.1474609375,0.12761721014976501,33.24413299560547,0.7811765074729919
2959,279,0.13623046875,0.12457581609487534,35.65414810180664,0.7571755647659302
2960,384,0.1875,0.1238509863615036,30.763341903686523,0.8152046203613281
2961,444,0.216796875,0.1345985233783722,29.3781795501709,0.8257450461387634
2962,410,0.2001953125,0.11224980652332306,28.14985466003418,0.8437830209732056
2963,443,0.21630859375,0.1306508630514145,26.158784866333008,0.8649487495422363
2964,424,0.20703125,0.10987891256809235,26.03963851928711,0.8656187057495117
2965,441,0.21533203125,0.11922890692949295,26.61180877685547,0.8564159870147705
2966,377,0.18408203125,0.10565202683210373,28.06089210510254,0.8411340713500977
2967,376,0.18359375,0.11212953180074692,29.72911262512207,0.8247817158699036
2968,406,0.1982421875,0.12779061496257782,30.061981201171875,0.8194782137870789
2969,403,0.19677734375,0.11973109841346741,30.3685245513916,0.8140681982040405
2970,421,0.20556640625,0.11326328665018082,27.892608642578125,0.8395084738731384
2971,410,0.2001953125,0.10372933000326157,25.814613342285156,0.8631794452667236
2972,416,0.203125,0.10498261451721191,26.53411865234375,0.85298752784729
2973,412,0.201171875,0.12029491364955902,28.00507164001465,0.842502772808075
2974,422,0.2060546875,0.11936525255441666,27.180143356323242,0.8514569997787476
2975,445,0.21728515625,0.10864527523517609,25.825748443603516,0.8635236620903015
2976,448,0.21875,0.13407620787620544,27.72361183166504,0.8445507287979126
2977,475,0.23193359375,0.15047751367092133,29.884002685546875,0.8228812217712402
2978,455,0.22216796875,0.1371413916349411,29.418682098388672,0.8296374678611755
2979,449,0.21923828125,0.11879895627498627,27.49685287475586,0.8512997627258301
2980,483,0.23583984375,0.13145175576210022,28.193492889404297,0.8397923111915588
2981,540,0.263671875,0.12018455564975739,27.41606330871582,0.8440707325935364
2982,493,0.24072265625,0.11223471909761429,28.593780517578125,0.8348222970962524
2983,471,0.22998046875,0.11565214395523071,27.858112335205078,0.8431689143180847
2984,437,0.21337890625,0.11479364335536957,29.61210823059082,0.8254370093345642
2985,461,0.22509765625,0.10972057282924652,27.481042861938477,0.851485550403595
2986,463,0.22607421875,0.10801661014556885,28.537431716918945,0.8342993855476379
2987,511,0.24951171875,0.11204664409160614,28.78905487060547,0.833385169506073
2988,460,0.224609375,0.1083986759185791,28.16239356994629,0.8379550576210022
2989,408,0.19921875,0.11833438277244568,30.28260040283203,0.8171238899230957
2990,387,0.18896484375,0.10292823612689972,27.808399200439453,0.8447968363761902
2991,426,0.2080078125,0.09814634174108505,27.711530685424805,0.8424112200737
2992,448,0.21875,0.10192076861858368,27.58994483947754,0.8452766537666321
2993,466,0.2275390625,0.12722063064575195,30.467056274414062,0.8160266876220703
2994,459,0.22412109375,0.13132520020008087,30.495838165283203,0.8163487911224365
2995,452,0.220703125,0.11868833750486374,28.64015769958496,0.8368027210235596
2996,406,0.1982421875,0.11503355950117111,29.416759490966797,0.8314359784126282
2997,386,0.1884765625,0.11349356174468994,29.717321395874023,0.8286214470863342
2998,448,0.21875,0.12355739623308182,28.789525985717773,0.8361192345619202
2999,374,0.1826171875,0.12510427832603455,31.863487243652344,0.8063020706176758
3000,485,0.23681640625,0.1084732636809349,21.67292594909668,0.900867223739624
3001,577,0.28173828125,0.10084477812051773,21.27934455871582,0.9044727087020874
3002,621,0.30322265625,0.08928222954273224,18.57924461364746,0.9218039512634277
3003,733,0.35791015625,0.08130807429552078,19.341257095336914,0.9205666780471802
3004,765,0.37353515625,0.08395174890756607,24.08823013305664,0.8872199654579163
3005,747,0.36474609375,0.08582990616559982,22.537012100219727,0.8986645340919495
3006,648,0.31640625,0.08982467651367188,21.978168487548828,0.9027357697486877
3007,596,0.291015625,0.0963316261768341,19.954479217529297,0.910350501537323
3008,595,0.29052734375,0.09399472922086716,20.177490234375,0.9092807173728943
3009,611,0.29833984375,0.09566260129213333,20.242996215820312,0.9099349975585938
3010,595,0.29052734375,0.09077616780996323,20.709932327270508,0.9075378179550171
3011,535,0.26123046875,0.09314601123332977,20.925621032714844,0.9085718393325806
3012,485,0.23681640625,0.10050935298204422,22.907665252685547,0.890667736530304
3013,543,0.26513671875,0.0980718657374382,22.065336227416992,0.8983930945396423
3014,555,0.27099609375,0.10598038136959076,21.251373291015625,0.9046795964241028
3015,546,0.2666015625,0.10825102776288986,21.460830688476562,0.9029315114021301
3016,593,0.28955078125,0.10097146779298782,21.520484924316406,0.9043008685112
3017,626,0.3056640625,0.09986202418804169,23.383119583129883,0.8877671957015991
3018,552,0.26953125,0.0905701294541359,21.28782844543457,0.9065930843353271
3019,511,0.24951171875,0.09502927958965302,22.533456802368164,0.8965457677841187
3020,504,0.24609375,0.10125312209129333,24.46685218811035,0.8800040483474731
3021,569,0.27783203125,0.09492137283086777,24.34722328186035,0.8836758136749268
3022,526,0.2568359375,0.09595325589179993,23.808177947998047,0.8896591663360596
3023,567,0.27685546875,0.09583155065774918,24.02909278869629,0.8848856091499329
3024,586,0.2861328125,0.09253214299678802,22.869979858398438,0.8921132683753967
3025,662,0.3232421875,0.09988785535097122,24.069862365722656,0.8778681755065918
3026,745,0.36376953125,0.09837104380130768,23.857507705688477,0.8820579648017883
3027,681,0.33251953125,0.0909096971154213,21.344585418701172,0.9013901352882385
3028,590,0.2880859375,0.10242586582899094,23.751935958862305,0.8858706951141357
3029,524,0.255859375,0.10185245424509048,25.73854637145996,0.8646782636642456
3030,501,0.24462890625,0.10201822221279144,24.950450897216797,0.8713191151618958
3031,447,0.21826171875,0.11214407533407211,26.768049240112305,0.8537540435791016
3032,477,0.23291015625,0.10698296129703522,25.21984100341797,0.8715874552726746
3033,499,0.24365234375,0.10058455914258957,23.471927642822266,0.8841711282730103
3034,577,0.28173828125,0.09075505286455154,21.818145751953125,0.8983218669891357
3035,651,0.31787109375,0.09204622358083725,22.085132598876953,0.8967905640602112
3036,620,0.302734375,0.11347861588001251,25.006072998046875,0.8662961721420288
3037,611,0.29833984375,0.10220205038785934,22.562761306762695,0.8928605318069458
3038,660,0.322265625,0.09636714309453964,21.427772521972656,0.8986696004867554
3039,569,0.27783203125,0.10510800778865814,24.766727447509766,0.8730224370956421
3040,686,0.3349609375,0.11922454833984375,28.963712692260742,0.8270050287246704
3041,654,0.3193359375,0.10773281008005142,27.75143051147461,0.842217206954956
3042,803,0.39208984375,0.142081618309021,32.11069107055664,0.8060725331306458
3043,709,0.34619140625,0.12502135336399078,30.48895263671875,0.8179033994674683
3044,544,0.265625,0.1428089141845703,25.671615600585938,0.8627687692642212
3045,566,0.2763671875,0.13722212612628937,25.83991050720215,0.8561387062072754
3046,532,0.259765625,0.1373952329158783,27.59947395324707,0.8461722135543823
3047,656,0.3203125,0.1231689527630806,29.330480575561523,0.823161780834198
3048,850,0.4150390625,0.11812065541744232,29.632808685302734,0.837852418422699
3049,852,0.416015625,0.11160141229629517,27.01202964782715,0.8572739958763123
3050,838,0.4091796875,0.11343442648649216,27.24233055114746,0.8553707003593445
3051,800,0.390625,0.11585696786642075,29.396015167236328,0.8387470245361328
3052,776,0.37890625,0.11992301046848297,27.85068702697754,0.8491649031639099
3053,834,0.4072265625,0.1328243464231491,26.590768814086914,0.8561199903488159
3054,792,0.38671875,0.1476745903491974,26.712209701538086,0.851142406463623
3055,755,0.36865234375,0.12333586812019348,29.443344116210938,0.8253291249275208
3056,812,0.396484375,0.15641283988952637,26.773256301879883,0.8485381007194519
3057,597,0.29150390625,0.1721155345439911,25.693099975585938,0.8489307165145874
3058,546,0.2666015625,0.1823277771472931,28.629322052001953,0.8211908936500549
3059,665,0.32470703125,0.17273575067520142,26.646507263183594,0.8394867181777954
3060,723,0.35302734375,0.16893084347248077,30.678482055664062,0.8150826692581177
3061,671,0.32763671875,0.15251033008098602,32.33243942260742,0.8027112483978271
3062,659,0.32177734375,0.1666577160358429,35.05539321899414,0.775580644607544
3063,640,0.3125,0.14238567650318146,32.66758346557617,0.8025466203689575
3064,496,0.2421875,0.10665584355592728,33.55887985229492,0.7968558669090271
3065,479,0.23388671875,0.11913704127073288,35.05384063720703,0.7779631614685059
3066,570,0.2783203125,0.11704041063785553,28.99950408935547,0.8348943591117859
3067,599,0.29248046875,0.12665721774101257,26.895069122314453,0.8484473824501038
3068,565,0.27587890625,0.12691041827201843,27.521240234375,0.8405445218086243
3069,493,0.24072265625,0.1463993638753891,33.85385513305664,0.7803078293800354
3070,467,0.22802734375,0.10108830034732819,28.548646926879883,0.8348876237869263
3071,500,0.244140625,0.10198701918125153,27.993854522705078,0.8408013582229614
3072,467,0.22802734375,0.11010202020406723,26.293231964111328,0.8548955321311951
3073,462,0.2255859375,0.11955512315034866,26.91956329345703,0.8437677025794983
3074,443,0.21630859375,0.11868330091238022,26.5419979095459,0.8509700298309326
3075,433,0.21142578125,0.19164472818374634,32.965087890625,0.7797617316246033
3076,415,0.20263671875,0.11784990131855011,26.455427169799805,0.8530021905899048
3077,425,0.20751953125,0.1283693164587021,30.896873474121094,0.8187224268913269
3078,426,0.2080078125,0.11924580484628677,24.927845001220703,0.8640671968460083
3079,430,0.2099609375,0.11796624213457108,26.07971954345703,0.8590632081031799
3080,453,0.22119140625,0.10921897739171982,33.48161315917969,0.7983143329620361
3081,536,0.26171875,0.1151774674654007,34.26975631713867,0.7931296825408936
3082,568,0.27734375,0.10965807735919952,35.534236907958984,0.7821750640869141
3083,732,0.357421875,0.15984997153282166,47.753299713134766,0.6426462531089783
3084,672,0.328125,0.13044482469558716,46.35396194458008,0.6488718390464783
3085,551,0.26904296875,0.12354768067598343,37.224952697753906,0.7561954855918884
3086,621,0.30322265625,0.11227396130561829,24.073354721069336,0.879795253276825
3087,745,0.36376953125,0.11843379586935043,19.854656219482422,0.908318817615509
3088,852,0.416015625,0.12730969488620758,20.775493621826172,0.9013416171073914
3089,800,0.390625,0.14327500760555267,51.68992614746094,0.5743107795715332
3090,849,0.41455078125,0.1283160299062729,18.371532440185547,0.9212005138397217
3091,685,0.33447265625,0.13136141002178192,20.14200782775879,0.9018679261207581
3092,466,0.2275390625,0.12436291575431824,30.079038619995117,0.828284502029419
3093,411,0.20068359375,0.11481933295726776,36.43844223022461,0.7683181166648865
3094,488,0.23828125,0.12506890296936035,37.9151725769043,0.7440201044082642
3095,501,0.24462890625,0.1158900186419487,36.599998474121094,0.7548797726631165
3096,422,0.2060546875,0.10161089897155762,33.44884490966797,0.7907687425613403
3097,417,0.20361328125,0.10391456633806229,33.172855377197266,0.7980384826660156
3098,412,0.201171875,0.09834402799606323,33.72565841674805,0.7936679720878601
3099,454,0.2216796875,0.10055376589298248,34.65650177001953,0.7825213074684143
3100,471,0.22998046875,0.12316431850194931,38.85573959350586,0.7390548586845398
3101,466,0.2275390625,0.10410171002149582,33.9840202331543,0.7903056144714355
3102,495,0.24169921875,0.10786513239145279,35.61469650268555,0.7701718211174011
3103,475,0.23193359375,0.10107911378145218,34.19923400878906,0.7894968390464783
3104,480,0.234375,0.10549875348806381,33.07466125488281,0.7992414832115173
3105,456,0.22265625,0.11109885573387146,34.154239654541016,0.7883231043815613
3106,450,0.2197265625,0.10032477974891663,32.1136474609375,0.8097239136695862
3107,402,0.1962890625,0.11077660322189331,30.45125961303711,0.823863685131073
3108,393,0.19189453125,0.12868358194828033,35.533199310302734,0.7571204304695129
3109,404,0.197265625,0.11306719481945038,31.9720516204834,0.8032986521720886
3110,384,0.1875,0.11104603856801987,32.626590728759766,0.8037014603614807
3111,358,0.1748046875,0.1040065810084343,31.99960708618164,0.8142266869544983
3112,305,0.14892578125,0.10667654871940613,32.57184600830078,0.803293764591217
3113,263,0.12841796875,0.11584720760583878,32.83187484741211,0.8037614226341248
3114,291,0.14208984375,0.10986031591892242,31.837326049804688,0.8134292364120483
3115,304,0.1484375,0.1030801385641098,32.22340774536133,0.8091820478439331
3116,324,0.158203125,0.10631698369979858,31.659622192382812,0.8119719624519348
3117,311,0.15185546875,0.10037152469158173,33.05637741088867,0.7996520400047302
3118,321,0.15673828125,0.12258138507604599,41.32665252685547,0.7050243616104126
3119,316,0.154296875,0.12293729186058044,39.85414123535156,0.7278536558151245
3120,768,0.375,0.1292581558227539,35.63719177246094,0.7678470611572266
3121,699,0.34130859375,0.1460769772529602,36.673057556152344,0.7535330653190613
3122,768,0.375,0.13971801102161407,34.84669876098633,0.7717246413230896
3123,791,0.38623046875,0.1464078277349472,33.925567626953125,0.7776017785072327
3124,797,0.38916015625,0.12698812782764435,30.124191284179688,0.8188521265983582
3125,846,0.4130859375,0.11828295141458511,31.133337020874023,0.8027614951133728
3126,862,0.4208984375,0.1262417584657669,34.347251892089844,0.772911787033081
3127,928,0.453125,0.1321995109319687,30.451984405517578,0.8050618171691895
3128,899,0.43896484375,0.14395606517791748,27.694400787353516,0.8351061344146729
3129,955,0.46630859375,0.14076565206050873,27.2984561920166,0.8360588550567627
3130,947,0.46240234375,0.1310659945011139,26.403377532958984,0.8443024754524231
3131,895,0.43701171875,0.12407290190458298,39.12556838989258,0.7186465859413147
3132,984,0.48046875,0.12665079534053802,32.02311325073242,0.787781298160553
3133,937,0.45751953125,0.11375891417264938,23.07030487060547,0.8849753737449646
3134,744,0.36328125,0.11177589744329453,34.65848159790039,0.7795647978782654
3135,965,0.47119140625,0.11658035218715668,20.63086700439453,0.890142023563385
3136,980,0.478515625,0.10533738881349564,19.909770965576172,0.8952635526657104
3137,1080,0.52734375,0.10012281686067581,20.3947696685791,0.8947292566299438
3138,1048,0.51171875,0.09239207953214645,22.795093536376953,0.8753044605255127
3139,998,0.4873046875,0.0910395085811615,20.928144454956055,0.8995553851127625
3140,1021,0.49853515625,0.10241749882698059,38.92849349975586,0.7237139940261841
3141,1100,0.537109375,0.10817793011665344,43.833831787109375,0.6761447787284851
3142,1016,0.49609375,0.11324556171894073,28.33838653564453,0.8330849409103394
3143,1153,0.56298828125,0.13084106147289276,30.34429931640625,0.80865079164505
3144,385,0.18798828125,0.15557999908924103,41.41318130493164,0.6984735131263733
3145,1225,0.59814453125,0.18035487830638885,56.250389099121094,0.5290817022323608
3146,977,0.47705078125,0.13052058219909668,40.22476577758789,0.7269474267959595
3147,306,0.1494140625,0.09917914867401123,34.55351257324219,0.781129002571106
3148,318,0.1552734375,0.09826982021331787,37.11660385131836,0.7538299560546875
3149,348,0.169921875,0.09989862143993378,34.654300689697266,0.7767255306243896
3150,1081,0.52783203125,0.14108525216579437,30.449974060058594,0.8091974258422852
3151,748,0.365234375,0.10122644901275635,27.703655242919922,0.8432121276855469
3152,589,0.28759765625,0.10262317210435867,24.54039192199707,0.8667339086532593
3153,571,0.27880859375,0.10529555380344391,27.741764068603516,0.8349630832672119
3154,560,0.2734375,0.10518836975097656,24.97838592529297,0.8590478897094727
3155,598,0.2919921875,0.10515531897544861,23.00398826599121,0.8767810463905334
3156,753,0.36767578125,0.11054454743862152,22.99944496154785,0.8708664774894714
3157,611,0.29833984375,0.11798598617315292,27.049684524536133,0.8386364579200745
3158,558,0.2724609375,0.11804473400115967,28.302661895751953,0.8258618712425232
3159,494,0.2412109375,0.13269609212875366,32.77400207519531,0.7880988717079163
3160,383,0.18701171875,0.1337302029132843,31.75920295715332,0.8019871115684509
3161,403,0.19677734375,0.14082616567611694,31.068082809448242,0.8126683235168457
3162,466,0.2275390625,0.15373818576335907,32.65907669067383,0.7899035215377808
3163,347,0.16943359375,0.11840648204088211,27.963850021362305,0.8427525162696838
3164,311,0.15185546875,0.10417462140321732,27.324752807617188,0.85231614112854
3165,298,0.1455078125,0.09954851120710373,27.285465240478516,0.8580476641654968
3166,301,0.14697265625,0.10142064839601517,27.515953063964844,0.8555269241333008
3167,270,0.1318359375,0.09965814650058746,28.340373992919922,0.8513393402099609
3168,281,0.13720703125,0.10684872418642044,28.267818450927734,0.8483147621154785
3169,314,0.1533203125,0.09818700700998306,28.36214256286621,0.839859127998352
3170,342,0.1669921875,0.09774258732795715,30.595537185668945,0.8190124034881592
3171,358,0.1748046875,0.0935894027352333,28.352277755737305,0.8425005078315735
3172,317,0.15478515625,0.08638466894626617,26.199989318847656,0.8684313297271729
3173,290,0.1416015625,0.09180382639169693,26.99993133544922,0.8603571653366089
3174,287,0.14013671875,0.09912005066871643,26.779603958129883,0.8599217534065247
3175,280,0.13671875,0.09883632510900497,26.979127883911133,0.8591131567955017
3176,286,0.1396484375,0.09367267042398453,25.16046142578125,0.8750157952308655
3177,261,0.12744140625,0.09354511648416519,26.37110137939453,0.8640284538269043
3178,280,0.13671875,0.0881694033741951,26.248571395874023,0.8642934560775757
3179,301,0.14697265625,0.08709290623664856,26.49274253845215,0.8621481657028198
3180,296,0.14453125,0.08563785254955292,25.60896110534668,0.8732470870018005
3181,308,0.150390625,0.0852377712726593,25.139812469482422,0.8759734034538269
3182,319,0.15576171875,0.08767665177583694,25.235525131225586,0.8739998936653137
3183,295,0.14404296875,0.08524250239133835,24.651382446289062,0.8795124888420105
3184,308,0.150390625,0.08772886544466019,25.351457595825195,0.8730371594429016
3185,329,0.16064453125,0.08584368973970413,25.856027603149414,0.8707252144813538
3186,327,0.15966796875,0.08573408424854279,25.125415802001953,0.8744266033172607
3187,355,0.17333984375,0.09137263149023056,25.5533504486084,0.8683838844299316
3188,373,0.18212890625,0.09760244190692902,28.255197525024414,0.8410003781318665
3189,355,0.17333984375,0.09804318100214005,27.788143157958984,0.8465805649757385
3190,335,0.16357421875,0.09626307338476181,26.988414764404297,0.8560658097267151
3191,320,0.15625,0.09902305155992508,25.909290313720703,0.8675079345703125
3192,349,0.17041015625,0.10346383601427078,27.203388214111328,0.8540456295013428
3193,310,0.1513671875,0.09468109160661697,25.381223678588867,0.8753547072410583
3194,302,0.1474609375,0.10606759786605835,26.668790817260742,0.8625906705856323
3195,349,0.17041015625,0.11279753595590591,27.522804260253906,0.8568766713142395
3196,352,0.171875,0.1357547640800476,29.60230827331543,0.8381882309913635
3197,365,0.17822265625,0.1265086680650711,26.454042434692383,0.867672860622406
3198,353,0.17236328125,0.14429423213005066,27.22368812561035,0.8602728843688965
3199,395,0.19287109375,0.13605773448944092,28.234764099121094,0.8478760719299316
3200,102,0.0498046875,0.1513521522283554,33.71192932128906,0.7894630432128906
3201,102,0.0498046875,0.15020909905433655,32.07443618774414,0.8088998198509216
3202,91,0.04443359375,0.14315113425254822,34.830570220947266,0.7805995941162109
3203,95,0.04638671875,0.16462814807891846,32.414005279541016,0.8029741644859314
3204,98,0.0478515625,0.13396655023097992,32.467716217041016,0.8033447265625
3205,113,0.05517578125,0.1420026272535324,32.542388916015625,0.7970114946365356
3206,117,0.05712890625,0.15141135454177856,33.2408447265625,0.7916110157966614
3207,131,0.06396484375,0.1603062003850937,34.37786102294922,0.7756352424621582
3208,124,0.060546875,0.1421281397342682,31.866357803344727,0.8085971474647522
3209,117,0.05712890625,0.14055779576301575,32.104122161865234,0.8077692985534668
3210,122,0.0595703125,0.13584406673908234,33.153770446777344,0.7959910035133362
3211,115,0.05615234375,0.1300402581691742,31.766958236694336,0.8174037933349609
3212,109,0.05322265625,0.1260635256767273,29.860002517700195,0.8318895101547241
3213,115,0.05615234375,0.1385974884033203,31.22662353515625,0.8171769380569458
3214,108,0.052734375,0.1272139549255371,30.03915786743164,0.8304649591445923
3215,108,0.052734375,0.12483101338148117,30.81839370727539,0.8208390474319458
3216,107,0.05224609375,0.14525330066680908,30.82579803466797,0.8255943655967712
3217,106,0.0517578125,0.12891267240047455,30.448972702026367,0.8220730423927307
3218,101,0.04931640625,0.13673055171966553,29.454439163208008,0.830531656742096
3219,107,0.05224609375,0.1429438591003418,29.827884674072266,0.82938152551651
3220,116,0.056640625,0.13507024943828583,28.938308715820312,0.8337169885635376
3221,129,0.06298828125,0.15582293272018433,29.519018173217773,0.8283575177192688
3222,119,0.05810546875,0.1451142281293869,28.467226028442383,0.843114972114563
3223,106,0.0517578125,0.1374943107366562,31.014192581176758,0.8166531920433044
3224,109,0.05322265625,0.128383606672287,30.74045753479004,0.8244086503982544
3225,107,0.05224609375,0.12979774177074432,31.016876220703125,0.8201486468315125
3226,111,0.05419921875,0.12672479450702667,29.8914737701416,0.8283335566520691
3227,118,0.0576171875,0.12242396175861359,31.71076202392578,0.8128767013549805
3228,138,0.0673828125,0.12694507837295532,32.61103439331055,0.801846444606781
3229,144,0.0703125,0.14153602719306946,31.92506980895996,0.809935450553894
3230,136,0.06640625,0.1481274962425232,32.28749084472656,0.807161271572113
3231,138,0.0673828125,0.1411973387002945,31.22197723388672,0.8223827481269836
3232,123,0.06005859375,0.145486980676651,30.916173934936523,0.8234837651252747
3233,92,0.044921875,0.14521996676921844,30.75444984436035,0.8241596817970276
3234,95,0.04638671875,0.14987048506736755,34.25845718383789,0.7825493216514587
3235,88,0.04296875,0.16231155395507812,34.2141227722168,0.7822244167327881
3236,68,0.033203125,0.1728348284959793,33.44385528564453,0.7983550429344177
3237,78,0.0380859375,0.18337254226207733,35.396575927734375,0.7725920081138611
3238,75,0.03662109375,0.20426176488399506,36.242042541503906,0.7599571943283081
3239,64,0.03125,0.2127465158700943,36.1831169128418,0.7641875743865967
3240,271,0.13232421875,0.13781921565532684,27.245956420898438,0.8501058220863342
3241,279,0.13623046875,0.12407004088163376,26.064558029174805,0.8636829257011414
3242,281,0.13720703125,0.1342516541481018,26.955251693725586,0.8522012233734131
3243,294,0.1435546875,0.12187468260526657,27.844873428344727,0.8454499244689941
3244,294,0.1435546875,0.11262631416320801,25.94080352783203,0.8694283366203308
3245,281,0.13720703125,0.12157154083251953,27.364797592163086,0.8512256145477295
3246,261,0.12744140625,0.1146988794207573,25.6125431060791,0.8687964081764221
3247,284,0.138671875,0.11673376709222794,25.46438980102539,0.866058886051178
3248,304,0.1484375,0.11561499536037445,27.364797592163086,0.8491106629371643
3249,283,0.13818359375,0.11934484541416168,27.625776290893555,0.8449395298957825
3250,300,0.146484375,0.12066663056612015,28.533720016479492,0.8391661643981934
3251,332,0.162109375,0.11282334476709366,29.31032943725586,0.8287551403045654
3252,364,0.177734375,0.11204671859741211,29.46442985534668,0.834061861038208
3253,418,0.2041015625,0.12302955240011215,31.729602813720703,0.8078257441520691
3254,416,0.203125,0.11046209186315536,30.634502410888672,0.8174120783805847
3255,378,0.1845703125,0.11580285429954529,28.975482940673828,0.8306172490119934
3256,344,0.16796875,0.10705306380987167,29.3106689453125,0.8322530388832092
3257,333,0.16259765625,0.112894207239151,27.940074920654297,0.8468698263168335
3258,344,0.16796875,0.12002954632043839,29.890460968017578,0.8216371536254883
3259,316,0.154296875,0.12027888745069504,29.957738876342773,0.8245492577552795
3260,296,0.14453125,0.11667297780513763,28.937028884887695,0.8339585661888123
3261,287,0.14013671875,0.1171654462814331,30.172088623046875,0.821024477481842
3262,303,0.14794921875,0.11517227441072464,28.990434646606445,0.8352059125900269
3263,273,0.13330078125,0.12022896111011505,30.514223098754883,0.820891797542572
3264,255,0.12451171875,0.131368950009346,31.148656845092773,0.8096740245819092
3265,237,0.11572265625,0.12181156873703003,29.88654899597168,0.8251378536224365
3266,247,0.12060546875,0.11957356333732605,30.941728591918945,0.8114477396011353
3267,240,0.1171875,0.126237154006958,31.229291915893555,0.8121728301048279
3268,235,0.11474609375,0.128294438123703,29.2927188873291,0.8306151032447815
3269,229,0.11181640625,0.12645463645458221,29.735424041748047,0.828210711479187
3270,206,0.1005859375,0.13707734644412994,31.669921875,0.8039536476135254
3271,177,0.08642578125,0.15520451962947845,30.369714736938477,0.8197275996208191
3272,164,0.080078125,0.15983882546424866,28.727794647216797,0.8406348824501038
3273,155,0.07568359375,0.17003977298736572,28.999298095703125,0.8410860896110535
3274,168,0.08203125,0.1589486002922058,30.025901794433594,0.8262785077095032
3275,172,0.083984375,0.16184087097644806,29.997291564941406,0.8264225125312805
3276,168,0.08203125,0.14672552049160004,30.068958282470703,0.8309463262557983
3277,148,0.072265625,0.15480560064315796,29.972015380859375,0.8334059119224548
3278,167,0.08154296875,0.1493956297636032,31.080692291259766,0.8145193457603455
3279,190,0.0927734375,0.13721346855163574,31.820253372192383,0.8061786890029907
3280,68,0.033203125,0.13981501758098602,33.84153366088867,0.7942502498626709
3281,84,0.041015625,0.1552346795797348,38.165897369384766,0.7376151084899902
3282,89,0.04345703125,0.1375676840543747,35.04450607299805,0.7774666547775269
3283,94,0.0458984375,0.1507614254951477,33.26836395263672,0.7993441820144653
3284,99,0.04833984375,0.14060328900814056,33.23048400878906,0.7957735061645508
3285,114,0.0556640625,0.16496498882770538,35.74662780761719,0.765009880065918
3286,112,0.0546875,0.1517416536808014,35.35981369018555,0.7735932469367981
3287,96,0.046875,0.14203575253486633,34.69770431518555,0.7842402458190918
3288,100,0.048828125,0.14568711817264557,35.314823150634766,0.7771225571632385
3289,97,0.04736328125,0.14152272045612335,33.225643157958984,0.8042484521865845
3290,95,0.04638671875,0.14951202273368835,32.24582290649414,0.8114402294158936
3291,107,0.05224609375,0.14186248183250427,33.239173889160156,0.797641932964325
3292,107,0.05224609375,0.14239463210105896,33.81337356567383,0.7909446358680725
3293,107,0.05224609375,0.14428076148033142,33.07646179199219,0.80086749792099
3294,118,0.0576171875,0.15787269175052643,33.70133972167969,0.7928065657615662
3295,113,0.05517578125,0.1577647179365158,31.668195724487305,0.8157634735107422
3296,118,0.0576171875,0.16403967142105103,32.75412368774414,0.7984479665756226
3297,106,0.0517578125,0.16206379234790802,33.14316177368164,0.7971352338790894
3298,108,0.052734375,0.16577281057834625,32.06694030761719,0.8067415952682495
3299,112,0.0546875,0.17804045975208282,30.989011764526367,0.8182868361473083
3300,111,0.05419921875,0.18120133876800537,31.161785125732422,0.8133472204208374
3301,111,0.05419921875,0.1812443882226944,30.21392059326172,0.822166383266449
3302,112,0.0546875,0.17631013691425323,30.439495086669922,0.8123807907104492
3303,112,0.0546875,0.17988137900829315,30.79559326171875,0.8106834292411804
3304,110,0.0537109375,0.16894470155239105,29.710308074951172,0.8250089883804321
3305,111,0.05419921875,0.17799606919288635,31.076845169067383,0.8062823414802551
3306,121,0.05908203125,0.17494742572307587,32.111839294433594,0.7930987477302551
3307,105,0.05126953125,0.15811657905578613,30.27142333984375,0.8241156935691833
3308,111,0.05419921875,0.16982746124267578,31.021669387817383,0.8118031024932861
3309,107,0.05224609375,0.1643875688314438,30.290771484375,0.81775963306427
3310,119,0.05810546875,0.17388707399368286,31.61754035949707,0.8018400073051453
3311,117,0.05712890625,0.17256081104278564,31.82537269592285,0.8016985654830933
3312,116,0.056640625,0.16339875757694244,32.445068359375,0.7908076643943787
3313,109,0.05322265625,0.157197967171669,33.67770767211914,0.7829091548919678
3314,101,0.04931640625,0.15241682529449463,30.017515182495117,0.8292700052261353
3315,110,0.0537109375,0.16502754390239716,31.965938568115234,0.8025657534599304
3316,122,0.0595703125,0.17499667406082153,33.11548614501953,0.7901288866996765
3317,116,0.056640625,0.17519502341747284,29.88873863220215,0.8257845044136047
3318,126,0.0615234375,0.1851765364408493,32.19712448120117,0.797260582447052
3319,119,0.05810546875,0.1810479760169983,31.243595123291016,0.8129629492759705
3320,273,0.13330078125,0.12559272348880768,29.79792594909668,0.8232260942459106
3321,302,0.1474609375,0.11683054268360138,27.424711227416992,0.8515527844429016
3322,299,0.14599609375,0.10854784399271011,25.143878936767578,0.8653812408447266
3323,272,0.1328125,0.11022350937128067,25.261926651000977,0.8657105565071106
3324,329,0.16064453125,0.1222265362739563,29.706865310668945,0.819162130355835
3325,291,0.14208984375,0.10860645025968552,25.134546279907227,0.8658159375190735
3326,295,0.14404296875,0.10855638235807419,26.467653274536133,0.8535944223403931
3327,277,0.13525390625,0.11371076107025146,28.47911834716797,0.825994610786438
3328,219,0.10693359375,0.11524225771427155,28.41531753540039,0.8329525589942932
3329,217,0.10595703125,0.11560150980949402,28.56686782836914,0.8346707224845886
3330,207,0.10107421875,0.11141376942396164,28.527185440063477,0.8327537178993225
3331,195,0.09521484375,0.12468966841697693,28.170984268188477,0.8445377349853516
3332,169,0.08251953125,0.1157320886850357,29.05937385559082,0.8392195105552673
3333,173,0.08447265625,0.12679311633110046,29.500247955322266,0.8317419290542603
3334,172,0.083984375,0.1271592676639557,30.11602020263672,0.8265277743339539
3335,173,0.08447265625,0.12727148830890656,29.842510223388672,0.832436203956604
3336,196,0.095703125,0.15584909915924072,31.5780086517334,0.8086433410644531
3337,198,0.0966796875,0.14002569019794464,30.836206436157227,0.81809002161026
3338,174,0.0849609375,0.13799621164798737,31.38177490234375,0.810249388217926
3339,162,0.0791015625,0.13826687633991241,31.077346801757812,0.8113669753074646
3340,169,0.08251953125,0.13252189755439758,30.114919662475586,0.8233878016471863
3341,180,0.087890625,0.13400305807590485,30.9605655670166,0.8179492354393005
3342,201,0.09814453125,0.13133715093135834,30.960323333740234,0.8212268948554993
3343,239,0.11669921875,0.13703715801239014,31.854557037353516,0.8059403300285339
3344,236,0.115234375,0.1207219660282135,30.236080169677734,0.823797345161438
3345,295,0.14404296875,0.109635129570961,28.62290382385254,0.834609866142273
3346,359,0.17529296875,0.12724925577640533,29.248685836791992,0.8218948841094971
3347,333,0.16259765625,0.11690357327461243,27.208213806152344,0.8409803509712219
3348,342,0.1669921875,0.12727302312850952,30.762176513671875,0.8145150542259216
3349,327,0.15966796875,0.16532336175441742,46.10947036743164,0.6362594962120056
3350,460,0.224609375,0.1686643809080124,41.36256790161133,0.6891510486602783
3351,383,0.18701171875,0.1510341763496399,36.692691802978516,0.7386547923088074
3352,313,0.15283203125,0.12359652668237686,28.534582138061523,0.8347427248954773
3353,436,0.212890625,0.14312708377838135,30.66387367248535,0.8108222484588623
3354,466,0.2275390625,0.16610722243785858,33.40430450439453,0.7834954261779785
3355,366,0.1787109375,0.13465693593025208,30.581327438354492,0.8188432455062866
3356,258,0.1259765625,0.11522369831800461,29.683095932006836,0.8256552815437317
3357,231,0.11279296875,0.11138680577278137,28.814016342163086,0.8321099877357483
3358,238,0.1162109375,0.1265791803598404,30.254804611206055,0.818801999092102
3359,185,0.09033203125,0.1252855658531189,30.177017211914062,0.8251983523368835
3360,352,0.171875,0.1673499047756195,35.357425689697266,0.7684595584869385
3361,322,0.1572265625,0.1530575156211853,34.64842987060547,0.7721056342124939
3362,335,0.16357421875,0.14021657407283783,34.05582809448242,0.7821199893951416
3363,406,0.1982421875,0.13157330453395844,33.84687042236328,0.7804427146911621
3364,396,0.193359375,0.12133390456438065,34.55653381347656,0.7752337455749512
3365,517,0.25244140625,0.11543305218219757,37.12046432495117,0.7467910647392273
3366,329,0.16064453125,0.09649639576673508,35.77004623413086,0.7567062377929688
3367,311,0.15185546875,0.11190381646156311,33.478416442871094,0.7884711623191833
3368,357,0.17431640625,0.1064576804637909,33.38322448730469,0.782773494720459
3369,503,0.24560546875,0.0931260958313942,35.429141998291016,0.765112042427063
3370,380,0.185546875,0.10301858186721802,35.482566833496094,0.7625172138214111
3371,563,0.27490234375,0.1544625163078308,44.52927780151367,0.6635424494743347
3372,480,0.234375,0.14789079129695892,42.81521224975586,0.6879968047142029
3373,694,0.3388671875,0.12588633596897125,41.344051361083984,0.6974989175796509
3374,551,0.26904296875,0.10356813669204712,37.264305114746094,0.7449694275856018
3375,494,0.2412109375,0.117696113884449,35.82853698730469,0.7627648711204529
3376,457,0.22314453125,0.09820019453763962,36.408084869384766,0.7544113397598267
3377,396,0.193359375,0.10643250495195389,41.82412338256836,0.6938963532447815
3378,265,0.12939453125,0.10089770704507828,36.67909240722656,0.7542542815208435
3379,293,0.14306640625,0.09539420157670975,37.46375274658203,0.7457947134971619
3380,237,0.11572265625,0.10493160039186478,37.01034164428711,0.7582697868347168
3381,158,0.0771484375,0.13978908956050873,29.669328689575195,0.8303636908531189
3382,159,0.07763671875,0.1617104709148407,33.39496612548828,0.7940857410430908
3383,167,0.08154296875,0.15109162032604218,33.66890335083008,0.7913717031478882
3384,140,0.068359375,0.15188129246234894,29.43832015991211,0.8313270807266235
3385,155,0.07568359375,0.14674754440784454,28.88587760925293,0.8337118625640869
3386,155,0.07568359375,0.14598985016345978,28.95920181274414,0.836333155632019
3387,221,0.10791015625,0.11085344851016998,31.815378189086914,0.8025539517402649
3388,214,0.1044921875,0.11433057487010956,32.61827850341797,0.7954806089401245
3389,182,0.0888671875,0.1311054527759552,29.250778198242188,0.8290483951568604
3390,181,0.08837890625,0.12547288835048676,28.105724334716797,0.8421865105628967
3391,189,0.09228515625,0.13301974534988403,31.755937576293945,0.801251232624054
3392,185,0.09033203125,0.14482536911964417,33.07265090942383,0.7943498492240906
3393,177,0.08642578125,0.13331414759159088,29.178852081298828,0.8299432992935181
3394,145,0.07080078125,0.17167384922504425,32.11527633666992,0.8000510334968567
3395,131,0.06396484375,0.19565963745117188,33.83588790893555,0.7819951176643372
3396,141,0.06884765625,0.1839003711938858,39.063541412353516,0.7237403392791748
3397,127,0.06201171875,0.1685071736574173,36.097232818603516,0.7570586204528809
3398,121,0.05908203125,0.16548636555671692,35.46516799926758,0.7597728967666626
3399,152,0.07421875,0.17993277311325073,38.81474685668945,0.7288508415222168
3400,218,0.1064453125,0.18947874009609222,34.49750900268555,0.7841394543647766
3401,179,0.08740234375,0.1852932721376419,34.58051300048828,0.7766380310058594
3402,228,0.111328125,0.16904592514038086,33.830848693847656,0.7861180305480957
3403,197,0.09619140625,0.16512329876422882,32.859161376953125,0.7978247404098511
3404,215,0.10498046875,0.1324695497751236,33.29262924194336,0.7842100858688354
3405,181,0.08837890625,0.1187533289194107,32.284332275390625,0.7945892214775085
3406,226,0.1103515625,0.14004185795783997,35.597007751464844,0.7575186491012573
3407,233,0.11376953125,0.12740814685821533,34.8844108581543,0.7596907019615173
3408,261,0.12744140625,0.14709727466106415,35.80598068237305,0.7451329827308655
3409,261,0.12744140625,0.12642055749893188,32.29637908935547,0.7817476391792297
3410,260,0.126953125,0.13749681413173676,35.35588836669922,0.7689855694770813
3411,277,0.13525390625,0.14412660896778107,32.9737548828125,0.7995942234992981
3412,274,0.1337890625,0.1461583375930786,32.73927307128906,0.8005117774009705
3413,254,0.1240234375,0.1390681117773056,32.351295471191406,0.8086380362510681
3414,264,0.12890625,0.12467525899410248,33.963401794433594,0.7883515954017639
3415,271,0.13232421875,0.12123950570821762,34.74688720703125,0.7802903652191162
3416,300,0.146484375,0.13515570759773254,36.132415771484375,0.7689928412437439
3417,276,0.134765625,0.1305377036333084,33.78573989868164,0.7913805246353149
3418,268,0.130859375,0.13438118994235992,32.45915222167969,0.8077473640441895
3419,269,0.13134765625,0.1448233276605606,34.2122802734375,0.7825292944908142
3420,290,0.1416015625,0.14414873719215393,34.62604522705078,0.78128582239151
3421,280,0.13671875,0.14168857038021088,34.23591613769531,0.7857573628425598
3422,263,0.12841796875,0.13173198699951172,32.47616958618164,0.8054981231689453
3423,283,0.13818359375,0.12676697969436646,32.51313400268555,0.8038493394851685
3424,366,0.1787109375,0.12123064696788788,33.78895950317383,0.7923659086227417
3425,378,0.1845703125,0.1206606850028038,33.41376495361328,0.789107084274292
3426,361,0.17626953125,0.11063439399003983,31.008907318115234,0.8096668720245361
3427,340,0.166015625,0.12030746042728424,32.37541961669922,0.8057985305786133
3428,355,0.17333984375,0.11033773422241211,31.284751892089844,0.812784731388092
3429,357,0.17431640625,0.10960842669010162,29.947776794433594,0.8262168169021606
3430,336,0.1640625,0.13502295315265656,30.590763092041016,0.8215588927268982
3431,312,0.15234375,0.1485251486301422,32.092288970947266,0.8057681918144226
3432,312,0.15234375,0.1416621059179306,31.155288696289062,0.8161472678184509
3433,307,0.14990234375,0.14202511310577393,30.73556137084961,0.8198055028915405
3434,319,0.15576171875,0.14054356515407562,30.74578094482422,0.816734790802002
3435,278,0.1357421875,0.15005093812942505,31.383378982543945,0.8154348731040955
3436,261,0.12744140625,0.1528734266757965,31.97595977783203,0.8091678619384766
3437,260,0.126953125,0.15435229241847992,32.74892807006836,0.7951046824455261
3438,264,0.12890625,0.16311192512512207,33.51836395263672,0.7844011783599854
3439,274,0.1337890625,0.1650722473859787,32.40453338623047,0.7980615496635437
3440,127,0.06201171875,0.14312760531902313,27.68570899963379,0.8443195819854736
3441,124,0.060546875,0.14406345784664154,25.768253326416016,0.8638277649879456
3442,109,0.05322265625,0.14522883296012878,24.73714256286621,0.8716548085212708
3443,119,0.05810546875,0.1391841322183609,25.63780975341797,0.8642335534095764
3444,116,0.056640625,0.14652800559997559,25.62279510498047,0.8619321584701538
3445,104,0.05078125,0.15569192171096802,24.68133544921875,0.8742311000823975
3446,96,0.046875,0.16669073700904846,26.262998580932617,0.8621599078178406
3447,78,0.0380859375,0.17890724539756775,31.361494064331055,0.8155017495155334
3448,66,0.0322265625,0.18053916096687317,31.190460205078125,0.825900673866272
3449,69,0.03369140625,0.17971010506153107,30.33912467956543,0.8328688144683838
3450,68,0.033203125,0.18958868086338043,31.74640655517578,0.8184992671012878
3451,70,0.0341796875,0.1610921174287796,31.879735946655273,0.8108295202255249
3452,70,0.0341796875,0.18614894151687622,31.991741180419922,0.8112465739250183
3453,79,0.03857421875,0.1846708357334137,31.552885055541992,0.8153005838394165
3454,85,0.04150390625,0.18734115362167358,31.27936553955078,0.8167240023612976
3455,79,0.03857421875,0.19257573783397675,31.28029441833496,0.8139885067939758
3456,81,0.03955078125,0.18517182767391205,30.679323196411133,0.8217479586601257
3457,83,0.04052734375,0.18301305174827576,28.77202606201172,0.8426377773284912
3458,74,0.0361328125,0.17783048748970032,28.014652252197266,0.8463067412376404
3459,74,0.0361328125,0.1801825761795044,29.232715606689453,0.832544207572937
3460,81,0.03955078125,0.15926213562488556,28.772220611572266,0.8349345922470093
3461,99,0.04833984375,0.16610126197338104,28.799022674560547,0.8442255854606628
3462,93,0.04541015625,0.1639356166124344,27.989978790283203,0.8463322520256042
3463,91,0.04443359375,0.165289044380188,26.849145889282227,0.8529973030090332
3464,83,0.04052734375,0.15979979932308197,25.758686065673828,0.8666742444038391
3465,93,0.04541015625,0.15282203257083893,27.914640426635742,0.8500176072120667
3466,109,0.05322265625,0.16494667530059814,27.011472702026367,0.8566213250160217
3467,129,0.06298828125,0.14796672761440277,26.509319305419922,0.8570662140846252
3468,141,0.06884765625,0.14683988690376282,26.087373733520508,0.8631521463394165
3469,123,0.06005859375,0.1590464562177658,30.118988037109375,0.8235567808151245
3470,89,0.04345703125,0.15374252200126648,29.759021759033203,0.8282039761543274
3471,78,0.0380859375,0.1643160879611969,30.27499008178711,0.8311401605606079
3472,68,0.033203125,0.19598020613193512,29.575284957885742,0.8313778638839722
3473,66,0.0322265625,0.19603107869625092,31.497854232788086,0.811530351638794
3474,63,0.03076171875,0.18023227155208588,30.58889389038086,0.821172297000885
3475,61,0.02978515625,0.16599152982234955,27.811466217041016,0.8549968600273132
3476,84,0.041015625,0.15632930397987366,30.9589900970459,0.8167931437492371
3477,80,0.0390625,0.16623173654079437,30.99551773071289,0.8222250938415527
3478,74,0.0361328125,0.17573070526123047,29.75530242919922,0.8374792337417603
3479,82,0.0400390625,0.17450883984565735,31.48723602294922,0.8158148527145386
3480,723,0.35302734375,0.1371007114648819,47.34431838989258,0.62511146068573
3481,1090,0.5322265625,0.12753160297870636,60.541656494140625,0.4583134651184082
3482,653,0.31884765625,0.13240709900856018,47.88071823120117,0.6190828680992126
3483,855,0.41748046875,0.11951110512018204,52.51991653442383,0.5594069957733154
3484,1280,0.625,0.08598692715167999,52.143653869628906,0.5629760026931763
3485,780,0.380859375,0.08423583954572678,36.56601333618164,0.7515910863876343
3486,1414,0.6904296875,0.09677989780902863,52.70672607421875,0.5483834147453308
3487,704,0.34375,0.10736849159002304,33.925254821777344,0.7759878039360046
3488,762,0.3720703125,0.07789666950702667,34.54537582397461,0.7759397029876709
3489,570,0.2783203125,0.11726497858762741,32.154144287109375,0.7991253137588501
3490,857,0.41845703125,0.07142911851406097,46.892791748046875,0.6368045806884766
3491,1545,0.75439453125,0.06246675178408623,49.82394790649414,0.6084076166152954
3492,1751,0.85498046875,0.059152062982320786,48.01759719848633,0.6282099485397339
3493,1648,0.8046875,0.055127181112766266,47.70669174194336,0.6335998177528381
3494,1607,0.78466796875,0.05636397749185562,48.08919906616211,0.6292215585708618
3495,1040,0.5078125,0.09523239731788635,41.67230987548828,0.7060503959655762
3496,956,0.466796875,0.10467982292175293,42.75977325439453,0.6961077451705933
3497,1151,0.56201171875,0.05971885100007057,55.362483978271484,0.5342990159988403
3498,625,0.30517578125,0.13728968799114227,43.51224899291992,0.6944403052330017
3499,885,0.43212890625,0.11850283294916153,27.577678680419922,0.8424214124679565
3500,854,0.4169921875,0.12074680626392365,35.09833908081055,0.7817619442939758
3501,1127,0.55029296875,0.12111841887235641,33.92709732055664,0.7760756015777588
3502,974,0.4755859375,0.12274382263422012,30.95848274230957,0.8171352744102478
3503,522,0.2548828125,0.12899063527584076,37.354305267333984,0.761949360370636
3504,511,0.24951171875,0.14571280777454376,36.823585510253906,0.7655505537986755
3505,1473,0.71923828125,0.11529654264450073,55.890289306640625,0.5265619158744812
3506,586,0.2861328125,0.13451068103313446,33.21526336669922,0.8069106340408325
3507,599,0.29248046875,0.11840859055519104,34.426212310791016,0.7859315276145935
3508,1061,0.51806640625,0.104521743953228,47.4172477722168,0.6254094839096069
3509,1071,0.52294921875,0.11785713583230972,42.502418518066406,0.6932538747787476
3510,1030,0.5029296875,0.12198901921510696,40.58837127685547,0.7182121872901917
3511,1045,0.51025390625,0.11998718231916428,41.14019775390625,0.7131010293960571
3512,777,0.37939453125,0.14577160775661469,35.26701736450195,0.7766631841659546
3513,719,0.35107421875,0.1523861289024353,37.808143615722656,0.7503033876419067
3514,1183,0.57763671875,0.1168624609708786,26.104345321655273,0.8493744134902954
3515,1310,0.6396484375,0.10211251676082611,26.899227142333984,0.8442654013633728
3516,1603,0.78271484375,0.09712424874305725,32.86781311035156,0.7807236313819885
3517,1593,0.77783203125,0.08231239765882492,42.89142608642578,0.693877637386322
3518,822,0.4013671875,0.14506562054157257,39.069705963134766,0.7325747013092041
3519,1171,0.57177734375,0.08254047483205795,60.929962158203125,0.4558883011341095
3520,70,0.0341796875,0.2045198678970337,37.80317687988281,0.745846688747406
3521,66,0.0322265625,0.20132717490196228,38.41414260864258,0.7413886189460754
3522,69,0.03369140625,0.21622024476528168,37.922157287597656,0.7421642541885376
3523,71,0.03466796875,0.21121644973754883,34.9246826171875,0.7776677012443542
3524,74,0.0361328125,0.19873736798763275,35.575645446777344,0.7632384300231934
3525,73,0.03564453125,0.19630739092826843,32.50070571899414,0.8028291463851929
3526,75,0.03662109375,0.1773325651884079,30.791412353515625,0.8239865303039551
3527,72,0.03515625,0.1807694137096405,32.60785675048828,0.7932590842247009
3528,76,0.037109375,0.1954052746295929,30.696012496948242,0.8260756731033325
3529,77,0.03759765625,0.17584680020809174,30.09392738342285,0.8229808211326599
3530,81,0.03955078125,0.19939838349819183,33.54475021362305,0.7851718664169312
3531,87,0.04248046875,0.20685391128063202,34.37547302246094,0.7825832962989807
3532,91,0.04443359375,0.23356541991233826,36.803810119628906,0.751116156578064
3533,81,0.03955078125,0.18103241920471191,33.25826644897461,0.7939711213111877
3534,80,0.0390625,0.20054982602596283,33.45337677001953,0.794642448425293
3535,76,0.037109375,0.19473032653331757,31.741046905517578,0.8126034736633301
3536,73,0.03564453125,0.19585315883159637,32.580291748046875,0.8011693358421326
3537,75,0.03662109375,0.12359487265348434,32.49217987060547,0.8029728531837463
3538,76,0.037109375,0.12590619921684265,31.5377254486084,0.8148645758628845
3539,75,0.03662109375,0.12276757508516312,33.14224624633789,0.7912942171096802
3540,84,0.041015625,0.13475850224494934,33.14688491821289,0.7957562804222107
3541,78,0.0380859375,0.14422911405563354,31.746328353881836,0.8080094456672668
3542,76,0.037109375,0.11933334171772003,31.059513092041016,0.816694974899292
3543,72,0.03515625,0.1427856981754303,33.646793365478516,0.7905161380767822
3544,72,0.03515625,0.1332790106534958,32.53290557861328,0.8057208061218262
3545,77,0.03759765625,0.13290885090827942,32.72285461425781,0.80263352394104
3546,80,0.0390625,0.1427101045846939,32.784339904785156,0.805235743522644
3547,74,0.0361328125,0.13549832999706268,32.89178466796875,0.8051971197128296
3548,81,0.03955078125,0.13405798375606537,34.09785079956055,0.7891123294830322
3549,85,0.04150390625,0.13171908259391785,35.093482971191406,0.7807572484016418
3550,89,0.04345703125,0.17289866507053375,36.99501419067383,0.7614834308624268
3551,83,0.04052734375,0.1375257521867752,34.23004913330078,0.7888351082801819
3552,82,0.0400390625,0.12887369096279144,33.49458694458008,0.794982373714447
3553,80,0.0390625,0.12932710349559784,33.832218170166016,0.7959058284759521
3554,86,0.0419921875,0.14534986019134521,34.634986877441406,0.7895665764808655
3555,84,0.041015625,0.1351000964641571,34.774749755859375,0.7858139276504517
3556,91,0.04443359375,0.14402605593204498,33.693790435791016,0.799857497215271
3557,79,0.03857421875,0.12696409225463867,34.464962005615234,0.7909891605377197
3558,81,0.03955078125,0.19224025309085846,36.189720153808594,0.7727677822113037
3559,75,0.03662109375,0.14367102086544037,36.47258758544922,0.7589528560638428
3560,254,0.1240234375,0.14597287774085999,29.167173385620117,0.8231947422027588
3561,247,0.12060546875,0.12838292121887207,29.189680099487305,0.8276547789573669
3562,231,0.11279296875,0.12027233093976974,28.32240104675293,0.8313905596733093
3563,196,0.095703125,0.10709023475646973,27.205224990844727,0.8483408093452454
3564,208,0.1015625,0.10487329959869385,27.782398223876953,0.8458892107009888
3565,218,0.1064453125,0.10497747361660004,27.62916374206543,0.8465964794158936
3566,225,0.10986328125,0.10898329317569733,28.697656631469727,0.8364086747169495
3567,228,0.111328125,0.11278257519006729,27.749719619750977,0.8412796258926392
3568,228,0.111328125,0.12774845957756042,30.669050216674805,0.8073590993881226
3569,272,0.1328125,0.134133979678154,29.7867431640625,0.816578209400177
3570,240,0.1171875,0.1186816543340683,26.892393112182617,0.8432406187057495
3571,227,0.11083984375,0.12268595397472382,27.366077423095703,0.8448460102081299
3572,221,0.10791015625,0.11515709012746811,28.03350830078125,0.8447780609130859
3573,204,0.099609375,0.11389999836683273,26.102603912353516,0.8623656630516052
3574,226,0.1103515625,0.12589329481124878,27.26262855529785,0.8409576416015625
3575,240,0.1171875,0.11402880400419235,26.66570281982422,0.8480923771858215
3576,214,0.1044921875,0.11132167279720306,25.867664337158203,0.8578837513923645
3577,238,0.1162109375,0.1154026985168457,27.353878021240234,0.8383277058601379
3578,255,0.12451171875,0.13283683359622955,30.482938766479492,0.8058371543884277
3579,229,0.11181640625,0.12771722674369812,28.069915771484375,0.832879364490509
3580,237,0.11572265625,0.12476387619972229,26.641664505004883,0.8493379950523376
3581,226,0.1103515625,0.12344509363174438,26.14560317993164,0.853426456451416
3582,255,0.12451171875,0.13214869797229767,27.613279342651367,0.8384193778038025
3583,249,0.12158203125,0.13197806477546692,28.437856674194336,0.8274752497673035
3584,240,0.1171875,0.12805213034152985,26.61402130126953,0.8578094244003296
3585,235,0.11474609375,0.12267791479825974,27.30925750732422,0.8454739451408386
3586,219,0.10693359375,0.126749187707901,27.63874626159668,0.8426521420478821
3587,215,0.10498046875,0.11504484713077545,26.442249298095703,0.8577438592910767
3588,205,0.10009765625,0.1065279021859169,28.253923416137695,0.8358777761459351
3589,207,0.10107421875,0.11264298111200333,29.706703186035156,0.8181314468383789
3590,191,0.09326171875,0.12036418169736862,29.601266860961914,0.820749819278717
3591,196,0.095703125,0.12445151060819626,28.332260131835938,0.832059919834137
3592,198,0.0966796875,0.1474515199661255,29.385377883911133,0.8223210573196411
3593,190,0.0927734375,0.14403164386749268,29.994348526000977,0.8197376728057861
3594,200,0.09765625,0.1352025419473648,28.019577026367188,0.8424713015556335
3595,212,0.103515625,0.14083531498908997,29.30277442932129,0.8321707844734192
3596,160,0.078125,0.12614105641841888,31.118419647216797,0.8201239705085754
3597,179,0.08740234375,0.12677761912345886,30.572593688964844,0.8157814145088196
3598,181,0.08837890625,0.11782564222812653,29.222930908203125,0.8296693563461304
3599,162,0.0791015625,0.11300917714834213,29.565067291259766,0.8243825435638428
3600,177,0.08642578125,0.11927924305200577,32.09733200073242,0.8057938814163208
3601,173,0.08447265625,0.1149769201874733,32.812191009521484,0.7940137386322021
3602,185,0.09033203125,0.11903227865695953,31.962251663208008,0.8012409806251526
3603,184,0.08984375,0.11661985516548157,31.102825164794922,0.8097532391548157
3604,184,0.08984375,0.12451310455799103,32.913429260253906,0.7922607660293579
3605,168,0.08203125,0.12190348654985428,31.8807430267334,0.805578887462616
3606,159,0.07763671875,0.12705190479755402,32.29126739501953,0.80326908826828
3607,160,0.078125,0.1308106929063797,32.7085075378418,0.792802095413208
3608,165,0.08056640625,0.13118022680282593,32.2324104309082,0.7989538311958313
3609,173,0.08447265625,0.12711720168590546,30.16749382019043,0.8249600529670715
3610,187,0.09130859375,0.1338711977005005,31.245532989501953,0.8040391802787781
3611,199,0.09716796875,0.12489508837461472,32.733909606933594,0.7967095375061035
3612,186,0.0908203125,0.13626991212368011,31.516124725341797,0.8113893866539001
3613,165,0.08056640625,0.13013103604316711,30.597200393676758,0.8199439644813538
3614,168,0.08203125,0.13193441927433014,31.423789978027344,0.8104797601699829
3615,154,0.0751953125,0.1139417514204979,30.90750503540039,0.8104687929153442
3616,154,0.0751953125,0.11238983273506165,32.22581481933594,0.798554003238678
3617,152,0.07421875,0.11930572241544724,33.49897384643555,0.7905270457267761
3618,141,0.06884765625,0.10938525944948196,33.125728607177734,0.7979991436004639
3619,149,0.07275390625,0.12137065827846527,33.30414962768555,0.7941064238548279
3620,148,0.072265625,0.11750233173370361,33.787452697753906,0.7950347661972046
3621,142,0.0693359375,0.11244872957468033,34.3157958984375,0.7818300724029541
3622,141,0.06884765625,0.11397725343704224,35.83774948120117,0.7673099040985107
3623,132,0.064453125,0.10409386456012726,34.40150451660156,0.7858677506446838
3624,131,0.06396484375,0.10128585249185562,33.99881362915039,0.7840433120727539
3625,123,0.06005859375,0.11709874123334885,33.17947006225586,0.8029754757881165
3626,119,0.05810546875,0.12330720573663712,35.883026123046875,0.7723252773284912
3627,115,0.05615234375,0.1269001066684723,36.739933013916016,0.7622838616371155
3628,119,0.05810546875,0.11078618466854095,31.069156646728516,0.8199400901794434
3629,117,0.05712890625,0.11866451799869537,34.58502197265625,0.7813448905944824
3630,121,0.05908203125,0.11145884543657303,33.04157638549805,0.7971320748329163
3631,121,0.05908203125,0.13141480088233948,33.43861389160156,0.7892543077468872
3632,133,0.06494140625,0.12470197677612305,31.614675521850586,0.8155534267425537
3633,139,0.06787109375,0.12595507502555847,31.439796447753906,0.8157942891120911
3634,136,0.06640625,0.12697511911392212,31.951656341552734,0.8116183876991272
3635,129,0.06298828125,0.12325283885002136,32.334388732910156,0.804002583026886
3636,125,0.06103515625,0.13682955503463745,32.79754638671875,0.804695188999176
3637,121,0.05908203125,0.128904327750206,32.876373291015625,0.8070289492607117
3638,124,0.060546875,0.1420692652463913,33.55237579345703,0.7959914803504944
3639,113,0.05517578125,0.1357068568468094,33.731414794921875,0.7970042824745178
3640,397,0.19384765625,0.11683017015457153,30.150758743286133,0.8193434476852417
3641,438,0.2138671875,0.11722274124622345,27.914295196533203,0.840156078338623
3642,501,0.24462890625,0.12103883177042007,26.074121475219727,0.8582121729850769
3643,627,0.30615234375,0.14309164881706238,25.57767105102539,0.8567564487457275
3644,538,0.2626953125,0.14000172913074493,26.056686401367188,0.8550962209701538
3645,658,0.3212890625,0.14018747210502625,23.17230987548828,0.8805721998214722
3646,605,0.29541015625,0.13936486840248108,23.675081253051758,0.8845385313034058
3647,566,0.2763671875,0.12930278480052948,25.60310935974121,0.8720646500587463
3648,602,0.2939453125,0.1411120444536209,23.170284271240234,0.8892596364021301
3649,540,0.263671875,0.14652426540851593,23.921775817871094,0.8740379810333252
3650,568,0.27734375,0.14217109978199005,21.65682029724121,0.8863257169723511
3651,649,0.31689453125,0.13310685753822327,22.475778579711914,0.8867807388305664
3652,778,0.3798828125,0.13522322475910187,21.988903045654297,0.8738828301429749
3653,727,0.35498046875,0.13442498445510864,20.181066513061523,0.8897920250892639
3654,679,0.33154296875,0.12434861063957214,22.286304473876953,0.8853588700294495
3655,622,0.3037109375,0.13025127351284027,20.155168533325195,0.9009740948677063
3656,573,0.27978515625,0.13159716129302979,22.10036849975586,0.8897822499275208
3657,611,0.29833984375,0.12074201554059982,20.7231388092041,0.9071102738380432
3658,547,0.26708984375,0.13474011421203613,20.480302810668945,0.8998783826828003
3659,558,0.2724609375,0.1305859535932541,19.843891143798828,0.9058182835578918
3660,534,0.2607421875,0.12459897994995117,22.9510555267334,0.8903048634529114
3661,534,0.2607421875,0.1251315325498581,22.33848762512207,0.9004258513450623
3662,519,0.25341796875,0.12502716481685638,22.15761947631836,0.9005998969078064
3663,589,0.28759765625,0.11386927217245102,25.09527587890625,0.873236894607544
3664,767,0.37451171875,0.10125668346881866,23.012502670288086,0.8893443942070007
3665,1068,0.521484375,0.1132684126496315,22.71401023864746,0.8729523420333862
3666,773,0.37744140625,0.08840896934270859,19.770519256591797,0.9053946137428284
3667,860,0.419921875,0.09099249541759491,22.700014114379883,0.8892543911933899
3668,1304,0.63671875,0.09409110248088837,28.632991790771484,0.8203178644180298
3669,970,0.4736328125,0.08430291712284088,27.13959312438965,0.8403512835502625
3670,828,0.404296875,0.08451136201620102,23.202180862426758,0.8821653127670288
3671,1105,0.53955078125,0.09324833750724792,25.782073974609375,0.8516359925270081
3672,491,0.23974609375,0.14298443496227264,38.52572250366211,0.7476661801338196
3673,1606,0.7841796875,0.12434867769479752,42.36116409301758,0.6985138654708862
3674,494,0.2412109375,0.1437305510044098,40.14813995361328,0.7299683690071106
3675,431,0.21044921875,0.14402584731578827,32.92853546142578,0.7982050776481628
3676,460,0.224609375,0.132057785987854,28.290128707885742,0.8453353047370911
3677,1579,0.77099609375,0.10556811094284058,39.7584342956543,0.7246084213256836
3678,1585,0.77392578125,0.11548860371112823,47.680694580078125,0.634492039680481
3679,1167,0.56982421875,0.12589748203754425,55.64686584472656,0.5290569067001343
3680,29,0.01416015625,0.20999687910079956,37.660892486572266,0.7755773067474365
3681,30,0.0146484375,0.21912361681461334,35.995853424072266,0.7914027571678162
3682,29,0.01416015625,0.2228204905986786,34.40406036376953,0.8039664626121521
3683,29,0.01416015625,0.22385098040103912,36.39229202270508,0.7800912261009216
3684,27,0.01318359375,0.23223550617694855,35.19156265258789,0.7965853810310364
3685,32,0.015625,0.18344205617904663,38.76606369018555,0.7539272308349609
3686,31,0.01513671875,0.17868688702583313,40.07381820678711,0.7336915135383606
3687,31,0.01513671875,0.1613570749759674,41.68146896362305,0.7129305005073547
3688,22,0.0107421875,0.16425757110118866,39.832576751708984,0.7475594878196716
3689,26,0.0126953125,0.1449703574180603,38.457191467285156,0.7611218094825745
3690,31,0.01513671875,0.13490711152553558,36.92742156982422,0.7788125276565552
3691,23,0.01123046875,0.14254796504974365,36.9507942199707,0.7709886431694031
3692,23,0.01123046875,0.146906316280365,34.61921310424805,0.8024561405181885
3693,25,0.01220703125,0.1510338932275772,37.77751159667969,0.7631899118423462
3694,22,0.0107421875,0.15618236362934113,38.012149810791016,0.7659759521484375
3695,28,0.013671875,0.14378604292869568,37.179779052734375,0.7675718069076538
3696,23,0.01123046875,0.14369425177574158,35.919918060302734,0.7823492288589478
3697,19,0.00927734375,0.14750443398952484,36.772613525390625,0.7789110541343689
3698,20,0.009765625,0.1478763371706009,39.69977569580078,0.7358223795890808
3699,20,0.009765625,0.13240917026996613,34.7411003112793,0.7844716310501099
3700,15,0.00732421875,0.1473260074853897,33.50408172607422,0.804165780544281
3701,14,0.0068359375,0.13908922672271729,31.411935806274414,0.8232194185256958
3702,17,0.00830078125,0.13332605361938477,31.82085418701172,0.8150703310966492
3703,24,0.01171875,0.1270194798707962,34.099239349365234,0.7991968989372253
3704,24,0.01171875,0.13199448585510254,34.098148345947266,0.7939063906669617
3705,22,0.0107421875,0.13538478314876556,31.328474044799805,0.8209958672523499
3706,20,0.009765625,0.14812427759170532,36.29778289794922,0.7816494703292847
3707,22,0.0107421875,0.1501978039741516,36.477577209472656,0.7814960479736328
3708,20,0.009765625,0.151063933968544,36.18397903442383,0.7791979908943176
3709,18,0.0087890625,0.14875097572803497,32.76436233520508,0.8094835877418518
3710,25,0.01220703125,0.13404105603694916,33.42232894897461,0.8089098930358887
3711,24,0.01171875,0.1653183549642563,36.91853713989258,0.7691003680229187
3712,38,0.0185546875,0.14559461176395416,37.58056640625,0.7484254240989685
3713,35,0.01708984375,0.14323027431964874,34.30942916870117,0.7986243963241577
3714,42,0.0205078125,0.1410665512084961,36.87382125854492,0.7660202980041504
3715,45,0.02197265625,0.14319519698619843,37.50223159790039,0.7560926079750061
3716,49,0.02392578125,0.141766756772995,36.92918395996094,0.7650924324989319
3717,48,0.0234375,0.14744725823402405,37.69548034667969,0.7515988349914551
3718,51,0.02490234375,0.13189755380153656,37.273780822753906,0.7620720267295837
3719,55,0.02685546875,0.13693483173847198,39.55988693237305,0.7406299114227295
3720,350,0.1708984375,0.15162207186222076,27.518409729003906,0.8421751260757446
3721,379,0.18505859375,0.1503266990184784,26.505464553833008,0.8532261252403259
3722,387,0.18896484375,0.14301255345344543,27.42902374267578,0.8408582210540771
3723,397,0.19384765625,0.13935624063014984,27.83815574645996,0.8374971747398376
3724,392,0.19140625,0.1451684981584549,27.143259048461914,0.8422417640686035
3725,398,0.1943359375,0.1426764875650406,26.480554580688477,0.8489751219749451
3726,409,0.19970703125,0.14627224206924438,26.158174514770508,0.8601997494697571
3727,351,0.17138671875,0.14865697920322418,28.822093963623047,0.8337897658348083
3728,365,0.17822265625,0.1540733426809311,27.317596435546875,0.8490028977394104
3729,377,0.18408203125,0.14635376632213593,27.221384048461914,0.8440642356872559
3730,415,0.20263671875,0.15758489072322845,28.081247329711914,0.834784746170044
3731,359,0.17529296875,0.15280522406101227,27.093584060668945,0.8484096527099609
3732,393,0.19189453125,0.15232281386852264,25.67916488647461,0.8594580292701721
3733,337,0.16455078125,0.15623041987419128,26.487812042236328,0.8485276103019714
3734,377,0.18408203125,0.15853305160999298,25.416154861450195,0.8604941368103027
3735,453,0.22119140625,0.1433131843805313,26.71316909790039,0.857133150100708
3736,491,0.23974609375,0.14615143835544586,28.3358097076416,0.8396948575973511
3737,547,0.26708984375,0.15164674818515778,27.24362564086914,0.8406290411949158
3738,480,0.234375,0.14368563890457153,24.495067596435547,0.8722081780433655
3739,488,0.23828125,0.14189456403255463,26.295581817626953,0.8462546467781067
3740,423,0.20654296875,0.1511305719614029,25.556114196777344,0.8578141927719116
3741,413,0.20166015625,0.13581186532974243,25.18930435180664,0.86241215467453
3742,373,0.18212890625,0.13270851969718933,24.99281883239746,0.8629433512687683
3743,412,0.201171875,0.13441503047943115,25.05655288696289,0.8627308011054993
3744,384,0.1875,0.13774406909942627,26.538610458374023,0.855721652507782
3745,474,0.2314453125,0.1382455825805664,25.273082733154297,0.8624507188796997
3746,507,0.24755859375,0.1405118703842163,25.17323875427246,0.859619140625
3747,513,0.25048828125,0.14308522641658783,25.796478271484375,0.8547294735908508
3748,496,0.2421875,0.14305129647254944,25.21548843383789,0.8608594536781311
3749,493,0.24072265625,0.13895811140537262,25.817556381225586,0.8568448424339294
3750,484,0.236328125,0.1377231925725937,27.286876678466797,0.8450741171836853
3751,578,0.2822265625,0.13934947550296783,28.985443115234375,0.8272321820259094
3752,617,0.30126953125,0.14036619663238525,30.965803146362305,0.8114014863967896
3753,650,0.3173828125,0.14460310339927673,30.022085189819336,0.8232331871986389
3754,674,0.3291015625,0.1481897383928299,29.635412216186523,0.8259961009025574
3755,738,0.3603515625,0.15908172726631165,31.220552444458008,0.8080884218215942
3756,912,0.4453125,0.16915692389011383,30.112741470336914,0.8138067722320557
3757,715,0.34912109375,0.16566330194473267,33.888336181640625,0.772711455821991
3758,714,0.3486328125,0.16457132995128632,35.138126373291016,0.7563892602920532
3759,746,0.3642578125,0.16736531257629395,36.692787170410156,0.7389377355575562
3760,109,0.05322265625,0.15994855761528015,32.77302551269531,0.8024207353591919
3761,103,0.05029296875,0.15168175101280212,31.12118148803711,0.8226187229156494
3762,93,0.04541015625,0.14545102417469025,30.97675132751465,0.8212077021598816
3763,94,0.0458984375,0.1448018103837967,31.121864318847656,0.8140125870704651
3764,102,0.0498046875,0.1448277235031128,32.488502502441406,0.801128089427948
3765,99,0.04833984375,0.14544570446014404,33.49824523925781,0.8022098541259766
3766,103,0.05029296875,0.14466296136379242,31.10640525817871,0.8204497694969177
3767,92,0.044921875,0.1414148211479187,33.18722152709961,0.7935203313827515
3768,90,0.0439453125,0.13741788268089294,31.83477020263672,0.8129457235336304
3769,108,0.052734375,0.13903820514678955,33.224021911621094,0.797809362411499
3770,117,0.05712890625,0.140216663479805,32.61886215209961,0.8056257367134094
3771,125,0.06103515625,0.13742250204086304,31.82769012451172,0.8118264079093933
3772,128,0.0625,0.13671396672725677,32.00337600708008,0.8124880790710449
3773,134,0.0654296875,0.12778322398662567,34.0292854309082,0.7857027649879456
3774,121,0.05908203125,0.1256469041109085,33.886863708496094,0.7895405888557434
3775,119,0.05810546875,0.12331432849168777,31.865938186645508,0.8122873306274414
3776,121,0.05908203125,0.1330883502960205,32.897438049316406,0.8009220957756042
3777,133,0.06494140625,0.13324448466300964,33.001251220703125,0.7956957221031189
3778,136,0.06640625,0.13516683876514435,32.475685119628906,0.8030217289924622
3779,132,0.064453125,0.12882721424102783,32.1995964050293,0.8074002265930176
3780,130,0.0634765625,0.14166952669620514,32.503292083740234,0.8047788143157959
3781,124,0.060546875,0.13039036095142365,32.94877624511719,0.7986907958984375
3782,120,0.05859375,0.13590839505195618,31.86655044555664,0.813536524772644
3783,116,0.056640625,0.13088931143283844,31.44929313659668,0.8165959119796753
3784,113,0.05517578125,0.13709355890750885,32.736820220947266,0.8082590103149414
3785,112,0.0546875,0.13373899459838867,32.66630935668945,0.8067760467529297
3786,102,0.0498046875,0.13976220786571503,30.986330032348633,0.8253012299537659
3787,108,0.052734375,0.13513055443763733,31.899791717529297,0.8151997923851013
3788,106,0.0517578125,0.14367562532424927,31.96571159362793,0.8193575739860535
3789,115,0.05615234375,0.14731547236442566,32.30315399169922,0.8128312230110168
3790,110,0.0537109375,0.14666976034641266,31.34247398376465,0.8233811259269714
3791,109,0.05322265625,0.14112789928913116,30.424497604370117,0.8327183127403259
3792,100,0.048828125,0.14577056467533112,30.975889205932617,0.8236942887306213
3793,109,0.05322265625,0.14254635572433472,33.11933135986328,0.8028817176818848
3794,92,0.044921875,0.1500297486782074,34.42699432373047,0.7841667532920837
3795,90,0.0439453125,0.1580255627632141,33.067771911621094,0.8020400404930115
3796,90,0.0439453125,0.16333411633968353,32.62093734741211,0.812588095664978
3797,114,0.0556640625,0.15991263091564178,35.481842041015625,0.7787157893180847
3798,103,0.05029296875,0.1588849425315857,34.458980560302734,0.786026656627655
3799,109,0.05322265625,0.1612655371427536,35.965660095214844,0.7632998824119568
3800,221,0.10791015625,0.13628703355789185,32.48362350463867,0.8008840680122375
3801,219,0.10693359375,0.13333313167095184,32.78285217285156,0.7958477735519409
3802,217,0.10595703125,0.1310393512248993,32.84170150756836,0.792499303817749
3803,250,0.1220703125,0.12887626886367798,32.23894500732422,0.8046593070030212
3804,242,0.1181640625,0.12489471584558487,33.7327880859375,0.7854001522064209
3805,227,0.11083984375,0.1256130337715149,33.37613296508789,0.7919741868972778
3806,253,0.12353515625,0.12431735545396805,33.009620666503906,0.7943609952926636
3807,268,0.130859375,0.12343820184469223,33.779178619384766,0.784013569355011
3808,293,0.14306640625,0.1195535734295845,33.167137145996094,0.7889004349708557
3809,307,0.14990234375,0.11891470104455948,32.854557037353516,0.7905982136726379
3810,284,0.138671875,0.1165706217288971,32.60094451904297,0.7948378324508667
3811,310,0.1513671875,0.11878887563943863,32.49644470214844,0.7966458201408386
3812,321,0.15673828125,0.13373695313930511,34.3940544128418,0.772594153881073
3813,293,0.14306640625,0.1278514266014099,34.26875686645508,0.7784887552261353
3814,317,0.15478515625,0.11854907125234604,33.424217224121094,0.7853542566299438
3815,347,0.16943359375,0.11782877892255783,34.17606735229492,0.777719259262085
3816,305,0.14892578125,0.12493212521076202,34.49541473388672,0.7763691544532776
3817,282,0.1376953125,0.11926230788230896,33.142269134521484,0.7929240465164185
3818,268,0.130859375,0.1220029890537262,33.03120803833008,0.7944027185440063
3819,271,0.13232421875,0.11772911995649338,33.6995964050293,0.7849265336990356
3820,359,0.17529296875,0.11914841830730438,31.0401668548584,0.813651442527771
3821,376,0.18359375,0.11700384318828583,31.140361785888672,0.8091448545455933
3822,449,0.21923828125,0.12079086899757385,30.614805221557617,0.8171470165252686
3823,415,0.20263671875,0.12069880962371826,29.779788970947266,0.8260108232498169
3824,448,0.21875,0.12589433789253235,30.98521614074707,0.8150065541267395
3825,456,0.22265625,0.12546463310718536,31.092266082763672,0.8124484419822693
3826,413,0.20166015625,0.12256405502557755,31.35675048828125,0.8095444440841675
3827,400,0.1953125,0.11637001484632492,30.879467010498047,0.810529351234436
3828,446,0.2177734375,0.12947781383991241,30.022348403930664,0.8216630816459656
3829,484,0.236328125,0.12693780660629272,28.954946517944336,0.8319448232650757
3830,567,0.27685546875,0.15016840398311615,29.01450538635254,0.8308627605438232
3831,571,0.27880859375,0.1519649773836136,29.492149353027344,0.8232160210609436
3832,562,0.2744140625,0.14679943025112152,28.39222526550293,0.8353783488273621
3833,435,0.21240234375,0.13546346127986908,29.308265686035156,0.8285292387008667
3834,378,0.1845703125,0.1343146413564682,29.753381729125977,0.8256626725196838
3835,466,0.2275390625,0.13273268938064575,28.5673885345459,0.8342126607894897
3836,453,0.22119140625,0.13152018189430237,31.267484664916992,0.8105177283287048
3837,473,0.23095703125,0.12454967200756073,31.544729232788086,0.8045465350151062
3838,548,0.267578125,0.13829129934310913,30.39012908935547,0.8156096935272217
3839,512,0.25,0.13244472444057465,33.87082290649414,0.7827956676483154
3840,438,0.2138671875,0.1633167564868927,30.842456817626953,0.8172181844711304
3841,352,0.171875,0.15772053599357605,34.31424331665039,0.7842471599578857
3842,383,0.18701171875,0.1547401249408722,32.721580505371094,0.7969970107078552
3843,418,0.2041015625,0.14835965633392334,33.14839553833008,0.7928624749183655
3844,472,0.23046875,0.15247102081775665,31.364511489868164,0.8041529059410095
3845,503,0.24560546875,0.1257934719324112,30.296585083007812,0.8205516934394836
3846,517,0.25244140625,0.1392662525177002,31.339202880859375,0.8133540153503418
3847,465,0.22705078125,0.11628792434930801,29.581783294677734,0.832720935344696
3848,445,0.21728515625,0.1224161759018898,29.599140167236328,0.8335584402084351
3849,412,0.201171875,0.1235973984003067,29.812301635742188,0.8324171900749207
3850,413,0.20166015625,0.11914054304361343,31.474571228027344,0.8177659511566162
3851,430,0.2099609375,0.1285574585199356,31.447919845581055,0.8146426677703857
3852,405,0.19775390625,0.12623493373394012,31.889745712280273,0.811569094657898
3853,393,0.19189453125,0.12979155778884888,31.85519790649414,0.8101156949996948
3854,421,0.20556640625,0.1502302885055542,34.49178695678711,0.7831541895866394
3855,374,0.1826171875,0.14649824798107147,32.37165832519531,0.8090858459472656
3856,375,0.18310546875,0.1470024734735489,32.98377227783203,0.7992206811904907
3857,382,0.1865234375,0.16321109235286713,33.402042388916016,0.7937139272689819
3858,359,0.17529296875,0.1535871922969818,33.29990768432617,0.794325053691864
3859,327,0.15966796875,0.14100806415081024,33.04837417602539,0.7915360331535339
3860,405,0.19775390625,0.13537755608558655,34.7496337890625,0.7723137736320496
3861,414,0.2021484375,0.1571829468011856,34.68741226196289,0.7777382731437683
3862,411,0.20068359375,0.12029680609703064,34.091094970703125,0.7820667624473572
3863,418,0.2041015625,0.13567586243152618,33.10205841064453,0.7952566146850586
3864,430,0.2099609375,0.12954187393188477,32.908634185791016,0.79727703332901
3865,405,0.19775390625,0.12290085852146149,32.946868896484375,0.7943816184997559
3866,373,0.18212890625,0.1209864690899849,32.67858123779297,0.8010400533676147
3867,408,0.19921875,0.12621964514255524,30.670543670654297,0.8245964646339417
3868,388,0.189453125,0.13535860180854797,31.49587059020996,0.8158994317054749
3869,384,0.1875,0.13151240348815918,30.70232391357422,0.8249338269233704
3870,377,0.18408203125,0.1388484090566635,31.42469024658203,0.812957763671875
3871,414,0.2021484375,0.1412152647972107,31.733348846435547,0.8095043301582336
3872,407,0.19873046875,0.12768346071243286,30.504579544067383,0.8269407153129578
3873,384,0.1875,0.12361739575862885,32.70469284057617,0.8015581965446472
3874,397,0.19384765625,0.12750059366226196,31.687633514404297,0.8148322701454163
3875,374,0.1826171875,0.1294141411781311,32.20055389404297,0.8059708476066589
3876,341,0.16650390625,0.14516393840312958,32.252479553222656,0.8030869960784912
3877,361,0.17626953125,0.16616837680339813,33.190433502197266,0.7939835786819458
3878,324,0.158203125,0.19020745158195496,33.81147766113281,0.7893933653831482
3879,334,0.1630859375,0.17670072615146637,35.158687591552734,0.7732738852500916
3880,115,0.05615234375,0.20940712094306946,40.80641174316406,0.7113465666770935
3881,107,0.05224609375,0.20425614714622498,39.18033981323242,0.7350543141365051
3882,84,0.041015625,0.1873815357685089,34.67033386230469,0.783536434173584
3883,86,0.0419921875,0.18877850472927094,35.315513610839844,0.7764073610305786
3884,86,0.0419921875,0.19527356326580048,34.92159652709961,0.7840852737426758
3885,91,0.04443359375,0.19417907297611237,37.025184631347656,0.758541464805603
3886,95,0.04638671875,0.18598607182502747,36.683799743652344,0.7660602927207947
3887,96,0.046875,0.19091300666332245,35.24557876586914,0.7846317887306213
3888,82,0.0400390625,0.1935354322195053,37.08325958251953,0.7630942463874817
3889,85,0.04150390625,0.18555258214473724,35.83881759643555,0.774847686290741
3890,78,0.0380859375,0.18729670345783234,36.57968521118164,0.7657641768455505
3891,75,0.03662109375,0.17419539391994476,36.0879020690918,0.7769203186035156
3892,87,0.04248046875,0.17818094789981842,37.51089859008789,0.7588275671005249
3893,80,0.0390625,0.17168255150318146,36.32170867919922,0.7717985510826111
3894,88,0.04296875,0.1772952377796173,38.34828186035156,0.749865710735321
3895,80,0.0390625,0.16347567737102509,34.990821838378906,0.7902979850769043
3896,80,0.0390625,0.18786220252513885,37.44196701049805,0.7520169019699097
3897,89,0.04345703125,0.186895489692688,36.940696716308594,0.7592049241065979
3898,79,0.03857421875,0.19124801456928253,34.59165573120117,0.790910005569458
3899,83,0.04052734375,0.2035336196422577,35.872032165527344,0.7749203443527222
3900,85,0.04150390625,0.20052500069141388,36.292999267578125,0.7632424831390381
3901,87,0.04248046875,0.20484092831611633,36.6202507019043,0.7618579864501953
3902,92,0.044921875,0.196158766746521,36.452274322509766,0.7661189436912537
3903,90,0.0439453125,0.2019859403371811,36.44300079345703,0.7679107785224915
3904,96,0.046875,0.19447927176952362,37.0180549621582,0.7601027488708496
3905,113,0.05517578125,0.2002245932817459,36.99467468261719,0.7633397579193115
3906,106,0.0517578125,0.17687788605690002,35.99546813964844,0.774800717830658
3907,112,0.0546875,0.17842809855937958,35.19335174560547,0.7844032645225525
3908,115,0.05615234375,0.18590466678142548,33.47422790527344,0.8077478408813477
3909,118,0.0576171875,0.17439483106136322,34.82923126220703,0.7897201776504517
3910,132,0.064453125,0.17866764962673187,36.87981033325195,0.7668029069900513
3911,129,0.06298828125,0.1801220029592514,36.23883056640625,0.7740429043769836
3912,125,0.06103515625,0.18443289399147034,35.54167556762695,0.7796919941902161
3913,127,0.06201171875,0.18932461738586426,35.60986328125,0.7755903005599976
3914,121,0.05908203125,0.18879656493663788,32.821720123291016,0.803848147392273
3915,121,0.05908203125,0.18949371576309204,34.69075393676758,0.7843963503837585
3916,126,0.0615234375,0.18641749024391174,34.44197082519531,0.7870399355888367
3917,117,0.05712890625,0.18673075735569,31.557209014892578,0.8187150955200195
3918,110,0.0537109375,0.18102067708969116,34.016517639160156,0.7902076244354248
3919,116,0.056640625,0.17865727841854095,35.1395149230957,0.7661882638931274
3920,104,0.05078125,0.17858853936195374,39.55142593383789,0.7202789783477783
3921,87,0.04248046875,0.1671474128961563,36.642330169677734,0.7499504685401917
3922,88,0.04296875,0.16758504509925842,34.8575325012207,0.775215744972229
3923,92,0.044921875,0.146488755941391,35.66627502441406,0.7653754949569702
3924,91,0.04443359375,0.17724835872650146,35.08493423461914,0.7708629369735718
3925,84,0.041015625,0.17521512508392334,34.756282806396484,0.7734827995300293
3926,84,0.041015625,0.17168168723583221,34.19322967529297,0.7820999622344971
3927,80,0.0390625,0.14019301533699036,35.929359436035156,0.7594435214996338
3928,73,0.03564453125,0.13566945493221283,32.523651123046875,0.7933546900749207
3929,78,0.0380859375,0.13148877024650574,32.70601272583008,0.7906325459480286
3930,78,0.0380859375,0.13378606736660004,35.83556365966797,0.7564268112182617
3931,75,0.03662109375,0.13786441087722778,33.88818359375,0.7752777338027954
3932,85,0.04150390625,0.13201603293418884,33.56341552734375,0.7884511351585388
3933,82,0.0400390625,0.1277889758348465,32.094234466552734,0.7963026762008667
3934,97,0.04736328125,0.14062084257602692,33.85350036621094,0.7777493596076965
3935,89,0.04345703125,0.12695050239562988,34.43836212158203,0.7759421467781067
3936,92,0.044921875,0.1283094435930252,33.45570373535156,0.7876207828521729
3937,88,0.04296875,0.11925217509269714,32.788883209228516,0.7958506941795349
3938,94,0.0458984375,0.12870819866657257,34.46931076049805,0.7737414836883545
3939,90,0.0439453125,0.1271132081747055,33.651241302490234,0.7821446061134338
3940,94,0.0458984375,0.12548892199993134,33.50544738769531,0.789139986038208
3941,89,0.04345703125,0.12896020710468292,33.38015365600586,0.7885583639144897
3942,102,0.0498046875,0.13874606788158417,35.1903076171875,0.7698053121566772
3943,101,0.04931640625,0.1262417882680893,36.74725341796875,0.7513594031333923
3944,107,0.05224609375,0.1535419523715973,36.555484771728516,0.7541083097457886
3945,121,0.05908203125,0.1280800998210907,38.04480743408203,0.743338406085968
3946,113,0.05517578125,0.11596523970365524,37.33550262451172,0.7500320672988892
3947,118,0.0576171875,0.11018751561641693,37.503997802734375,0.7510838508605957
3948,111,0.05419921875,0.11665483564138412,37.278289794921875,0.7557246685028076
3949,113,0.05517578125,0.11694392561912537,34.653194427490234,0.7837429046630859
3950,123,0.06005859375,0.11738907545804977,37.769256591796875,0.7472935318946838
3951,119,0.05810546875,0.11076615005731583,36.75993347167969,0.7598069906234741
3952,121,0.05908203125,0.11327535659074783,37.50576400756836,0.7501568794250488
3953,124,0.060546875,0.12173114717006683,37.13758087158203,0.7528411149978638
3954,135,0.06591796875,0.14456962049007416,36.27762222290039,0.7604376673698425
3955,128,0.0625,0.11834558844566345,36.6859130859375,0.7577992677688599
3956,118,0.0576171875,0.1465781033039093,36.17564010620117,0.7561151385307312
3957,123,0.06005859375,0.15614424645900726,38.17903137207031,0.7319051027297974
3958,125,0.06103515625,0.15583176910877228,39.305335998535156,0.7176547646522522
3959,145,0.07080078125,0.15298743546009064,36.528656005859375,0.7518070340156555
3960,48,0.0234375,0.2089739590883255,42.3287353515625,0.7042236924171448
3961,44,0.021484375,0.20143432915210724,37.396488189697266,0.7616205811500549
3962,47,0.02294921875,0.1729327142238617,34.22914505004883,0.798607587814331
3963,52,0.025390625,0.1646379679441452,35.70440673828125,0.7732255458831787
3964,57,0.02783203125,0.16290999948978424,36.03242111206055,0.7608532309532166
3965,58,0.0283203125,0.15100248157978058,30.471494674682617,0.8308330178260803
3966,59,0.02880859375,0.15566620230674744,30.20690155029297,0.8310592174530029
3967,52,0.025390625,0.14051373302936554,29.565446853637695,0.8409716486930847
3968,53,0.02587890625,0.14132599532604218,31.35550880432129,0.827640950679779
3969,58,0.0283203125,0.1498306542634964,30.94407844543457,0.8268626928329468
3970,54,0.0263671875,0.13922545313835144,31.339187622070312,0.81229567527771
3971,47,0.02294921875,0.1430829018354416,31.37073516845703,0.8078617453575134
3972,51,0.02490234375,0.14227403700351715,26.506750106811523,0.8546240329742432
3973,50,0.0244140625,0.15017205476760864,30.004045486450195,0.8124578595161438
3974,43,0.02099609375,0.14538303017616272,27.85896873474121,0.8479268550872803
3975,45,0.02197265625,0.14467668533325195,27.935848236083984,0.8404721021652222
3976,53,0.02587890625,0.13742083311080933,30.305896759033203,0.8161904811859131
3977,56,0.02734375,0.15826992690563202,28.927722930908203,0.8298572897911072
3978,51,0.02490234375,0.13962039351463318,26.737464904785156,0.8526634573936462
3979,57,0.02783203125,0.15354225039482117,27.576082229614258,0.851631224155426
3980,56,0.02734375,0.1475839614868164,30.872098922729492,0.808720052242279
3981,62,0.0302734375,0.16009095311164856,29.10209846496582,0.8307300806045532
3982,63,0.03076171875,0.15545731782913208,30.146766662597656,0.812283456325531
3983,70,0.0341796875,0.17548717558383942,29.880931854248047,0.8169620037078857
3984,72,0.03515625,0.19590739905834198,29.70716094970703,0.8222982883453369
3985,76,0.037109375,0.17308034002780914,32.586944580078125,0.7959049344062805
3986,77,0.03759765625,0.1753147542476654,32.4549560546875,0.792953610420227
3987,69,0.03369140625,0.1645323932170868,33.19579315185547,0.7852963209152222
3988,66,0.0322265625,0.15310844779014587,33.7554817199707,0.7995687127113342
3989,59,0.02880859375,0.1572580486536026,35.5111198425293,0.7805479764938354
3990,65,0.03173828125,0.17318090796470642,37.41099166870117,0.7673606872558594
3991,71,0.03466796875,0.16485758125782013,37.35944366455078,0.7646465301513672
3992,72,0.03515625,0.1658177524805069,37.828277587890625,0.7547808885574341
3993,82,0.0400390625,0.171591117978096,36.392696380615234,0.7684113383293152
3994,80,0.0390625,0.1629144549369812,36.760292053222656,0.7653813362121582
3995,88,0.04296875,0.185794860124588,36.53239440917969,0.7658154964447021
3996,104,0.05078125,0.24583220481872559,33.35865783691406,0.7944408059120178
3997,102,0.0498046875,0.24745118618011475,33.835304260253906,0.7896687984466553
3998,110,0.0537109375,0.23920714855194092,33.881893157958984,0.785672664642334
3999,105,0.05126953125,0.23922652006149292,33.109275817871094,0.7967547178268433
4000,214,0.1044921875,0.17331400513648987,29.301328659057617,0.8209357857704163
4001,203,0.09912109375,0.15651682019233704,28.03803253173828,0.8299940228462219
4002,185,0.09033203125,0.16181369125843048,30.815332412719727,0.8078035116195679
4003,220,0.107421875,0.1617097407579422,27.718673706054688,0.8392308354377747
4004,203,0.09912109375,0.16361835598945618,26.983671188354492,0.8456801176071167
4005,229,0.11181640625,0.16604012250900269,27.51714324951172,0.8430970311164856
4006,224,0.109375,0.16391271352767944,26.731632232666016,0.8518562316894531
4007,198,0.0966796875,0.18268465995788574,27.74228286743164,0.8389832377433777
4008,208,0.1015625,0.17663685977458954,27.546836853027344,0.8414869904518127
4009,206,0.1005859375,0.17299407720565796,26.527976989746094,0.8532152771949768
4010,207,0.10107421875,0.17334789037704468,27.89463996887207,0.839529275894165
4011,212,0.103515625,0.17149901390075684,27.768409729003906,0.8454483151435852
4012,229,0.11181640625,0.16984519362449646,28.45759391784668,0.840211033821106
4013,224,0.109375,0.15497960150241852,27.114892959594727,0.8502153754234314
4014,224,0.109375,0.15621647238731384,27.19545555114746,0.8445274233818054
4015,217,0.10595703125,0.1585160493850708,26.920101165771484,0.8446087837219238
4016,258,0.1259765625,0.14777907729148865,25.722558975219727,0.8640512824058533
4017,264,0.12890625,0.14364652335643768,26.658761978149414,0.8577802777290344
4018,228,0.111328125,0.14639264345169067,26.986858367919922,0.8459243178367615
4019,235,0.11474609375,0.15311087667942047,27.475383758544922,0.8407204747200012
4020,240,0.1171875,0.15362539887428284,26.53671646118164,0.8505434393882751
4021,234,0.1142578125,0.15155135095119476,26.713306427001953,0.8499525189399719
4022,196,0.095703125,0.15319906175136566,27.800222396850586,0.838398277759552
4023,195,0.09521484375,0.15783514082431793,29.251089096069336,0.8228479027748108
4024,200,0.09765625,0.15187615156173706,28.347206115722656,0.8334457278251648
4025,219,0.10693359375,0.15212522447109222,28.578283309936523,0.8255854249000549
4026,236,0.115234375,0.1571567803621292,27.942113876342773,0.830866813659668
4027,241,0.11767578125,0.14917033910751343,28.20541763305664,0.8280795216560364
4028,268,0.130859375,0.14597223699092865,27.776508331298828,0.8357467651367188
4029,252,0.123046875,0.1591736376285553,29.26974105834961,0.8204946517944336
4030,276,0.134765625,0.15835857391357422,27.601524353027344,0.8396790027618408
4031,270,0.1318359375,0.15195924043655396,28.45554542541504,0.8351860046386719
4032,268,0.130859375,0.14352591335773468,29.80289649963379,0.8225550651550293
4033,322,0.1572265625,0.15063753724098206,29.238142013549805,0.8297703862190247
4034,302,0.1474609375,0.15279355645179749,28.897668838500977,0.8291643261909485
4035,361,0.17626953125,0.16196668148040771,32.76520538330078,0.7896302342414856
4036,384,0.1875,0.17293809354305267,37.022010803222656,0.7424445748329163
4037,311,0.15185546875,0.15476810932159424,31.95293426513672,0.794303297996521
4038,319,0.15576171875,0.16029533743858337,31.568967819213867,0.8016684651374817
4039,363,0.17724609375,0.16664811968803406,34.01516342163086,0.7728187441825867
4040,324,0.158203125,0.1106945350766182,34.65726852416992,0.774398922920227
4041,309,0.15087890625,0.11843892186880112,34.78534698486328,0.7749465107917786
4042,278,0.1357421875,0.12080754339694977,34.36482238769531,0.7849276065826416
4043,282,0.1376953125,0.12603583931922913,34.284080505371094,0.7841119170188904
4044,308,0.150390625,0.11392292380332947,34.67665481567383,0.7776975035667419
4045,270,0.1318359375,0.13269034028053284,36.39347839355469,0.7631860375404358
4046,308,0.150390625,0.10692514479160309,34.48463821411133,0.7833285927772522
4047,340,0.166015625,0.1092420369386673,34.60623550415039,0.7773125767707825
4048,346,0.1689453125,0.09962279349565506,33.37627029418945,0.789357602596283
4049,420,0.205078125,0.09738507121801376,32.0521354675293,0.8021199703216553
4050,379,0.18505859375,0.1040068194270134,32.35377502441406,0.8033256530761719
4051,382,0.1865234375,0.09119359403848648,28.987977981567383,0.8412116169929504
4052,387,0.18896484375,0.09458030760288239,29.000452041625977,0.8399676084518433
4053,369,0.18017578125,0.09921714663505554,29.742340087890625,0.832109808921814
4054,366,0.1787109375,0.09334025532007217,29.231599807739258,0.8351398706436157
4055,355,0.17333984375,0.09302660822868347,28.4333438873291,0.8418668508529663
4056,323,0.15771484375,0.09422396123409271,30.046419143676758,0.8258697390556335
4057,336,0.1640625,0.08916664123535156,29.334293365478516,0.8358500599861145
4058,440,0.21484375,0.12411536276340485,31.727872848510742,0.8083585500717163
4059,390,0.1904296875,0.09784538298845291,28.965538024902344,0.8397722244262695
4060,370,0.1806640625,0.09495249390602112,30.102703094482422,0.8230738639831543
4061,304,0.1484375,0.08312273770570755,30.971511840820312,0.8160982131958008
4062,346,0.1689453125,0.08770335465669632,32.20897674560547,0.8036741614341736
4063,369,0.18017578125,0.10397174209356308,36.52577209472656,0.7534310221672058
4064,409,0.19970703125,0.10942297428846359,32.466552734375,0.7982136607170105
4065,351,0.17138671875,0.10424172878265381,34.5128173828125,0.7769856452941895
4066,386,0.1884765625,0.10711567848920822,33.00182342529297,0.7907881140708923
4067,360,0.17578125,0.0838153213262558,29.2978572845459,0.830973207950592
4068,379,0.18505859375,0.09029841423034668,29.16112518310547,0.8326067328453064
4069,283,0.13818359375,0.07750166207551956,29.005369186401367,0.8341860175132751
4070,331,0.16162109375,0.08521629124879837,28.19353675842285,0.8443171977996826
4071,323,0.15771484375,0.08485673367977142,28.714235305786133,0.8334925174713135
4072,371,0.18115234375,0.0954921618103981,28.78791046142578,0.8400967717170715
4073,317,0.15478515625,0.08829595893621445,29.62257194519043,0.8328851461410522
4074,360,0.17578125,0.09254268556833267,29.0289306640625,0.8387553095817566
4075,335,0.16357421875,0.10938511788845062,30.33224105834961,0.8278055191040039
4076,268,0.130859375,0.0939779207110405,30.162817001342773,0.8214401602745056
4077,257,0.12548828125,0.10239056497812271,30.484235763549805,0.8183553218841553
4078,231,0.11279296875,0.08923681825399399,29.19940948486328,0.8288450241088867
4079,266,0.1298828125,0.0862918496131897,27.07944679260254,0.8498346209526062
4080,122,0.0595703125,0.128567174077034,28.54022789001465,0.8406909704208374
4081,133,0.06494140625,0.13954351842403412,28.142181396484375,0.8474826812744141
4082,137,0.06689453125,0.1407877653837204,31.37959861755371,0.811090886592865
4083,148,0.072265625,0.13715289533138275,28.028261184692383,0.8513849377632141
4084,149,0.07275390625,0.15060703456401825,26.823204040527344,0.8548186421394348
4085,173,0.08447265625,0.15535205602645874,27.32762908935547,0.8524335026741028
4086,172,0.083984375,0.15323127806186676,26.276304244995117,0.8603526949882507
4087,171,0.08349609375,0.15600469708442688,27.85502815246582,0.8472146987915039
4088,168,0.08203125,0.1571418046951294,28.824079513549805,0.8440161943435669
4089,179,0.08740234375,0.14998772740364075,28.408411026000977,0.8432915806770325
4090,180,0.087890625,0.15086014568805695,27.37461280822754,0.850612223148346
4091,185,0.09033203125,0.14998015761375427,26.868459701538086,0.8594186902046204
4092,190,0.0927734375,0.1512661576271057,27.704723358154297,0.8506247401237488
4093,215,0.10498046875,0.16065658628940582,28.123823165893555,0.848717212677002
4094,203,0.09912109375,0.15422102808952332,28.332218170166016,0.84340500831604
4095,199,0.09716796875,0.16177590191364288,28.360565185546875,0.843169093132019
4096,208,0.1015625,0.15912941098213196,28.939212799072266,0.8375867605209351
4097,215,0.10498046875,0.16339950263500214,29.54880714416504,0.8283565044403076
4098,198,0.0966796875,0.14971211552619934,28.08725929260254,0.847284734249115
4099,176,0.0859375,0.15484590828418732,27.251340866088867,0.8541849255561829
4100,174,0.0849609375,0.16155916452407837,27.31593132019043,0.8532018661499023
4101,176,0.0859375,0.16182483732700348,26.44268035888672,0.8633744716644287
4102,181,0.08837890625,0.14931108057498932,26.7383975982666,0.8582113981246948
4103,174,0.0849609375,0.155941903591156,27.846162796020508,0.8498348593711853
4104,190,0.0927734375,0.1546221524477005,28.88672637939453,0.8383248448371887
4105,197,0.09619140625,0.314874529838562,31.136104583740234,0.8133612275123596
4106,189,0.09228515625,0.1748332530260086,34.13425064086914,0.7809436917304993
4107,200,0.09765625,0.14767494797706604,30.085182189941406,0.8258277177810669
4108,194,0.0947265625,0.153115913271904,29.422346115112305,0.8332808017730713
4109,197,0.09619140625,0.15034154057502747,27.864768981933594,0.8475134968757629
4110,214,0.1044921875,0.30464285612106323,29.403696060180664,0.8324424028396606
4111,237,0.11572265625,0.22216081619262695,30.405193328857422,0.8193528056144714
4112,210,0.1025390625,0.14754515886306763,27.071182250976562,0.8573588132858276
4113,206,0.1005859375,0.14554338157176971,27.590879440307617,0.8492864370346069
4114,194,0.0947265625,0.1487426459789276,27.506528854370117,0.8530929684638977
4115,185,0.09033203125,0.15054331719875336,27.211824417114258,0.853661298751831
4116,193,0.09423828125,0.1428556591272354,26.110872268676758,0.8652855157852173
4117,193,0.09423828125,0.1451609581708908,26.94820213317871,0.8559381365776062
4118,189,0.09228515625,0.15493686497211456,26.2392578125,0.867687463760376
4119,176,0.0859375,0.15421652793884277,26.1038818359375,0.8681169152259827
4120,95,0.04638671875,0.15718379616737366,34.89105224609375,0.7685920596122742
4121,86,0.0419921875,0.15945951640605927,35.1786003112793,0.7636783719062805
4122,78,0.0380859375,0.16894719004631042,33.363094329833984,0.7854515910148621
4123,79,0.03857421875,0.1642375886440277,35.4755744934082,0.7657299637794495
4124,63,0.03076171875,0.17782773077487946,33.9132194519043,0.7800583243370056
4125,70,0.0341796875,0.17940492928028107,31.511798858642578,0.8008689284324646
4126,63,0.03076171875,0.17726650834083557,32.07162094116211,0.8011992573738098
4127,50,0.0244140625,0.21078062057495117,30.833097457885742,0.8137837052345276
4128,58,0.0283203125,0.212867870926857,29.36214828491211,0.8310848474502563
4129,63,0.03076171875,0.1851894110441208,30.883790969848633,0.819989025592804
4130,71,0.03466796875,0.15469206869602203,31.851091384887695,0.8109399080276489
4131,63,0.03076171875,0.19608038663864136,31.848102569580078,0.810218334197998
4132,55,0.02685546875,0.19408129155635834,30.214126586914062,0.8309435844421387
4133,71,0.03466796875,0.19135859608650208,30.88410186767578,0.8205803632736206
4134,66,0.0322265625,0.19695398211479187,30.480911254882812,0.8229285478591919
4135,73,0.03564453125,0.18755266070365906,29.992679595947266,0.8306416273117065
4136,84,0.041015625,0.17262576520442963,33.507896423339844,0.7868281602859497
4137,86,0.0419921875,0.16908377408981323,32.95390319824219,0.7934379577636719
4138,89,0.04345703125,0.16025766730308533,32.460628509521484,0.7931023836135864
4139,80,0.0390625,0.172767773270607,36.14551544189453,0.7635217905044556
4140,80,0.0390625,0.16074006259441376,33.61869812011719,0.8008333444595337
4141,93,0.04541015625,0.15512512624263763,34.50517272949219,0.7857801914215088
4142,83,0.04052734375,0.15768593549728394,33.36125564575195,0.796688973903656
4143,97,0.04736328125,0.13686667382717133,33.990997314453125,0.7938328385353088
4144,98,0.0478515625,0.1476820558309555,31.45050621032715,0.8204580545425415
4145,104,0.05078125,0.13374082744121552,31.83976173400879,0.8109174966812134
4146,128,0.0625,0.1313168853521347,34.06557846069336,0.7899612188339233
4147,129,0.06298828125,0.14908994734287262,33.31639862060547,0.7990171313285828
4148,138,0.0673828125,0.1422274112701416,33.209903717041016,0.7942818403244019
4149,119,0.05810546875,0.15049898624420166,33.302642822265625,0.7928962111473083
4150,114,0.0556640625,0.1407470405101776,32.877132415771484,0.8012762069702148
4151,118,0.0576171875,0.13866184651851654,30.499643325805664,0.8250696659088135
4152,116,0.056640625,0.14186014235019684,32.32529830932617,0.8087828159332275
4153,125,0.06103515625,0.13464288413524628,31.518310546875,0.8119978308677673
4154,148,0.072265625,0.13375990092754364,36.14524841308594,0.7615381479263306
4155,143,0.06982421875,0.14028781652450562,32.82394790649414,0.7982003688812256
4156,153,0.07470703125,0.13487184047698975,32.457061767578125,0.8054503798484802
4157,157,0.07666015625,0.13081109523773193,33.433631896972656,0.7888257503509521
4158,146,0.0712890625,0.12971194088459015,33.042747497558594,0.7937354445457458
4159,126,0.0615234375,0.13432209193706512,31.534521102905273,0.8075650334358215
4160,135,0.06591796875,0.23641447722911835,37.8978385925293,0.7443427443504333
4161,114,0.0556640625,0.19719597697257996,36.16250228881836,0.7635613083839417
4162,112,0.0546875,0.1862744837999344,36.68173599243164,0.7571010589599609
4163,101,0.04931640625,0.17716071009635925,33.11211395263672,0.7988193035125732
4164,100,0.048828125,0.18013475835323334,33.19816970825195,0.8016886711120605
4165,104,0.05078125,0.1785581260919571,32.248233795166016,0.8060734272003174
4166,101,0.04931640625,0.18223895132541656,31.416732788085938,0.8218442797660828
4167,89,0.04345703125,0.19568593800067902,31.430734634399414,0.8230899572372437
4168,91,0.04443359375,0.201368510723114,34.7921142578125,0.7868129014968872
4169,66,0.0322265625,0.22742486000061035,34.85653305053711,0.7812633514404297
4170,43,0.02099609375,0.24869708716869354,36.96482849121094,0.7640702724456787
4171,32,0.015625,0.23796704411506653,37.85621643066406,0.7436946034431458
4172,33,0.01611328125,0.25412002205848694,37.12041473388672,0.7451905608177185
4173,45,0.02197265625,0.27403199672698975,35.93487548828125,0.772328794002533
4174,40,0.01953125,0.3089815080165863,33.33835983276367,0.7878591418266296
4175,35,0.01708984375,0.2383984625339508,39.20123291015625,0.7304885387420654
4176,31,0.01513671875,0.3370876908302307,41.52375030517578,0.7023990750312805
4177,45,0.02197265625,0.30364784598350525,40.27903366088867,0.7170601487159729
4178,42,0.0205078125,0.2921557128429413,34.37769317626953,0.7785628437995911
4179,36,0.017578125,0.2535688579082489,38.1856689453125,0.7434144616127014
4180,32,0.015625,0.31322482228279114,38.59497833251953,0.7386720180511475
4181,43,0.02099609375,0.27327844500541687,35.688663482666016,0.761753261089325
4182,50,0.0244140625,0.2676841616630554,35.964393615722656,0.7617378830909729
4183,46,0.0224609375,0.22567541897296906,40.09505081176758,0.7117738127708435
4184,39,0.01904296875,0.24457184970378876,37.91117477416992,0.7372231483459473
4185,32,0.015625,0.26440832018852234,37.87323760986328,0.7407748699188232
4186,28,0.013671875,0.2435096651315689,38.46379852294922,0.7330655455589294
4187,36,0.017578125,0.23682928085327148,36.17878723144531,0.7700359225273132
4188,40,0.01953125,0.231951504945755,37.0554084777832,0.7698681354522705
4189,38,0.0185546875,0.23648862540721893,36.45337677001953,0.7742698788642883
4190,44,0.021484375,0.26871752738952637,33.980064392089844,0.796987771987915
4191,54,0.0263671875,0.25556695461273193,36.060726165771484,0.7693071961402893
4192,44,0.021484375,0.2721063494682312,34.57650375366211,0.7878991961479187
4193,42,0.0205078125,0.23110005259513855,38.36229705810547,0.7408924102783203
4194,61,0.02978515625,0.22543878853321075,35.633460998535156,0.7683280110359192
4195,77,0.03759765625,0.21504023671150208,34.14383316040039,0.7827945351600647
4196,87,0.04248046875,0.2139260619878769,33.66276550292969,0.7891235947608948
4197,78,0.0380859375,0.19069670140743256,35.042884826660156,0.767187237739563
4198,66,0.0322265625,0.19977238774299622,34.15681838989258,0.7887157201766968
4199,69,0.03369140625,0.20355193316936493,34.18254089355469,0.7798513174057007
4200,354,0.1728515625,0.14914725720882416,32.14739227294922,0.8043137788772583
4201,360,0.17578125,0.14174465835094452,29.07929229736328,0.8366245627403259
4202,301,0.14697265625,0.1366853415966034,30.67372703552246,0.8163102865219116
4203,318,0.1552734375,0.1355256587266922,28.51272964477539,0.8359165787696838
4204,334,0.1630859375,0.14343158900737762,29.529726028442383,0.8288698196411133
4205,295,0.14404296875,0.13465991616249084,28.209335327148438,0.8393792510032654
4206,270,0.1318359375,0.12277162820100784,28.049816131591797,0.8456766605377197
4207,257,0.12548828125,0.12684884667396545,30.416950225830078,0.8232600092887878
4208,229,0.11181640625,0.12627194821834564,29.606216430664062,0.8284356594085693
4209,209,0.10205078125,0.12492717802524567,28.285755157470703,0.8482246994972229
4210,185,0.09033203125,0.11414884030818939,29.66351890563965,0.8292766809463501
4211,184,0.08984375,0.11987230181694031,28.33824348449707,0.8417158722877502
4212,162,0.0791015625,0.12914375960826874,28.408348083496094,0.841850757598877
4213,154,0.0751953125,0.126594677567482,27.463157653808594,0.8484752774238586
4214,151,0.07373046875,0.1334836632013321,28.40052604675293,0.8330891132354736
4215,153,0.07470703125,0.13294875621795654,27.444738388061523,0.8412555456161499
4216,152,0.07421875,0.1315065324306488,27.070907592773438,0.8490557670593262
4217,159,0.07763671875,0.1321074217557907,27.76158332824707,0.8435875177383423
4218,153,0.07470703125,0.132151260972023,27.235654830932617,0.8475414514541626
4219,136,0.06640625,0.126838818192482,28.22782325744629,0.8337173461914062
4220,133,0.06494140625,0.13534770905971527,28.92498207092285,0.8324681520462036
4221,141,0.06884765625,0.13600105047225952,27.90851402282715,0.8358973264694214
4222,166,0.0810546875,0.13818657398223877,30.519567489624023,0.8129491209983826
4223,172,0.083984375,0.12655757367610931,28.713512420654297,0.8303560018539429
4224,166,0.0810546875,0.15221908688545227,30.003820419311523,0.8183042407035828
4225,154,0.0751953125,0.14055392146110535,28.247234344482422,0.8303755521774292
4226,165,0.08056640625,0.13621437549591064,27.354873657226562,0.8395199179649353
4227,160,0.078125,0.12316925078630447,26.768169403076172,0.8449600338935852
4228,156,0.076171875,0.14432387053966522,28.592601776123047,0.827379584312439
4229,150,0.0732421875,0.13620339334011078,27.64210319519043,0.8383177518844604
4230,149,0.07275390625,0.13364601135253906,27.993497848510742,0.8367146849632263
4231,162,0.0791015625,0.12120461463928223,27.081863403320312,0.8522340655326843
4232,156,0.076171875,0.12219630181789398,26.190616607666016,0.8573544025421143
4233,149,0.07275390625,0.11216630041599274,24.27379608154297,0.8752662539482117
4234,142,0.0693359375,0.11004667729139328,24.370685577392578,0.8800259232521057
4235,175,0.08544921875,0.1117648109793663,25.57312774658203,0.8663921356201172
4236,166,0.0810546875,0.10553276538848877,26.533977508544922,0.8601776361465454
4237,185,0.09033203125,0.1124512255191803,27.086645126342773,0.8568154573440552
4238,179,0.08740234375,0.11491996049880981,27.19269371032715,0.8527320623397827
4239,190,0.0927734375,0.11486796289682388,28.018808364868164,0.8440232872962952
4240,25,0.01220703125,0.17015232145786285,22.695301055908203,0.8980203866958618
4241,33,0.01611328125,0.15764276683330536,26.32517433166504,0.8473278880119324
4242,34,0.0166015625,0.15926995873451233,28.031614303588867,0.832464873790741
4243,36,0.017578125,0.1588829606771469,27.594886779785156,0.8372647166252136
4244,40,0.01953125,0.16501384973526,27.340261459350586,0.835462749004364
4245,37,0.01806640625,0.1631789654493332,27.558914184570312,0.8508309125900269
4246,41,0.02001953125,0.15655748546123505,27.393146514892578,0.848534107208252
4247,43,0.02099609375,0.1742829978466034,28.51180076599121,0.8329329490661621
4248,44,0.021484375,0.17397773265838623,27.73686981201172,0.8315215706825256
4249,51,0.02490234375,0.16976389288902283,27.404863357543945,0.8450059294700623
4250,53,0.02587890625,0.17199234664440155,27.454471588134766,0.8313383460044861
4251,44,0.021484375,0.15778546035289764,25.5709171295166,0.8635382056236267
4252,40,0.01953125,0.15500527620315552,27.380870819091797,0.843681812286377
4253,37,0.01806640625,0.15517066419124603,26.614986419677734,0.8577710390090942
4254,38,0.0185546875,0.16297180950641632,26.711816787719727,0.8565483093261719
4255,48,0.0234375,0.17498978972434998,32.008628845214844,0.8004890084266663
4256,53,0.02587890625,0.17226600646972656,31.257171630859375,0.8101900815963745
4257,45,0.02197265625,0.164994016289711,29.390928268432617,0.8363171815872192
4258,53,0.02587890625,0.15224067866802216,27.42833709716797,0.8484920859336853
4259,52,0.025390625,0.14691118896007538,29.61838722229004,0.8192008137702942
4260,52,0.025390625,0.1545824557542801,30.053945541381836,0.8117650747299194
4261,55,0.02685546875,0.14859841763973236,28.60822296142578,0.8438640832901001
4262,58,0.0283203125,0.148302361369133,27.45476531982422,0.8554328680038452
4263,65,0.03173828125,0.1522853672504425,26.758380889892578,0.8527204990386963
4264,62,0.0302734375,0.1419612467288971,26.53159523010254,0.8571985363960266
4265,60,0.029296875,0.15441949665546417,25.42389488220215,0.8589316606521606
4266,57,0.02783203125,0.1431557983160019,24.96978187561035,0.8710257411003113
4267,62,0.0302734375,0.14052413403987885,26.97580337524414,0.85245281457901
4268,55,0.02685546875,0.13712279498577118,28.5670108795166,0.8393521308898926
4269,61,0.02978515625,0.14177751541137695,27.16928482055664,0.8511459231376648
4270,58,0.0283203125,0.13922885060310364,29.85045051574707,0.8256772756576538
4271,51,0.02490234375,0.14606177806854248,26.820858001708984,0.8619713187217712
4272,51,0.02490234375,0.1563265472650528,27.46063995361328,0.8662074208259583
4273,57,0.02783203125,0.15716762840747833,28.539012908935547,0.8504303097724915
4274,46,0.0224609375,0.15538692474365234,27.40433692932129,0.8565855622291565
4275,46,0.0224609375,0.14953351020812988,25.4945125579834,0.888990581035614
4276,59,0.02880859375,0.1468672901391983,25.609575271606445,0.8834679126739502
4277,75,0.03662109375,0.14169703423976898,26.447925567626953,0.8703411817550659
4278,70,0.0341796875,0.14288322627544403,26.896404266357422,0.8693240284919739
4279,75,0.03662109375,0.1491352915763855,28.175514221191406,0.8511942625045776
4280,196,0.095703125,0.14529967308044434,31.22700309753418,0.8169512748718262
4281,206,0.1005859375,0.13992998003959656,30.468017578125,0.8277044296264648
4282,214,0.1044921875,0.14146074652671814,31.29620361328125,0.8194586038589478
4283,203,0.09912109375,0.14044970273971558,32.18873977661133,0.8107316493988037
4284,217,0.10595703125,0.13921605050563812,30.619300842285156,0.823901891708374
4285,204,0.099609375,0.14281652867794037,32.1850700378418,0.809613823890686
4286,193,0.09423828125,0.1370333582162857,30.857702255249023,0.8267333507537842
4287,200,0.09765625,0.14082007110118866,31.7448673248291,0.816226601600647
4288,222,0.1083984375,0.1284293830394745,31.813194274902344,0.8114811778068542
4289,257,0.12548828125,0.14793935418128967,33.76652908325195,0.7947809100151062
4290,246,0.1201171875,0.14375436305999756,32.144500732421875,0.8090302348136902
4291,239,0.11669921875,0.14085814356803894,32.40699768066406,0.8067724704742432
4292,218,0.1064453125,0.13435639441013336,30.33384132385254,0.8272587060928345
4293,226,0.1103515625,0.13545626401901245,32.02117919921875,0.8113130331039429
4294,216,0.10546875,0.13432246446609497,31.065996170043945,0.822006344795227
4295,211,0.10302734375,0.12717404961585999,31.31184196472168,0.8183956742286682
4296,210,0.1025390625,0.12807294726371765,31.42650604248047,0.8136773705482483
4297,223,0.10888671875,0.15742917358875275,34.018165588378906,0.7908644676208496
4298,212,0.103515625,0.16120167076587677,34.98933029174805,0.7774540185928345
4299,227,0.11083984375,0.15871179103851318,35.0682487487793,0.7728509902954102
4300,235,0.11474609375,0.15213243663311005,36.562381744384766,0.7538555264472961
4301,212,0.103515625,0.1520690619945526,35.240962982177734,0.7718619108200073
4302,219,0.10693359375,0.15125833451747894,35.746585845947266,0.7638342380523682
4303,242,0.1181640625,0.15385648608207703,35.153343200683594,0.7683783173561096
4304,228,0.111328125,0.1577281355857849,36.319026947021484,0.7576649785041809
4305,232,0.11328125,0.15185149013996124,36.40764236450195,0.7521927356719971
4306,238,0.1162109375,0.14979778230190277,35.056854248046875,0.7703191637992859
4307,239,0.11669921875,0.13954706490039825,33.700504302978516,0.781802237033844
4308,232,0.11328125,0.13153472542762756,32.93571853637695,0.7951347231864929
4309,265,0.12939453125,0.1227773055434227,33.472354888916016,0.7875872850418091
4310,264,0.12890625,0.12706388533115387,32.1663818359375,0.8072390556335449
4311,283,0.13818359375,0.1269383579492569,34.03559494018555,0.7794947624206543
4312,256,0.125,0.12583447992801666,33.18849182128906,0.7902283668518066
4313,262,0.1279296875,0.12154887616634369,34.2279167175293,0.7764623165130615
4314,311,0.15185546875,0.12391772121191025,34.20570755004883,0.7717101573944092
4315,318,0.1552734375,0.11855078488588333,33.52645492553711,0.7814775705337524
4316,274,0.1337890625,0.12358824163675308,34.277713775634766,0.7796639204025269
4317,272,0.1328125,0.1232127770781517,37.53145980834961,0.7442020177841187
4318,263,0.12841796875,0.1239786222577095,37.511474609375,0.7470216751098633
4319,273,0.13330078125,0.1293765753507614,38.258338928222656,0.7379598617553711
4320,199,0.09716796875,0.13318637013435364,30.508941650390625,0.8158730268478394
4321,199,0.09716796875,0.14674656093120575,31.500377655029297,0.8057077527046204
4322,195,0.09521484375,0.15509602427482605,32.273529052734375,0.7987425327301025
4323,202,0.0986328125,0.1464557945728302,31.664506912231445,0.8033455610275269
4324,210,0.1025390625,0.14108724892139435,31.376115798950195,0.8057411313056946
4325,193,0.09423828125,0.13666631281375885,31.232290267944336,0.8060373663902283
4326,199,0.09716796875,0.1415131390094757,31.71874237060547,0.8023558259010315
4327,194,0.0947265625,0.1380978226661682,31.476003646850586,0.8042305111885071
4328,190,0.0927734375,0.13588498532772064,32.620849609375,0.7938095927238464
4329,173,0.08447265625,0.13521799445152283,31.57684898376465,0.8053593039512634
4330,163,0.07958984375,0.13174597918987274,30.482789993286133,0.8234871029853821
4331,171,0.08349609375,0.13381434977054596,30.35707664489746,0.819762110710144
4332,168,0.08203125,0.13501684367656708,32.05379867553711,0.8027815222740173
4333,167,0.08154296875,0.14113304018974304,31.419448852539062,0.8091428875923157
4334,164,0.080078125,0.1372431367635727,30.345327377319336,0.8190149664878845
4335,161,0.07861328125,0.14212922751903534,30.52907943725586,0.8210214376449585
4336,167,0.08154296875,0.13557717204093933,31.40473747253418,0.8057249784469604
4337,169,0.08251953125,0.13935068249702454,31.84735870361328,0.8046717643737793
4338,156,0.076171875,0.14443588256835938,33.027099609375,0.7994656562805176
4339,151,0.07373046875,0.1635405570268631,33.0847282409668,0.7930178642272949
4340,147,0.07177734375,0.15871240198612213,33.09232711791992,0.7962514162063599
4341,140,0.068359375,0.15433135628700256,34.194087982177734,0.7833709120750427
4342,142,0.0693359375,0.14882999658584595,34.7732048034668,0.7724527716636658
4343,136,0.06640625,0.14922116696834564,36.03567886352539,0.762352705001831
4344,135,0.06591796875,0.14959989488124847,34.2897834777832,0.7821180820465088
4345,136,0.06640625,0.14383971691131592,34.169151306152344,0.7834582328796387
4346,136,0.06640625,0.15262609720230103,34.451744079589844,0.7810977697372437
4347,146,0.0712890625,0.14974345266819,35.16180419921875,0.7692412734031677
4348,145,0.07080078125,0.14330439269542694,35.02193069458008,0.775433361530304
4349,143,0.06982421875,0.1555560678243637,34.95603561401367,0.7768945693969727
4350,147,0.07177734375,0.14577601850032806,33.50184631347656,0.7913577556610107
4351,152,0.07421875,0.14932195842266083,34.600467681884766,0.779038667678833
4352,143,0.06982421875,0.15720532834529877,34.68824005126953,0.7793393135070801
4353,139,0.06787109375,0.15017414093017578,33.09742736816406,0.794788658618927
4354,145,0.07080078125,0.1445235311985016,34.87399673461914,0.7736778259277344
4355,145,0.07080078125,0.15802697837352753,33.97157287597656,0.7867544293403625
4356,140,0.068359375,0.14449279010295868,32.456626892089844,0.7998039722442627
4357,147,0.07177734375,0.15092511475086212,33.42759704589844,0.7882958054542542
4358,150,0.0732421875,0.15904027223587036,33.26545715332031,0.7880406379699707
4359,156,0.076171875,0.17544592916965485,35.097137451171875,0.7717761993408203
4360,121,0.05908203125,0.16099002957344055,34.883750915527344,0.7806435227394104
4361,113,0.05517578125,0.17051854729652405,34.712730407714844,0.7809983491897583
4362,119,0.05810546875,0.15388084948062897,33.77389907836914,0.7924593091011047
4363,122,0.0595703125,0.16145028173923492,35.98454666137695,0.7694934606552124
4364,113,0.05517578125,0.15561933815479279,33.27949905395508,0.8025864958763123
4365,117,0.05712890625,0.15016895532608032,34.11329650878906,0.7842199206352234
4366,107,0.05224609375,0.1604134440422058,34.071781158447266,0.786237359046936
4367,111,0.05419921875,0.15425358712673187,32.98906326293945,0.7992894053459167
4368,112,0.0546875,0.1455935388803482,33.436702728271484,0.7945312261581421
4369,108,0.052734375,0.1464652568101883,31.57012939453125,0.8156452775001526
4370,106,0.0517578125,0.13873548805713654,31.624935150146484,0.8147678971290588
4371,108,0.052734375,0.1491491049528122,32.560760498046875,0.8034870624542236
4372,106,0.0517578125,0.14618942141532898,31.316604614257812,0.8122854232788086
4373,97,0.04736328125,0.15021754801273346,29.372297286987305,0.8322985768318176
4374,104,0.05078125,0.13741128146648407,30.130048751831055,0.8227507472038269
4375,97,0.04736328125,0.14300253987312317,28.45064926147461,0.8424769043922424
4376,97,0.04736328125,0.14590032398700714,28.8801212310791,0.8359951376914978
4377,101,0.04931640625,0.14229828119277954,30.01845359802246,0.8246367573738098
4378,98,0.0478515625,0.15014775097370148,31.710134506225586,0.8068075180053711
4379,95,0.04638671875,0.1434493511915207,30.90990447998047,0.8170658349990845
4380,93,0.04541015625,0.14724349975585938,33.41035079956055,0.7911152243614197
4381,105,0.05126953125,0.152347594499588,36.55460739135742,0.7622150182723999
4382,113,0.05517578125,0.1611941009759903,38.0118408203125,0.7478159666061401
4383,113,0.05517578125,0.15968863666057587,37.478973388671875,0.7535912394523621
4384,116,0.056640625,0.14915823936462402,37.57365036010742,0.7534131407737732
4385,115,0.05615234375,0.14541687071323395,40.27686309814453,0.7235891819000244
4386,109,0.05322265625,0.14296860992908478,38.408042907714844,0.7433846592903137
4387,110,0.0537109375,0.14699555933475494,40.79109191894531,0.7140299677848816
4388,107,0.05224609375,0.14525359869003296,39.345916748046875,0.7320640683174133
4389,103,0.05029296875,0.15524712204933167,40.86797332763672,0.7138025164604187
4390,108,0.052734375,0.15051989257335663,39.175106048583984,0.7344347834587097
4391,105,0.05126953125,0.15091629326343536,39.314151763916016,0.7310594320297241
4392,110,0.0537109375,0.15720324218273163,41.90882110595703,0.700506865978241
4393,109,0.05322265625,0.16241273283958435,41.81400680541992,0.7028566002845764
4394,109,0.05322265625,0.1663387566804886,42.832828521728516,0.6896021962165833
4395,107,0.05224609375,0.16761785745620728,42.242794036865234,0.6967287063598633
4396,94,0.0458984375,0.17564795911312103,40.02114486694336,0.729762852191925
4397,92,0.044921875,0.1764308512210846,39.98454284667969,0.7265820503234863
4398,78,0.0380859375,0.19941766560077667,39.114627838134766,0.7275352478027344
4399,75,0.03662109375,0.198982372879982,37.293861389160156,0.7530134916305542
4400,122,0.0595703125,0.17095305025577545,33.79159164428711,0.782561719417572
4401,121,0.05908203125,0.16742059588432312,34.99486541748047,0.7654150128364563
4402,103,0.05029296875,0.15185688436031342,31.28016471862793,0.8128144145011902
4403,118,0.0576171875,0.15523909032344818,33.393150329589844,0.7889478206634521
4404,121,0.05908203125,0.18630489706993103,35.134037017822266,0.7667931318283081
4405,124,0.060546875,0.1865837126970291,34.50257873535156,0.7727477550506592
4406,124,0.060546875,0.17230269312858582,33.87718200683594,0.7841903567314148
4407,100,0.048828125,0.15611889958381653,30.84725570678711,0.8145095705986023
4408,106,0.0517578125,0.16695313155651093,32.241127014160156,0.7921311259269714
4409,106,0.0517578125,0.1637192666530609,32.93958282470703,0.788230836391449
4410,102,0.0498046875,0.17363746464252472,33.7877311706543,0.7836064100265503
4411,93,0.04541015625,0.17232289910316467,33.427978515625,0.7922233939170837
4412,81,0.03955078125,0.17178481817245483,32.683475494384766,0.8036791682243347
4413,88,0.04296875,0.16769544780254364,32.03598403930664,0.8060052990913391
4414,104,0.05078125,0.15990641713142395,33.19578170776367,0.7902222871780396
4415,93,0.04541015625,0.16205507516860962,30.393943786621094,0.8218932747840881
4416,95,0.04638671875,0.17796137928962708,34.69322967529297,0.7620543837547302
4417,97,0.04736328125,0.1606595814228058,34.027828216552734,0.7797638177871704
4418,85,0.04150390625,0.16878116130828857,32.359683990478516,0.7990466952323914
4419,87,0.04248046875,0.1771465390920639,31.221630096435547,0.8159263730049133
4420,86,0.0419921875,0.1801677644252777,32.63465881347656,0.7933407425880432
4421,75,0.03662109375,0.21369405090808868,33.14823532104492,0.7937422394752502
4422,81,0.03955078125,0.20854011178016663,33.798274993896484,0.7775641679763794
4423,68,0.033203125,0.22581839561462402,31.90001678466797,0.7976171970367432
4424,63,0.03076171875,0.23099979758262634,33.27776336669922,0.7832258343696594
4425,66,0.0322265625,0.2398034930229187,32.22770690917969,0.7903176546096802
4426,60,0.029296875,0.2516186237335205,30.86017608642578,0.804567277431488
4427,62,0.0302734375,0.2432933747768402,34.448387145996094,0.765224277973175
4428,66,0.0322265625,0.2359873652458191,33.270774841308594,0.7814370393753052
4429,69,0.03369140625,0.23898297548294067,33.96078872680664,0.7811232209205627
4430,59,0.02880859375,0.2179904282093048,32.70237350463867,0.7949339747428894
4431,66,0.0322265625,0.20609399676322937,33.14398193359375,0.7818616032600403
4432,82,0.0400390625,0.18794995546340942,34.09081268310547,0.7784076929092407
4433,70,0.0341796875,0.20672324299812317,35.42822265625,0.759323000907898
4434,60,0.029296875,0.20269140601158142,36.71110916137695,0.749043881893158
4435,69,0.03369140625,0.18181104958057404,35.07647705078125,0.7635447978973389
4436,63,0.03076171875,0.19290101528167725,32.08453369140625,0.7940462827682495
4437,53,0.02587890625,0.23839321732521057,33.02389907836914,0.7704904079437256
4438,55,0.02685546875,0.22926980257034302,34.374568939208984,0.7577658295631409
4439,59,0.02880859375,0.16320715844631195,35.415802001953125,0.7594131231307983
4440,533,0.26025390625,0.15255215764045715,33.97615051269531,0.7793847918510437
4441,494,0.2412109375,0.1445637196302414,27.739709854125977,0.8391030430793762
4442,447,0.21826171875,0.13997173309326172,28.29189109802246,0.8381073474884033
4443,418,0.2041015625,0.1448751538991928,28.255279541015625,0.8364120721817017
4444,385,0.18798828125,0.16422393918037415,28.528642654418945,0.8377552628517151
4445,364,0.177734375,0.1520276963710785,27.609214782714844,0.8436000943183899
4446,396,0.193359375,0.1376950889825821,26.00812339782715,0.8626911044120789
4447,405,0.19775390625,0.13816404342651367,26.540151596069336,0.8552126288414001
4448,441,0.21533203125,0.12782521545886993,24.445417404174805,0.8727442622184753
4449,434,0.2119140625,0.1253730207681656,23.59025764465332,0.8808178305625916
4450,421,0.20556640625,0.12856826186180115,24.800004959106445,0.8677409291267395
4451,465,0.22705078125,0.1263977289199829,25.449682235717773,0.8602562546730042
4452,487,0.23779296875,0.12414854019880295,21.63764190673828,0.8901051878929138
4453,482,0.2353515625,0.11903651058673859,21.637529373168945,0.896817684173584
4454,504,0.24609375,0.12127849459648132,21.463956832885742,0.8974690437316895
4455,608,0.296875,0.1319422870874405,19.619792938232422,0.9095121622085571
4456,579,0.28271484375,0.12421023100614548,18.79310417175293,0.9096405506134033
4457,481,0.23486328125,0.12142635881900787,21.501096725463867,0.8933800458908081
4458,455,0.22216796875,0.12926802039146423,23.030319213867188,0.8818678855895996
4459,426,0.2080078125,0.13709944486618042,24.072996139526367,0.8748227953910828
4460,356,0.173828125,0.14717790484428406,28.814239501953125,0.8377161026000977
4461,326,0.1591796875,0.14296433329582214,28.811281204223633,0.8369579911231995
4462,362,0.1767578125,0.13147862255573273,27.430137634277344,0.8472240567207336
4463,361,0.17626953125,0.13924086093902588,28.89206886291504,0.8356810212135315
4464,385,0.18798828125,0.14184778928756714,28.1597843170166,0.8440089821815491
4465,480,0.234375,0.139479860663414,25.345081329345703,0.8678275942802429
4466,499,0.24365234375,0.11802422255277634,21.327604293823242,0.8987092971801758
4467,458,0.2236328125,0.12843351066112518,22.76310920715332,0.8915929198265076
4468,473,0.23095703125,0.14915017783641815,24.37336540222168,0.8781574368476868
4469,518,0.2529296875,0.15382255613803864,24.351572036743164,0.8812681436538696
4470,609,0.29736328125,0.14015783369541168,19.788984298706055,0.9159880876541138
4471,553,0.27001953125,0.13313637673854828,20.60112190246582,0.908880889415741
4472,669,0.32666015625,0.14729058742523193,20.702035903930664,0.907924473285675
4473,569,0.27783203125,0.13427096605300903,21.820350646972656,0.9017229676246643
4474,435,0.21240234375,0.15249980986118317,26.67243766784668,0.853336751461029
4475,358,0.1748046875,0.1652611345052719,28.08486557006836,0.8391595482826233
4476,326,0.1591796875,0.1642863005399704,28.672616958618164,0.8331912159919739
4477,319,0.15576171875,0.14992615580558777,28.069063186645508,0.8423691391944885
4478,331,0.16162109375,0.15278778970241547,27.584712982177734,0.8478142619132996
4479,330,0.1611328125,0.1664656400680542,30.589204788208008,0.8192219138145447
4480,76,0.037109375,0.20875123143196106,31.56494140625,0.804975688457489
4481,72,0.03515625,0.19067691266536713,31.54134178161621,0.8125401735305786
4482,69,0.03369140625,0.20213881134986877,30.523561477661133,0.8235349655151367
4483,71,0.03466796875,0.21795177459716797,28.927053451538086,0.8321747779846191
4484,72,0.03515625,0.2183540314435959,30.670907974243164,0.8110889196395874
4485,52,0.025390625,0.2513827681541443,33.645626068115234,0.7820400595664978
4486,46,0.0224609375,0.26367509365081787,32.048892974853516,0.8071460723876953
4487,44,0.021484375,0.2674756944179535,29.2396183013916,0.835611879825592
4488,47,0.02294921875,0.2554866373538971,33.70224380493164,0.7685853838920593
4489,54,0.0263671875,0.23238232731819153,34.442195892333984,0.7749121785163879
4490,52,0.025390625,0.2219146490097046,32.92661666870117,0.799519956111908
4491,55,0.02685546875,0.21137522161006927,31.264907836914062,0.8151472806930542
4492,52,0.025390625,0.22609752416610718,35.88809585571289,0.7541183233261108
4493,52,0.025390625,0.2357664853334427,39.938453674316406,0.7125204801559448
4494,54,0.0263671875,0.23520538210868835,37.2412109375,0.7378115653991699
4495,42,0.0205078125,0.2676268219947815,35.37895202636719,0.7719112634658813
4496,38,0.0185546875,0.27910321950912476,36.20087432861328,0.7764813899993896
4497,40,0.01953125,0.28683221340179443,38.85613250732422,0.7293323874473572
4498,37,0.01806640625,0.33245381712913513,35.45261001586914,0.7718484997749329
4499,37,0.01806640625,0.3334834575653076,36.93238067626953,0.7621026635169983
4500,42,0.0205078125,0.3126450181007385,35.37168502807617,0.776107907295227
4501,42,0.0205078125,0.3301159143447876,36.07462692260742,0.7603474855422974
4502,37,0.01806640625,0.33835238218307495,31.418180465698242,0.8046596646308899
4503,38,0.0185546875,0.3130466341972351,32.20500564575195,0.8023842573165894
4504,36,0.017578125,0.34089770913124084,34.23263931274414,0.7765810489654541
4505,39,0.01904296875,0.33713117241859436,35.05036163330078,0.7800848484039307
4506,34,0.0166015625,0.35709333419799805,35.24175262451172,0.7773144245147705
4507,32,0.015625,0.3423701524734497,32.09829330444336,0.8025720715522766
4508,35,0.01708984375,0.3505440652370453,35.64057159423828,0.7698019742965698
4509,38,0.0185546875,0.35495129227638245,36.37468338012695,0.7466339468955994
4510,43,0.02099609375,0.3081841468811035,33.04365158081055,0.7794668674468994
4511,30,0.0146484375,0.3852481245994568,32.104034423828125,0.807773768901825
4512,30,0.0146484375,0.37211665511131287,35.04024887084961,0.7785636782646179
4513,29,0.01416015625,0.35077789425849915,35.91389465332031,0.7821135520935059
4514,30,0.0146484375,0.35512420535087585,40.25160598754883,0.7238041162490845
4515,31,0.01513671875,0.342736154794693,44.825111389160156,0.6652588844299316
4516,29,0.01416015625,0.3482688367366791,44.840423583984375,0.6683604121208191
4517,28,0.013671875,0.3286789357662201,40.21845626831055,0.7300451397895813
4518,34,0.0166015625,0.32771337032318115,41.932334899902344,0.7075177431106567
4519,34,0.0166015625,0.28937530517578125,42.157920837402344,0.6944127082824707
4520,301,0.14697265625,0.11971613764762878,36.035369873046875,0.7606666684150696
4521,293,0.14306640625,0.11835531145334244,36.95365905761719,0.7509384155273438
4522,285,0.13916015625,0.11927162110805511,36.342994689941406,0.7595109343528748
4523,317,0.15478515625,0.12109245359897614,35.79062271118164,0.7635521292686462
4524,302,0.1474609375,0.11999297142028809,36.01184844970703,0.7601560950279236
4525,321,0.15673828125,0.12072368711233139,35.531211853027344,0.7605843544006348
4526,389,0.18994140625,0.11888919025659561,34.955360412597656,0.7647231817245483
4527,400,0.1953125,0.11730394512414932,34.286163330078125,0.7748086452484131
4528,566,0.2763671875,0.1019032821059227,30.813011169433594,0.8165737390518188
4529,549,0.26806640625,0.10340417921543121,29.694644927978516,0.8247511982917786
4530,600,0.29296875,0.10697072744369507,29.749258041381836,0.8213822245597839
4531,767,0.37451171875,0.10805916041135788,28.12567901611328,0.8345100283622742
4532,794,0.3876953125,0.10960220545530319,28.967687606811523,0.8312739729881287
4533,616,0.30078125,0.1070658266544342,31.082414627075195,0.8152398467063904
4534,776,0.37890625,0.1205197423696518,31.327409744262695,0.8087104558944702
4535,731,0.35693359375,0.13206276297569275,32.26374053955078,0.7990483045578003
4536,667,0.32568359375,0.1121467873454094,30.315305709838867,0.8160231113433838
4537,718,0.3505859375,0.1118890568614006,29.874956130981445,0.8196375370025635
4538,730,0.3564453125,0.11133833229541779,28.773359298706055,0.8373826742172241
4539,819,0.39990234375,0.10670895129442215,30.5751895904541,0.8178684711456299
4540,828,0.404296875,0.09906072914600372,28.895030975341797,0.8318207859992981
4541,889,0.43408203125,0.09776099771261215,29.0771541595459,0.832520067691803
4542,1003,0.48974609375,0.11034855246543884,32.888511657714844,0.7898435592651367
4543,882,0.4306640625,0.10809192806482315,30.62531852722168,0.8145293593406677
4544,918,0.4482421875,0.10268110036849976,29.96796417236328,0.8191476464271545
4545,937,0.45751953125,0.09790362417697906,28.701997756958008,0.833665132522583
4546,1013,0.49462890625,0.09928788244724274,29.881954193115234,0.8210233449935913
4547,957,0.46728515625,0.0908687561750412,29.324474334716797,0.8319394588470459
4548,899,0.43896484375,0.10504011809825897,34.0374755859375,0.7879388332366943
4549,1300,0.634765625,0.12094723433256149,40.5220947265625,0.7072468400001526
4550,1238,0.6044921875,0.10910927504301071,37.343814849853516,0.7451675534248352
4551,1059,0.51708984375,0.10259399563074112,31.742704391479492,0.806342601776123
4552,1127,0.55029296875,0.10393320024013519,36.36338424682617,0.7609912157058716
4553,1143,0.55810546875,0.10153765976428986,31.70490837097168,0.8032443523406982
4554,1145,0.55908203125,0.12046363949775696,32.4986457824707,0.7892901301383972
4555,1124,0.548828125,0.12493637949228287,32.9244270324707,0.7893197536468506
4556,1129,0.55126953125,0.13497979938983917,31.559572219848633,0.8006303906440735
4557,1160,0.56640625,0.13487261533737183,32.00469970703125,0.7990193963050842
4558,1163,0.56787109375,0.13987404108047485,34.288108825683594,0.7755349278450012
4559,1096,0.53515625,0.14484234154224396,34.5444450378418,0.7705333232879639
4560,327,0.15966796875,0.15647251904010773,33.71276092529297,0.7854487299919128
4561,274,0.1337890625,0.1555909812450409,34.46837615966797,0.7812055945396423
4562,252,0.123046875,0.14960774779319763,33.560184478759766,0.7950955629348755
4563,240,0.1171875,0.1354919821023941,35.36722183227539,0.7716620564460754
4564,221,0.10791015625,0.13062086701393127,34.983802795410156,0.7783865928649902
4565,184,0.08984375,0.13666687905788422,35.33928298950195,0.7776930332183838
4566,181,0.08837890625,0.11939233541488647,32.5363655090332,0.8019706606864929
4567,229,0.11181640625,0.12016703188419342,32.01668930053711,0.8055521249771118
4568,270,0.1318359375,0.1212325468659401,33.42756652832031,0.7924203872680664
4569,244,0.119140625,0.11819722503423691,33.18223571777344,0.7931799292564392
4570,273,0.13330078125,0.11610996723175049,35.14714431762695,0.7710134387016296
4571,268,0.130859375,0.11116933822631836,35.57061767578125,0.7656322121620178
4572,304,0.1484375,0.11681775003671646,35.875301361083984,0.7620183229446411
4573,297,0.14501953125,0.11233929544687271,34.67096710205078,0.773901104927063
4574,251,0.12255859375,0.11320967972278595,32.7428092956543,0.7998958826065063
4575,307,0.14990234375,0.15855064988136292,32.85396957397461,0.7910130620002747
4576,256,0.125,0.11517398804426193,31.966367721557617,0.810132622718811
4577,205,0.10009765625,0.1201135665178299,32.49714660644531,0.7969229817390442
4578,210,0.1025390625,0.11855976283550262,32.238067626953125,0.8001925945281982
4579,183,0.08935546875,0.11820019781589508,33.11626052856445,0.7905738949775696
4580,181,0.08837890625,0.1176166981458664,31.772668838500977,0.8081442713737488
4581,182,0.0888671875,0.12527894973754883,31.86195945739746,0.8071311116218567
4582,194,0.0947265625,0.12975922226905823,32.64052963256836,0.7955000400543213
4583,166,0.0810546875,0.1302662342786789,36.48704147338867,0.7492610216140747
4584,187,0.09130859375,0.1277061253786087,35.4892463684082,0.7609027624130249
4585,207,0.10107421875,0.12971095740795135,34.80207443237305,0.76889568567276
4586,259,0.12646484375,0.1424502283334732,34.54359436035156,0.7645840048789978
4587,274,0.1337890625,0.139296755194664,33.86968994140625,0.7743721604347229
4588,257,0.12548828125,0.14122071862220764,34.995826721191406,0.7607741951942444
4589,284,0.138671875,0.13378985226154327,33.06264877319336,0.7825332880020142
4590,367,0.17919921875,0.13737455010414124,34.21842956542969,0.7744409441947937
4591,362,0.1767578125,0.13379554450511932,32.279151916503906,0.7957768440246582
4592,356,0.173828125,0.13964515924453735,32.6624641418457,0.7880632877349854
4593,458,0.2236328125,0.1464444249868393,35.23533248901367,0.7710241675376892
4594,525,0.25634765625,0.14870509505271912,34.36604309082031,0.7767270803451538
4595,670,0.3271484375,0.14175038039684296,38.85194778442383,0.727184534072876
4596,585,0.28564453125,0.14167824387550354,35.58216857910156,0.7668201327323914
4597,674,0.3291015625,0.13395923376083374,38.006988525390625,0.7450224161148071
4598,528,0.2578125,0.1361331045627594,36.13873291015625,0.763547956943512
4599,751,0.36669921875,0.14988188445568085,40.39226150512695,0.7090117931365967
4600,381,0.18603515625,0.12006523460149765,28.500349044799805,0.8355575203895569
4601,362,0.1767578125,0.11036277562379837,28.730323791503906,0.8341932892799377
4602,361,0.17626953125,0.10966457426548004,29.108457565307617,0.8264061808586121
4603,361,0.17626953125,0.12029101699590683,29.06753921508789,0.8284180760383606
4604,354,0.1728515625,0.11160833388566971,29.391578674316406,0.8231335878372192
4605,378,0.1845703125,0.11554113775491714,28.517993927001953,0.8282805681228638
4606,352,0.171875,0.13362155854701996,30.381162643432617,0.8073745369911194
4607,351,0.17138671875,0.11746318638324738,28.02140998840332,0.8392185568809509
4608,352,0.171875,0.11457201838493347,27.16541290283203,0.8458109498023987
4609,352,0.171875,0.1379956305027008,30.361244201660156,0.8078632354736328
4610,426,0.2080078125,0.12361422926187515,30.720808029174805,0.8087711334228516
4611,395,0.19287109375,0.11745907366275787,28.76185417175293,0.827086329460144
4612,407,0.19873046875,0.12450902163982391,28.343599319458008,0.8303284049034119
4613,449,0.21923828125,0.11753930896520615,27.82172203063965,0.8385233879089355
4614,438,0.2138671875,0.11692221462726593,26.527563095092773,0.8515769243240356
4615,369,0.18017578125,0.10615900158882141,26.875022888183594,0.8500053882598877
4616,316,0.154296875,0.11515096575021744,28.210634231567383,0.8395568132400513
4617,297,0.14501953125,0.11338584870100021,27.911245346069336,0.8360515236854553
4618,307,0.14990234375,0.12016954272985458,28.288982391357422,0.8358311653137207
4619,402,0.1962890625,0.10924328118562698,26.285642623901367,0.8525506258010864
4620,414,0.2021484375,0.10885811597108841,26.153486251831055,0.8546230792999268
4621,442,0.2158203125,0.13072103261947632,28.307781219482422,0.8311991691589355
4622,461,0.22509765625,0.1504731923341751,28.696496963500977,0.8308600783348083
4623,434,0.2119140625,0.12283940613269806,29.349092483520508,0.8255895376205444
4624,422,0.2060546875,0.12003399431705475,27.598630905151367,0.8477317690849304
4625,397,0.19384765625,0.10932711511850357,25.90863037109375,0.8620122075080872
4626,345,0.16845703125,0.10869491100311279,25.33721923828125,0.8678699731826782
4627,390,0.1904296875,0.11007677763700485,24.422590255737305,0.8715767860412598
4628,410,0.2001953125,0.11765413731336594,24.451541900634766,0.8661596775054932
4629,400,0.1953125,0.1157013326883316,23.57929229736328,0.8764985799789429
4630,373,0.18212890625,0.10217020660638809,24.490507125854492,0.8705071210861206
4631,370,0.1806640625,0.1073283776640892,26.508094787597656,0.8539091348648071
4632,334,0.1630859375,0.10894639790058136,28.333446502685547,0.83072429895401
4633,356,0.173828125,0.1068863794207573,26.178234100341797,0.8550978899002075
4634,393,0.19189453125,0.11558046191930771,24.176115036010742,0.8747336268424988
4635,426,0.2080078125,0.11808431148529053,24.29033660888672,0.8702069520950317
4636,396,0.193359375,0.11452404409646988,26.234994888305664,0.8513628840446472
4637,384,0.1875,0.11710559576749802,25.254209518432617,0.8637645840644836
4638,393,0.19189453125,0.1219368726015091,25.315956115722656,0.8637841939926147
4639,321,0.15673828125,0.11407097429037094,27.269519805908203,0.848240077495575
4640,972,0.474609375,0.20403863489627838,38.82522201538086,0.7206456065177917
4641,1385,0.67626953125,0.2675248086452484,44.250858306884766,0.6654618382453918
4642,525,0.25634765625,0.11908625811338425,34.295326232910156,0.7806289196014404
4643,562,0.2744140625,0.12504935264587402,27.209304809570312,0.848228931427002
4644,453,0.22119140625,0.10810726881027222,23.923105239868164,0.8775326013565063
4645,412,0.201171875,0.10447046160697937,27.034452438354492,0.8486812710762024
4646,372,0.181640625,0.10433200001716614,28.42259407043457,0.8336101174354553
4647,447,0.21826171875,0.10006970912218094,26.216184616088867,0.8640967607498169
4648,429,0.20947265625,0.09793674945831299,25.816303253173828,0.8675986528396606
4649,432,0.2109375,0.09954792261123657,28.783645629882812,0.8310456871986389
4650,462,0.2255859375,0.09418217092752457,28.955114364624023,0.8231409192085266
4651,435,0.21240234375,0.09661323577165604,25.605161666870117,0.8621522188186646
4652,471,0.22998046875,0.09535570442676544,29.19216537475586,0.8290985822677612
4653,464,0.2265625,0.09391272068023682,29.495149612426758,0.8217254877090454
4654,510,0.2490234375,0.0933413952589035,30.39857292175293,0.8138388991355896
4655,530,0.2587890625,0.09649474918842316,32.01874923706055,0.7978371977806091
4656,569,0.27783203125,0.10115186125040054,36.67100143432617,0.7535282373428345
4657,549,0.26806640625,0.0991741269826889,33.1136360168457,0.7900065183639526
4658,555,0.27099609375,0.09665397554636002,30.6013126373291,0.8106813430786133
4659,537,0.26220703125,0.09172600507736206,28.77911949157715,0.8300804495811462
4660,467,0.22802734375,0.08790011703968048,27.293209075927734,0.8408870697021484
4661,485,0.23681640625,0.08680985867977142,26.027223587036133,0.8566675186157227
4662,498,0.2431640625,0.08879947662353516,27.167665481567383,0.8469961285591125
4663,516,0.251953125,0.08778169751167297,27.53032684326172,0.8439154028892517
4664,519,0.25341796875,0.0916643887758255,28.058034896850586,0.8378298878669739
4665,534,0.2607421875,0.09775830060243607,28.7438907623291,0.8347285985946655
4666,485,0.23681640625,0.09830545634031296,26.036518096923828,0.8607126474380493
4667,458,0.2236328125,0.097158282995224,26.49428939819336,0.8566415905952454
4668,451,0.22021484375,0.09459295123815536,25.891948699951172,0.8652654886245728
4669,447,0.21826171875,0.09624544531106949,26.382169723510742,0.8617120981216431
4670,438,0.2138671875,0.09089243412017822,25.269908905029297,0.866496205329895
4671,448,0.21875,0.09863892942667007,25.831575393676758,0.8546004295349121
4672,451,0.22021484375,0.10206516087055206,27.34860610961914,0.8405088186264038
4673,527,0.25732421875,0.12883134186267853,27.814496994018555,0.8416698575019836
4674,528,0.2578125,0.10605569928884506,29.043663024902344,0.8322742581367493
4675,540,0.263671875,0.1086607351899147,29.991329193115234,0.8207653760910034
4676,486,0.2373046875,0.10789252072572708,30.383346557617188,0.8199084401130676
4677,470,0.2294921875,0.10616690665483475,30.633066177368164,0.8193590044975281
4678,419,0.20458984375,0.11259511858224869,32.028900146484375,0.8088749051094055
4679,446,0.2177734375,0.11835934221744537,32.624271392822266,0.8038851618766785
4680,219,0.10693359375,0.1401788741350174,34.86422348022461,0.7774118185043335
4681,243,0.11865234375,0.1329207569360733,33.701053619384766,0.7930864095687866
4682,270,0.1318359375,0.13841724395751953,35.701419830322266,0.770733654499054
4683,295,0.14404296875,0.1313687413930893,35.602149963378906,0.7717536091804504
4684,303,0.14794921875,0.13252763450145721,36.076358795166016,0.7633134722709656
4685,298,0.1455078125,0.11891959607601166,34.55848693847656,0.7801917195320129
4686,367,0.17919921875,0.13163799047470093,33.33061218261719,0.7902840375900269
4687,451,0.22021484375,0.13572600483894348,34.5849723815918,0.7776158452033997
4688,358,0.1748046875,0.11210446059703827,33.22871780395508,0.7969164848327637
4689,406,0.1982421875,0.12922725081443787,33.840152740478516,0.7893368601799011
4690,378,0.1845703125,0.10836213827133179,32.23602294921875,0.8038163781166077
4691,345,0.16845703125,0.10264953970909119,31.324556350708008,0.8161901235580444
4692,324,0.158203125,0.1009581983089447,31.352815628051758,0.8162611722946167
4693,330,0.1611328125,0.11226974427700043,32.827430725097656,0.7974231243133545
4694,359,0.17529296875,0.11345554888248444,31.720964431762695,0.8104300498962402
4695,334,0.1630859375,0.11439290642738342,31.464387893676758,0.81455397605896
4696,410,0.2001953125,0.13827498257160187,33.721317291259766,0.7865791320800781
4697,354,0.1728515625,0.13259513676166534,32.6414680480957,0.796151876449585
4698,317,0.15478515625,0.12162680178880692,31.11331558227539,0.8197678923606873
4699,296,0.14453125,0.12106988579034805,31.156797409057617,0.8215391039848328
4700,302,0.1474609375,0.12410261482000351,31.20033073425293,0.8197521567344666
4701,292,0.142578125,0.11173081398010254,30.240158081054688,0.8293123841285706
4702,321,0.15673828125,0.12053268402814865,29.502504348754883,0.8353338837623596
4703,372,0.181640625,0.1216609925031662,29.169469833374023,0.8338950276374817
4704,416,0.203125,0.12677544355392456,28.506263732910156,0.8359541296958923
4705,455,0.22216796875,0.15181230008602142,34.65691375732422,0.7734203338623047
4706,431,0.21044921875,0.12660042941570282,31.919355392456055,0.8068535923957825
4707,400,0.1953125,0.11276619881391525,27.064956665039062,0.8499083518981934
4708,334,0.1630859375,0.11557835340499878,25.858808517456055,0.8621575832366943
4709,299,0.14599609375,0.11879266053438187,27.217239379882812,0.8486617207527161
4710,347,0.16943359375,0.11616196483373642,25.873241424560547,0.8636572957038879
4711,385,0.18798828125,0.11659237742424011,25.39945411682129,0.8706328272819519
4712,505,0.24658203125,0.17065100371837616,26.087730407714844,0.8601890802383423
4713,371,0.18115234375,0.1245967373251915,25.724905014038086,0.8690244555473328
4714,356,0.173828125,0.13213850557804108,25.279197692871094,0.8713139891624451
4715,362,0.1767578125,0.12647895514965057,24.296085357666016,0.8839470744132996
4716,374,0.1826171875,0.14744684100151062,26.71631622314453,0.8593734502792358
4717,349,0.17041015625,0.13559044897556305,26.404687881469727,0.861539363861084
4718,348,0.169921875,0.12672726809978485,26.139034271240234,0.8666523098945618
4719,324,0.158203125,0.11922309547662735,25.35489845275879,0.8743076920509338
4720,48,0.0234375,0.1655992567539215,30.31140899658203,0.825833797454834
4721,46,0.0224609375,0.16825982928276062,33.526302337646484,0.7914820909500122
4722,43,0.02099609375,0.16839337348937988,31.593164443969727,0.8105893731117249
4723,42,0.0205078125,0.1794329583644867,33.864234924316406,0.7816226482391357
4724,36,0.017578125,0.18840835988521576,27.99698829650879,0.8533542156219482
4725,33,0.01611328125,0.19236314296722412,31.581972122192383,0.8100345134735107
4726,29,0.01416015625,0.1734476089477539,35.433860778808594,0.7652178406715393
4727,40,0.01953125,0.2121390402317047,38.6779899597168,0.7277475595474243
4728,40,0.01953125,0.18710611760616302,36.3634147644043,0.7556072473526001
4729,37,0.01806640625,0.22870807349681854,38.42524337768555,0.7379698753356934
4730,38,0.0185546875,0.18879517912864685,34.37533950805664,0.7898901700973511
4731,37,0.01806640625,0.18672972917556763,36.49782180786133,0.7556519508361816
4732,39,0.01904296875,0.19859302043914795,38.717037200927734,0.7251324653625488
4733,39,0.01904296875,0.20995260775089264,36.712013244628906,0.7532675266265869
4734,26,0.0126953125,0.2417224794626236,36.0539665222168,0.7557734847068787
4735,29,0.01416015625,0.25672486424446106,42.837867736816406,0.6814397573471069
4736,24,0.01171875,0.2324812412261963,37.89108657836914,0.7435710430145264
4737,31,0.01513671875,0.2334984391927719,37.784297943115234,0.7448068261146545
4738,29,0.01416015625,0.2477184236049652,36.45133972167969,0.7482956647872925
4739,32,0.015625,0.21475593745708466,36.5708122253418,0.7609226703643799
4740,22,0.0107421875,0.2415834367275238,35.84114456176758,0.7690439820289612
4741,26,0.0126953125,0.25891125202178955,37.94713592529297,0.7388925552368164
4742,31,0.01513671875,0.23828940093517303,38.21090316772461,0.7422044277191162
4743,25,0.01220703125,0.2734409272670746,46.410682678222656,0.6380132436752319
4744,27,0.01318359375,0.24783338606357574,43.38193130493164,0.6773731112480164
4745,29,0.01416015625,0.24207179248332977,41.134403228759766,0.7112185955047607
4746,37,0.01806640625,0.2013549506664276,36.97025680541992,0.7529413104057312
4747,37,0.01806640625,0.20882362127304077,35.02276611328125,0.7738785743713379
4748,36,0.017578125,0.2121545672416687,40.68116760253906,0.707862913608551
4749,38,0.0185546875,0.2061416059732437,39.4676628112793,0.7233248949050903
4750,31,0.01513671875,0.20057962834835052,38.66184997558594,0.7425357699394226
4751,33,0.01611328125,0.1984798014163971,37.288841247558594,0.7629031538963318
4752,37,0.01806640625,0.24188397824764252,44.458465576171875,0.6659099459648132
4753,36,0.017578125,0.22786135971546173,43.35543441772461,0.6875702738761902
4754,38,0.0185546875,0.23797820508480072,44.09636306762695,0.6606189608573914
4755,41,0.02001953125,0.2213483452796936,39.03828811645508,0.737250804901123
4756,35,0.01708984375,0.2062356323003769,37.10399627685547,0.7570885419845581
4757,35,0.01708984375,0.22401030361652374,34.6259880065918,0.7835585474967957
4758,32,0.015625,0.17908650636672974,37.8095703125,0.7504039406776428
4759,30,0.0146484375,0.23140744864940643,39.41396713256836,0.7273872494697571
4760,792,0.38671875,0.11736470460891724,41.324649810791016,0.7054473161697388
4761,883,0.43115234375,0.1065046489238739,40.00813674926758,0.7154395580291748
4762,839,0.40966796875,0.10477781295776367,40.03427505493164,0.7205597162246704
4763,1053,0.51416015625,0.13054795563220978,46.80731964111328,0.6346093416213989
4764,983,0.47998046875,0.14059904217720032,42.10886001586914,0.6951872706413269
4765,925,0.45166015625,0.13534173369407654,36.20209884643555,0.7655542492866516
4766,886,0.4326171875,0.13188892602920532,35.030250549316406,0.7778724431991577
4767,1081,0.52783203125,0.1163238063454628,40.890438079833984,0.7036439776420593
4768,1109,0.54150390625,0.11485287547111511,35.958213806152344,0.7621322274208069
4769,1257,0.61376953125,0.10371232032775879,40.629638671875,0.7075303792953491
4770,1251,0.61083984375,0.1187913566827774,39.184207916259766,0.730414092540741
4771,1201,0.58642578125,0.12750275433063507,36.269676208496094,0.7597846388816833
4772,1062,0.5185546875,0.1569766402244568,41.91896057128906,0.6910204291343689
4773,952,0.46484375,0.14629751443862915,38.350128173828125,0.7314209938049316
4774,966,0.4716796875,0.1199367344379425,35.6204948425293,0.7650735378265381
4775,992,0.484375,0.10451477020978928,38.039451599121094,0.7319905161857605
4776,935,0.45654296875,0.11170854419469833,37.56940841674805,0.7398692965507507
4777,848,0.4140625,0.12277664244174957,39.79438400268555,0.716168224811554
4778,1119,0.54638671875,0.10063347220420837,41.52251052856445,0.6975449323654175
4779,1076,0.525390625,0.10343322902917862,42.55126190185547,0.6870143413543701
4780,1435,0.70068359375,0.09376935660839081,54.30049133300781,0.5385037660598755
4781,1624,0.79296875,0.10637927055358887,46.84124755859375,0.6383955478668213
4782,1515,0.73974609375,0.11112583428621292,45.89229965209961,0.6499005556106567
4783,1012,0.494140625,0.11413503438234329,37.318843841552734,0.7464901208877563
4784,1274,0.6220703125,0.1154811903834343,41.24895095825195,0.7045813798904419
4785,1084,0.529296875,0.11245162039995193,37.761470794677734,0.7427630424499512
4786,1003,0.48974609375,0.11514220386743546,39.169090270996094,0.7243157029151917
4787,985,0.48095703125,0.1117316409945488,40.71445083618164,0.7077683806419373
4788,1065,0.52001953125,0.09577995538711548,38.2510986328125,0.7293482422828674
4789,1015,0.49560546875,0.11227529495954514,41.56319808959961,0.7016478776931763
4790,969,0.47314453125,0.1055922731757164,38.136295318603516,0.7380619049072266
4791,882,0.4306640625,0.1046404242515564,40.08081817626953,0.7167513370513916
4792,917,0.44775390625,0.09891771525144577,46.47855758666992,0.6428365111351013
4793,903,0.44091796875,0.11606394499540329,52.1555061340332,0.5675936937332153
4794,997,0.48681640625,0.12721940875053406,46.93257141113281,0.6330853700637817
4795,1020,0.498046875,0.12470807135105133,47.70167922973633,0.6222071647644043
4796,1040,0.5078125,0.08791989088058472,44.06283950805664,0.6547264456748962
4797,908,0.443359375,0.10394226759672165,41.242122650146484,0.6874924302101135
4798,979,0.47802734375,0.1080668494105339,39.891937255859375,0.6952394247055054
4799,951,0.46435546875,0.11331535875797272,40.660614013671875,0.686541736125946
4800,426,0.2080078125,0.12301714718341827,37.52740478515625,0.7428242564201355
4801,422,0.2060546875,0.11420180648565292,36.44869613647461,0.758364737033844
4802,464,0.2265625,0.11132735759019852,34.45139694213867,0.7789944410324097
4803,383,0.18701171875,0.12064744532108307,34.65946960449219,0.7773756384849548
4804,424,0.20703125,0.11314351856708527,33.31601333618164,0.7911727428436279
4805,467,0.22802734375,0.1083870604634285,34.608089447021484,0.7758997678756714
4806,364,0.177734375,0.11822924762964249,33.23234558105469,0.7921273112297058
4807,425,0.20751953125,0.1106061041355133,34.45525360107422,0.7802786231040955
4808,436,0.212890625,0.1083616390824318,33.28932571411133,0.7917518019676208
4809,447,0.21826171875,0.11209706217050552,32.882991790771484,0.7937950491905212
4810,584,0.28515625,0.11080954968929291,34.04566192626953,0.7800642251968384
4811,748,0.365234375,0.11377495527267456,34.59834289550781,0.7699456810951233
4812,565,0.27587890625,0.10735101252794266,33.634342193603516,0.7908432483673096
4813,413,0.20166015625,0.12070398032665253,38.188297271728516,0.7423983216285706
4814,418,0.2041015625,0.11831051111221313,38.16188430786133,0.7440332174301147
4815,481,0.23486328125,0.10090408474206924,35.146602630615234,0.7777090668678284
4816,779,0.38037109375,0.10832425206899643,33.3510627746582,0.7827784419059753
4817,691,0.33740234375,0.10432761907577515,34.17385482788086,0.7783434391021729
4818,551,0.26904296875,0.10695571452379227,33.931888580322266,0.7852362394332886
4819,505,0.24658203125,0.1052531749010086,31.84477424621582,0.8061445355415344
4820,456,0.22265625,0.10669958591461182,34.05080795288086,0.7856516242027283
4821,421,0.20556640625,0.10582514107227325,34.877174377441406,0.7737051248550415
4822,464,0.2265625,0.10857344418764114,31.93248748779297,0.8035508394241333
4823,524,0.255859375,0.09995359182357788,27.847496032714844,0.8462971448898315
4824,514,0.2509765625,0.10466530174016953,29.834932327270508,0.8232769966125488
4825,534,0.2607421875,0.10327909886837006,32.687957763671875,0.7960656881332397
4826,639,0.31201171875,0.09950673580169678,25.060644149780273,0.8641853332519531
4827,599,0.29248046875,0.0943516343832016,25.812477111816406,0.8581523895263672
4828,476,0.232421875,0.09527219086885452,24.331605911254883,0.8755793571472168
4829,593,0.28955078125,0.09081073105335236,24.497621536254883,0.8757339715957642
4830,523,0.25537109375,0.08710275590419769,23.194026947021484,0.8871987462043762
4831,441,0.21533203125,0.09474143385887146,23.97864532470703,0.8817704916000366
4832,524,0.255859375,0.0872974544763565,23.302804946899414,0.8877363204956055
4833,589,0.28759765625,0.09189584106206894,23.509632110595703,0.8835247159004211
4834,665,0.32470703125,0.12316416203975677,27.767393112182617,0.8461666107177734
4835,516,0.251953125,0.10482951998710632,23.290035247802734,0.8889356851577759
4836,451,0.22021484375,0.10742837935686111,25.28371810913086,0.8773027658462524
4837,421,0.20556640625,0.12181179970502853,28.636089324951172,0.8455492854118347
4838,450,0.2197265625,0.1272020936012268,34.81874465942383,0.7811483144760132
4839,476,0.232421875,0.12039357423782349,27.530750274658203,0.8567963242530823
4840,176,0.0859375,0.13671830296516418,31.473834991455078,0.8206827044487
4841,173,0.08447265625,0.14151519536972046,35.07281494140625,0.7771448493003845
4842,193,0.09423828125,0.14434154331684113,31.946069717407227,0.8134185075759888
4843,186,0.0908203125,0.15481378138065338,29.87607192993164,0.8335302472114563
4844,204,0.099609375,0.15090899169445038,31.096288681030273,0.8174386024475098
4845,205,0.10009765625,0.1393258273601532,32.183773040771484,0.8065040111541748
4846,185,0.09033203125,0.13462324440479279,30.94207191467285,0.8252589106559753
4847,200,0.09765625,0.14339302480220795,29.55866241455078,0.8376898169517517
4848,189,0.09228515625,0.13724184036254883,32.72842788696289,0.8066370487213135
4849,194,0.0947265625,0.13869503140449524,32.8719596862793,0.8056918978691101
4850,200,0.09765625,0.14046213030815125,30.724401473999023,0.8252243995666504
4851,201,0.09814453125,0.1419006735086441,31.38432502746582,0.818477213382721
4852,212,0.103515625,0.15437288582324982,32.24478530883789,0.8073279857635498
4853,208,0.1015625,0.14618992805480957,31.162010192871094,0.813288152217865
4854,205,0.10009765625,0.14506079256534576,32.55324935913086,0.8020097017288208
4855,209,0.10205078125,0.13989026844501495,33.339111328125,0.8010316491127014
4856,194,0.0947265625,0.1439182162284851,31.999197006225586,0.8117820620536804
4857,194,0.0947265625,0.15578366816043854,29.679758071899414,0.8341400027275085
4858,173,0.08447265625,0.1505373865365982,31.590986251831055,0.812629222869873
4859,169,0.08251953125,0.1504688262939453,32.24769973754883,0.8118991255760193
4860,168,0.08203125,0.15017744898796082,33.05841064453125,0.8007373809814453
4861,169,0.08251953125,0.14033488929271698,32.213565826416016,0.8126758933067322
4862,169,0.08251953125,0.1448442041873932,32.706703186035156,0.8072463870048523
4863,173,0.08447265625,0.15855146944522858,32.30965042114258,0.8076386451721191
4864,188,0.091796875,0.15530721843242645,32.962806701660156,0.7973749041557312
4865,177,0.08642578125,0.15580178797245026,34.18171691894531,0.7818926572799683
4866,169,0.08251953125,0.1575806885957718,32.10322570800781,0.8098464012145996
4867,156,0.076171875,0.1509130597114563,32.645450592041016,0.8005516529083252
4868,147,0.07177734375,0.1513652354478836,34.1995964050293,0.7837565541267395
4869,153,0.07470703125,0.17998984456062317,35.2275390625,0.7732164263725281
4870,143,0.06982421875,0.1637679785490036,33.57139587402344,0.7926400303840637
4871,139,0.06787109375,0.1770714968442917,33.28225326538086,0.7913475036621094
4872,157,0.07666015625,0.19658417999744415,32.46041488647461,0.8016278147697449
4873,156,0.076171875,0.19506175816059113,32.96280288696289,0.7996029853820801
4874,169,0.08251953125,0.19448788464069366,34.096256256103516,0.7866215705871582
4875,178,0.0869140625,0.20354032516479492,34.001869201660156,0.7862142324447632
4876,189,0.09228515625,0.1978762000799179,32.89351272583008,0.8008732795715332
4877,199,0.09716796875,0.2014290690422058,33.80446243286133,0.7909045815467834
4878,202,0.0986328125,0.19590894877910614,33.89018630981445,0.7833718061447144
4879,182,0.0888671875,0.20965372025966644,33.37171173095703,0.7968220114707947
4880,211,0.10302734375,0.14342419803142548,31.296703338623047,0.7965859770774841
4881,191,0.09326171875,0.1348896622657776,29.71448516845703,0.8199074864387512
4882,206,0.1005859375,0.13208746910095215,31.556825637817383,0.8085330724716187
4883,205,0.10009765625,0.1325383335351944,32.39768981933594,0.8003682494163513
4884,183,0.08935546875,0.13221918046474457,32.44321060180664,0.8038367629051208
4885,177,0.08642578125,0.11963827908039093,31.005352020263672,0.8108132481575012
4886,171,0.08349609375,0.1279211789369583,32.19105911254883,0.7989102005958557
4887,173,0.08447265625,0.1241195797920227,30.725627899169922,0.8169097900390625
4888,160,0.078125,0.13463623821735382,33.379730224609375,0.7952001094818115
4889,182,0.0888671875,0.13549229502677917,32.57608413696289,0.7988848686218262
4890,175,0.08544921875,0.12215566635131836,32.51711654663086,0.8042188286781311
4891,172,0.083984375,0.10236919671297073,30.912691116333008,0.8202732801437378
4892,164,0.080078125,0.10950995236635208,31.690752029418945,0.8145381808280945
4893,175,0.08544921875,0.10451250523328781,30.65955924987793,0.8240969181060791
4894,163,0.07958984375,0.10594591498374939,32.33566665649414,0.8072080016136169
4895,169,0.08251953125,0.11276250332593918,30.71233367919922,0.8199194073677063
4896,162,0.0791015625,0.12303761392831802,33.644596099853516,0.7944136261940002
4897,140,0.068359375,0.12769079208374023,36.929344177246094,0.764326810836792
4898,141,0.06884765625,0.1212838813662529,35.47805404663086,0.7787386775016785
4899,152,0.07421875,0.11543120443820953,36.607452392578125,0.7628993391990662
4900,158,0.0771484375,0.11140561103820801,35.678680419921875,0.7787161469459534
4901,175,0.08544921875,0.10802165418863297,33.69826889038086,0.7984206080436707
4902,185,0.09033203125,0.1028602346777916,33.07537841796875,0.8035757541656494
4903,205,0.10009765625,0.10274405777454376,32.05807113647461,0.8069912791252136
4904,214,0.1044921875,0.10759659111499786,30.74536895751953,0.8176329135894775
4905,204,0.099609375,0.1073373407125473,32.81974411010742,0.799411952495575
4906,188,0.091796875,0.10307727009057999,32.067543029785156,0.8039791584014893
4907,168,0.08203125,0.10240650177001953,31.593698501586914,0.8172069787979126
4908,155,0.07568359375,0.11452271044254303,34.70198059082031,0.784345805644989
4909,165,0.08056640625,0.1110084056854248,33.41158676147461,0.7984073758125305
4910,176,0.0859375,0.10399890691041946,32.87520980834961,0.7976497411727905
4911,180,0.087890625,0.10876204818487167,32.53053283691406,0.8035836219787598
4912,182,0.0888671875,0.10635988414287567,32.514408111572266,0.8057761788368225
4913,201,0.09814453125,0.10590379685163498,35.01728057861328,0.7769742012023926
4914,219,0.10693359375,0.11848990619182587,34.6693229675293,0.7764230370521545
4915,191,0.09326171875,0.11568363010883331,35.623512268066406,0.7694916129112244
4916,202,0.0986328125,0.11547697335481644,34.065128326416016,0.7853589057922363
4917,174,0.0849609375,0.11079005897045135,35.77580642700195,0.7714684009552002
4918,172,0.083984375,0.11502569913864136,36.30490493774414,0.7658098936080933
4919,162,0.0791015625,0.12030947953462601,34.476959228515625,0.7850397229194641
4920,231,0.11279296875,0.13670726120471954,31.87652587890625,0.803819477558136
4921,249,0.12158203125,0.13836359977722168,34.87904357910156,0.7720727324485779
4922,241,0.11767578125,0.13513846695423126,30.3311710357666,0.8189730644226074
4923,257,0.12548828125,0.13103140890598297,27.81676483154297,0.8443154692649841
4924,229,0.11181640625,0.1309625208377838,28.728544235229492,0.8387873768806458
4925,294,0.1435546875,0.14480917155742645,29.26942253112793,0.8330032825469971
4926,232,0.11328125,0.1502736359834671,29.651548385620117,0.8271960020065308
4927,278,0.1357421875,0.15201808512210846,30.881013870239258,0.8131786584854126
4928,355,0.17333984375,0.13524962961673737,29.05489158630371,0.8316594362258911
4929,377,0.18408203125,0.1577577143907547,31.165367126464844,0.8113940954208374
4930,364,0.177734375,0.1284821331501007,28.59130859375,0.8407437801361084
4931,323,0.15771484375,0.11959680914878845,27.561363220214844,0.8486749529838562
4932,313,0.15283203125,0.12348700314760208,26.94046974182129,0.8533552289009094
4933,320,0.15625,0.13769197463989258,31.597476959228516,0.8075929880142212
4934,334,0.1630859375,0.11997444927692413,28.166000366210938,0.8452180624008179
4935,357,0.17431640625,0.12997524440288544,29.961124420166016,0.8252522349357605
4936,386,0.1884765625,0.1430523693561554,30.653043746948242,0.8202304244041443
4937,366,0.1787109375,0.19810068607330322,42.443302154541016,0.6821796894073486
4938,351,0.17138671875,0.22376221418380737,40.4204216003418,0.7063037157058716
4939,338,0.1650390625,0.16548791527748108,37.68275833129883,0.7375007271766663
4940,288,0.140625,0.19237355887889862,39.80021667480469,0.7180019617080688
4941,295,0.14404296875,0.14340466260910034,30.945493698120117,0.8158312439918518
4942,348,0.169921875,0.1352226883172989,30.21425437927246,0.8236246109008789
4943,367,0.17919921875,0.13417702913284302,30.145849227905273,0.8205440044403076
4944,349,0.17041015625,0.13637222349643707,29.165746688842773,0.8290644884109497
4945,320,0.15625,0.1270279735326767,31.183334350585938,0.8119567036628723
4946,294,0.1435546875,0.12554943561553955,30.105791091918945,0.8223229050636292
4947,296,0.14453125,0.13444185256958008,30.18962860107422,0.8227568864822388
4948,329,0.16064453125,0.1392316073179245,30.64025115966797,0.8161110877990723
4949,300,0.146484375,0.14146797358989716,34.4234733581543,0.771603524684906
4950,376,0.18359375,0.14921817183494568,31.50967025756836,0.808144748210907
4951,354,0.1728515625,0.1251990795135498,30.41440200805664,0.8235446810722351
4952,357,0.17431640625,0.11606914550065994,29.306724548339844,0.8285872340202332
4953,322,0.1572265625,0.11425232887268066,28.1593074798584,0.8464772701263428
4954,364,0.177734375,0.11790813505649567,29.241744995117188,0.836901068687439
4955,363,0.17724609375,0.11791303008794785,27.72369384765625,0.8491047024726868
4956,380,0.185546875,0.11787571012973785,28.45647430419922,0.8415553569793701
4957,327,0.15966796875,0.1133873388171196,28.363821029663086,0.8393993377685547
4958,311,0.15185546875,0.11796323955059052,27.35173797607422,0.8570191860198975
4959,307,0.14990234375,0.12318864464759827,30.764657974243164,0.8195129632949829
4960,254,0.1240234375,0.1224263533949852,30.933460235595703,0.8169173002243042
4961,284,0.138671875,0.12112891674041748,29.065000534057617,0.8373702764511108
4962,324,0.158203125,0.12011086940765381,26.46649932861328,0.8599029183387756
4963,307,0.14990234375,0.12034842371940613,24.983007431030273,0.8746395707130432
4964,298,0.1455078125,0.12981291115283966,29.128847122192383,0.8352824449539185
4965,291,0.14208984375,0.12005770206451416,27.285341262817383,0.8549600839614868
4966,269,0.13134765625,0.1228918805718422,30.322052001953125,0.822852611541748
4967,267,0.13037109375,0.12266119569540024,30.064252853393555,0.8270465731620789
4968,234,0.1142578125,0.12134899944067001,31.35984992980957,0.8093175888061523
4969,290,0.1416015625,0.11367891728878021,25.8039493560791,0.8688852787017822
4970,301,0.14697265625,0.1096951812505722,25.89644432067871,0.8666503429412842
4971,300,0.146484375,0.11048708856105804,28.556400299072266,0.8393757939338684
4972,289,0.14111328125,0.11470996588468552,27.696964263916016,0.8516001105308533
4973,314,0.1533203125,0.10300035774707794,27.109399795532227,0.8564314842224121
4974,300,0.146484375,0.09507006406784058,28.080455780029297,0.8514670133590698
4975,308,0.150390625,0.09196510910987854,27.12265396118164,0.8596128225326538
4976,296,0.14453125,0.08887342363595963,26.044300079345703,0.8708852529525757
4977,283,0.13818359375,0.08914709836244583,26.230026245117188,0.8640822768211365
4978,307,0.14990234375,0.0835290402173996,26.518205642700195,0.8603339791297913
4979,315,0.15380859375,0.08360432833433151,26.170761108398438,0.8608595132827759
4980,259,0.12646484375,0.09479869902133942,28.160560607910156,0.8392899632453918
4981,232,0.11328125,0.090918630361557,27.56779670715332,0.8488091826438904
4982,209,0.10205078125,0.11265837401151657,29.271039962768555,0.8320257067680359
4983,215,0.10498046875,0.09031333029270172,28.518505096435547,0.8429102897644043
4984,225,0.10986328125,0.09376388788223267,29.50519561767578,0.8354063630104065
4985,236,0.115234375,0.12160170823335648,29.802473068237305,0.8285004496574402
4986,253,0.12353515625,0.09514974802732468,30.46644401550293,0.8229486346244812
4987,240,0.1171875,0.0930018350481987,28.55506134033203,0.8469186425209045
4988,250,0.1220703125,0.1112189069390297,31.62353515625,0.8077833652496338
4989,241,0.11767578125,0.12313850969076157,30.830646514892578,0.8209015727043152
4990,223,0.10888671875,0.10204333066940308,29.973037719726562,0.8334065079689026
4991,281,0.13720703125,0.08486680686473846,29.518301010131836,0.836165726184845
4992,326,0.1591796875,0.08538240939378738,26.545730590820312,0.8615071177482605
4993,303,0.14794921875,0.08204569667577744,26.297534942626953,0.8641602993011475
4994,299,0.14599609375,0.08196742832660675,25.879247665405273,0.8698564171791077
4995,296,0.14453125,0.08801355957984924,25.70406150817871,0.8681390881538391
4996,353,0.17236328125,0.08769820630550385,25.270980834960938,0.8718701004981995
4997,413,0.20166015625,0.093244768679142,27.64594078063965,0.847450852394104
4998,368,0.1796875,0.09315934032201767,24.995685577392578,0.8747654557228088
4999,361,0.17626953125,0.09621698409318924,26.580827713012695,0.8583136200904846
5000,222,0.1083984375,0.30248504877090454,40.81246566772461,0.7127518057823181
5001,191,0.09326171875,0.1960953325033188,37.32398223876953,0.7522444128990173
5002,168,0.08203125,0.17583158612251282,38.11750030517578,0.7476514577865601
5003,180,0.087890625,0.2029576599597931,38.325157165527344,0.748927891254425
5004,169,0.08251953125,0.19666528701782227,37.859737396240234,0.7510080933570862
5005,192,0.09375,0.1967763900756836,38.76911544799805,0.741135835647583
5006,180,0.087890625,0.19770777225494385,35.65726852416992,0.7696720361709595
5007,165,0.08056640625,0.17717476189136505,36.88766860961914,0.7623946666717529
5008,161,0.07861328125,0.17991124093532562,36.63777542114258,0.7641863226890564
5009,164,0.080078125,0.15436924993991852,37.42625045776367,0.7537460327148438
5010,153,0.07470703125,0.15018756687641144,35.69911193847656,0.7785135507583618
5011,167,0.08154296875,0.15626570582389832,36.83167266845703,0.76676344871521
5012,165,0.08056640625,0.15985244512557983,37.30074691772461,0.7602325081825256
5013,159,0.07763671875,0.14738833904266357,35.14253234863281,0.782741904258728
5014,156,0.076171875,0.1431678831577301,33.068660736083984,0.8065817952156067
5015,149,0.07275390625,0.13971686363220215,33.58989715576172,0.7985215187072754
5016,150,0.0732421875,0.13453200459480286,33.6987419128418,0.798487663269043
5017,145,0.07080078125,0.12622149288654327,32.186912536621094,0.8157583475112915
5018,157,0.07666015625,0.13696224987506866,32.64449691772461,0.8046945929527283
5019,161,0.07861328125,0.13032688200473785,33.36371612548828,0.801462709903717
5020,160,0.078125,0.12728898227214813,32.13059616088867,0.8155293464660645
5021,153,0.07470703125,0.1297806352376938,31.40852165222168,0.8245232701301575
5022,154,0.0751953125,0.12036819756031036,31.832881927490234,0.8167131543159485
5023,148,0.072265625,0.11951139569282532,30.055931091308594,0.8353428244590759
5024,151,0.07373046875,0.1260288506746292,31.60573959350586,0.8194555044174194
5025,154,0.0751953125,0.1247282326221466,31.438594818115234,0.8236199617385864
5026,149,0.07275390625,0.12028443813323975,31.261377334594727,0.8276951313018799
5027,148,0.072265625,0.12338456511497498,30.06450843811035,0.8393022418022156
5028,173,0.08447265625,0.12758229672908783,33.709678649902344,0.7974604964256287
5029,163,0.07958984375,0.13185077905654907,31.6933536529541,0.8201776742935181
5030,174,0.0849609375,0.1330094188451767,33.89347457885742,0.7951080203056335
5031,159,0.07763671875,0.12653328478336334,32.291099548339844,0.8148086667060852
5032,163,0.07958984375,0.13378459215164185,34.34659194946289,0.7906801104545593
5033,171,0.08349609375,0.13714087009429932,33.34689712524414,0.8030612468719482
5034,164,0.080078125,0.1348273903131485,33.66101837158203,0.7937955260276794
5035,168,0.08203125,0.12675690650939941,33.68482208251953,0.7971521019935608
5036,176,0.0859375,0.1302727460861206,34.379188537597656,0.7882903814315796
5037,173,0.08447265625,0.13002242147922516,33.45459747314453,0.8004926443099976
5038,168,0.08203125,0.1301150768995285,33.722755432128906,0.7977572679519653
5039,173,0.08447265625,0.13838204741477966,35.16639709472656,0.7806589007377625
5040,117,0.05712890625,0.14339853823184967,33.03721237182617,0.801209032535553
5041,147,0.07177734375,0.1503133475780487,33.77569580078125,0.7896091938018799
5042,129,0.06298828125,0.1467754989862442,31.84466552734375,0.8129677176475525
5043,117,0.05712890625,0.14647598564624786,30.94567108154297,0.8237389922142029
5044,134,0.0654296875,0.13597503304481506,30.872907638549805,0.8238600492477417
5045,114,0.0556640625,0.12862788140773773,30.903289794921875,0.8247096538543701
5046,120,0.05859375,0.12828929722309113,31.66857147216797,0.8219506740570068
5047,156,0.076171875,0.11144984513521194,30.767290115356445,0.8236541748046875
5048,174,0.0849609375,0.1168123111128807,29.104326248168945,0.8404595255851746
5049,180,0.087890625,0.12820950150489807,31.475257873535156,0.8094373941421509
5050,205,0.10009765625,0.1196153312921524,30.663286209106445,0.8168298006057739
5051,179,0.08740234375,0.11451906710863113,31.009716033935547,0.823066771030426
5052,173,0.08447265625,0.11784732341766357,32.53509521484375,0.8080871105194092
5053,159,0.07763671875,0.11546104401350021,32.02787780761719,0.8159127831459045
5054,188,0.091796875,0.1162426769733429,31.236587524414062,0.8208028674125671
5055,197,0.09619140625,0.11395679414272308,32.05079650878906,0.8102628588676453
5056,192,0.09375,0.1340026706457138,33.52422332763672,0.7909577488899231
5057,185,0.09033203125,0.11431737244129181,30.726226806640625,0.8232688903808594
5058,182,0.0888671875,0.114622563123703,30.678131103515625,0.8234559893608093
5059,164,0.080078125,0.11300434917211533,31.207576751708984,0.8232439756393433
5060,159,0.07763671875,0.11758430302143097,32.754150390625,0.8062822818756104
5061,124,0.060546875,0.12583433091640472,31.407249450683594,0.8260634541511536
5062,141,0.06884765625,0.11625338345766068,32.22311019897461,0.8108422160148621
5063,161,0.07861328125,0.10568565130233765,28.326257705688477,0.8497426509857178
5064,163,0.07958984375,0.11251316219568253,28.815866470336914,0.8415348529815674
5065,169,0.08251953125,0.115541011095047,28.70176124572754,0.8383217453956604
5066,178,0.0869140625,0.12143650650978088,29.267183303833008,0.8371184468269348
5067,176,0.0859375,0.11548745632171631,28.216529846191406,0.8457927703857422
5068,165,0.08056640625,0.12207390367984772,27.43133544921875,0.8509442806243896
5069,157,0.07666015625,0.12227390706539154,27.010225296020508,0.8550200462341309
5070,141,0.06884765625,0.13130712509155273,27.089168548583984,0.8489360213279724
5071,150,0.0732421875,0.12290910631418228,27.88539695739746,0.8421645760536194
5072,128,0.0625,0.13251811265945435,26.218172073364258,0.8587072491645813
5073,139,0.06787109375,0.1277613490819931,26.669574737548828,0.8568703532218933
5074,123,0.06005859375,0.1436329185962677,28.691673278808594,0.836317241191864
5075,130,0.0634765625,0.15258504450321198,27.956159591674805,0.8432348370552063
5076,129,0.06298828125,0.15240612626075745,28.962980270385742,0.8346388936042786
5077,123,0.06005859375,0.15320414304733276,27.66246223449707,0.8471352458000183
5078,130,0.0634765625,0.15125784277915955,27.294092178344727,0.8539447784423828
5079,146,0.0712890625,0.14522461593151093,29.33869743347168,0.8251514434814453
5080,437,0.21337890625,0.14871451258659363,30.3432674407959,0.8187252283096313
5081,435,0.21240234375,0.14653456211090088,31.045658111572266,0.808226466178894
5082,369,0.18017578125,0.1496276557445526,31.103919982910156,0.8074191212654114
5083,353,0.17236328125,0.1500849723815918,30.028583526611328,0.8227394819259644
5084,364,0.177734375,0.14775574207305908,30.84715461730957,0.8124440908432007
5085,385,0.18798828125,0.13943205773830414,30.42053985595703,0.8180670142173767
5086,415,0.20263671875,0.14450591802597046,30.09320640563965,0.8193322420120239
5087,367,0.17919921875,0.13851648569107056,31.692445755004883,0.8031347393989563
5088,379,0.18505859375,0.14498145878314972,30.966333389282227,0.8132932186126709
5089,431,0.21044921875,0.13712981343269348,29.81230926513672,0.8250916600227356
5090,473,0.23095703125,0.14098268747329712,31.008560180664062,0.8155062198638916
5091,583,0.28466796875,0.13175922632217407,30.191606521606445,0.8231486678123474
5092,531,0.25927734375,0.13418427109718323,31.03758430480957,0.8132451176643372
5093,494,0.2412109375,0.13285622000694275,30.657512664794922,0.8191546201705933
5094,465,0.22705078125,0.13385716080665588,30.036645889282227,0.825409471988678
5095,553,0.27001953125,0.14334377646446228,31.048372268676758,0.8180784583091736
5096,720,0.3515625,0.14073824882507324,28.340242385864258,0.8394675254821777
5097,682,0.3330078125,0.13639625906944275,27.964059829711914,0.843513548374176
5098,712,0.34765625,0.13946007192134857,26.997758865356445,0.8501225113868713
5099,1103,0.53857421875,0.12526100873947144,17.738534927368164,0.9155945777893066
5100,1155,0.56396484375,0.12501952052116394,36.80792236328125,0.7737818956375122
5101,947,0.46240234375,0.1382129192352295,22.996353149414062,0.8808390498161316
5102,696,0.33984375,0.14408756792545319,27.649658203125,0.8088723421096802
5103,722,0.3525390625,0.14531081914901733,26.999011993408203,0.8080261945724487
5104,797,0.38916015625,0.14219465851783752,27.59241485595703,0.8089080452919006
5105,786,0.3837890625,0.1372631937265396,25.1164493560791,0.8370227813720703
5106,838,0.4091796875,0.12277093529701233,27.503612518310547,0.8362518548965454
5107,844,0.412109375,0.12952709197998047,24.63190269470215,0.8425367474555969
5108,884,0.431640625,0.12721800804138184,22.95517349243164,0.8574659824371338
5109,1120,0.546875,0.1331140249967575,23.643043518066406,0.8655255436897278
5110,768,0.375,0.13367828726768494,29.018356323242188,0.8257566094398499
5111,968,0.47265625,0.1140577495098114,29.52092742919922,0.8249923586845398
5112,955,0.46630859375,0.0961855798959732,22.392662048339844,0.8903599381446838
5113,896,0.4375,0.09554432332515717,22.864070892333984,0.8888517022132874
5114,1037,0.50634765625,0.09948252141475677,24.630062103271484,0.8713577389717102
5115,1032,0.50390625,0.10730630159378052,31.051830291748047,0.813739001750946
5116,822,0.4013671875,0.1053515151143074,25.390947341918945,0.8689042329788208
5117,510,0.2490234375,0.138299822807312,28.641706466674805,0.8301517963409424
5118,415,0.20263671875,0.14243905246257782,30.331546783447266,0.8127660751342773
5119,311,0.15185546875,0.17137539386749268,37.276058197021484,0.7450705766677856
5120,390,0.1904296875,0.1972937136888504,37.44884490966797,0.7395714521408081
5121,459,0.22412109375,0.146635964512825,33.54474639892578,0.7837535738945007
5122,789,0.38525390625,0.11506274342536926,35.5997428894043,0.7561935782432556
5123,840,0.41015625,0.09741204231977463,32.177528381347656,0.7909316420555115
5124,835,0.40771484375,0.10149836540222168,32.17656326293945,0.7914139032363892
5125,809,0.39501953125,0.10960431396961212,31.453800201416016,0.796163022518158
5126,765,0.37353515625,0.10563138872385025,33.415077209472656,0.7850348353385925
5127,653,0.31884765625,0.10091721266508102,33.2910270690918,0.7793828845024109
5128,608,0.296875,0.10464765876531601,27.344552993774414,0.8430324196815491
5129,711,0.34716796875,0.101662777364254,32.49124526977539,0.7923814058303833
5130,535,0.26123046875,0.10870680212974548,26.90533447265625,0.851736843585968
5131,757,0.36962890625,0.086284339427948,29.254117965698242,0.8280214667320251
5132,814,0.3974609375,0.10095252096652985,32.04874801635742,0.8028508424758911
5133,670,0.3271484375,0.08534611016511917,31.417394638061523,0.814873993396759
5134,822,0.4013671875,0.09600630402565002,37.8776741027832,0.7296410799026489
5135,805,0.39306640625,0.10473258793354034,39.735984802246094,0.7173763513565063
5136,783,0.38232421875,0.08131685853004456,31.4774112701416,0.8116320967674255
5137,862,0.4208984375,0.08623608201742172,34.47987365722656,0.782281219959259
5138,843,0.41162109375,0.0940844789147377,32.98224639892578,0.7933316230773926
5139,823,0.40185546875,0.09836839139461517,34.38525390625,0.7729179263114929
5140,807,0.39404296875,0.10693370550870895,38.804405212402344,0.7077957987785339
5141,829,0.40478515625,0.11242759972810745,39.95264434814453,0.6995223164558411
5142,717,0.35009765625,0.11727944016456604,43.194984436035156,0.6629382967948914
5143,736,0.359375,0.1101536899805069,29.27695083618164,0.8321682214736938
5144,615,0.30029296875,0.12145744264125824,26.541786193847656,0.8603129386901855
5145,807,0.39404296875,0.10834543406963348,31.180274963378906,0.8135915398597717
5146,837,0.40869140625,0.12420918792486191,34.57989501953125,0.7773580551147461
5147,811,0.39599609375,0.10358583927154541,35.17652130126953,0.7746453285217285
5148,750,0.3662109375,0.1201508492231369,38.88521957397461,0.7341622114181519
5149,761,0.37158203125,0.12030105292797089,37.18809127807617,0.7449322938919067
5150,873,0.42626953125,0.09545133262872696,35.52947235107422,0.7673107981681824
5151,890,0.4345703125,0.09902797639369965,36.84477996826172,0.7523280382156372
5152,918,0.4482421875,0.11039231717586517,42.816715240478516,0.6792764067649841
5153,863,0.42138671875,0.11668672412633896,41.58899688720703,0.6876254677772522
5154,833,0.40673828125,0.10050982981920242,32.920509338378906,0.7963151931762695
5155,710,0.3466796875,0.10247549414634705,30.788179397583008,0.8072810769081116
5156,643,0.31396484375,0.11137159913778305,27.072404861450195,0.8481616377830505
5157,629,0.30712890625,0.12741701304912567,25.365863800048828,0.870351254940033
5158,542,0.2646484375,0.14214669167995453,27.179105758666992,0.8554394841194153
5159,788,0.384765625,0.16875004768371582,41.152099609375,0.7140347957611084
5160,362,0.1767578125,0.16174572706222534,31.735225677490234,0.8033401966094971
5161,379,0.18505859375,0.1473204344511032,28.122182846069336,0.8413457870483398
5162,387,0.18896484375,0.12658296525478363,25.642942428588867,0.867030918598175
5163,378,0.1845703125,0.10700441896915436,25.262285232543945,0.8713300824165344
5164,382,0.1865234375,0.08860363811254501,25.522422790527344,0.865810751914978
5165,414,0.2021484375,0.096402607858181,25.63770294189453,0.8649077415466309
5166,361,0.17626953125,0.09710931032896042,27.501033782958984,0.8532438278198242
5167,354,0.1728515625,0.09702485799789429,26.261878967285156,0.8638062477111816
5168,331,0.16162109375,0.0937727615237236,27.645933151245117,0.8516857028007507
5169,319,0.15576171875,0.09667928516864777,27.798555374145508,0.8531667590141296
5170,294,0.1435546875,0.10327012091875076,28.302034378051758,0.8490446209907532
5171,296,0.14453125,0.08966316282749176,26.337980270385742,0.8724520802497864
5172,327,0.15966796875,0.08454382419586182,25.622968673706055,0.8768912553787231
5173,344,0.16796875,0.09149757027626038,26.922607421875,0.8630408644676208
5174,374,0.1826171875,0.09701484441757202,25.822603225708008,0.8670872449874878
5175,368,0.1796875,0.09668401628732681,25.90467071533203,0.8662357926368713
5176,375,0.18310546875,0.10005161166191101,25.711694717407227,0.8670090436935425
5177,391,0.19091796875,0.10514378547668457,27.582536697387695,0.8540377616882324
5178,343,0.16748046875,0.11881256848573685,29.860258102416992,0.8323012590408325
5179,363,0.17724609375,0.11531206220388412,25.461040496826172,0.8650283217430115
5180,368,0.1796875,0.09152670949697495,22.983522415161133,0.8913108110427856
5181,366,0.1787109375,0.09731025993824005,24.029436111450195,0.880120038986206
5182,332,0.162109375,0.09356116503477097,24.055803298950195,0.8818774819374084
5183,360,0.17578125,0.09350765496492386,22.597293853759766,0.8903393149375916
5184,360,0.17578125,0.08737476915121078,22.127622604370117,0.8956995606422424
5185,336,0.1640625,0.09456715732812881,23.85465431213379,0.8841217756271362
5186,342,0.1669921875,0.09436795115470886,23.525171279907227,0.887532651424408
5187,375,0.18310546875,0.09758511930704117,22.652671813964844,0.8935244083404541
5188,361,0.17626953125,0.09161710739135742,22.302236557006836,0.8968181014060974
5189,371,0.18115234375,0.09471837431192398,21.5132999420166,0.8996038436889648
5190,402,0.1962890625,0.09199114143848419,21.518312454223633,0.8969141840934753
5191,437,0.21337890625,0.09626604616641998,23.097566604614258,0.8910170793533325
5192,395,0.19287109375,0.09482916444540024,21.75343132019043,0.894726574420929
5193,447,0.21826171875,0.10515601187944412,22.09128189086914,0.8965255618095398
5194,432,0.2109375,0.11145227402448654,25.342119216918945,0.8634620904922485
5195,383,0.18701171875,0.11034706979990005,23.946138381958008,0.8766764998435974
5196,417,0.20361328125,0.11029712110757828,23.887027740478516,0.8751543164253235
5197,392,0.19140625,0.11042177677154541,24.10460662841797,0.8779515624046326
5198,445,0.21728515625,0.11409527063369751,24.719491958618164,0.8755574822425842
5199,451,0.22021484375,0.11904935538768768,26.78127098083496,0.8580988049507141
5200,679,0.33154296875,0.1684270054101944,42.7140007019043,0.6855612397193909
5201,776,0.37890625,0.1309434473514557,22.854087829589844,0.8762773871421814
5202,676,0.330078125,0.12808482348918915,21.536869049072266,0.8883179426193237
5203,732,0.357421875,0.136153906583786,22.746286392211914,0.8820456266403198
5204,864,0.421875,0.13991563022136688,26.294456481933594,0.8616904020309448
5205,691,0.33740234375,0.130330890417099,22.11427879333496,0.8831583261489868
5206,660,0.322265625,0.12173645943403244,24.345510482788086,0.8704086542129517
5207,583,0.28466796875,0.12974654138088226,28.315494537353516,0.8318524360656738
5208,667,0.32568359375,0.12028639018535614,24.177818298339844,0.8740402460098267
5209,594,0.2900390625,0.12941883504390717,27.391273498535156,0.8486750721931458
5210,502,0.2451171875,0.13043349981307983,31.551542282104492,0.8070082664489746
5211,542,0.2646484375,0.1270313411951065,28.456146240234375,0.8413037061691284
5212,507,0.24755859375,0.12164930254220963,28.5979061126709,0.8358526229858398
5213,508,0.248046875,0.12104737758636475,30.344572067260742,0.8175590634346008
5214,475,0.23193359375,0.13380679488182068,28.785551071166992,0.8368449807167053
5215,525,0.25634765625,0.12125249207019806,25.90960693359375,0.8640092015266418
5216,527,0.25732421875,0.1112738624215126,29.345651626586914,0.8306745886802673
5217,547,0.26708984375,0.1202952116727829,25.385801315307617,0.8671191334724426
5218,676,0.330078125,0.11220948398113251,25.216169357299805,0.8707709908485413
5219,788,0.384765625,0.10801906138658524,24.637537002563477,0.865286648273468
5220,1342,0.6552734375,0.16158998012542725,32.08931350708008,0.783202588558197
5221,849,0.41455078125,0.10888072103261948,23.637779235839844,0.8750275373458862
5222,756,0.369140625,0.10332232713699341,23.138795852661133,0.8735108375549316
5223,646,0.3154296875,0.10879868268966675,22.2019100189209,0.8825473785400391
5224,610,0.2978515625,0.11100943386554718,20.909563064575195,0.8923652172088623
5225,552,0.26953125,0.1220904290676117,24.307147979736328,0.870330274105072
5226,613,0.29931640625,0.1177571564912796,26.873273849487305,0.8435743451118469
5227,533,0.26025390625,0.11822999268770218,26.46062469482422,0.8469269871711731
5228,510,0.2490234375,0.12515437602996826,25.480667114257812,0.852613627910614
5229,546,0.2666015625,0.12583081424236298,24.614721298217773,0.8670528531074524
5230,515,0.25146484375,0.12521634995937347,23.274877548217773,0.8720754981040955
5231,460,0.224609375,0.13733698427677155,25.438812255859375,0.8552230596542358
5232,383,0.18701171875,0.14746211469173431,31.030914306640625,0.8019534349441528
5233,388,0.189453125,0.14790408313274384,30.312963485717773,0.8070944547653198
5234,452,0.220703125,0.13632190227508545,30.27029037475586,0.8098145127296448
5235,467,0.22802734375,0.13593384623527527,29.359052658081055,0.8212012052536011
5236,707,0.34521484375,0.10934488475322723,24.80988883972168,0.8589758276939392
5237,590,0.2880859375,0.1169404610991478,29.468074798583984,0.8238458037376404
5238,719,0.35107421875,0.1178576722741127,27.16900634765625,0.8544782400131226
5239,666,0.3251953125,0.12197624146938324,27.48984146118164,0.8506648540496826
5240,73,0.03564453125,0.13126881420612335,35.49401092529297,0.7706208825111389
5241,69,0.03369140625,0.13132040202617645,34.904029846191406,0.7770880460739136
5242,76,0.037109375,0.12919440865516663,36.93684387207031,0.7520074248313904
5243,89,0.04345703125,0.1234009712934494,36.79563903808594,0.7558196783065796
5244,92,0.044921875,0.1150573343038559,37.65255355834961,0.7432626485824585
5245,87,0.04248046875,0.1171436458826065,35.775943756103516,0.7715902924537659
5246,84,0.041015625,0.1074308529496193,34.64937210083008,0.781582236289978
5247,85,0.04150390625,0.10978660732507706,34.691627502441406,0.7794404625892639
5248,85,0.04150390625,0.10945098847150803,32.55225372314453,0.7974993586540222
5249,101,0.04931640625,0.11671482026576996,37.664695739746094,0.7447829246520996
5250,113,0.05517578125,0.13628804683685303,34.64175796508789,0.783280611038208
5251,119,0.05810546875,0.13595639169216156,34.957489013671875,0.7806652784347534
5252,115,0.05615234375,0.14585083723068237,35.346839904785156,0.7809701561927795
5253,126,0.0615234375,0.15498918294906616,34.36753463745117,0.7883561849594116
5254,135,0.06591796875,0.1472235471010208,36.20772171020508,0.7691954374313354
5255,135,0.06591796875,0.15157431364059448,35.923221588134766,0.7662675380706787
5256,134,0.0654296875,0.12326091527938843,35.06621551513672,0.7787284851074219
5257,137,0.06689453125,0.11954992264509201,36.64202880859375,0.762254536151886
5258,134,0.0654296875,0.12323121726512909,34.984214782714844,0.7795372605323792
5259,145,0.07080078125,0.1310957670211792,34.89645004272461,0.7850425243377686
5260,163,0.07958984375,0.1268526166677475,35.721336364746094,0.7725242972373962
5261,159,0.07763671875,0.1160978227853775,34.654354095458984,0.7838391065597534
5262,164,0.080078125,0.11859291791915894,34.706363677978516,0.781607449054718
5263,166,0.0810546875,0.121090829372406,32.2077751159668,0.8099852204322815
5264,166,0.0810546875,0.13373050093650818,32.984100341796875,0.7942634224891663
5265,171,0.08349609375,0.13904552161693573,33.66900634765625,0.7840486168861389
5266,167,0.08154296875,0.13280339539051056,33.255821228027344,0.7917933464050293
5267,172,0.083984375,0.13945363461971283,35.01592254638672,0.7732435464859009
5268,166,0.0810546875,0.1230480894446373,34.92601776123047,0.7790386080741882
5269,169,0.08251953125,0.14422295987606049,34.31455993652344,0.781234860420227
5270,164,0.080078125,0.14207258820533752,33.25898742675781,0.7916425466537476
5271,158,0.0771484375,0.13713368773460388,32.01720428466797,0.8041558265686035
5272,157,0.07666015625,0.11969190835952759,34.06222152709961,0.7723372578620911
5273,165,0.08056640625,0.12040117383003235,32.86427307128906,0.7867555618286133
5274,163,0.07958984375,0.1130419448018074,30.49570083618164,0.8120015263557434
5275,170,0.0830078125,0.12263361364603043,32.681739807128906,0.7790532112121582
5276,177,0.08642578125,0.10752272605895996,32.92237854003906,0.7833786606788635
5277,160,0.078125,0.10333610326051712,32.081871032714844,0.8032150268554688
5278,151,0.07373046875,0.10415282100439072,32.779083251953125,0.7962002754211426
5279,148,0.072265625,0.11027386784553528,33.8172721862793,0.786077618598938
5280,330,0.1611328125,0.11670274287462234,29.8643798828125,0.823637068271637
5281,328,0.16015625,0.1289341300725937,29.300445556640625,0.8344170451164246
5282,366,0.1787109375,0.1298360973596573,29.306137084960938,0.8308165669441223
5283,417,0.20361328125,0.13431039452552795,30.26951789855957,0.8152109980583191
5284,337,0.16455078125,0.13182750344276428,30.464319229125977,0.8243815898895264
5285,381,0.18603515625,0.12689486145973206,30.499412536621094,0.8196272850036621
5286,330,0.1611328125,0.11651962995529175,30.53759765625,0.8264634609222412
5287,360,0.17578125,0.12749090790748596,31.252635955810547,0.81730055809021
5288,355,0.17333984375,0.11984577029943466,31.092336654663086,0.8212825059890747
5289,394,0.1923828125,0.11613975465297699,30.411706924438477,0.8188963532447815
5290,426,0.2080078125,0.1146136149764061,32.25564956665039,0.798216700553894
5291,366,0.1787109375,0.09997477382421494,29.668750762939453,0.8209617137908936
5292,364,0.177734375,0.10177376121282578,30.92381477355957,0.8137345910072327
5293,344,0.16796875,0.0995064452290535,30.1852970123291,0.8222294449806213
5294,355,0.17333984375,0.10598644614219666,31.939037322998047,0.8034241795539856
5295,408,0.19921875,0.11186261475086212,31.568105697631836,0.8054331541061401
5296,387,0.18896484375,0.11311221867799759,33.05388641357422,0.7916452288627625
5297,358,0.1748046875,0.10250907391309738,31.97370719909668,0.80454021692276
5298,347,0.16943359375,0.10772526264190674,33.47859191894531,0.7892515659332275
5299,386,0.1884765625,0.12192023545503616,34.61200714111328,0.7747555375099182
5300,394,0.1923828125,0.11770369857549667,35.44581604003906,0.7667217254638672
5301,379,0.18505859375,0.10909542441368103,34.182090759277344,0.7808423042297363
5302,390,0.1904296875,0.11763107776641846,34.95964431762695,0.7686050534248352
5303,331,0.16162109375,0.11301236599683762,33.990352630615234,0.7841201424598694
5304,297,0.14501953125,0.11192241311073303,33.501399993896484,0.7960524559020996
5305,272,0.1328125,0.10796348005533218,32.06025695800781,0.8121768236160278
5306,249,0.12158203125,0.1111372783780098,31.58230209350586,0.8186811804771423
5307,271,0.13232421875,0.11791887879371643,32.444786071777344,0.8069502115249634
5308,274,0.1337890625,0.11748239398002625,33.223636627197266,0.8005243539810181
5309,313,0.15283203125,0.11335007101297379,34.56614685058594,0.7778741717338562
5310,268,0.130859375,0.11915075778961182,32.50379943847656,0.8033376336097717
5311,262,0.1279296875,0.1183442547917366,32.56003189086914,0.8050835132598877
5312,264,0.12890625,0.12073969095945358,34.56387710571289,0.7840486168861389
5313,280,0.13671875,0.11775210499763489,32.57045364379883,0.806464433670044
5314,283,0.13818359375,0.1147831380367279,32.620689392089844,0.8060485124588013
5315,281,0.13720703125,0.12304719537496567,33.19887161254883,0.7997005581855774
5316,268,0.130859375,0.12196747958660126,32.03657531738281,0.8141384720802307
5317,263,0.12841796875,0.11745868623256683,32.515750885009766,0.8059760928153992
5318,290,0.1416015625,0.11739698052406311,32.97102355957031,0.8008689880371094
5319,289,0.14111328125,0.12193240225315094,31.450870513916016,0.8093903064727783
5320,92,0.044921875,0.12272246181964874,32.451087951660156,0.8078439235687256
5321,96,0.046875,0.11197377741336823,32.72922897338867,0.8009849190711975
5322,97,0.04736328125,0.11085256189107895,34.302425384521484,0.7769961953163147
5323,94,0.0458984375,0.10942425578832626,32.203163146972656,0.8094271421432495
5324,97,0.04736328125,0.11821421980857849,33.89431381225586,0.7896809577941895
5325,101,0.04931640625,0.11699669808149338,33.90296936035156,0.7875390648841858
5326,103,0.05029296875,0.13625511527061462,33.71088409423828,0.7896169424057007
5327,98,0.0478515625,0.11685188859701157,32.51569747924805,0.8028239607810974
5328,104,0.05078125,0.12197155505418777,33.708988189697266,0.7907959818840027
5329,98,0.0478515625,0.12151572108268738,34.9395866394043,0.7697350382804871
5330,90,0.0439453125,0.11927487701177597,34.29829788208008,0.7790001630783081
5331,85,0.04150390625,0.12201244384050369,33.338356018066406,0.7944925427436829
5332,78,0.0380859375,0.11460737884044647,32.313865661621094,0.7979671955108643
5333,92,0.044921875,0.10430711507797241,32.34790802001953,0.8026146292686462
5334,93,0.04541015625,0.11858198046684265,32.66244125366211,0.8006589412689209
5335,82,0.0400390625,0.11833278089761734,32.25707244873047,0.811713457107544
5336,94,0.0458984375,0.11126511543989182,34.136436462402344,0.8004137277603149
5337,92,0.044921875,0.11285620182752609,37.00222396850586,0.7631049156188965
5338,94,0.0458984375,0.11949647963047028,36.39104461669922,0.7736859321594238
5339,88,0.04296875,0.12515732645988464,35.86149978637695,0.773663341999054
5340,110,0.0537109375,0.10738938301801682,33.52755355834961,0.7872402667999268
5341,114,0.0556640625,0.1033577099442482,33.24085998535156,0.7905740737915039
5342,118,0.0576171875,0.09974437206983566,32.578277587890625,0.7994427680969238
5343,123,0.06005859375,0.09878599643707275,33.10187911987305,0.7985899448394775
5344,164,0.080078125,0.11891989409923553,30.317394256591797,0.824813961982727
5345,171,0.08349609375,0.13483145833015442,29.933937072753906,0.8274169564247131
5346,171,0.08349609375,0.12478054314851761,34.58417892456055,0.7869792580604553
5347,174,0.0849609375,0.12388772517442703,33.17445755004883,0.7957595586776733
5348,199,0.09716796875,0.143685981631279,33.234352111816406,0.7978413701057434
5349,203,0.09912109375,0.14802514016628265,32.445308685302734,0.8093891739845276
5350,192,0.09375,0.14047960937023163,32.3098030090332,0.8086869120597839
5351,220,0.107421875,0.14364613592624664,31.719951629638672,0.8102152943611145
5352,174,0.0849609375,0.11849430948495865,29.963825225830078,0.8304325938224792
5353,174,0.0849609375,0.13133394718170166,30.766035079956055,0.8243609666824341
5354,201,0.09814453125,0.14793071150779724,33.477806091308594,0.7895272970199585
5355,202,0.0986328125,0.12771134078502655,31.646270751953125,0.8049954771995544
5356,219,0.10693359375,0.13818302750587463,31.42690086364746,0.809693455696106
5357,285,0.13916015625,0.12738294899463654,29.286136627197266,0.8245751857757568
5358,258,0.1259765625,0.11799243092536926,29.45379638671875,0.8298819065093994
5359,296,0.14453125,0.11761762946844101,29.35804557800293,0.8299100995063782
5360,323,0.15771484375,0.16019593179225922,37.91835021972656,0.7404546141624451
5361,297,0.14501953125,0.15742982923984528,35.04062271118164,0.7836601734161377
5362,279,0.13623046875,0.15075631439685822,35.223716735839844,0.783776044845581
5363,237,0.11572265625,0.13278254866600037,36.06500244140625,0.7770237922668457
5364,233,0.11376953125,0.13120682537555695,35.740962982177734,0.7781206965446472
5365,239,0.11669921875,0.13593219220638275,35.51407241821289,0.7804822325706482
5366,234,0.1142578125,0.153198704123497,37.72282409667969,0.7490023374557495
5367,230,0.1123046875,0.13115590810775757,35.24679183959961,0.7804440259933472
5368,248,0.12109375,0.1456531435251236,32.95329284667969,0.8069655299186707
5369,238,0.1162109375,0.1309644728899002,33.8756217956543,0.7993748784065247
5370,259,0.12646484375,0.14844132959842682,32.840118408203125,0.8074960708618164
5371,259,0.12646484375,0.143767312169075,32.09992980957031,0.8151222467422485
5372,256,0.125,0.14880914986133575,32.26151657104492,0.8162318468093872
5373,293,0.14306640625,0.162009134888649,34.51519012451172,0.7802228927612305
5374,245,0.11962890625,0.14840300381183624,32.964839935302734,0.8066390752792358
5375,259,0.12646484375,0.1580921709537506,32.63194274902344,0.807723879814148
5376,278,0.1357421875,0.17278197407722473,33.941917419433594,0.7841953039169312
5377,222,0.1083984375,0.1372307538986206,32.35622787475586,0.8013777136802673
5378,221,0.10791015625,0.141001358628273,31.868778228759766,0.8090947270393372
5379,231,0.11279296875,0.14393669366836548,30.515625,0.8257169723510742
5380,271,0.13232421875,0.16631680727005005,31.74774742126465,0.8078303337097168
5381,222,0.1083984375,0.1416216492652893,30.800235748291016,0.8237413763999939
5382,238,0.1162109375,0.15472735464572906,30.941585540771484,0.8185876607894897
5383,172,0.083984375,0.1188368946313858,33.45099639892578,0.7974942922592163
5384,185,0.09033203125,0.12319779396057129,33.80588150024414,0.791863739490509
5385,171,0.08349609375,0.11929036676883698,35.15937423706055,0.7788324952125549
5386,190,0.0927734375,0.11506139487028122,32.01325988769531,0.8102585077285767
5387,186,0.0908203125,0.11128716915845871,32.281272888183594,0.8017017245292664
5388,186,0.0908203125,0.11505335569381714,32.021724700927734,0.8105839490890503
5389,206,0.1005859375,0.10948851704597473,31.540264129638672,0.8110545873641968
5390,202,0.0986328125,0.10716074705123901,32.37384796142578,0.7985000014305115
5391,205,0.10009765625,0.10492981970310211,30.826688766479492,0.8184239268302917
5392,210,0.1025390625,0.10600902885198593,28.87415313720703,0.8397203683853149
5393,228,0.111328125,0.10406810790300369,29.393815994262695,0.8317457437515259
5394,253,0.12353515625,0.11261911690235138,30.832799911499023,0.8093146085739136
5395,247,0.12060546875,0.11200523376464844,30.684192657470703,0.8135373592376709
5396,257,0.12548828125,0.11913727968931198,29.95742416381836,0.8226783871650696
5397,245,0.11962890625,0.12004584819078445,30.028820037841797,0.8190785646438599
5398,246,0.1201171875,0.12028194218873978,29.614397048950195,0.8223525285720825
5399,240,0.1171875,0.1269202083349228,29.078645706176758,0.8276087641716003
5400,207,0.10107421875,0.1225070208311081,31.486249923706055,0.8077731132507324
5401,205,0.10009765625,0.12344582378864288,31.65701675415039,0.8063520193099976
5402,185,0.09033203125,0.12397632747888565,33.09843063354492,0.7938273549079895
5403,192,0.09375,0.123969666659832,31.88117218017578,0.8062213063240051
5404,214,0.1044921875,0.13488373160362244,33.32471466064453,0.7883167862892151
5405,222,0.1083984375,0.1298798769712448,31.19782066345215,0.8104868531227112
5406,220,0.107421875,0.12559464573860168,30.9134578704834,0.8100371360778809
5407,247,0.12060546875,0.11840564012527466,32.52798080444336,0.7952920198440552
5408,359,0.17529296875,0.11586113274097443,31.297853469848633,0.8075934648513794
5409,357,0.17431640625,0.10918678343296051,31.264461517333984,0.8070266842842102
5410,415,0.20263671875,0.12168223410844803,32.545501708984375,0.7954924702644348
5411,422,0.2060546875,0.12039516866207123,32.5994873046875,0.7901961207389832
5412,348,0.169921875,0.10930293053388596,30.005352020263672,0.8204963207244873
5413,357,0.17431640625,0.10907107591629028,30.3835506439209,0.8187501430511475
5414,360,0.17578125,0.11622630059719086,30.554704666137695,0.8137216567993164
5415,374,0.1826171875,0.11333678662776947,32.68783950805664,0.7957653403282166
5416,390,0.1904296875,0.1168731153011322,32.04294204711914,0.8008260130882263
5417,372,0.181640625,0.12138611078262329,31.06479263305664,0.8069867491722107
5418,411,0.20068359375,0.13240066170692444,31.01674461364746,0.806268036365509
5419,382,0.1865234375,0.12007580697536469,30.076107025146484,0.8205627799034119
5420,368,0.1796875,0.11277662962675095,30.91929054260254,0.8115507364273071
5421,337,0.16455078125,0.11485009640455246,30.50428581237793,0.8185406923294067
5422,373,0.18212890625,0.11121375858783722,30.075393676757812,0.8235750198364258
5423,319,0.15576171875,0.1179225817322731,31.8807373046875,0.8072057366371155
5424,276,0.134765625,0.11304371058940887,31.072877883911133,0.8141725063323975
5425,310,0.1513671875,0.11581939458847046,31.049257278442383,0.8110436797142029
5426,273,0.13330078125,0.11457481235265732,29.93585205078125,0.8235577940940857
5427,309,0.15087890625,0.12990352511405945,32.674800872802734,0.7952108383178711
5428,314,0.1533203125,0.1367688626050949,32.54792785644531,0.7972636818885803
5429,353,0.17236328125,0.12889455258846283,32.90998077392578,0.7879624962806702
5430,369,0.18017578125,0.13389693200588226,32.71059799194336,0.788977324962616
5431,324,0.158203125,0.13626733422279358,31.393383026123047,0.8052017688751221
5432,294,0.1435546875,0.14318488538265228,31.97064971923828,0.7969381809234619
5433,236,0.115234375,0.14255143702030182,31.94579315185547,0.8055012822151184
5434,204,0.099609375,0.14380435645580292,31.5590763092041,0.8149898052215576
5435,230,0.1123046875,0.14502526819705963,32.23671340942383,0.8019430637359619
5436,251,0.12255859375,0.1375027298927307,32.23731231689453,0.8007688522338867
5437,300,0.146484375,0.14088352024555206,33.06626892089844,0.7893147468566895
5438,353,0.17236328125,0.13787123560905457,33.44611358642578,0.7833442091941833
5439,391,0.19091796875,0.14520809054374695,35.37862014770508,0.7651973366737366
5440,156,0.076171875,0.16289865970611572,26.142099380493164,0.8563699126243591
5441,164,0.080078125,0.16208647191524506,25.457141876220703,0.8636987209320068
5442,166,0.0810546875,0.1615186482667923,25.062599182128906,0.8704831004142761
5443,185,0.09033203125,0.1491139978170395,25.069265365600586,0.8700828552246094
5444,184,0.08984375,0.14863628149032593,23.866785049438477,0.8826137185096741
5445,189,0.09228515625,0.14776469767093658,24.565006256103516,0.8726628422737122
5446,166,0.0810546875,0.1524919867515564,24.753217697143555,0.8718386888504028
5447,172,0.083984375,0.1525329202413559,26.34859848022461,0.8521042466163635
5448,186,0.0908203125,0.14883702993392944,25.537654876708984,0.86612468957901
5449,195,0.09521484375,0.14715427160263062,23.08816909790039,0.8905946612358093
5450,189,0.09228515625,0.14844132959842682,23.631818771362305,0.8857167363166809
5451,184,0.08984375,0.14730629324913025,23.36897087097168,0.8888579607009888
5452,184,0.08984375,0.14443600177764893,26.03915786743164,0.8601251840591431
5453,159,0.07763671875,0.14940901100635529,24.825424194335938,0.8780138492584229
5454,150,0.0732421875,0.155615895986557,25.563692092895508,0.8649199604988098
5455,156,0.076171875,0.15039756894111633,24.972387313842773,0.8679113388061523
5456,188,0.091796875,0.14953084290027618,25.142669677734375,0.8716838955879211
5457,175,0.08544921875,0.15522737801074982,26.086992263793945,0.8580209016799927
5458,161,0.07861328125,0.15108223259449005,25.805822372436523,0.8657562732696533
5459,145,0.07080078125,0.15422271192073822,24.552209854125977,0.8782021403312683
5460,153,0.07470703125,0.1525065153837204,25.403467178344727,0.8701938986778259
5461,169,0.08251953125,0.1494281142950058,24.910982131958008,0.871475100517273
5462,164,0.080078125,0.15222860872745514,24.026639938354492,0.8813798427581787
5463,169,0.08251953125,0.15258966386318207,25.470104217529297,0.8715066313743591
5464,169,0.08251953125,0.15215729176998138,26.04242515563965,0.8660089373588562
5465,167,0.08154296875,0.15440116822719574,27.006216049194336,0.857667863368988
5466,143,0.06982421875,0.15382878482341766,26.769622802734375,0.8564406633377075
5467,145,0.07080078125,0.15509307384490967,28.11786651611328,0.8465791344642639
5468,127,0.06201171875,0.16292525827884674,31.003053665161133,0.8171498775482178
5469,125,0.06103515625,0.15821383893489838,29.695690155029297,0.8320980668067932
5470,125,0.06103515625,0.16283845901489258,31.303682327270508,0.8141960501670837
5471,110,0.0537109375,0.16835655272006989,29.67104721069336,0.8349109888076782
5472,109,0.05322265625,0.16662362217903137,30.186918258666992,0.8248668313026428
5473,117,0.05712890625,0.16113856434822083,30.534423828125,0.8217182159423828
5474,112,0.0546875,0.16850464046001434,29.560163497924805,0.8297432661056519
5475,100,0.048828125,0.178896963596344,30.548357009887695,0.819538414478302
5476,105,0.05126953125,0.18035468459129333,29.92097282409668,0.8280159831047058
5477,107,0.05224609375,0.175424724817276,29.512008666992188,0.8288105130195618
5478,109,0.05322265625,0.171870619058609,29.214584350585938,0.8340784907341003
5479,112,0.0546875,0.16616009175777435,27.139440536499023,0.854031503200531
5480,263,0.12841796875,0.14448483288288116,32.82471466064453,0.7954334616661072
5481,241,0.11767578125,0.1471996158361435,32.8240966796875,0.7973502278327942
5482,260,0.126953125,0.1438290774822235,32.44880676269531,0.803229570388794
5483,291,0.14208984375,0.13504073023796082,32.6436653137207,0.7980631589889526
5484,298,0.1455078125,0.13762828707695007,31.600868225097656,0.8087844252586365
5485,297,0.14501953125,0.14353007078170776,31.924041748046875,0.8063471913337708
5486,280,0.13671875,0.14979127049446106,31.056304931640625,0.8127589821815491
5487,302,0.1474609375,0.1418832391500473,32.220340728759766,0.8036482930183411
5488,318,0.1552734375,0.15918634831905365,33.3853759765625,0.7826672196388245
5489,334,0.1630859375,0.1666683554649353,33.66419982910156,0.7796356678009033
5490,295,0.14404296875,0.14433155953884125,31.979820251464844,0.8034145832061768
5491,305,0.14892578125,0.1296684294939041,30.656768798828125,0.8107557892799377
5492,315,0.15380859375,0.23117150366306305,34.60688781738281,0.7771260738372803
5493,316,0.154296875,0.21406282484531403,33.73553466796875,0.783547580242157
5494,300,0.146484375,0.18141455948352814,31.16223907470703,0.811139702796936
5495,290,0.1416015625,0.13705326616764069,31.131866455078125,0.8120006322860718
5496,288,0.140625,0.13194109499454498,32.239097595214844,0.800980806350708
5497,307,0.14990234375,0.16462920606136322,31.126005172729492,0.8080672025680542
5498,365,0.17822265625,0.1437668353319168,27.679948806762695,0.846044659614563
5499,324,0.158203125,0.1413811296224594,27.208227157592773,0.8500221967697144
5500,361,0.17626953125,0.14762507379055023,27.958885192871094,0.8427250981330872
5501,366,0.1787109375,0.15454214811325073,29.628183364868164,0.8255586624145508
5502,358,0.1748046875,0.15239179134368896,28.480653762817383,0.8415542840957642
5503,363,0.17724609375,0.15265974402427673,28.832576751708984,0.8282427191734314
5504,363,0.17724609375,0.1428074687719345,29.112586975097656,0.8267292380332947
5505,301,0.14697265625,0.14405421912670135,28.257883071899414,0.8384819030761719
5506,320,0.15625,0.13478846848011017,28.87432861328125,0.8380810022354126
5507,281,0.13720703125,0.14041417837142944,30.7138671875,0.822006106376648
5508,264,0.12890625,0.13425923883914948,31.78099822998047,0.8098648190498352
5509,241,0.11767578125,0.1358489692211151,30.406583786010742,0.8219972252845764
5510,260,0.126953125,0.12848986685276031,30.44841194152832,0.8171811699867249
5511,256,0.125,0.13553597033023834,29.54790496826172,0.8319336771965027
5512,230,0.1123046875,0.1354425698518753,30.567657470703125,0.8177803158760071
5513,196,0.095703125,0.13834832608699799,31.31378746032715,0.8146812319755554
5514,190,0.0927734375,0.13668832182884216,28.461084365844727,0.8362459540367126
5515,190,0.0927734375,0.13837869465351105,30.303091049194336,0.8174616098403931
5516,189,0.09228515625,0.13893792033195496,28.956253051757812,0.8319453597068787
5517,187,0.09130859375,0.14495618641376495,29.95315933227539,0.820952296257019
5518,194,0.0947265625,0.1456167846918106,29.87054443359375,0.8210589289665222
5519,179,0.08740234375,0.1559140533208847,32.35741424560547,0.7918068766593933
5520,371,0.18115234375,0.14756044745445251,31.079980850219727,0.8105992078781128
5521,402,0.1962890625,0.13944567739963531,30.529605865478516,0.8140904307365417
5522,416,0.203125,0.134665384888649,30.58041000366211,0.8145221471786499
5523,430,0.2099609375,0.1476130187511444,31.690967559814453,0.8047147393226624
5524,438,0.2138671875,0.13603325188159943,30.621780395507812,0.809370756149292
5525,481,0.23486328125,0.1334100067615509,31.24022674560547,0.8065186142921448
5526,373,0.18212890625,0.15085001289844513,28.731739044189453,0.8247243165969849
5527,421,0.20556640625,0.1450786590576172,28.48646354675293,0.8288124799728394
5528,373,0.18212890625,0.1400626003742218,29.75617027282715,0.8132379651069641
5529,354,0.1728515625,0.1400367021560669,31.6099910736084,0.7957590222358704
5530,338,0.1650390625,0.1387469321489334,32.15289306640625,0.7938745021820068
5531,377,0.18408203125,0.1336251199245453,32.49395751953125,0.792898952960968
5532,365,0.17822265625,0.12867844104766846,32.565677642822266,0.7936070561408997
5533,410,0.2001953125,0.12498890608549118,31.066261291503906,0.8097556233406067
5534,434,0.2119140625,0.12187740951776505,30.384300231933594,0.8208304047584534
5535,361,0.17626953125,0.12173016369342804,31.388031005859375,0.8096363544464111
5536,371,0.18115234375,0.12515951693058014,31.685379028320312,0.8156129717826843
5537,328,0.16015625,0.11635453999042511,30.04281997680664,0.8277970552444458
5538,340,0.166015625,0.12250815331935883,29.88563346862793,0.826758086681366
5539,378,0.1845703125,0.12144362926483154,28.145057678222656,0.8433666825294495
5540,403,0.19677734375,0.11832206696271896,28.159709930419922,0.8418087363243103
5541,403,0.19677734375,0.11108056455850601,26.72097396850586,0.8562232851982117
5542,358,0.1748046875,0.13649286329746246,28.704559326171875,0.8357610702514648
5543,404,0.197265625,0.1344967931509018,28.012725830078125,0.8418269157409668
5544,414,0.2021484375,0.11984601616859436,27.451642990112305,0.8488728404045105
5545,454,0.2216796875,0.12111909687519073,28.71600914001465,0.838117241859436
5546,368,0.1796875,0.11970051378011703,32.73893737792969,0.8037534952163696
5547,374,0.1826171875,0.11829119920730591,30.193588256835938,0.8262768387794495
5548,391,0.19091796875,0.1197923943400383,27.487396240234375,0.8531803488731384
5549,432,0.2109375,0.1350603848695755,26.945816040039062,0.8530891537666321
5550,424,0.20703125,0.12334706634283066,27.506549835205078,0.8507255911827087
5551,413,0.20166015625,0.12569257616996765,27.55479621887207,0.851772665977478
5552,411,0.20068359375,0.13152527809143066,26.84659194946289,0.8554540276527405
5553,470,0.2294921875,0.12095031887292862,27.451631546020508,0.8482013940811157
5554,449,0.21923828125,0.14433029294013977,28.80363655090332,0.8359417915344238
5555,423,0.20654296875,0.12934556603431702,27.126754760742188,0.8491936922073364
5556,466,0.2275390625,0.1370682418346405,29.047155380249023,0.8343199491500854
5557,480,0.234375,0.1346619725227356,29.541593551635742,0.829572856426239
5558,489,0.23876953125,0.14788521826267242,31.032760620117188,0.8084689378738403
5559,523,0.25537109375,0.13558663427829742,32.130409240722656,0.7940061092376709
5560,579,0.28271484375,0.12897682189941406,42.82979202270508,0.6766727566719055
5561,698,0.3408203125,0.12092091143131256,40.06781768798828,0.714877188205719
5562,716,0.349609375,0.11081286519765854,39.29298400878906,0.7228289842605591
5563,727,0.35498046875,0.10845256596803665,39.256290435791016,0.7257080078125
5564,869,0.42431640625,0.10368859022855759,48.680503845214844,0.6142333149909973
5565,616,0.30078125,0.09736398607492447,38.46046447753906,0.7381669282913208
5566,828,0.404296875,0.09260950237512589,40.54045486450195,0.7021748423576355
5567,1137,0.55517578125,0.13345080614089966,42.67124557495117,0.6897185444831848
5568,1522,0.7431640625,0.12387954443693161,54.38019561767578,0.5339364409446716
5569,386,0.1884765625,0.2323995679616928,41.8368034362793,0.6991567015647888
5570,1262,0.6162109375,0.13337691128253937,35.540870666503906,0.7562841773033142
5571,1352,0.66015625,0.13346871733665466,38.28483963012695,0.7289987206459045
5572,994,0.4853515625,0.14053696393966675,31.07074546813965,0.8120689988136292
5573,1085,0.52978515625,0.13927803933620453,37.29916763305664,0.7501564025878906
5574,1456,0.7109375,0.09876205772161484,37.596736907958984,0.7359964847564697
5575,1139,0.55615234375,0.11741848289966583,26.656692504882812,0.8447429537773132
5576,1039,0.50732421875,0.14588101208209991,34.158775329589844,0.7792247533798218
5577,820,0.400390625,0.1557929962873459,31.90521240234375,0.7977358102798462
5578,654,0.3193359375,0.16519755125045776,32.42698287963867,0.7976328730583191
5579,610,0.2978515625,0.15570257604122162,28.813854217529297,0.8346623778343201
5580,621,0.30322265625,0.16915419697761536,31.811161041259766,0.8019927740097046
5581,861,0.42041015625,0.12294168025255203,25.25351905822754,0.8680729866027832
5582,784,0.3828125,0.13299359381198883,23.28457260131836,0.8858730792999268
5583,663,0.32373046875,0.13022316992282867,25.12373924255371,0.877517819404602
5584,813,0.39697265625,0.11977395415306091,23.900800704956055,0.8805398344993591
5585,788,0.384765625,0.12332206964492798,25.164365768432617,0.8744398355484009
5586,829,0.40478515625,0.10237778723239899,27.071693420410156,0.8568224310874939
5587,814,0.3974609375,0.12671485543251038,25.12363052368164,0.8705931901931763
5588,658,0.3212890625,0.13876645267009735,25.272024154663086,0.8764824867248535
5589,688,0.3359375,0.13261505961418152,26.293224334716797,0.8687193393707275
5590,658,0.3212890625,0.11178791522979736,25.141170501708984,0.8780577778816223
5591,595,0.29052734375,0.1307426244020462,26.118244171142578,0.8704746961593628
5592,423,0.20654296875,0.16784602403640747,30.33249855041504,0.8257111310958862
5593,317,0.15478515625,0.1883416324853897,31.451080322265625,0.8120113611221313
5594,287,0.14013671875,0.18250539898872375,32.70433044433594,0.7998000383377075
5595,255,0.12451171875,0.1926221251487732,34.51982498168945,0.7832416892051697
5596,307,0.14990234375,0.17570722103118896,32.46259689331055,0.8007819652557373
5597,331,0.16162109375,0.1476047784090042,28.437646865844727,0.8466461300849915
5598,276,0.134765625,0.15717338025569916,29.236886978149414,0.8400289416313171
5599,224,0.109375,0.18244174122810364,30.181625366210938,0.8318150639533997
5600,268,0.130859375,0.14342667162418365,24.20294189453125,0.8806520104408264
5601,304,0.1484375,0.17026029527187347,25.52818489074707,0.8670459389686584
5602,299,0.14599609375,0.14669570326805115,24.959182739257812,0.8696044087409973
5603,271,0.13232421875,0.1466442197561264,25.215377807617188,0.8698940873146057
5604,232,0.11328125,0.1212528869509697,24.481014251708984,0.8772682547569275
5605,229,0.11181640625,0.10831781476736069,23.99721908569336,0.8821375370025635
5606,251,0.12255859375,0.12045059353113174,24.125276565551758,0.878842830657959
5607,293,0.14306640625,0.12597516179084778,23.42906379699707,0.8850157856941223
5608,248,0.12109375,0.11757970601320267,24.856327056884766,0.8713745474815369
5609,224,0.109375,0.10528058558702469,25.337139129638672,0.8719646334648132
5610,248,0.12109375,0.10966399312019348,24.853239059448242,0.8752501606941223
5611,258,0.1259765625,0.10725992918014526,23.839540481567383,0.8824597597122192
5612,263,0.12841796875,0.10925371199846268,23.928443908691406,0.8858163952827454
5613,323,0.15771484375,0.11552286148071289,22.138063430786133,0.8971511125564575
5614,359,0.17529296875,0.12390337139368057,22.581748962402344,0.8926119804382324
5615,347,0.16943359375,0.12202836573123932,21.827383041381836,0.900200366973877
5616,286,0.1396484375,0.10344167053699493,23.998750686645508,0.8825351595878601
5617,288,0.140625,0.11388790607452393,24.48833465576172,0.8808431625366211
5618,376,0.18359375,0.12524458765983582,24.08669090270996,0.882122278213501
5619,291,0.14208984375,0.10252033919095993,23.33445167541504,0.8870756030082703
5620,311,0.15185546875,0.10305903106927872,23.028379440307617,0.8875206708908081
5621,372,0.181640625,0.1179022341966629,24.806947708129883,0.8682725429534912
5622,311,0.15185546875,0.1148102879524231,25.068174362182617,0.8624267578125
5623,310,0.1513671875,0.11094529926776886,23.020753860473633,0.8830472826957703
5624,303,0.14794921875,0.10496026277542114,23.3791446685791,0.879923403263092
5625,287,0.14013671875,0.10894224047660828,24.108060836791992,0.8775361180305481
5626,297,0.14501953125,0.10303536057472229,23.178287506103516,0.8884046077728271
5627,249,0.12158203125,0.10853220522403717,27.221162796020508,0.857255756855011
5628,265,0.12939453125,0.12042713165283203,26.699085235595703,0.8634914755821228
5629,271,0.13232421875,0.11759870499372482,24.62928581237793,0.8752312660217285
5630,268,0.130859375,0.11549321562051773,26.556440353393555,0.8608642220497131
5631,289,0.14111328125,0.1192931979894638,25.61129379272461,0.8652324676513672
5632,393,0.19189453125,0.12698888778686523,23.08854866027832,0.8885871767997742
5633,407,0.19873046875,0.12147502601146698,23.401559829711914,0.8848792314529419
5634,475,0.23193359375,0.13671505451202393,25.878395080566406,0.8549322485923767
5635,481,0.23486328125,0.12058062106370926,26.00157356262207,0.8620644211769104
5636,397,0.19384765625,0.13083910942077637,24.115020751953125,0.8776032328605652
5637,334,0.1630859375,0.1323920637369156,26.405664443969727,0.859433650970459
5638,400,0.1953125,0.14878809452056885,26.14374542236328,0.8547587394714355
5639,422,0.2060546875,0.1285409778356552,25.154712677001953,0.8661035299301147
5640,8,0.00390625,0.14648103713989258,37.73938751220703,0.7542485594749451
5641,16,0.0078125,0.11678516864776611,30.710981369018555,0.8367443084716797
5642,24,0.01171875,0.1435026079416275,35.75130081176758,0.7763998508453369
5643,27,0.01318359375,0.15072312951087952,32.95304870605469,0.8145247101783752
5644,20,0.009765625,0.1316577047109604,33.88874435424805,0.8066175580024719
5645,25,0.01220703125,0.12345850467681885,34.568016052246094,0.7983373403549194
5646,38,0.0185546875,0.1301942765712738,38.93111038208008,0.7347749471664429
5647,42,0.0205078125,0.12547414004802704,35.04402542114258,0.7824677228927612
5648,37,0.01806640625,0.12966889142990112,34.24488830566406,0.7958294749259949
5649,37,0.01806640625,0.13010811805725098,35.75359344482422,0.7784069180488586
5650,45,0.02197265625,0.15086205303668976,38.166297912597656,0.7490110397338867
5651,58,0.0283203125,0.12399473041296005,33.43008041381836,0.8027142286300659
5652,58,0.0283203125,0.11558527499437332,29.182462692260742,0.8340586423873901
5653,77,0.03759765625,0.1252795159816742,31.61284065246582,0.8138008117675781
5654,63,0.03076171875,0.11998947709798813,30.575952529907227,0.8295643329620361
5655,69,0.03369140625,0.12092994153499603,33.18197250366211,0.7974435687065125
5656,56,0.02734375,0.12512755393981934,35.46390151977539,0.7799285054206848
5657,69,0.03369140625,0.1353001445531845,31.740440368652344,0.8182913661003113
5658,52,0.025390625,0.14036628603935242,36.69303512573242,0.7637638449668884
5659,75,0.03662109375,0.15984168648719788,32.48163604736328,0.8122480511665344
5660,69,0.03369140625,0.16581733524799347,35.026729583740234,0.7801595330238342
5661,57,0.02783203125,0.17844705283641815,31.75433921813965,0.8207311630249023
5662,48,0.0234375,0.13869082927703857,36.07472610473633,0.7808952331542969
5663,43,0.02099609375,0.1383327841758728,36.58155822753906,0.7733021974563599
5664,38,0.0185546875,0.15015877783298492,36.59619903564453,0.7673604488372803
5665,43,0.02099609375,0.14869056642055511,36.902122497558594,0.7639267444610596
5666,48,0.0234375,0.15491576492786407,35.560943603515625,0.7811565399169922
5667,44,0.021484375,0.17361630499362946,34.470951080322266,0.7921745181083679
5668,49,0.02392578125,0.20313557982444763,32.65325927734375,0.8157312870025635
5669,56,0.02734375,0.2063257396221161,35.91791534423828,0.7642597556114197
5670,59,0.02880859375,0.20971457660198212,35.846107482910156,0.7607348561286926
5671,53,0.02587890625,0.19850142300128937,33.08260726928711,0.7923208475112915
5672,49,0.02392578125,0.20321598649024963,31.12954330444336,0.8194616436958313
5673,58,0.0283203125,0.21653220057487488,33.85665512084961,0.788424015045166
5674,57,0.02783203125,0.16636796295642853,29.70195770263672,0.8377269506454468
5675,71,0.03466796875,0.14479993283748627,29.50626564025879,0.8410626649856567
5676,55,0.02685546875,0.13313116133213043,31.034372329711914,0.8260994553565979
5677,55,0.02685546875,0.14251075685024261,32.043941497802734,0.8211590647697449
5678,68,0.033203125,0.14399398863315582,32.784820556640625,0.806647539138794
5679,54,0.0263671875,0.16534839570522308,33.41223907470703,0.8040409684181213
5680,301,0.14697265625,0.13296572864055634,24.621740341186523,0.8688474297523499
5681,324,0.158203125,0.15477627515792847,25.95640754699707,0.8551428318023682
5682,310,0.1513671875,0.14867526292800903,25.48023223876953,0.8570629358291626
5683,306,0.1494140625,0.13287478685379028,25.741390228271484,0.8519798517227173
5684,305,0.14892578125,0.13444316387176514,27.773584365844727,0.8297624588012695
5685,296,0.14453125,0.1327051967382431,25.454345703125,0.8567492961883545
5686,296,0.14453125,0.13299082219600677,26.168598175048828,0.847655177116394
5687,324,0.158203125,0.13706277310848236,27.96886444091797,0.8267248868942261
5688,334,0.1630859375,0.13002173602581024,27.119915008544922,0.8373939394950867
5689,298,0.1455078125,0.12732282280921936,26.504276275634766,0.8420877456665039
5690,310,0.1513671875,0.13759535551071167,25.182106018066406,0.8580724000930786
5691,302,0.1474609375,0.1325627714395523,27.119762420654297,0.8401778340339661
5692,303,0.14794921875,0.12552380561828613,27.105100631713867,0.8410659432411194
5693,316,0.154296875,0.11446138471364975,28.137636184692383,0.8284868597984314
5694,306,0.1494140625,0.11806399375200272,28.64940071105957,0.8249311447143555
5695,362,0.1767578125,0.13109718263149261,28.746782302856445,0.8294500112533569
5696,363,0.17724609375,0.13132791221141815,28.64082908630371,0.8264332413673401
5697,378,0.1845703125,0.1380080282688141,28.902557373046875,0.8198684453964233
5698,330,0.1611328125,0.13218142092227936,29.378604888916016,0.8236148953437805
5699,382,0.1865234375,0.13081826269626617,28.561017990112305,0.8286315202713013
5700,379,0.18505859375,0.12789615988731384,27.70221710205078,0.8401922583580017
5701,371,0.18115234375,0.1295713484287262,27.734195709228516,0.839178204536438
5702,348,0.169921875,0.11927761137485504,27.6171817779541,0.8401468992233276
5703,375,0.18310546875,0.1242172047495842,28.16465187072754,0.8343794941902161
5704,348,0.169921875,0.11673925071954727,28.66322898864746,0.8308313488960266
5705,335,0.16357421875,0.11503223329782486,28.612228393554688,0.8311265707015991
5706,346,0.1689453125,0.1250961571931839,28.448108673095703,0.8262827396392822
5707,267,0.13037109375,0.12110254168510437,30.413110733032227,0.8131860494613647
5708,252,0.123046875,0.11574964225292206,31.373443603515625,0.8040484189987183
5709,247,0.12060546875,0.11698406934738159,30.381547927856445,0.8152366280555725
5710,264,0.12890625,0.11499815434217453,29.69214630126953,0.8228943347930908
5711,300,0.146484375,0.11638177931308746,28.800315856933594,0.8299509286880493
5712,312,0.15234375,0.12256452441215515,28.07693862915039,0.8387994170188904
5713,365,0.17822265625,0.12883223593235016,29.16234016418457,0.8260294198989868
5714,310,0.1513671875,0.12654191255569458,27.80433464050293,0.8427006006240845
5715,320,0.15625,0.1243090033531189,27.427478790283203,0.8440093994140625
5716,346,0.1689453125,0.13466766476631165,28.05303382873535,0.8361726403236389
5717,383,0.18701171875,0.1394415944814682,28.703866958618164,0.8265935182571411
5718,354,0.1728515625,0.1288844347000122,28.551780700683594,0.8317071795463562
5719,369,0.18017578125,0.14199063181877136,29.577781677246094,0.8229395747184753
5720,94,0.0458984375,0.19372603297233582,34.59535598754883,0.7765432596206665
5721,85,0.04150390625,0.18328450620174408,35.749786376953125,0.7614503502845764
5722,93,0.04541015625,0.19006864726543427,33.696502685546875,0.7870932221412659
5723,85,0.04150390625,0.17314863204956055,31.373592376708984,0.808241069316864
5724,78,0.0380859375,0.17082467675209045,32.607303619384766,0.7945301532745361
5725,58,0.0283203125,0.16363531351089478,28.635093688964844,0.8254572749137878
5726,61,0.02978515625,0.15889517962932587,30.536174774169922,0.8167880177497864
5727,56,0.02734375,0.15788356959819794,29.163143157958984,0.8214880228042603
5728,51,0.02490234375,0.16219936311244965,26.902944564819336,0.8419771194458008
5729,56,0.02734375,0.17040333151817322,29.718523025512695,0.8117623329162598
5730,59,0.02880859375,0.1681780070066452,28.866796493530273,0.8255320191383362
5731,70,0.0341796875,0.1548815220594406,31.248199462890625,0.8142260909080505
5732,67,0.03271484375,0.15752652287483215,31.40995979309082,0.797806441783905
5733,81,0.03955078125,0.16087426245212555,29.768327713012695,0.8262859582901001
5734,92,0.044921875,0.15970496833324432,29.399629592895508,0.8291333317756653
5735,101,0.04931640625,0.1610894650220871,29.783992767333984,0.8203206062316895
5736,126,0.0615234375,0.1328311562538147,26.842321395874023,0.8512156009674072
5737,113,0.05517578125,0.14001314342021942,27.156965255737305,0.8513504266738892
5738,120,0.05859375,0.12186530977487564,25.526165008544922,0.8648962378501892
5739,127,0.06201171875,0.12739607691764832,24.712133407592773,0.8738714456558228
5740,132,0.064453125,0.12211163341999054,25.841453552246094,0.866767942905426
5741,132,0.064453125,0.1270887702703476,25.310653686523438,0.8723583221435547
5742,139,0.06787109375,0.11798200756311417,25.279563903808594,0.8686284422874451
5743,133,0.06494140625,0.11024315655231476,23.390504837036133,0.8884876370429993
5744,147,0.07177734375,0.10791469365358353,23.707971572875977,0.8810314536094666
5745,149,0.07275390625,0.10485830903053284,23.984045028686523,0.8757041692733765
5746,145,0.07080078125,0.12560775876045227,26.52515411376953,0.8581801056861877
5747,148,0.072265625,0.1063741147518158,25.4293155670166,0.8679599165916443
5748,143,0.06982421875,0.10712794214487076,26.206634521484375,0.8588642477989197
5749,153,0.07470703125,0.10691080242395401,25.337261199951172,0.8595237731933594
5750,152,0.07421875,0.1111525148153305,22.990407943725586,0.8793849945068359
5751,160,0.078125,0.11829196661710739,23.388858795166016,0.8757740259170532
5752,177,0.08642578125,0.14501790702342987,25.81879234313965,0.8565964102745056
5753,153,0.07470703125,0.120121069252491,23.523162841796875,0.8791137933731079
5754,162,0.0791015625,0.13103702664375305,25.615015029907227,0.8601816296577454
5755,148,0.072265625,0.11418933421373367,24.220966339111328,0.8706258535385132
5756,135,0.06591796875,0.11422114819288254,23.450984954833984,0.8829137086868286
5757,135,0.06591796875,0.12019078433513641,24.354835510253906,0.8720405697822571
5758,143,0.06982421875,0.11404877156019211,23.558992385864258,0.8822668194770813
5759,155,0.07568359375,0.11809955537319183,25.47001075744629,0.8588091731071472
5760,120,0.05859375,0.11068720370531082,34.594139099121094,0.7838724255561829
5761,120,0.05859375,0.10806156694889069,34.8536491394043,0.7769848108291626
5762,122,0.0595703125,0.1136704757809639,33.12589645385742,0.7966341376304626
5763,119,0.05810546875,0.11510426551103592,35.697147369384766,0.7651219964027405
5764,113,0.05517578125,0.11232738196849823,34.170475006103516,0.7871014475822449
5765,103,0.05029296875,0.10762476921081543,32.63454055786133,0.7994644045829773
5766,113,0.05517578125,0.11377797275781631,31.48847770690918,0.8083248138427734
5767,122,0.0595703125,0.10821954160928726,31.461570739746094,0.8119412660598755
5768,114,0.0556640625,0.11342126131057739,31.40465545654297,0.8095468282699585
5769,106,0.0517578125,0.10427594184875488,33.943565368652344,0.7872068285942078
5770,105,0.05126953125,0.10384169220924377,33.28286361694336,0.7938046455383301
5771,98,0.0478515625,0.1094202846288681,32.566200256347656,0.795038104057312
5772,109,0.05322265625,0.11127686500549316,32.86576461791992,0.7969708442687988
5773,106,0.0517578125,0.11445127427577972,34.82929611206055,0.7767241597175598
5774,111,0.05419921875,0.11458584666252136,33.21434020996094,0.7956938743591309
5775,116,0.056640625,0.1111569032073021,34.3776741027832,0.7790682315826416
5776,125,0.06103515625,0.11771221458911896,34.926719665527344,0.7778311967849731
5777,127,0.06201171875,0.12327563762664795,37.38298034667969,0.7533088326454163
5778,145,0.07080078125,0.12043100595474243,35.94607925415039,0.7732600569725037
5779,154,0.0751953125,0.12108151614665985,34.0893669128418,0.7984142303466797
5780,145,0.07080078125,0.11931545287370682,33.00186538696289,0.804265022277832
5781,147,0.07177734375,0.12080991268157959,33.457763671875,0.8018374443054199
5782,151,0.07373046875,0.12748631834983826,33.876251220703125,0.7932870388031006
5783,159,0.07763671875,0.1305054873228073,32.77397537231445,0.8082085251808167
5784,159,0.07763671875,0.13380314409732819,33.41851806640625,0.8012356758117676
5785,185,0.09033203125,0.14168007671833038,35.42113494873047,0.7747027277946472
5786,176,0.0859375,0.12871986627578735,35.92438888549805,0.7714067101478577
5787,155,0.07568359375,0.12597444653511047,33.25556182861328,0.8035479187965393
5788,158,0.0771484375,0.12384730577468872,34.35042953491211,0.7895917296409607
5789,133,0.06494140625,0.12717272341251373,34.15092086791992,0.7833706140518188
5790,125,0.06103515625,0.11941460520029068,34.083438873291016,0.7858988642692566
5791,118,0.0576171875,0.12291578203439713,33.841148376464844,0.7896514534950256
5792,117,0.05712890625,0.12468919157981873,32.892189025878906,0.7992814183235168
5793,108,0.052734375,0.11855198442935944,33.810726165771484,0.7857296466827393
5794,114,0.0556640625,0.1164364442229271,34.04240417480469,0.7862244248390198
5795,114,0.0556640625,0.112725630402565,34.22697067260742,0.7869491577148438
5796,103,0.05029296875,0.11488590389490128,33.30570602416992,0.7960217595100403
5797,109,0.05322265625,0.1166888028383255,33.3916130065918,0.7877916693687439
5798,124,0.060546875,0.11476526409387589,37.345157623291016,0.7394064664840698
5799,115,0.05615234375,0.1176694706082344,35.09862518310547,0.7663227319717407
5800,273,0.13330078125,0.13125324249267578,30.49647331237793,0.8172256946563721
5801,252,0.123046875,0.13342957198619843,29.587743759155273,0.8208225965499878
5802,261,0.12744140625,0.14523857831954956,28.794849395751953,0.8307783007621765
5803,221,0.10791015625,0.13954085111618042,29.65077781677246,0.8221776485443115
5804,213,0.10400390625,0.1392088532447815,29.06420135498047,0.8313400745391846
5805,192,0.09375,0.13442087173461914,28.496803283691406,0.8351013660430908
5806,182,0.0888671875,0.1352095603942871,29.633411407470703,0.8183013796806335
5807,171,0.08349609375,0.1428844928741455,31.536640167236328,0.7973688244819641
5808,167,0.08154296875,0.15044283866882324,31.37514305114746,0.8047733902931213
5809,158,0.0771484375,0.1541047841310501,30.88333511352539,0.8190562725067139
5810,174,0.0849609375,0.14535285532474518,30.914508819580078,0.80629563331604
5811,180,0.087890625,0.14285214245319366,28.911914825439453,0.8370564579963684
5812,183,0.08935546875,0.1398565173149109,28.621135711669922,0.8385917544364929
5813,189,0.09228515625,0.13774831593036652,29.86227035522461,0.8208178877830505
5814,226,0.1103515625,0.1305917650461197,28.547964096069336,0.8343977332115173
5815,227,0.11083984375,0.126393660902977,28.8054141998291,0.8342027068138123
5816,215,0.10498046875,0.12513229250907898,29.94234848022461,0.8196540474891663
5817,206,0.1005859375,0.13559089601039886,27.658063888549805,0.8508577942848206
5818,198,0.0966796875,0.13851124048233032,28.11962890625,0.8499734997749329
5819,186,0.0908203125,0.1449253410100937,29.468685150146484,0.837043821811676
5820,190,0.0927734375,0.13808484375476837,28.958908081054688,0.836610734462738
5821,192,0.09375,0.14314226806163788,30.87127113342285,0.8199504017829895
5822,185,0.09033203125,0.13853153586387634,30.909387588500977,0.8167905211448669
5823,185,0.09033203125,0.1484612673521042,33.119083404541016,0.7905606627464294
5824,194,0.0947265625,0.14011555910110474,31.450517654418945,0.8125089406967163
5825,184,0.08984375,0.14176592230796814,32.047061920166016,0.8004239201545715
5826,184,0.08984375,0.14454132318496704,31.781526565551758,0.8022142648696899
5827,172,0.083984375,0.15144097805023193,32.305259704589844,0.7974994778633118
5828,173,0.08447265625,0.14820629358291626,30.925764083862305,0.8133361339569092
5829,171,0.08349609375,0.15708130598068237,30.984180450439453,0.8144947290420532
5830,175,0.08544921875,0.15715759992599487,29.720041275024414,0.8248333930969238
5831,186,0.0908203125,0.16402922570705414,30.885671615600586,0.8192132711410522
5832,182,0.0888671875,0.16164617240428925,30.498035430908203,0.8208339214324951
5833,176,0.0859375,0.16205450892448425,30.111543655395508,0.8282937407493591
5834,163,0.07958984375,0.16953237354755402,29.313838958740234,0.8377365469932556
5835,186,0.0908203125,0.1617041826248169,29.980501174926758,0.8229025602340698
5836,183,0.08935546875,0.15971770882606506,29.828882217407227,0.8274845480918884
5837,192,0.09375,0.149368017911911,30.570653915405273,0.8241884112358093
5838,207,0.10107421875,0.15144070982933044,31.1685733795166,0.8189963102340698
5839,202,0.0986328125,0.15175862610340118,29.465513229370117,0.8401421308517456
5840,539,0.26318359375,0.15194477140903473,39.139198303222656,0.7258532643318176
5841,534,0.2607421875,0.15345393121242523,40.09050750732422,0.7144330739974976
5842,530,0.2587890625,0.1535988301038742,40.00688171386719,0.7147313356399536
5843,543,0.26513671875,0.15778717398643494,42.094200134277344,0.6903077363967896
5844,1784,0.87109375,0.14964799582958221,52.212982177734375,0.5643758773803711
5845,545,0.26611328125,0.1511247754096985,40.034950256347656,0.7208564281463623
5846,568,0.27734375,0.1414807289838791,42.0802116394043,0.6956597566604614
5847,505,0.24658203125,0.1533799022436142,40.832157135009766,0.7089964747428894
5848,519,0.25341796875,0.15109144151210785,41.00509262084961,0.7099698781967163
5849,487,0.23779296875,0.15983013808727264,41.29030990600586,0.6991047263145447
5850,548,0.267578125,0.15805946290493011,41.37419891357422,0.7077128291130066
5851,694,0.3388671875,0.1503770500421524,46.91637420654297,0.6433358192443848
5852,861,0.42041015625,0.11510458588600159,44.18251419067383,0.6722920536994934
5853,1030,0.5029296875,0.10180899500846863,36.49003219604492,0.7513106465339661
5854,1151,0.56201171875,0.0848509892821312,30.300594329833984,0.8147933483123779
5855,1399,0.68310546875,0.07477875798940659,32.93167495727539,0.7811364531517029
5856,1331,0.64990234375,0.08197497576475143,31.591596603393555,0.7960009574890137
5857,1373,0.67041015625,0.07637201249599457,33.519073486328125,0.7762051820755005
5858,424,0.20703125,0.20719344913959503,44.16789627075195,0.6594322919845581
5859,386,0.1884765625,0.21277661621570587,42.318153381347656,0.6701112985610962
5860,401,0.19580078125,0.22013531625270844,47.657989501953125,0.6037299036979675
5861,355,0.17333984375,0.2219039797782898,42.25266647338867,0.6679980754852295
5862,356,0.173828125,0.2123773992061615,41.22929382324219,0.6796208024024963
5863,388,0.189453125,0.21672630310058594,42.58363723754883,0.6693723797798157
5864,363,0.17724609375,0.21847952902317047,43.049354553222656,0.6650301218032837
5865,1469,0.71728515625,0.07922820746898651,33.34303665161133,0.77516108751297
5866,1634,0.7978515625,0.08691570162773132,37.153533935546875,0.7300477027893066
5867,1492,0.728515625,0.08686834573745728,34.88801574707031,0.7572686672210693
5868,342,0.1669921875,0.2161593735218048,46.26210021972656,0.6333296895027161
5869,337,0.16455078125,0.21054799854755402,40.78160858154297,0.6854052543640137
5870,1271,0.62060546875,0.1054767444729805,55.92348098754883,0.5150988698005676
5871,365,0.17822265625,0.20655350387096405,43.674076080322266,0.6572039723396301
5872,775,0.37841796875,0.1422272026538849,46.52378845214844,0.6290218830108643
5873,650,0.3173828125,0.14558956027030945,39.78373336791992,0.7077170610427856
5874,862,0.4208984375,0.13868485391139984,41.50896072387695,0.6851165294647217
5875,1332,0.650390625,0.11473629623651505,41.8671760559082,0.6937730312347412
5876,978,0.4775390625,0.1346074342727661,35.69480895996094,0.7635506391525269
5877,811,0.39599609375,0.13260507583618164,38.57380294799805,0.7344698309898376
5878,825,0.40283203125,0.14011098444461823,40.520355224609375,0.7130497694015503
5879,909,0.44384765625,0.13721725344657898,36.805091857910156,0.755654513835907
5880,210,0.1025390625,0.14006303250789642,27.193016052246094,0.8563248515129089
5881,215,0.10498046875,0.14961424469947815,28.8983154296875,0.8416748046875
5882,197,0.09619140625,0.12487412244081497,27.506446838378906,0.8480397462844849
5883,185,0.09033203125,0.11664450913667679,26.50581169128418,0.8566098809242249
5884,197,0.09619140625,0.12300046533346176,26.464784622192383,0.8552999496459961
5885,173,0.08447265625,0.11370604485273361,25.6308536529541,0.8594599962234497
5886,175,0.08544921875,0.11234825104475021,24.450550079345703,0.8698628544807434
5887,162,0.0791015625,0.10868555307388306,24.32475471496582,0.8696790933609009
5888,138,0.0673828125,0.1042138934135437,24.995290756225586,0.86700040102005
5889,141,0.06884765625,0.10017374157905579,25.617755889892578,0.869581937789917
5890,141,0.06884765625,0.11481054127216339,27.304668426513672,0.8591501116752625
5891,146,0.0712890625,0.09945400804281235,25.661394119262695,0.8657229542732239
5892,146,0.0712890625,0.10772150754928589,24.872970581054688,0.8683245182037354
5893,151,0.07373046875,0.10500790923833847,26.06463050842285,0.8562248349189758
5894,163,0.07958984375,0.1017947569489479,24.914548873901367,0.8722571730613708
5895,152,0.07421875,0.09971493482589722,24.36749839782715,0.8804510831832886
5896,146,0.0712890625,0.09774088859558105,24.724266052246094,0.8734211921691895
5897,134,0.0654296875,0.10851619392633438,24.862503051757812,0.8674963116645813
5898,153,0.07470703125,0.09421124309301376,25.486425399780273,0.8584707379341125
5899,158,0.0771484375,0.1003498062491417,23.68206214904785,0.8866296410560608
5900,156,0.076171875,0.10331970453262329,24.258609771728516,0.868708610534668
5901,161,0.07861328125,0.11257749050855637,26.399356842041016,0.846371591091156
5902,179,0.08740234375,0.12454712390899658,24.729551315307617,0.8641521334648132
5903,179,0.08740234375,0.12918859720230103,25.703447341918945,0.8607410192489624
5904,176,0.0859375,0.14181150496006012,26.789274215698242,0.8501231670379639
5905,164,0.080078125,0.138516366481781,26.902809143066406,0.8486748933792114
5906,146,0.0712890625,0.12255977839231491,24.789318084716797,0.8625919818878174
5907,163,0.07958984375,0.11725059896707535,26.411148071289062,0.8526943922042847
5908,164,0.080078125,0.106221504509449,28.340656280517578,0.8451846837997437
5909,145,0.07080078125,0.11630719155073166,28.195199966430664,0.8477734923362732
5910,152,0.07421875,0.12515854835510254,28.223257064819336,0.8390889167785645
5911,157,0.07666015625,0.13141806423664093,28.362581253051758,0.8383112549781799
5912,153,0.07470703125,0.11844547092914581,28.7222900390625,0.8387261629104614
5913,147,0.07177734375,0.12994436919689178,28.908180236816406,0.8372134566307068
5914,150,0.0732421875,0.12547798454761505,29.9113712310791,0.8276217579841614
5915,169,0.08251953125,0.11729338765144348,30.103471755981445,0.8317224383354187
5916,169,0.08251953125,0.14996269345283508,32.60360336303711,0.7967984080314636
5917,230,0.1123046875,0.16175997257232666,37.38289260864258,0.7365627884864807
5918,227,0.11083984375,0.1634521782398224,35.21438980102539,0.7669312953948975
5919,206,0.1005859375,0.14220759272575378,33.86674118041992,0.7849536538124084
5920,428,0.208984375,0.13991449773311615,30.45416831970215,0.8155854940414429
5921,348,0.169921875,0.11363755911588669,29.25652503967285,0.8258152008056641
5922,432,0.2109375,0.08773396909236908,24.01327896118164,0.8726236820220947
5923,491,0.23974609375,0.08983084559440613,25.667682647705078,0.855659544467926
5924,349,0.17041015625,0.12408670037984848,28.13787078857422,0.8319524526596069
5925,541,0.26416015625,0.12147575616836548,25.240957260131836,0.8568307161331177
5926,745,0.36376953125,0.11229076236486435,23.748523712158203,0.8759665489196777
5927,628,0.306640625,0.10520438104867935,25.881999969482422,0.8563296794891357
5928,538,0.2626953125,0.14219975471496582,28.721147537231445,0.8339347243309021
5929,715,0.34912109375,0.10427027940750122,25.760984420776367,0.8574380278587341
5930,576,0.28125,0.09740107506513596,24.97124671936035,0.8637335300445557
5931,380,0.185546875,0.12783655524253845,27.08488655090332,0.8486612439155579
5932,333,0.16259765625,0.10830645263195038,28.016929626464844,0.843815803527832
5933,239,0.11669921875,0.12917658686637878,28.40310287475586,0.841900646686554
5934,345,0.16845703125,0.14361998438835144,29.75865364074707,0.823469340801239
5935,326,0.1591796875,0.129390150308609,29.426294326782227,0.8268880248069763
5936,345,0.16845703125,0.10514578968286514,29.30698585510254,0.8344321250915527
5937,700,0.341796875,0.12249734997749329,28.35277557373047,0.833992063999176
5938,550,0.2685546875,0.1084306538105011,28.425113677978516,0.8390859961509705
5939,609,0.29736328125,0.10512453317642212,28.538545608520508,0.8398290276527405
5940,584,0.28515625,0.10491660982370377,29.83211898803711,0.8302356004714966
5941,910,0.4443359375,0.136077418923378,30.836780548095703,0.8130905032157898
5942,870,0.4248046875,0.12487515807151794,27.851037979125977,0.8417798280715942
5943,758,0.3701171875,0.12067355960607529,27.991851806640625,0.8408765196800232
5944,896,0.4375,0.1276504248380661,30.078222274780273,0.8215985894203186
5945,937,0.45751953125,0.13399741053581238,30.45125961303711,0.8104903101921082
5946,750,0.3662109375,0.13174498081207275,29.99921417236328,0.8207418322563171
5947,546,0.2666015625,0.14725467562675476,36.43918228149414,0.7386675477027893
5948,333,0.16259765625,0.16953851282596588,23.192398071289062,0.8775829076766968
5949,242,0.1181640625,0.21947726607322693,25.204853057861328,0.8638228178024292
5950,185,0.09033203125,0.24876081943511963,31.02242660522461,0.80027174949646
5951,180,0.087890625,0.18882104754447937,29.108976364135742,0.8223435878753662
5952,239,0.11669921875,0.15072894096374512,31.096363067626953,0.8008078932762146
5953,278,0.1357421875,0.19374458491802216,25.486595153808594,0.8583287596702576
5954,408,0.19921875,0.1492982655763626,26.924205780029297,0.8431366086006165
5955,296,0.14453125,0.1911861002445221,23.152074813842773,0.8792070746421814
5956,427,0.20849609375,0.13676860928535461,24.652233123779297,0.8597573041915894
5957,406,0.1982421875,0.15115660429000854,28.290281295776367,0.8249183893203735
5958,334,0.1630859375,0.14220739901065826,23.827959060668945,0.8742550611495972
5959,291,0.14208984375,0.13913676142692566,27.590909957885742,0.8487781882286072
5960,109,0.05322265625,0.15442554652690887,33.20560073852539,0.7916622757911682
5961,117,0.05712890625,0.1523728221654892,32.51042175292969,0.8005809783935547
5962,117,0.05712890625,0.15041674673557281,32.98044204711914,0.7911698818206787
5963,117,0.05712890625,0.14652134478092194,33.92003631591797,0.7830772995948792
5964,120,0.05859375,0.14334149658679962,33.87642288208008,0.7795666456222534
5965,121,0.05908203125,0.1516496241092682,32.694332122802734,0.7899397015571594
5966,126,0.0615234375,0.15017177164554596,33.3636360168457,0.7819661498069763
5967,121,0.05908203125,0.15068557858467102,33.32560729980469,0.78402179479599
5968,120,0.05859375,0.15242961049079895,34.2215461730957,0.7716310024261475
5969,126,0.0615234375,0.1466522365808487,31.87274932861328,0.7958695292472839
5970,122,0.0595703125,0.14835166931152344,33.59296798706055,0.7759659290313721
5971,117,0.05712890625,0.13870717585086823,32.15545654296875,0.7922239303588867
5972,110,0.0537109375,0.13844051957130432,31.130403518676758,0.8048525452613831
5973,123,0.06005859375,0.14513538777828217,31.470600128173828,0.8044369220733643
5974,123,0.06005859375,0.1319810003042221,30.90453338623047,0.8076361417770386
5975,111,0.05419921875,0.13063114881515503,30.498191833496094,0.8100074529647827
5976,110,0.0537109375,0.12618812918663025,31.292421340942383,0.8061840534210205
5977,106,0.0517578125,0.12933644652366638,29.551315307617188,0.8270809054374695
5978,118,0.0576171875,0.1366838961839676,31.87260627746582,0.8008214235305786
5979,117,0.05712890625,0.1347794532775879,30.971628189086914,0.8154441118240356
5980,116,0.056640625,0.1226128563284874,30.18027114868164,0.816695511341095
5981,136,0.06640625,0.13892996311187744,34.05730056762695,0.7754176259040833
5982,140,0.068359375,0.13998180627822876,32.739410400390625,0.7845070362091064
5983,131,0.06396484375,0.13043224811553955,31.78209686279297,0.7958842515945435
5984,130,0.0634765625,0.1326783299446106,29.591829299926758,0.8211589455604553
5985,129,0.06298828125,0.12600179016590118,30.483034133911133,0.8126091361045837
5986,134,0.0654296875,0.1353013813495636,31.80435562133789,0.7993798851966858
5987,142,0.0693359375,0.13493621349334717,31.473838806152344,0.8047910928726196
5988,151,0.07373046875,0.15603040158748627,32.8664665222168,0.7927685976028442
5989,151,0.07373046875,0.153115913271904,31.78935432434082,0.7958974242210388
5990,163,0.07958984375,0.16054007411003113,32.69253158569336,0.7888619899749756
5991,165,0.08056640625,0.1465064287185669,32.86274719238281,0.787337601184845
5992,160,0.078125,0.13631173968315125,31.712677001953125,0.8046261072158813
5993,156,0.076171875,0.14153942465782166,30.666709899902344,0.8172186613082886
5994,153,0.07470703125,0.1386629194021225,30.565719604492188,0.8167666792869568
5995,154,0.0751953125,0.1407022327184677,30.362171173095703,0.815086841583252
5996,147,0.07177734375,0.14701955020427704,30.104412078857422,0.8192970752716064
5997,140,0.068359375,0.1399969756603241,31.247344970703125,0.8079313039779663
5998,133,0.06494140625,0.15808475017547607,32.22942352294922,0.7978452444076538
5999,129,0.06298828125,0.1476011723279953,31.266611099243164,0.804259717464447
6000,144,0.0703125,0.13403576612472534,31.99721336364746,0.8166153430938721
6001,144,0.0703125,0.13026516139507294,32.60057830810547,0.8092853426933289
6002,146,0.0712890625,0.12611164152622223,32.75525665283203,0.8032735586166382
6003,138,0.0673828125,0.13300028443336487,30.933204650878906,0.8269743323326111
6004,146,0.0712890625,0.12216467410326004,32.83318328857422,0.805482029914856
6005,138,0.0673828125,0.12006882578134537,33.70210266113281,0.7942436337471008
6006,140,0.068359375,0.1209716722369194,31.867549896240234,0.8144775629043579
6007,139,0.06787109375,0.12065671384334564,31.961938858032227,0.8126269578933716
6008,150,0.0732421875,0.11854862421751022,31.258007049560547,0.8193469047546387
6009,139,0.06787109375,0.11646835505962372,30.116777420043945,0.8374532461166382
6010,159,0.07763671875,0.12077713012695312,31.012468338012695,0.82377028465271
6011,162,0.0791015625,0.1299726814031601,32.777923583984375,0.8058231472969055
6012,160,0.078125,0.12900517880916595,32.825904846191406,0.804909348487854
6013,160,0.078125,0.13293898105621338,32.98198318481445,0.8048563003540039
6014,162,0.0791015625,0.13099807500839233,32.29262161254883,0.8124019503593445
6015,174,0.0849609375,0.12605276703834534,31.30640983581543,0.818462610244751
6016,163,0.07958984375,0.12833741307258606,34.28409194946289,0.7857060432434082
6017,156,0.076171875,0.12773369252681732,32.78133773803711,0.805029571056366
6018,164,0.080078125,0.12170310318470001,32.63646697998047,0.8062149882316589
6019,167,0.08154296875,0.12526418268680573,33.523048400878906,0.7958036065101624
6020,172,0.083984375,0.1263824701309204,33.41814422607422,0.8038750290870667
6021,180,0.087890625,0.1262546181678772,33.55266189575195,0.8018549680709839
6022,191,0.09326171875,0.13426858186721802,34.82038497924805,0.7862118482589722
6023,215,0.10498046875,0.12797322869300842,34.068519592285156,0.7957987785339355
6024,232,0.11328125,0.13269872963428497,31.365659713745117,0.8195023536682129
6025,234,0.1142578125,0.13140693306922913,31.176137924194336,0.820978045463562
6026,241,0.11767578125,0.1294635534286499,30.73408317565918,0.8270364999771118
6027,237,0.11572265625,0.13326790928840637,31.759868621826172,0.8150623440742493
6028,254,0.1240234375,0.1281607747077942,30.38412094116211,0.8287371397018433
6029,266,0.1298828125,0.13245785236358643,32.29711151123047,0.8084412813186646
6030,246,0.1201171875,0.13679945468902588,33.53125,0.7967231273651123
6031,233,0.11376953125,0.13477930426597595,33.15399932861328,0.8012983202934265
6032,226,0.1103515625,0.12722116708755493,32.70576477050781,0.8097543716430664
6033,240,0.1171875,0.13225069642066956,33.32156753540039,0.8048152327537537
6034,226,0.1103515625,0.13659001886844635,34.479881286621094,0.7874653935432434
6035,238,0.1162109375,0.1442062258720398,34.5021858215332,0.7835889458656311
6036,232,0.11328125,0.14561843872070312,33.36429214477539,0.7986308336257935
6037,219,0.10693359375,0.1467646211385727,32.86980438232422,0.8020538091659546
6038,201,0.09814453125,0.1424448937177658,33.053218841552734,0.8047632575035095
6039,201,0.09814453125,0.1401183307170868,32.2453727722168,0.8121249675750732
6040,263,0.12841796875,0.12002096325159073,31.441837310791016,0.8174454569816589
6041,254,0.1240234375,0.11668384820222855,31.661333084106445,0.8138063549995422
6042,246,0.1201171875,0.1253035068511963,30.807899475097656,0.8278181552886963
6043,234,0.1142578125,0.11680050194263458,32.63325881958008,0.8026434779167175
6044,229,0.11181640625,0.1152726486325264,33.1666374206543,0.7998393774032593
6045,211,0.10302734375,0.11081289499998093,31.836929321289062,0.8147574067115784
6046,237,0.11572265625,0.11874072253704071,33.55461883544922,0.7907285690307617
6047,241,0.11767578125,0.11202780902385712,31.572893142700195,0.8187625408172607
6048,230,0.1123046875,0.11397489160299301,30.49372100830078,0.829112708568573
6049,230,0.1123046875,0.10959269106388092,31.235607147216797,0.8208246827125549
6050,207,0.10107421875,0.10989897698163986,32.735198974609375,0.8026770353317261
6051,207,0.10107421875,0.1136820986866951,32.65092086791992,0.801249086856842
6052,215,0.10498046875,0.12276042997837067,32.45969009399414,0.8063989877700806
6053,229,0.11181640625,0.11765063554048538,31.99461555480957,0.812576949596405
6054,223,0.10888671875,0.12553124129772186,32.02162551879883,0.814018964767456
6055,221,0.10791015625,0.12037692964076996,32.18095016479492,0.8089486956596375
6056,215,0.10498046875,0.11909976601600647,31.664541244506836,0.8133214116096497
6057,209,0.10205078125,0.12492085993289948,32.32048416137695,0.8016305565834045
6058,206,0.1005859375,0.12037838995456696,32.46123504638672,0.8017818927764893
6059,194,0.0947265625,0.1358618438243866,31.600576400756836,0.8079171776771545
6060,214,0.1044921875,0.13219331204891205,30.746551513671875,0.8225143551826477
6061,212,0.103515625,0.130320742726326,30.060213088989258,0.8276400566101074
6062,224,0.109375,0.13724859058856964,31.972360610961914,0.8090686202049255
6063,210,0.1025390625,0.13546107709407806,31.67273712158203,0.8131122589111328
6064,205,0.10009765625,0.12887237966060638,31.36154556274414,0.816092312335968
6065,193,0.09423828125,0.12755560874938965,31.453990936279297,0.8163696527481079
6066,190,0.0927734375,0.12871171534061432,31.998779296875,0.8126938939094543
6067,208,0.1015625,0.13084684312343597,32.44234848022461,0.8075847029685974
6068,190,0.0927734375,0.12806643545627594,32.010345458984375,0.8088261485099792
6069,184,0.08984375,0.12680146098136902,30.91741180419922,0.8198683261871338
6070,193,0.09423828125,0.13034465909004211,33.37894058227539,0.7925467491149902
6071,209,0.10205078125,0.1367449015378952,34.113983154296875,0.7883642911911011
6072,202,0.0986328125,0.1349353939294815,33.386478424072266,0.7947741746902466
6073,211,0.10302734375,0.1288728266954422,31.088266372680664,0.8191992044448853
6074,254,0.1240234375,0.14499475061893463,31.739017486572266,0.8171945214271545
6075,275,0.13427734375,0.15161289274692535,32.310367584228516,0.8101041316986084
6076,288,0.140625,0.1531456559896469,31.702476501464844,0.8163666129112244
6077,300,0.146484375,0.15387143194675446,32.08146667480469,0.8148574829101562
6078,313,0.15283203125,0.16034595668315887,32.255977630615234,0.8112901449203491
6079,301,0.14697265625,0.16814307868480682,33.13032150268555,0.8028454184532166
6080,1721,0.84033203125,0.11818820983171463,33.60428237915039,0.7826498746871948
6081,565,0.27587890625,0.13621525466442108,30.169193267822266,0.8149099349975586
6082,487,0.23779296875,0.1515524685382843,31.91303062438965,0.7953506708145142
6083,457,0.22314453125,0.13031038641929626,32.75525665283203,0.797974705696106
6084,460,0.224609375,0.14183835685253143,31.02733612060547,0.8151328563690186
6085,1232,0.6015625,0.10089199244976044,22.670604705810547,0.8842576146125793
6086,989,0.48291015625,0.09627578407526016,25.88468360900879,0.8628821969032288
6087,1101,0.53759765625,0.10514315962791443,38.188629150390625,0.7537692189216614
6088,981,0.47900390625,0.1086370125412941,25.456003189086914,0.8688324093818665
6089,704,0.34375,0.14071860909461975,33.60367965698242,0.788362443447113
6090,775,0.37841796875,0.12192928791046143,38.713653564453125,0.742896556854248
6091,1058,0.5166015625,0.09439106285572052,33.97050094604492,0.7896415591239929
6092,1115,0.54443359375,0.09200764447450638,28.21120834350586,0.8473540544509888
6093,1442,0.7041015625,0.11073025315999985,24.54635238647461,0.8588460683822632
6094,1045,0.51025390625,0.1273421049118042,24.324987411499023,0.8767693638801575
6095,934,0.4560546875,0.12731385231018066,25.079517364501953,0.8716971278190613
6096,771,0.37646484375,0.1230136901140213,27.451078414916992,0.8452486991882324
6097,789,0.38525390625,0.14173224568367004,30.47882080078125,0.817355751991272
6098,1175,0.57373046875,0.11275593191385269,23.97587013244629,0.8770319819450378
6099,777,0.37939453125,0.1306382417678833,27.03972625732422,0.8418000340461731
6100,690,0.3369140625,0.14730338752269745,33.65245056152344,0.7758677005767822
6101,697,0.34033203125,0.1515786200761795,34.73614501953125,0.7660393714904785
6102,721,0.35205078125,0.13248522579669952,28.522478103637695,0.825962245464325
6103,713,0.34814453125,0.1175459772348404,26.053251266479492,0.8484176993370056
6104,760,0.37109375,0.12389488518238068,25.534276962280273,0.8582186102867126
6105,748,0.365234375,0.11889676749706268,25.565153121948242,0.8551710844039917
6106,719,0.35107421875,0.11507395654916763,25.740676879882812,0.8527359962463379
6107,651,0.31787109375,0.12156055867671967,28.297285079956055,0.8273806571960449
6108,531,0.25927734375,0.14222386479377747,33.02043151855469,0.7703977227210999
6109,532,0.259765625,0.13374526798725128,32.884300231933594,0.7752991318702698
6110,473,0.23095703125,0.1491597592830658,34.843318939208984,0.765463650226593
6111,484,0.236328125,0.14121130108833313,33.6051139831543,0.778327226638794
6112,528,0.2578125,0.15404921770095825,32.84540939331055,0.786237895488739
6113,468,0.228515625,0.1493896245956421,33.94972610473633,0.7742384672164917
6114,433,0.21142578125,0.15114499628543854,34.25735855102539,0.7725216746330261
6115,436,0.212890625,0.15116500854492188,34.26646041870117,0.7730063199996948
6116,393,0.19189453125,0.1610862910747528,34.756282806396484,0.771631121635437
6117,362,0.1767578125,0.17598691582679749,37.41874694824219,0.7438191771507263
6118,372,0.181640625,0.15912528336048126,36.056758880615234,0.7549561262130737
6119,348,0.169921875,0.18233685195446014,36.28882598876953,0.7548989653587341
6120,639,0.31201171875,0.11658722162246704,26.270931243896484,0.862097978591919
6121,769,0.37548828125,0.127522274851799,21.905223846435547,0.89232337474823
6122,726,0.3544921875,0.13364730775356293,23.396379470825195,0.8798800110816956
6123,1038,0.5068359375,0.1315067857503891,18.613025665283203,0.9182759523391724
6124,1022,0.4990234375,0.13624779880046844,16.902713775634766,0.9264575242996216
6125,1552,0.7578125,0.1539757251739502,23.537511825561523,0.8562735319137573
6126,1080,0.52734375,0.13260239362716675,15.630454063415527,0.9365379214286804
6127,1085,0.52978515625,0.12596000730991364,15.128425598144531,0.9368653893470764
6128,1035,0.50537109375,0.12239192426204681,16.161672592163086,0.9282638430595398
6129,871,0.42529296875,0.11644434928894043,19.327407836914062,0.9067798256874084
6130,861,0.42041015625,0.11732212454080582,18.547210693359375,0.9133543968200684
6131,721,0.35205078125,0.1195099949836731,20.878076553344727,0.904381275177002
6132,694,0.3388671875,0.11923446506261826,22.12310791015625,0.8947191834449768
6133,597,0.29150390625,0.11543254554271698,26.20818328857422,0.8652209639549255
6134,728,0.35546875,0.11832552403211594,20.758878707885742,0.9014019966125488
6135,758,0.3701171875,0.11737407743930817,21.01158905029297,0.9009922742843628
6136,813,0.39697265625,0.11627382785081863,19.637346267700195,0.9106084704399109
6137,806,0.3935546875,0.11775468289852142,19.530624389648438,0.9131735563278198
6138,856,0.41796875,0.12545831501483917,19.094602584838867,0.9141362905502319
6139,1106,0.5400390625,0.12271707504987717,18.571382522583008,0.9181771278381348
6140,1119,0.54638671875,0.1270880252122879,16.697154998779297,0.9231414198875427
6141,988,0.482421875,0.1355520337820053,19.334903717041016,0.9093411564826965
6142,901,0.43994140625,0.13849849998950958,19.93580436706543,0.9038474559783936
6143,906,0.4423828125,0.1456780582666397,22.09440040588379,0.885013222694397
6144,759,0.37060546875,0.14106637239456177,23.216922760009766,0.8771863579750061
6145,554,0.2705078125,0.13795870542526245,26.025075912475586,0.8593351244926453
6146,593,0.28955078125,0.14197885990142822,25.59497833251953,0.8598833084106445
6147,649,0.31689453125,0.138257697224617,25.06952667236328,0.8657137155532837
6148,690,0.3369140625,0.14110949635505676,24.715469360351562,0.864996612071991
6149,856,0.41796875,0.1482577621936798,22.694990158081055,0.8805431723594666
6150,768,0.375,0.1427386850118637,22.956140518188477,0.8791128993034363
6151,733,0.35791015625,0.13860344886779785,24.51813507080078,0.871337890625
6152,852,0.416015625,0.11097806692123413,22.636796951293945,0.8875051140785217
6153,812,0.396484375,0.10552921146154404,22.490564346313477,0.8906762599945068
6154,723,0.35302734375,0.10141775757074356,22.004642486572266,0.8961976766586304
6155,603,0.29443359375,0.11056806892156601,22.785812377929688,0.8898594975471497
6156,578,0.2822265625,0.10085282474756241,22.666170120239258,0.8922005891799927
6157,545,0.26611328125,0.09590780735015869,23.70905876159668,0.8880816102027893
6158,544,0.265625,0.10320824384689331,28.332443237304688,0.8480480909347534
6159,532,0.259765625,0.09637009352445602,27.813228607177734,0.8533482551574707
6160,160,0.078125,0.11982867121696472,29.318994522094727,0.8378385305404663
6161,161,0.07861328125,0.11550954729318619,29.871967315673828,0.8306701183319092
6162,159,0.07763671875,0.12176825106143951,29.943147659301758,0.8298220038414001
6163,167,0.08154296875,0.1200636625289917,26.985620498657227,0.8537187576293945
6164,177,0.08642578125,0.12648716568946838,28.786718368530273,0.834987223148346
6165,173,0.08447265625,0.1194877028465271,30.719266891479492,0.8179045915603638
6166,158,0.0771484375,0.10862145572900772,29.590831756591797,0.8309308886528015
6167,157,0.07666015625,0.10963764786720276,29.575368881225586,0.8320221900939941
6168,149,0.07275390625,0.11712606996297836,29.292509078979492,0.8397600054740906
6169,146,0.0712890625,0.12231626361608505,28.487699508666992,0.8405817151069641
6170,151,0.07373046875,0.11931289732456207,27.76011848449707,0.8473678231239319
6171,169,0.08251953125,0.1164037436246872,28.575841903686523,0.8331266045570374
6172,186,0.0908203125,0.11112409085035324,26.835098266601562,0.8531428575515747
6173,162,0.0791015625,0.11059482395648956,27.978567123413086,0.845369815826416
6174,171,0.08349609375,0.11308078467845917,27.67033576965332,0.846343994140625
6175,164,0.080078125,0.11838971823453903,30.244998931884766,0.8291332721710205
6176,171,0.08349609375,0.1231553927063942,29.977092742919922,0.8305147290229797
6177,198,0.0966796875,0.12332017719745636,30.353803634643555,0.824333667755127
6178,190,0.0927734375,0.1196095421910286,30.038129806518555,0.8306050300598145
6179,190,0.0927734375,0.1188286617398262,32.6609001159668,0.8062368035316467
6180,182,0.0888671875,0.11752716451883316,27.852590560913086,0.8552724123001099
6181,185,0.09033203125,0.11258850991725922,31.15736961364746,0.8212527632713318
6182,172,0.083984375,0.10924506932497025,30.817462921142578,0.8188006281852722
6183,175,0.08544921875,0.11142139881849289,31.20186996459961,0.8138085007667542
6184,187,0.09130859375,0.11678805947303772,29.13733673095703,0.8250851035118103
6185,195,0.09521484375,0.10972917824983597,29.00446128845215,0.8279415965080261
6186,206,0.1005859375,0.12978202104568481,29.206573486328125,0.8354222774505615
6187,196,0.095703125,0.1285921037197113,29.30593490600586,0.839689314365387
6188,184,0.08984375,0.11266931891441345,29.94843101501465,0.824977695941925
6189,185,0.09033203125,0.12272778898477554,28.554723739624023,0.8376535177230835
6190,188,0.091796875,0.12393291294574738,26.62476348876953,0.8551222085952759
6191,189,0.09228515625,0.11380273103713989,28.26258087158203,0.8368746638298035
6192,187,0.09130859375,0.12197820097208023,27.16735076904297,0.8511693477630615
6193,185,0.09033203125,0.12022525072097778,28.23990249633789,0.8435899019241333
6194,183,0.08935546875,0.13707667589187622,25.943265914916992,0.8641535043716431
6195,191,0.09326171875,0.14914168417453766,26.318464279174805,0.8649841547012329
6196,180,0.087890625,0.14154718816280365,25.927257537841797,0.865667998790741
6197,184,0.08984375,0.14483529329299927,26.43276023864746,0.8630167245864868
6198,185,0.09033203125,0.12545372545719147,27.296205520629883,0.8505637645721436
6199,186,0.0908203125,0.12914793193340302,29.139299392700195,0.834953248500824
6200,113,0.05517578125,0.19904428720474243,34.17307662963867,0.7804067134857178
6201,109,0.05322265625,0.17940829694271088,32.416259765625,0.8034551739692688
6202,101,0.04931640625,0.18834176659584045,33.0328254699707,0.7969226837158203
6203,110,0.0537109375,0.16542120277881622,30.092443466186523,0.8279135227203369
6204,108,0.052734375,0.18279854953289032,29.548540115356445,0.8376548290252686
6205,117,0.05712890625,0.17266543209552765,30.11566925048828,0.8313091397285461
6206,133,0.06494140625,0.15632936358451843,33.755958557128906,0.7891333103179932
6207,134,0.0654296875,0.16791830956935883,33.01491165161133,0.8006152510643005
6208,135,0.06591796875,0.17629627883434296,32.5409049987793,0.8056443333625793
6209,132,0.064453125,0.1748979091644287,33.35936737060547,0.7970542311668396
6210,109,0.05322265625,0.16842325031757355,32.74779510498047,0.8061052560806274
6211,103,0.05029296875,0.18572840094566345,34.37948226928711,0.7778381109237671
6212,104,0.05078125,0.17851845920085907,32.55371856689453,0.8046457767486572
6213,106,0.0517578125,0.17705586552619934,32.15762710571289,0.8133225440979004
6214,120,0.05859375,0.15733852982521057,32.20095443725586,0.8029953837394714
6215,107,0.05224609375,0.15957558155059814,32.772220611572266,0.8016095757484436
6216,107,0.05224609375,0.15727360546588898,32.4552116394043,0.8040884733200073
6217,105,0.05126953125,0.17010118067264557,33.14747619628906,0.7978403568267822
6218,115,0.05615234375,0.16722805798053741,32.974056243896484,0.8071299195289612
6219,111,0.05419921875,0.15631206333637238,33.41924285888672,0.7941458821296692
6220,121,0.05908203125,0.15285569429397583,32.16413497924805,0.808144748210907
6221,120,0.05859375,0.1462535560131073,31.95127296447754,0.807511568069458
6222,125,0.06103515625,0.14841097593307495,32.85111618041992,0.7996730804443359
6223,147,0.07177734375,0.1662377566099167,33.527259826660156,0.7897210121154785
6224,135,0.06591796875,0.15867829322814941,31.385406494140625,0.8140461444854736
6225,136,0.06640625,0.15751077234745026,31.86395263671875,0.8075193166732788
6226,131,0.06396484375,0.16721074283123016,32.245765686035156,0.8068330883979797
6227,130,0.0634765625,0.15061242878437042,34.24658203125,0.7821409702301025
6228,120,0.05859375,0.15367095172405243,33.378517150878906,0.7940043210983276
6229,112,0.0546875,0.1520007699728012,31.015993118286133,0.8209314346313477
6230,115,0.05615234375,0.14550800621509552,30.952760696411133,0.8238999843597412
6231,112,0.0546875,0.14066725969314575,29.47076988220215,0.8370530009269714
6232,118,0.0576171875,0.1421889066696167,30.047447204589844,0.8330798745155334
6233,112,0.0546875,0.14214394986629486,30.866504669189453,0.8202219009399414
6234,113,0.05517578125,0.1433354616165161,30.767314910888672,0.822494387626648
6235,115,0.05615234375,0.14669816195964813,32.11840057373047,0.8110185861587524
6236,113,0.05517578125,0.14695335924625397,30.793323516845703,0.8266727328300476
6237,118,0.0576171875,0.1432260274887085,31.690507888793945,0.8134093284606934
6238,106,0.0517578125,0.13354752957820892,32.58130645751953,0.8058460354804993
6239,113,0.05517578125,0.14729662239551544,31.16943359375,0.8176600337028503
6240,205,0.10009765625,0.19255796074867249,40.43637466430664,0.7217751145362854
6241,216,0.10546875,0.19922177493572235,41.44826889038086,0.707476019859314
6242,213,0.10400390625,0.1903706043958664,41.16179656982422,0.7108843326568604
6243,185,0.09033203125,0.16372045874595642,39.64683151245117,0.7339083552360535
6244,192,0.09375,0.16252736747264862,39.43960952758789,0.7352139353752136
6245,186,0.0908203125,0.15494351089000702,39.27120590209961,0.7325339317321777
6246,164,0.080078125,0.1441841572523117,37.47486877441406,0.7538907527923584
6247,168,0.08203125,0.14953534305095673,38.38766098022461,0.7426568865776062
6248,162,0.0791015625,0.1501867175102234,37.89325714111328,0.753602147102356
6249,174,0.0849609375,0.15457090735435486,39.019954681396484,0.7360754013061523
6250,178,0.0869140625,0.15480178594589233,39.4409294128418,0.7325919270515442
6251,167,0.08154296875,0.16261793673038483,41.77842712402344,0.7091243267059326
6252,174,0.0849609375,0.2202470749616623,41.313026428222656,0.7121827602386475
6253,183,0.08935546875,0.20708204805850983,40.28003692626953,0.7246739268302917
6254,188,0.091796875,0.23274216055870056,41.033851623535156,0.7153347730636597
6255,158,0.0771484375,0.18146519362926483,40.57384490966797,0.7198663353919983
6256,154,0.0751953125,0.16714036464691162,41.44468307495117,0.7151876091957092
6257,165,0.08056640625,0.17616279423236847,40.76628494262695,0.716964602470398
6258,148,0.072265625,0.15328307449817657,40.418212890625,0.7249158620834351
6259,146,0.0712890625,0.132748544216156,37.39754867553711,0.7550540566444397
6260,160,0.078125,0.1404779851436615,39.60734176635742,0.7322608232498169
6261,151,0.07373046875,0.13164398074150085,38.68659973144531,0.7439095973968506
6262,151,0.07373046875,0.14074711501598358,39.425193786621094,0.7438170313835144
6263,157,0.07666015625,0.15027621388435364,40.52275848388672,0.7331097722053528
6264,153,0.07470703125,0.1468479335308075,39.96710968017578,0.7300971746444702
6265,146,0.0712890625,0.1454140841960907,38.58393859863281,0.7442599534988403
6266,144,0.0703125,0.13757173717021942,37.62921142578125,0.7539240121841431
6267,144,0.0703125,0.1361789107322693,37.85593032836914,0.7526679039001465
6268,141,0.06884765625,0.14640799164772034,37.26361083984375,0.7530331611633301
6269,136,0.06640625,0.14868009090423584,36.91828536987305,0.7636656761169434
6270,133,0.06494140625,0.17247290909290314,38.74253845214844,0.7450482249259949
6271,140,0.068359375,0.16007539629936218,38.706268310546875,0.737567663192749
6272,136,0.06640625,0.15314459800720215,38.137020111083984,0.7520925998687744
6273,140,0.068359375,0.14911340177059174,37.393714904785156,0.7550708055496216
6274,141,0.06884765625,0.14833536744117737,37.66675567626953,0.7571208477020264
6275,147,0.07177734375,0.15372301638126373,39.21662139892578,0.7346895933151245
6276,147,0.07177734375,0.1564389169216156,39.5036506652832,0.7316957116127014
6277,148,0.072265625,0.15886813402175903,40.5572624206543,0.7159609198570251
6278,150,0.0732421875,0.16498170793056488,40.023441314697266,0.7208663821220398
6279,147,0.07177734375,0.1573846936225891,39.58699417114258,0.7283021807670593
6280,51,0.02490234375,0.17958612740039825,37.518943786621094,0.7498866319656372
6281,48,0.0234375,0.17773467302322388,39.12198257446289,0.7355645298957825
6282,47,0.02294921875,0.22481904923915863,37.71718978881836,0.7587408423423767
6283,48,0.0234375,0.23129509389400482,37.93989181518555,0.7543243765830994
6284,41,0.02001953125,0.2485717236995697,36.15585708618164,0.7720178961753845
6285,41,0.02001953125,0.24797423183918,34.5041618347168,0.7823038697242737
6286,45,0.02197265625,0.26950469613075256,37.62223815917969,0.7462881207466125
6287,41,0.02001953125,0.24412700533866882,36.597286224365234,0.7632364630699158
6288,39,0.01904296875,0.18476243317127228,33.6538200378418,0.7783495783805847
6289,42,0.0205078125,0.18785162270069122,34.43798828125,0.7758582234382629
6290,43,0.02099609375,0.16340699791908264,34.06026077270508,0.7793139219284058
6291,44,0.021484375,0.18390370905399323,37.96465301513672,0.729905366897583
6292,40,0.01953125,0.1755409687757492,34.233558654785156,0.7767229676246643
6293,37,0.01806640625,0.18032865226268768,31.6004638671875,0.802571177482605
6294,40,0.01953125,0.2108531892299652,32.54116439819336,0.7996805906295776
6295,34,0.0166015625,0.20746655762195587,30.34438133239746,0.8209114670753479
6296,34,0.0166015625,0.19809304177761078,29.953025817871094,0.8251600861549377
6297,39,0.01904296875,0.22085851430892944,33.89728546142578,0.8013544082641602
6298,41,0.02001953125,0.2534501254558563,36.29167175292969,0.7684460878372192
6299,41,0.02001953125,0.23616379499435425,37.40633010864258,0.7515397667884827
6300,37,0.01806640625,0.25364193320274353,34.41316604614258,0.7949167490005493
6301,35,0.01708984375,0.27752813696861267,37.63021469116211,0.7461420297622681
6302,38,0.0185546875,0.2857861816883087,37.14993667602539,0.749581515789032
6303,44,0.021484375,0.2499431073665619,36.69231414794922,0.7494823336601257
6304,41,0.02001953125,0.27110475301742554,35.68665313720703,0.7685551047325134
6305,45,0.02197265625,0.2599055767059326,36.86868667602539,0.7552918195724487
6306,42,0.0205078125,0.28811609745025635,40.21825408935547,0.7113295793533325
6307,42,0.0205078125,0.2630331218242645,37.04481506347656,0.7617733478546143
6308,41,0.02001953125,0.24402371048927307,35.92890930175781,0.7708414793014526
6309,41,0.02001953125,0.24032975733280182,34.74404525756836,0.7864904403686523
6310,40,0.01953125,0.2460862398147583,33.313228607177734,0.7967362403869629
6311,39,0.01904296875,0.3028055429458618,36.7894287109375,0.7577409744262695
6312,37,0.01806640625,0.27744683623313904,36.656898498535156,0.7489355206489563
6313,39,0.01904296875,0.28890302777290344,36.890708923339844,0.7504884004592896
6314,41,0.02001953125,0.2757672369480133,38.85888671875,0.7276772260665894
6315,41,0.02001953125,0.2367410808801651,32.325347900390625,0.7990744709968567
6316,46,0.0224609375,0.24981991946697235,33.729881286621094,0.7935149073600769
6317,44,0.021484375,0.2450770139694214,32.25004959106445,0.8023074865341187
6318,40,0.01953125,0.24500395357608795,31.95987892150879,0.8191002011299133
6319,48,0.0234375,0.2400839775800705,36.94790267944336,0.7524572014808655
6320,109,0.05322265625,0.1791572868824005,28.485702514648438,0.8369041085243225
6321,107,0.05224609375,0.1865687221288681,27.873811721801758,0.8389288187026978
6322,116,0.056640625,0.14656861126422882,24.49903106689453,0.8676915764808655
6323,126,0.0615234375,0.12910877168178558,25.736970901489258,0.8554336428642273
6324,117,0.05712890625,0.13115955889225006,24.453107833862305,0.8672780990600586
6325,115,0.05615234375,0.13968394696712494,24.675382614135742,0.8719269633293152
6326,125,0.06103515625,0.15642531216144562,27.016199111938477,0.8396303057670593
6327,113,0.05517578125,0.15077924728393555,26.62531852722168,0.8455393314361572
6328,120,0.05859375,0.13525934517383575,27.154640197753906,0.848967969417572
6329,124,0.060546875,0.12132211029529572,26.903963088989258,0.8537793159484863
6330,126,0.0615234375,0.13107609748840332,27.41461944580078,0.8506323099136353
6331,129,0.06298828125,0.12408062070608139,27.58476448059082,0.8407190442085266
6332,122,0.0595703125,0.12594449520111084,26.456701278686523,0.8483156561851501
6333,112,0.0546875,0.12570565938949585,25.623279571533203,0.8574304580688477
6334,116,0.056640625,0.1287139505147934,27.15684700012207,0.8431708216667175
6335,106,0.0517578125,0.13209165632724762,24.302135467529297,0.8744535446166992
6336,110,0.0537109375,0.13074623048305511,25.0548038482666,0.8675182461738586
6337,110,0.0537109375,0.13536565005779266,27.051774978637695,0.841580867767334
6338,107,0.05224609375,0.12601979076862335,23.561342239379883,0.8840445876121521
6339,116,0.056640625,0.12000060081481934,26.155786514282227,0.8534641265869141
6340,101,0.04931640625,0.1288180649280548,24.526975631713867,0.873934805393219
6341,98,0.0478515625,0.13810370862483978,25.292545318603516,0.8661091327667236
6342,96,0.046875,0.14490735530853271,26.87860679626465,0.856123149394989
6343,96,0.046875,0.14209912717342377,27.465408325195312,0.8485440611839294
6344,96,0.046875,0.14337840676307678,28.131874084472656,0.840329110622406
6345,90,0.0439453125,0.15436868369579315,28.584901809692383,0.8352291584014893
6346,84,0.041015625,0.17734494805335999,30.8238525390625,0.8163784742355347
6347,88,0.04296875,0.18468621373176575,29.846643447875977,0.82147216796875
6348,84,0.041015625,0.2067798674106598,31.156972885131836,0.8095644116401672
6349,79,0.03857421875,0.1945173144340515,29.654531478881836,0.8290910124778748
6350,82,0.0400390625,0.18953868746757507,31.4551944732666,0.8089848756790161
6351,76,0.037109375,0.21216224133968353,33.34833526611328,0.7857886552810669
6352,72,0.03515625,0.2394193559885025,34.96232604980469,0.7754356861114502
6353,65,0.03173828125,0.23285116255283356,34.759281158447266,0.7890344262123108
6354,72,0.03515625,0.2194790542125702,34.71589279174805,0.770713746547699
6355,69,0.03369140625,0.19652396440505981,33.6575813293457,0.795300304889679
6356,75,0.03662109375,0.21001601219177246,34.409847259521484,0.7854345440864563
6357,68,0.033203125,0.19972103834152222,34.4548225402832,0.786178469657898
6358,68,0.033203125,0.2392265498638153,36.50080871582031,0.7587006688117981
6359,65,0.03173828125,0.22074641287326813,36.6158332824707,0.7591477036476135
6360,102,0.0498046875,0.1854456663131714,32.29988098144531,0.7906216382980347
6361,91,0.04443359375,0.17551876604557037,35.54246139526367,0.7580099701881409
6362,92,0.044921875,0.18248622119426727,34.315818786621094,0.768913745880127
6363,93,0.04541015625,0.17068912088871002,32.890235900878906,0.7910569906234741
6364,97,0.04736328125,0.1660158932209015,34.76228713989258,0.7698635458946228
6365,95,0.04638671875,0.17587539553642273,34.77811813354492,0.7687694430351257
6366,98,0.0478515625,0.1775726079940796,34.65079879760742,0.7743101119995117
6367,105,0.05126953125,0.1697399914264679,36.1422233581543,0.7460514903068542
6368,104,0.05078125,0.1837400197982788,34.92803192138672,0.762678861618042
6369,100,0.048828125,0.17713890969753265,34.77618408203125,0.7641021609306335
6370,93,0.04541015625,0.1762935221195221,32.707603454589844,0.7894641757011414
6371,88,0.04296875,0.18566571176052094,32.83778381347656,0.7972027063369751
6372,90,0.0439453125,0.18576790392398834,33.698429107666016,0.7829716801643372
6373,92,0.044921875,0.16352641582489014,37.85773468017578,0.7337294816970825
6374,99,0.04833984375,0.18226531147956848,35.2779541015625,0.7579535841941833
6375,99,0.04833984375,0.1762658804655075,34.96023178100586,0.7579563856124878
6376,90,0.0439453125,0.18027089536190033,31.789024353027344,0.8030089735984802
6377,94,0.0458984375,0.17747089266777039,33.0592041015625,0.7889066934585571
6378,86,0.0419921875,0.1811939924955368,33.118160247802734,0.7821754813194275
6379,89,0.04345703125,0.1827513724565506,31.8076114654541,0.801641583442688
6380,84,0.041015625,0.17165151238441467,34.64955520629883,0.7769523859024048
6381,73,0.03564453125,0.1962815374135971,34.84967041015625,0.7814016938209534
6382,72,0.03515625,0.2189079076051712,37.05636978149414,0.7525382041931152
6383,66,0.0322265625,0.22403152287006378,36.58696365356445,0.7691014409065247
6384,66,0.0322265625,0.23516502976417542,37.858585357666016,0.7552579641342163
6385,59,0.02880859375,0.24931947886943817,38.09537887573242,0.7391985654830933
6386,62,0.0302734375,0.2855065166950226,38.9319953918457,0.7333653569221497
6387,64,0.03125,0.2610836923122406,38.95798873901367,0.7430369257926941
6388,69,0.03369140625,0.2504901885986328,42.019615173339844,0.7075954675674438
6389,67,0.03271484375,0.2508505880832672,39.10631561279297,0.7400553226470947
6390,63,0.03076171875,0.2547580599784851,38.1181526184082,0.7476643919944763
6391,70,0.0341796875,0.2487139254808426,38.833003997802734,0.749821126461029
6392,66,0.0322265625,0.2246868908405304,40.95149612426758,0.7160995602607727
6393,75,0.03662109375,0.2391921430826187,37.861915588378906,0.7502561211585999
6394,74,0.0361328125,0.22569751739501953,39.08864212036133,0.7298170328140259
6395,76,0.037109375,0.22451479732990265,39.68934631347656,0.7237792611122131
6396,72,0.03515625,0.21564443409442902,37.39894104003906,0.7504809498786926
6397,86,0.0419921875,0.1891852468252182,35.695621490478516,0.7680199146270752
6398,82,0.0400390625,0.17327480018138885,35.60097885131836,0.7685076594352722
6399,92,0.044921875,0.17134171724319458,34.497947692871094,0.7740641832351685
6400,175,0.08544921875,0.18179741501808167,31.85130500793457,0.8027063012123108
6401,172,0.083984375,0.1814635843038559,31.84785270690918,0.8031761646270752
6402,168,0.08203125,0.17315545678138733,30.620853424072266,0.8160962462425232
6403,200,0.09765625,0.16056080162525177,30.697864532470703,0.8181894421577454
6404,195,0.09521484375,0.16587047278881073,30.159330368041992,0.8246157765388489
6405,229,0.11181640625,0.17467863857746124,32.54540252685547,0.7973824143409729
6406,209,0.10205078125,0.13944077491760254,29.29987907409668,0.8374016880989075
6407,216,0.10546875,0.13562826812267303,28.72414207458496,0.8404706120491028
6408,245,0.11962890625,0.14716990292072296,30.290761947631836,0.8244631290435791
6409,187,0.09130859375,0.1322694718837738,29.831378936767578,0.8335788249969482
6410,206,0.1005859375,0.1363193243741989,29.379444122314453,0.8332732319831848
6411,233,0.11376953125,0.13718681037425995,29.584733963012695,0.8268681764602661
6412,218,0.1064453125,0.1330910325050354,28.098739624023438,0.843916654586792
6413,166,0.0810546875,0.15000003576278687,28.819080352783203,0.8431145548820496
6414,165,0.08056640625,0.14336654543876648,29.863012313842773,0.8290109634399414
6415,150,0.0732421875,0.16184179484844208,29.817848205566406,0.826280951499939
6416,150,0.0732421875,0.1500978171825409,29.775598526000977,0.8329357504844666
6417,138,0.0673828125,0.1377982497215271,29.607742309570312,0.833443820476532
6418,153,0.07470703125,0.1335459053516388,29.024789810180664,0.8398144245147705
6419,146,0.0712890625,0.12898556888103485,28.92922019958496,0.8377295732498169
6420,178,0.0869140625,0.1503162980079651,29.837844848632812,0.825514018535614
6421,156,0.076171875,0.1266271471977234,28.54947280883789,0.8459065556526184
6422,170,0.0830078125,0.14259998500347137,28.40125274658203,0.841252326965332
6423,168,0.08203125,0.13972635567188263,29.40914535522461,0.8301030993461609
6424,151,0.07373046875,0.1270260512828827,27.865760803222656,0.8497123718261719
6425,151,0.07373046875,0.1276528239250183,28.32916259765625,0.8464322090148926
6426,154,0.0751953125,0.12139515578746796,28.414310455322266,0.8465118408203125
6427,141,0.06884765625,0.13155171275138855,28.2723388671875,0.8493647575378418
6428,145,0.07080078125,0.14667831361293793,30.497976303100586,0.8238028883934021
6429,140,0.068359375,0.13468672335147858,27.05381965637207,0.8562867641448975
6430,141,0.06884765625,0.12864471971988678,26.828866958618164,0.8600786924362183
6431,148,0.072265625,0.14198777079582214,30.52536392211914,0.8217728137969971
6432,140,0.068359375,0.1335647851228714,27.919212341308594,0.8516187071800232
6433,143,0.06982421875,0.1268952339887619,28.020000457763672,0.8459547162055969
6434,134,0.0654296875,0.13523393869400024,28.93041229248047,0.8412960767745972
6435,130,0.0634765625,0.14294299483299255,28.190963745117188,0.8469744920730591
6436,145,0.07080078125,0.13147196173667908,27.81087875366211,0.8459981083869934
6437,143,0.06982421875,0.1361326277256012,28.82709312438965,0.8397822380065918
6438,140,0.068359375,0.13566605746746063,29.52865219116211,0.8331723213195801
6439,134,0.0654296875,0.1419232040643692,29.537145614624023,0.8371118307113647
6440,145,0.07080078125,0.12974347174167633,35.64036178588867,0.7721172571182251
6441,126,0.0615234375,0.13749288022518158,33.99105453491211,0.7894675731658936
6442,120,0.05859375,0.13721312582492828,33.31541061401367,0.7929341793060303
6443,103,0.05029296875,0.14994318783283234,34.04889678955078,0.7918403148651123
6444,111,0.05419921875,0.1463363915681839,33.93928909301758,0.7912763953208923
6445,118,0.0576171875,0.14313016831874847,32.71337127685547,0.8023773431777954
6446,121,0.05908203125,0.13081389665603638,33.26163101196289,0.7988864779472351
6447,110,0.0537109375,0.14212603867053986,33.65727233886719,0.7948190569877625
6448,116,0.056640625,0.14635612070560455,33.536903381347656,0.7885697484016418
6449,109,0.05322265625,0.13979993760585785,33.54164505004883,0.7945178151130676
6450,102,0.0498046875,0.14445023238658905,34.45329666137695,0.7867915630340576
6451,118,0.0576171875,0.12975627183914185,32.884361267089844,0.8041939735412598
6452,109,0.05322265625,0.13454845547676086,35.740840911865234,0.7718450427055359
6453,108,0.052734375,0.13339339196681976,37.24335479736328,0.7581294178962708
6454,110,0.0537109375,0.1340961456298828,35.61522674560547,0.7805989980697632
6455,102,0.0498046875,0.14217939972877502,35.99320602416992,0.7731611728668213
6456,102,0.0498046875,0.14265936613082886,37.605934143066406,0.7553250193595886
6457,105,0.05126953125,0.179010808467865,38.79825210571289,0.7390532493591309
6458,101,0.04931640625,0.18481910228729248,38.75119400024414,0.7381371259689331
6459,105,0.05126953125,0.19224682450294495,39.958438873291016,0.7236682772636414
6460,105,0.05126953125,0.18884272873401642,38.067962646484375,0.7458927035331726
6461,97,0.04736328125,0.148323655128479,37.19178771972656,0.757785439491272
6462,110,0.0537109375,0.15588445961475372,38.04218673706055,0.7482417821884155
6463,92,0.044921875,0.1685943454504013,36.90394592285156,0.7642785906791687
6464,97,0.04736328125,0.23163792490959167,39.75092697143555,0.723087728023529
6465,109,0.05322265625,0.2601238191127777,38.83298110961914,0.7328786849975586
6466,101,0.04931640625,0.26176437735557556,38.1983528137207,0.7467891573905945
6467,103,0.05029296875,0.21230864524841309,38.22576904296875,0.7420880794525146
6468,121,0.05908203125,0.208898663520813,37.373416900634766,0.7583025097846985
6469,124,0.060546875,0.1763685941696167,37.24247741699219,0.7541524171829224
6470,121,0.05908203125,0.17860670387744904,36.185420989990234,0.7673622965812683
6471,114,0.0556640625,0.14700733125209808,35.66233444213867,0.7773349285125732
6472,143,0.06982421875,0.1311761885881424,34.89238357543945,0.7759772539138794
6473,142,0.0693359375,0.13591082394123077,32.79521942138672,0.8037802577018738
6474,140,0.068359375,0.13492964208126068,34.29783248901367,0.7832867503166199
6475,147,0.07177734375,0.14131997525691986,33.08823776245117,0.7945007681846619
6476,161,0.07861328125,0.16195327043533325,35.64825439453125,0.7651865482330322
6477,157,0.07666015625,0.1396862119436264,34.358211517333984,0.7799108028411865
6478,159,0.07763671875,0.13322193920612335,34.67589569091797,0.7792370915412903
6479,141,0.06884765625,0.1704684942960739,35.06024169921875,0.7732452750205994
6480,249,0.12158203125,0.11072634905576706,35.23808288574219,0.776261568069458
6481,241,0.11767578125,0.11183787137269974,33.40152359008789,0.7996401786804199
6482,219,0.10693359375,0.1200549453496933,33.948482513427734,0.7853421568870544
6483,225,0.10986328125,0.11242706328630447,31.388004302978516,0.8135433197021484
6484,224,0.109375,0.11979983001947403,30.431995391845703,0.8128143548965454
6485,215,0.10498046875,0.11883244663476944,28.818273544311523,0.8298425078392029
6486,217,0.10595703125,0.11481090635061264,30.00513458251953,0.814602255821228
6487,227,0.11083984375,0.10681593418121338,29.762859344482422,0.8238282203674316
6488,220,0.107421875,0.1159212589263916,29.906959533691406,0.8237816095352173
6489,216,0.10546875,0.1182873472571373,30.59189224243164,0.8093456625938416
6490,221,0.10791015625,0.10628410428762436,31.131515502929688,0.8160081505775452
6491,248,0.12109375,0.11364822834730148,32.215736389160156,0.804479718208313
6492,241,0.11767578125,0.11678098142147064,31.58565330505371,0.8065535426139832
6493,232,0.11328125,0.10223536938428879,29.61243438720703,0.8232407569885254
6494,244,0.119140625,0.10593043267726898,29.826278686523438,0.8270267844200134
6495,246,0.1201171875,0.10073845833539963,30.276161193847656,0.8220435380935669
6496,243,0.11865234375,0.10440010577440262,30.851057052612305,0.8149104714393616
6497,238,0.1162109375,0.08491697162389755,29.377532958984375,0.833625078201294
6498,244,0.119140625,0.08712462335824966,29.513582229614258,0.832327127456665
6499,234,0.1142578125,0.08215095102787018,29.308500289916992,0.8321925401687622
6500,238,0.1162109375,0.09599566459655762,31.484933853149414,0.8022616505622864
6501,248,0.12109375,0.09377497434616089,33.3653450012207,0.7881234288215637
6502,246,0.1201171875,0.09645290672779083,29.723773956298828,0.825736403465271
6503,241,0.11767578125,0.0926845371723175,29.875144958496094,0.8213487863540649
6504,251,0.12255859375,0.10760347545146942,32.492279052734375,0.7955981492996216
6505,243,0.11865234375,0.11160317063331604,30.812938690185547,0.8161348104476929
6506,237,0.11572265625,0.11954502016305923,31.856258392333984,0.8062960505485535
6507,247,0.12060546875,0.12281888723373413,31.449995040893555,0.8174801468849182
6508,249,0.12158203125,0.11083217710256577,30.64752197265625,0.8221420645713806
6509,255,0.12451171875,0.1099654957652092,30.523088455200195,0.8197588324546814
6510,253,0.12353515625,0.11570516228675842,30.553741455078125,0.819780170917511
6511,258,0.1259765625,0.10796961188316345,30.505664825439453,0.8170121312141418
6512,270,0.1318359375,0.1071861982345581,30.93279457092285,0.8119147419929504
6513,260,0.126953125,0.10803066194057465,28.55998420715332,0.8345826864242554
6514,258,0.1259765625,0.10829105973243713,28.32775115966797,0.8345728516578674
6515,260,0.126953125,0.11178372800350189,30.143787384033203,0.817225992679596
6516,267,0.13037109375,0.1366693675518036,31.836490631103516,0.8013931512832642
6517,268,0.130859375,0.1332034319639206,31.85515594482422,0.7987032532691956
6518,239,0.11669921875,0.1368466466665268,32.62970733642578,0.8005940318107605
6519,236,0.115234375,0.13147303462028503,32.06393814086914,0.8035342693328857
6520,317,0.15478515625,0.15987180173397064,33.92365646362305,0.7900685667991638
6521,347,0.16943359375,0.1379556804895401,31.731060028076172,0.8101009726524353
6522,426,0.2080078125,0.12266775965690613,30.019365310668945,0.8210481405258179
6523,413,0.20166015625,0.12504057586193085,29.312152862548828,0.8277691602706909
6524,382,0.1865234375,0.1316528171300888,29.162200927734375,0.8330528736114502
6525,371,0.18115234375,0.13398337364196777,29.57408905029297,0.8269573450088501
6526,420,0.205078125,0.1225416287779808,28.868404388427734,0.8330551385879517
6527,373,0.18212890625,0.1351185441017151,28.736846923828125,0.8342522382736206
6528,377,0.18408203125,0.13324959576129913,29.34188461303711,0.830543041229248
6529,362,0.1767578125,0.13544900715351105,29.143224716186523,0.8334919810295105
6530,444,0.216796875,0.1280890256166458,27.917152404785156,0.8357914686203003
6531,412,0.201171875,0.12950760126113892,27.39169692993164,0.8443140387535095
6532,412,0.201171875,0.1308685839176178,26.783143997192383,0.847459077835083
6533,461,0.22509765625,0.13257096707820892,27.91143798828125,0.8379625082015991
6534,419,0.20458984375,0.1311578005552292,27.122026443481445,0.8446287512779236
6535,395,0.19287109375,0.13658110797405243,28.219266891479492,0.8369208574295044
6536,439,0.21435546875,0.1335960030555725,28.075170516967773,0.8376317024230957
6537,536,0.26171875,0.11799492686986923,30.92292022705078,0.8101822137832642
6538,488,0.23828125,0.12124522775411606,29.752079010009766,0.8238217234611511
6539,558,0.2724609375,0.11842159181833267,31.481813430786133,0.8007784485816956
6540,602,0.2939453125,0.10813175141811371,35.52885055541992,0.7583665251731873
6541,654,0.3193359375,0.09871523082256317,33.582862854003906,0.7799685597419739
6542,676,0.330078125,0.1047593355178833,33.793514251708984,0.7753788828849792
6543,597,0.29150390625,0.09921225160360336,32.602352142333984,0.8037247657775879
6544,456,0.22265625,0.11199236661195755,31.75202178955078,0.8058967590332031
6545,409,0.19970703125,0.1068890243768692,30.88550567626953,0.8134440779685974
6546,402,0.1962890625,0.11266432702541351,29.747787475585938,0.8254542350769043
6547,529,0.25830078125,0.10013038665056229,39.837284088134766,0.7182141542434692
6548,760,0.37109375,0.1020357757806778,27.999195098876953,0.8293953537940979
6549,817,0.39892578125,0.10006175190210342,26.739477157592773,0.8345531821250916
6550,1029,0.50244140625,0.12923531234264374,29.32217788696289,0.8090097904205322
6551,1042,0.5087890625,0.1324833184480667,31.76105499267578,0.7798548340797424
6552,1179,0.57568359375,0.16202110052108765,36.5469970703125,0.7422991991043091
6553,1074,0.5244140625,0.13388116657733917,34.1376838684082,0.7595065832138062
6554,394,0.1923828125,0.1343945860862732,34.769981384277344,0.758969247341156
6555,419,0.20458984375,0.14465521275997162,42.574134826660156,0.6661713719367981
6556,399,0.19482421875,0.1284000277519226,34.74739456176758,0.7612202763557434
6557,658,0.3212890625,0.10276280343532562,27.165220260620117,0.8324151039123535
6558,698,0.3408203125,0.10586126148700714,26.717947006225586,0.832527756690979
6559,943,0.46044921875,0.12129081785678864,28.95867156982422,0.8160149455070496
6560,775,0.37841796875,0.14243388175964355,19.955257415771484,0.909864604473114
6561,788,0.384765625,0.13867917656898499,18.265226364135742,0.9243536591529846
6562,787,0.38427734375,0.14091570675373077,18.959014892578125,0.9169541001319885
6563,789,0.38525390625,0.14554907381534576,19.47454071044922,0.9147339463233948
6564,794,0.3876953125,0.14093142747879028,19.431453704833984,0.9157664179801941
6565,778,0.3798828125,0.14275769889354706,19.891921997070312,0.911434531211853
6566,814,0.3974609375,0.13524997234344482,19.09626579284668,0.9135950803756714
6567,760,0.37109375,0.14520885050296783,19.60923957824707,0.9136630296707153
6568,764,0.373046875,0.15223495662212372,20.722436904907227,0.9015820622444153
6569,752,0.3671875,0.14901502430438995,19.50055503845215,0.9168631434440613
6570,737,0.35986328125,0.1486278474330902,19.437650680541992,0.9196028709411621
6571,765,0.37353515625,0.13699746131896973,18.072053909301758,0.9270274043083191
6572,771,0.37646484375,0.13405312597751617,17.862014770507812,0.9300966262817383
6573,808,0.39453125,0.13104434311389923,16.66937255859375,0.9340792298316956
6574,816,0.3984375,0.13161441683769226,16.77495574951172,0.933742880821228
6575,817,0.39892578125,0.12903080880641937,16.348270416259766,0.9359702467918396
6576,784,0.3828125,0.1355891227722168,18.74375343322754,0.9245424270629883
6577,780,0.380859375,0.13968516886234283,17.785709381103516,0.9311327934265137
6578,787,0.38427734375,0.13919314742088318,17.94518280029297,0.9282448291778564
6579,773,0.37744140625,0.1398262083530426,18.76556968688965,0.9235468506813049
6580,817,0.39892578125,0.13275879621505737,16.166812896728516,0.9373720288276672
6581,911,0.44482421875,0.12404020130634308,14.899246215820312,0.9408484697341919
6582,924,0.451171875,0.12527166306972504,14.950916290283203,0.9406948089599609
6583,924,0.451171875,0.1261145919561386,15.260407447814941,0.9371726512908936
6584,909,0.44384765625,0.12992016971111298,16.95233917236328,0.9257219433784485
6585,1004,0.490234375,0.12369057536125183,15.832542419433594,0.9320317506790161
6586,1009,0.49267578125,0.12331584095954895,15.4485502243042,0.9351996779441833
6587,1137,0.55517578125,0.12182330340147018,17.49464988708496,0.915812075138092
6588,1038,0.5068359375,0.12312042713165283,15.769869804382324,0.9330869317054749
6589,913,0.44580078125,0.12508873641490936,15.535344123840332,0.940817654132843
6590,922,0.4501953125,0.1270686686038971,16.0809326171875,0.9358013868331909
6591,988,0.482421875,0.12639908492565155,16.526378631591797,0.9322458505630493
6592,1297,0.63330078125,0.1356794834136963,25.097925186157227,0.8556667566299438
6593,1133,0.55322265625,0.12246584892272949,18.21682357788086,0.9137004613876343
6594,1078,0.5263671875,0.11984549462795258,15.676667213439941,0.932063639163971
6595,971,0.47412109375,0.12579728662967682,16.859596252441406,0.9307090640068054
6596,1053,0.51416015625,0.12114429473876953,18.066633224487305,0.9223754405975342
6597,1187,0.57958984375,0.13662748038768768,27.020172119140625,0.845007598400116
6598,1314,0.6416015625,0.16239280998706818,29.46153450012207,0.8166031837463379
6599,468,0.228515625,0.11467403918504715,54.55693817138672,0.5220882892608643
6600,124,0.060546875,0.24350930750370026,35.35976791381836,0.7736390829086304
6601,123,0.06005859375,0.2433418184518814,37.110023498535156,0.7543051838874817
6602,125,0.06103515625,0.2389618158340454,36.421329498291016,0.7581368684768677
6603,128,0.0625,0.24366280436515808,38.04740524291992,0.7371897101402283
6604,126,0.0615234375,0.23765964806079865,37.2530632019043,0.7481499314308167
6605,124,0.060546875,0.237748920917511,37.95876693725586,0.734665036201477
6606,128,0.0625,0.24222880601882935,38.818817138671875,0.728123128414154
6607,125,0.06103515625,0.24393954873085022,36.9764404296875,0.74876469373703
6608,126,0.0615234375,0.2401568442583084,37.459041595458984,0.7449236512184143
6609,133,0.06494140625,0.23829519748687744,39.93834686279297,0.7164497971534729
6610,136,0.06640625,0.22443053126335144,39.18396759033203,0.7184540033340454
6611,130,0.0634765625,0.22469252347946167,37.63259506225586,0.7409679889678955
6612,135,0.06591796875,0.22885721921920776,38.887821197509766,0.7246947288513184
6613,138,0.0673828125,0.2101442664861679,37.098655700683594,0.7456855773925781
6614,134,0.0654296875,0.21296803653240204,37.13549041748047,0.7458742260932922
6615,138,0.0673828125,0.21458353102207184,35.76108932495117,0.757418692111969
6616,144,0.0703125,0.22088180482387543,36.7510986328125,0.7434203624725342
6617,137,0.06689453125,0.21218909323215485,35.29914474487305,0.7663096785545349
6618,124,0.060546875,0.22213079035282135,32.12870407104492,0.8016594052314758
6619,135,0.06591796875,0.2171614170074463,34.429073333740234,0.774104654788971
6620,136,0.06640625,0.22026637196540833,32.75349807739258,0.7877795696258545
6621,133,0.06494140625,0.23189964890480042,32.87950897216797,0.785020649433136
6622,133,0.06494140625,0.22688166797161102,33.16161346435547,0.7850838303565979
6623,117,0.05712890625,0.2265085130929947,29.186262130737305,0.8332331776618958
6624,137,0.06689453125,0.22129401564598083,33.644039154052734,0.7735937833786011
6625,140,0.068359375,0.21690186858177185,33.26629638671875,0.7774171233177185
6626,148,0.072265625,0.2200937569141388,35.80141830444336,0.7480467557907104
6627,140,0.068359375,0.22322990000247955,35.525390625,0.7579572200775146
6628,143,0.06982421875,0.21641476452350616,34.71437072753906,0.7647234201431274
6629,144,0.0703125,0.21261775493621826,31.74326515197754,0.7967129945755005
6630,135,0.06591796875,0.21805594861507416,34.31827926635742,0.768415093421936
6631,133,0.06494140625,0.1966312825679779,31.410259246826172,0.7991170883178711
6632,133,0.06494140625,0.19944603741168976,28.143815994262695,0.8308910727500916
6633,119,0.05810546875,0.19307546317577362,28.281421661376953,0.8409531712532043
6634,115,0.05615234375,0.18793554604053497,28.098207473754883,0.8423092365264893
6635,107,0.05224609375,0.16451828181743622,27.538145065307617,0.8437206149101257
6636,117,0.05712890625,0.18133342266082764,28.400310516357422,0.838573694229126
6637,114,0.0556640625,0.1873565912246704,28.827743530273438,0.8300344347953796
6638,110,0.0537109375,0.17618919909000397,28.44283103942871,0.8398810625076294
6639,100,0.048828125,0.16963472962379456,28.018980026245117,0.8431488871574402
6640,163,0.07958984375,0.1104804277420044,36.424129486083984,0.7585321068763733
6641,167,0.08154296875,0.10730358958244324,34.76221466064453,0.7795246839523315
6642,172,0.083984375,0.11439835280179977,34.72548294067383,0.7785541415214539
6643,167,0.08154296875,0.10708649456501007,34.45571517944336,0.7809590101242065
6644,174,0.0849609375,0.11237990111112595,34.86777114868164,0.7819503545761108
6645,168,0.08203125,0.11485853791236877,34.67827224731445,0.7820838689804077
6646,176,0.0859375,0.12256321310997009,34.292274475097656,0.7883394360542297
6647,165,0.08056640625,0.11750549077987671,33.7781982421875,0.7931241989135742
6648,158,0.0771484375,0.11787714064121246,34.42601776123047,0.7861893177032471
6649,161,0.07861328125,0.12184085696935654,35.31245803833008,0.7683305740356445
6650,153,0.07470703125,0.1339472532272339,35.15559387207031,0.7720738053321838
6651,151,0.07373046875,0.14265373349189758,35.20661926269531,0.7672966718673706
6652,163,0.07958984375,0.1229238212108612,34.43414306640625,0.7846390008926392
6653,163,0.07958984375,0.11981707066297531,35.103370666503906,0.7763404250144958
6654,159,0.07763671875,0.11907096952199936,35.86069107055664,0.764133870601654
6655,156,0.076171875,0.12482285499572754,36.56908416748047,0.7593083381652832
6656,152,0.07421875,0.11704899370670319,36.809417724609375,0.752635657787323
6657,152,0.07421875,0.12016629427671432,35.45950698852539,0.7750274538993835
6658,140,0.068359375,0.11920846253633499,33.57478332519531,0.7953728437423706
6659,132,0.064453125,0.12204349040985107,32.53476333618164,0.8048465847969055
6660,130,0.0634765625,0.12429483234882355,32.90865707397461,0.8000884056091309
6661,124,0.060546875,0.12635241448879242,33.302398681640625,0.7970671057701111
6662,125,0.06103515625,0.12534543871879578,33.2102165222168,0.7998354434967041
6663,129,0.06298828125,0.12294315546751022,31.064733505249023,0.8154264092445374
6664,135,0.06591796875,0.12392235547304153,35.04475402832031,0.7822695374488831
6665,131,0.06396484375,0.12427492439746857,32.6998291015625,0.801155149936676
6666,123,0.06005859375,0.1198277398943901,29.37717628479004,0.8337123394012451
6667,119,0.05810546875,0.11731584370136261,33.0386848449707,0.7957817912101746
6668,116,0.056640625,0.11870507150888443,33.73814010620117,0.791352391242981
6669,120,0.05859375,0.11904452741146088,32.92224884033203,0.7972587943077087
6670,126,0.0615234375,0.1267264485359192,28.984020233154297,0.8422523140907288
6671,129,0.06298828125,0.12479422986507416,29.748098373413086,0.8292389512062073
6672,131,0.06396484375,0.12418079376220703,32.24884033203125,0.8038766980171204
6673,129,0.06298828125,0.12486200034618378,34.08635711669922,0.7866265773773193
6674,129,0.06298828125,0.12846438586711884,35.510826110839844,0.773204505443573
6675,128,0.0625,0.12853826582431793,35.092796325683594,0.7759941816329956
6676,120,0.05859375,0.1180957779288292,32.03708267211914,0.807482123374939
6677,127,0.06201171875,0.12190660089254379,33.67256164550781,0.7898389101028442
6678,122,0.0595703125,0.12774236500263214,31.942602157592773,0.8065121173858643
6679,118,0.0576171875,0.1256265789270401,31.419536590576172,0.8123513460159302
6680,176,0.0859375,0.1509210169315338,26.177125930786133,0.8572628498077393
6681,189,0.09228515625,0.14900408685207367,28.267784118652344,0.8350054025650024
6682,188,0.091796875,0.1472080796957016,28.100486755371094,0.8385083675384521
6683,182,0.0888671875,0.14298942685127258,27.14518928527832,0.8478291034698486
6684,177,0.08642578125,0.14308497309684753,27.455707550048828,0.8435635566711426
6685,178,0.0869140625,0.13653501868247986,27.21179962158203,0.8486348986625671
6686,179,0.08740234375,0.14585673809051514,27.584789276123047,0.8454496264457703
6687,177,0.08642578125,0.13396567106246948,27.45823097229004,0.8471865653991699
6688,169,0.08251953125,0.12703904509544373,27.263721466064453,0.8527598977088928
6689,167,0.08154296875,0.1155039370059967,26.85529899597168,0.8561691641807556
6690,168,0.08203125,0.12185490131378174,26.966251373291016,0.8512252569198608
6691,166,0.0810546875,0.12144257128238678,27.231998443603516,0.8515192866325378
6692,164,0.080078125,0.14524239301681519,27.745229721069336,0.8474091291427612
6693,162,0.0791015625,0.1150573343038559,26.91129493713379,0.8493703007698059
6694,157,0.07666015625,0.11352220177650452,25.546693801879883,0.8630509972572327
6695,148,0.072265625,0.13422651588916779,26.323699951171875,0.8581217527389526
6696,152,0.07421875,0.13903167843818665,28.126493453979492,0.8417261838912964
6697,150,0.0732421875,0.13935033977031708,27.807300567626953,0.8454810976982117
6698,146,0.0712890625,0.1316690891981125,28.02296257019043,0.8423119187355042
6699,154,0.0751953125,0.12469850480556488,26.74257469177246,0.8559342622756958
6700,154,0.0751953125,0.1395539939403534,26.889850616455078,0.8529351949691772
6701,157,0.07666015625,0.13167142868041992,29.538856506347656,0.8300268054008484
6702,155,0.07568359375,0.1303570568561554,28.027658462524414,0.8434053659439087
6703,153,0.07470703125,0.12868216633796692,28.040428161621094,0.8460224866867065
6704,154,0.0751953125,0.12267199158668518,27.27198600769043,0.8494026064872742
6705,154,0.0751953125,0.11943917721509933,26.508655548095703,0.8597582578659058
6706,154,0.0751953125,0.13475234806537628,25.3760929107666,0.8750929236412048
6707,165,0.08056640625,0.1353904902935028,27.058425903320312,0.8550820350646973
6708,154,0.0751953125,0.11790689826011658,25.032503128051758,0.8687805533409119
6709,160,0.078125,0.13079765439033508,25.024763107299805,0.8694972991943359
6710,156,0.076171875,0.11469799280166626,25.371694564819336,0.8715356588363647
6711,162,0.0791015625,0.1242271438241005,25.682722091674805,0.8621773719787598
6712,166,0.0810546875,0.13288000226020813,26.2856388092041,0.858677864074707
6713,167,0.08154296875,0.14525337517261505,28.631256103515625,0.8381747007369995
6714,170,0.0830078125,0.13894562423229218,27.66237449645996,0.8419802784919739
6715,161,0.07861328125,0.12460140883922577,24.638002395629883,0.8666598200798035
6716,161,0.07861328125,0.12531112134456635,24.48021125793457,0.868600606918335
6717,160,0.078125,0.12492448836565018,24.949323654174805,0.8631418347358704
6718,168,0.08203125,0.15400762856006622,26.03059959411621,0.8516417741775513
6719,167,0.08154296875,0.15582780539989471,26.324262619018555,0.843389093875885
6720,115,0.05615234375,0.15260721743106842,41.51900100708008,0.7033205628395081
6721,112,0.0546875,0.15266628563404083,39.02835464477539,0.727990448474884
6722,111,0.05419921875,0.15183357894420624,39.87079620361328,0.7204144597053528
6723,115,0.05615234375,0.15256895124912262,41.039695739746094,0.7035495638847351
6724,109,0.05322265625,0.1475643813610077,39.26042938232422,0.7195821404457092
6725,109,0.05322265625,0.14485864341259003,39.13916015625,0.7202373743057251
6726,102,0.0498046875,0.14301663637161255,37.547855377197266,0.7429132461547852
6727,105,0.05126953125,0.14592625200748444,35.574371337890625,0.767145574092865
6728,101,0.04931640625,0.15518170595169067,38.75883483886719,0.731003999710083
6729,103,0.05029296875,0.14874707162380219,38.1616096496582,0.7401052117347717
6730,98,0.0478515625,0.15352115035057068,37.11759948730469,0.7472635507583618
6731,101,0.04931640625,0.1388508528470993,34.8309440612793,0.7770754098892212
6732,94,0.0458984375,0.13301631808280945,33.878334045410156,0.7863163948059082
6733,95,0.04638671875,0.13994212448596954,34.35777282714844,0.775058388710022
6734,97,0.04736328125,0.13249202072620392,31.774192810058594,0.8133023977279663
6735,104,0.05078125,0.12168679386377335,28.67054557800293,0.8415964841842651
6736,110,0.0537109375,0.1410152167081833,31.536840438842773,0.806846022605896
6737,109,0.05322265625,0.13464592397212982,28.412952423095703,0.8422526717185974
6738,109,0.05322265625,0.12583094835281372,25.544368743896484,0.8721131682395935
6739,111,0.05419921875,0.113567054271698,27.142454147338867,0.8581681251525879
6740,114,0.0556640625,0.13486257195472717,27.67673683166504,0.8443557620048523
6741,125,0.06103515625,0.1384621560573578,31.448545455932617,0.8066750764846802
6742,120,0.05859375,0.1520002782344818,29.16216278076172,0.8286097049713135
6743,115,0.05615234375,0.13333608210086823,26.399839401245117,0.8553714156150818
6744,114,0.0556640625,0.13576899468898773,26.852174758911133,0.8557629585266113
6745,112,0.0546875,0.12232434004545212,26.904138565063477,0.8566898107528687
6746,110,0.0537109375,0.1284608691930771,29.15630531311035,0.8378282189369202
6747,106,0.0517578125,0.11479803174734116,25.707822799682617,0.8726069331169128
6748,115,0.05615234375,0.11985200643539429,26.455053329467773,0.8637157678604126
6749,113,0.05517578125,0.11559087038040161,25.78364372253418,0.8693364858627319
6750,109,0.05322265625,0.12012601643800735,27.02100372314453,0.8604938387870789
6751,114,0.0556640625,0.1231578066945076,27.022098541259766,0.8571531772613525
6752,112,0.0546875,0.1213589534163475,26.51043128967285,0.8629518747329712
6753,106,0.0517578125,0.13532789051532745,27.762163162231445,0.851021409034729
6754,104,0.05078125,0.13931892812252045,28.421722412109375,0.8532975912094116
6755,105,0.05126953125,0.12850672006607056,29.382341384887695,0.8351414203643799
6756,113,0.05517578125,0.1285054236650467,27.606199264526367,0.8542895317077637
6757,110,0.0537109375,0.1329326033592224,27.807165145874023,0.851026713848114
6758,110,0.0537109375,0.12011640518903732,27.388460159301758,0.8563933372497559
6759,108,0.052734375,0.11533056944608688,27.04438018798828,0.8597748279571533
6760,213,0.10400390625,0.13205388188362122,29.75587272644043,0.8281327486038208
6761,201,0.09814453125,0.11714863032102585,29.132614135742188,0.833177387714386
6762,205,0.10009765625,0.14670440554618835,29.37372589111328,0.8295729756355286
6763,238,0.1162109375,0.1682705283164978,29.98008918762207,0.823123037815094
6764,259,0.12646484375,0.10865091532468796,30.884933471679688,0.8173950910568237
6765,361,0.17626953125,0.13804194331169128,29.422672271728516,0.8339043855667114
6766,310,0.1513671875,0.10503403097391129,29.91962242126465,0.8295730948448181
6767,325,0.15869140625,0.1111532673239708,27.324922561645508,0.8537760376930237
6768,263,0.12841796875,0.11464525014162064,31.74684715270996,0.8112331628799438
6769,258,0.1259765625,0.133246511220932,31.640113830566406,0.8066554069519043
6770,257,0.12548828125,0.11820013076066971,32.37731170654297,0.8001814484596252
6771,253,0.12353515625,0.14859014749526978,31.10590171813965,0.8155931234359741
6772,270,0.1318359375,0.14287172257900238,29.548263549804688,0.8237574696540833
6773,311,0.15185546875,0.10883153229951859,28.25712776184082,0.8405579328536987
6774,318,0.1552734375,0.1096084788441658,27.040205001831055,0.8555247187614441
6775,324,0.158203125,0.10684871673583984,27.415876388549805,0.8537580966949463
6776,365,0.17822265625,0.11399365216493607,27.0950870513916,0.8511151075363159
6777,341,0.16650390625,0.10953257232904434,27.077913284301758,0.8571459650993347
6778,345,0.16845703125,0.11021114140748978,27.103538513183594,0.8580252528190613
6779,381,0.18603515625,0.1261940598487854,27.331623077392578,0.8547611832618713
6780,248,0.12109375,0.10719442367553711,29.429183959960938,0.8326101899147034
6781,274,0.1337890625,0.11500074714422226,30.8924560546875,0.8162299394607544
6782,284,0.138671875,0.10896462947130203,32.43903732299805,0.8016011118888855
6783,301,0.14697265625,0.11258608102798462,32.82435989379883,0.7980742454528809
6784,327,0.15966796875,0.1113932654261589,34.208404541015625,0.78069007396698
6785,320,0.15625,0.11274409294128418,34.3493766784668,0.7802531123161316
6786,317,0.15478515625,0.11166880279779434,34.092529296875,0.7769588828086853
6787,297,0.14501953125,0.1076023057103157,33.249420166015625,0.7948136925697327
6788,293,0.14306640625,0.1101408377289772,33.0926399230957,0.7988065481185913
6789,219,0.10693359375,0.1059720516204834,31.508073806762695,0.8173340559005737
6790,199,0.09716796875,0.11303641647100449,29.27308464050293,0.8374124765396118
6791,195,0.09521484375,0.11501649767160416,29.64885902404785,0.8325818777084351
6792,198,0.0966796875,0.11558827757835388,29.781972885131836,0.8330577611923218
6793,191,0.09326171875,0.11735866218805313,29.837087631225586,0.8315891623497009
6794,176,0.0859375,0.12832289934158325,30.650360107421875,0.8174919486045837
6795,190,0.0927734375,0.11711593717336655,29.872867584228516,0.8271681666374207
6796,181,0.08837890625,0.12420934438705444,29.77364730834961,0.8333821296691895
6797,176,0.0859375,0.12699802219867706,30.958972930908203,0.8190009593963623
6798,180,0.087890625,0.11648691445589066,31.2425537109375,0.8178138136863708
6799,177,0.08642578125,0.12578564882278442,32.605804443359375,0.8001533150672913
6800,192,0.09375,0.1315154880285263,29.04233741760254,0.8312891125679016
6801,193,0.09423828125,0.13073480129241943,29.886310577392578,0.8271909952163696
6802,201,0.09814453125,0.12922197580337524,31.35066795349121,0.8145000338554382
6803,196,0.095703125,0.1247997060418129,31.469589233398438,0.8076649904251099
6804,202,0.0986328125,0.12326650321483612,30.881488800048828,0.8136187791824341
6805,204,0.099609375,0.11437153071165085,29.532976150512695,0.8255734443664551
6806,222,0.1083984375,0.11705688387155533,30.12189292907715,0.8175848722457886
6807,213,0.10400390625,0.11455392092466354,29.417686462402344,0.8282719850540161
6808,212,0.103515625,0.11404445022344589,28.422521591186523,0.8419466018676758
6809,204,0.099609375,0.1169220507144928,28.550188064575195,0.8375155925750732
6810,215,0.10498046875,0.11399324238300323,29.1311092376709,0.8247826099395752
6811,214,0.1044921875,0.11026415228843689,27.013153076171875,0.8480151295661926
6812,205,0.10009765625,0.11296578496694565,27.568092346191406,0.8420111536979675
6813,205,0.10009765625,0.11271904408931732,27.25006675720215,0.8444880843162537
6814,202,0.0986328125,0.11437096446752548,27.528348922729492,0.8450610637664795
6815,195,0.09521484375,0.11797337979078293,28.306896209716797,0.8301575779914856
6816,194,0.0947265625,0.11499432474374771,28.46265411376953,0.8311569094657898
6817,208,0.1015625,0.11304921656847,27.62982177734375,0.8420310616493225
6818,206,0.1005859375,0.11055637896060944,27.20890235900879,0.846354603767395
6819,204,0.099609375,0.11813406646251678,29.413124084472656,0.8206307888031006
6820,209,0.10205078125,0.11690099537372589,27.405214309692383,0.8433699011802673
6821,215,0.10498046875,0.11596372723579407,28.228696823120117,0.8357548713684082
6822,209,0.10205078125,0.11460491269826889,28.711715698242188,0.8325256705284119
6823,203,0.09912109375,0.1258242428302765,30.890125274658203,0.8108876943588257
6824,201,0.09814453125,0.12765055894851685,29.629148483276367,0.822184681892395
6825,212,0.103515625,0.12009746581315994,31.04281997680664,0.809913694858551
6826,214,0.1044921875,0.11522949486970901,28.82040786743164,0.8348715305328369
6827,214,0.1044921875,0.10749366134405136,28.822877883911133,0.8324050307273865
6828,218,0.1064453125,0.10828632861375809,28.018661499023438,0.844118595123291
6829,219,0.10693359375,0.1098843440413475,29.44565773010254,0.8297240138053894
6830,223,0.10888671875,0.11940209567546844,29.543668746948242,0.8283308148384094
6831,217,0.10595703125,0.11970482021570206,29.8370304107666,0.8229824900627136
6832,223,0.10888671875,0.12139086425304413,30.551376342773438,0.8193405866622925
6833,208,0.1015625,0.11778877675533295,27.83243179321289,0.8462271094322205
6834,215,0.10498046875,0.1173827275633812,28.86920928955078,0.831403911113739
6835,227,0.11083984375,0.11823722720146179,30.546117782592773,0.8100838661193848
6836,222,0.1083984375,0.1173541247844696,29.370939254760742,0.8288981318473816
6837,219,0.10693359375,0.11733680963516235,30.160627365112305,0.8199866414070129
6838,229,0.11181640625,0.11859600245952606,30.798370361328125,0.8150103688240051
6839,212,0.103515625,0.12405242770910263,30.40635871887207,0.8190181851387024
6840,103,0.05029296875,0.16669419407844543,35.99924087524414,0.7605246305465698
6841,110,0.0537109375,0.1429307907819748,33.006256103515625,0.8031042814254761
6842,117,0.05712890625,0.13613155484199524,32.9367790222168,0.8006389737129211
6843,117,0.05712890625,0.13813328742980957,31.754499435424805,0.8123575448989868
6844,120,0.05859375,0.13879629969596863,32.00022506713867,0.806098222732544
6845,129,0.06298828125,0.1283627450466156,32.26055908203125,0.8036314845085144
6846,130,0.0634765625,0.1479862481355667,32.999149322509766,0.7903389930725098
6847,128,0.0625,0.13769027590751648,31.728139877319336,0.8139496445655823
6848,134,0.0654296875,0.14539743959903717,31.939773559570312,0.8099153637886047
6849,128,0.0625,0.13935986161231995,30.842262268066406,0.8160964250564575
6850,126,0.0615234375,0.1518380492925644,31.166831970214844,0.8183927536010742
6851,125,0.06103515625,0.15010413527488708,32.44544219970703,0.8013367652893066
6852,120,0.05859375,0.151844784617424,31.672468185424805,0.8066285252571106
6853,128,0.0625,0.13798923790454865,31.257122039794922,0.821535587310791
6854,152,0.07421875,0.11308636516332626,30.141494750976562,0.8263373374938965
6855,179,0.08740234375,0.13143426179885864,33.806522369384766,0.7767971754074097
6856,171,0.08349609375,0.1308671534061432,29.90700340270996,0.8219477534294128
6857,164,0.080078125,0.10882284492254257,29.922033309936523,0.8252702355384827
6858,170,0.0830078125,0.11695020645856857,30.799663543701172,0.812610387802124
6859,170,0.0830078125,0.12569738924503326,28.68806266784668,0.8350659608840942
6860,171,0.08349609375,0.13693030178546906,29.26165008544922,0.8295880556106567
6861,153,0.07470703125,0.13158166408538818,29.021574020385742,0.8302395343780518
6862,152,0.07421875,0.13926556706428528,29.303442001342773,0.8243857622146606
6863,168,0.08203125,0.13490210473537445,28.32853126525879,0.8429728150367737
6864,164,0.080078125,0.14317330718040466,26.834875106811523,0.8535600304603577
6865,169,0.08251953125,0.15137413144111633,28.168121337890625,0.8398518562316895
6866,154,0.0751953125,0.13546791672706604,28.662273406982422,0.8374236226081848
6867,152,0.07421875,0.12512144446372986,30.048391342163086,0.8242197036743164
6868,186,0.0908203125,0.153780996799469,29.744176864624023,0.8295479416847229
6869,169,0.08251953125,0.14570650458335876,28.2757625579834,0.8455217480659485
6870,169,0.08251953125,0.10290524363517761,29.460111618041992,0.8282737731933594
6871,170,0.0830078125,0.11116604506969452,28.75372886657715,0.8415940403938293
6872,176,0.0859375,0.11027498543262482,33.591304779052734,0.7907437682151794
6873,184,0.08984375,0.13406603038311005,37.16154479980469,0.7477099299430847
6874,175,0.08544921875,0.11125225573778152,35.357418060302734,0.7673614621162415
6875,156,0.076171875,0.10348476469516754,33.0557746887207,0.8007895350456238
6876,145,0.07080078125,0.10559632629156113,33.550926208496094,0.7907717823982239
6877,151,0.07373046875,0.1224890872836113,35.67002487182617,0.7655694484710693
6878,145,0.07080078125,0.11878879368305206,35.51978302001953,0.770089328289032
6879,140,0.068359375,0.12493433058261871,35.2509765625,0.7709479331970215
6880,138,0.0673828125,0.1340416520833969,28.665685653686523,0.8357943892478943
6881,146,0.0712890625,0.12066974490880966,27.77536392211914,0.8355808854103088
6882,152,0.07421875,0.12064063549041748,24.205387115478516,0.8677070140838623
6883,158,0.0771484375,0.12569499015808105,25.126808166503906,0.859196126461029
6884,169,0.08251953125,0.12872174382209778,22.928438186645508,0.8846448063850403
6885,181,0.08837890625,0.12186507880687714,24.842247009277344,0.8661261200904846
6886,202,0.0986328125,0.12828733026981354,22.186477661132812,0.8881855607032776
6887,222,0.1083984375,0.12189646065235138,24.766704559326172,0.8644757866859436
6888,205,0.10009765625,0.1261429488658905,22.761764526367188,0.8822659850120544
6889,200,0.09765625,0.13370537757873535,25.123945236206055,0.8653011918067932
6890,216,0.10546875,0.12236189097166061,26.829784393310547,0.8538987636566162
6891,189,0.09228515625,0.13063424825668335,24.11590003967285,0.8721083998680115
6892,157,0.07666015625,0.12969888746738434,26.268875122070312,0.8630226254463196
6893,162,0.0791015625,0.12203450500965118,25.246814727783203,0.867211639881134
6894,185,0.09033203125,0.11877749115228653,24.58248519897461,0.8766873478889465
6895,199,0.09716796875,0.11747092753648758,25.496957778930664,0.868198037147522
6896,176,0.0859375,0.1312437653541565,28.176286697387695,0.8353397846221924
6897,170,0.0830078125,0.12771418690681458,26.08770751953125,0.860392153263092
6898,193,0.09423828125,0.1326119601726532,24.75880241394043,0.8668866753578186
6899,208,0.1015625,0.12199094146490097,24.650421142578125,0.8739631175994873
6900,188,0.091796875,0.12195872515439987,26.2227840423584,0.8608543872833252
6901,258,0.1259765625,0.120145283639431,25.588212966918945,0.8666051030158997
6902,273,0.13330078125,0.11643223464488983,24.425168991088867,0.8741685152053833
6903,250,0.1220703125,0.1108497679233551,24.259368896484375,0.8713173866271973
6904,205,0.10009765625,0.11825761198997498,26.152076721191406,0.8641980886459351
6905,215,0.10498046875,0.12059284746646881,26.859926223754883,0.8571050763130188
6906,232,0.11328125,0.12687741219997406,26.37718391418457,0.8570746183395386
6907,242,0.1181640625,0.12143343687057495,25.608997344970703,0.8682566285133362
6908,211,0.10302734375,0.11950661242008209,27.938983917236328,0.8496342301368713
6909,269,0.13134765625,0.11842990666627884,25.907079696655273,0.8642860651016235
6910,361,0.17626953125,0.11579176038503647,25.882612228393555,0.86398845911026
6911,375,0.18310546875,0.11499421298503876,26.103036880493164,0.8663488626480103
6912,355,0.17333984375,0.11194869875907898,25.606182098388672,0.8689439296722412
6913,347,0.16943359375,0.1211874857544899,25.46917724609375,0.8617104887962341
6914,335,0.16357421875,0.1352377086877823,26.44244384765625,0.8572458624839783
6915,331,0.16162109375,0.12430815398693085,25.506372451782227,0.8642438054084778
6916,245,0.11962890625,0.161075159907341,28.552249908447266,0.8288857936859131
6917,256,0.125,0.21526387333869934,27.31184959411621,0.8399515151977539
6918,267,0.13037109375,0.2268209606409073,26.600749969482422,0.8473226428031921
6919,190,0.0927734375,0.17947490513324738,34.445194244384766,0.7788287401199341
6920,67,0.03271484375,0.22548772394657135,40.346275329589844,0.7214145660400391
6921,70,0.0341796875,0.22086915373802185,40.146541595458984,0.7232435345649719
6922,74,0.0361328125,0.2202293574810028,42.18761444091797,0.695889949798584
6923,75,0.03662109375,0.22673948109149933,43.238067626953125,0.6846360564231873
6924,72,0.03515625,0.22608022391796112,41.56657028198242,0.7049124240875244
6925,70,0.0341796875,0.2313079833984375,42.286808013916016,0.6988272666931152
6926,75,0.03662109375,0.22717785835266113,43.6063232421875,0.6828861236572266
6927,73,0.03564453125,0.23924985527992249,42.39820098876953,0.6936266422271729
6928,74,0.0361328125,0.23963555693626404,41.057472229003906,0.7117264866828918
6929,71,0.03466796875,0.22186429798603058,40.55934524536133,0.7210111021995544
6930,70,0.0341796875,0.2239174246788025,38.518741607666016,0.743697464466095
6931,67,0.03271484375,0.22147369384765625,39.43739318847656,0.7368965744972229
6932,71,0.03466796875,0.2263462096452713,39.549476623535156,0.7356817126274109
6933,69,0.03369140625,0.22535739839076996,39.45314025878906,0.7344822883605957
6934,74,0.0361328125,0.23020026087760925,38.60308837890625,0.7437479496002197
6935,79,0.03857421875,0.2260884940624237,39.2405891418457,0.7395272850990295
6936,77,0.03759765625,0.20685401558876038,40.780677795410156,0.7144463658332825
6937,71,0.03466796875,0.21884727478027344,41.141014099121094,0.7015786170959473
6938,59,0.02880859375,0.23488497734069824,37.27631759643555,0.7446675896644592
6939,62,0.0302734375,0.23118536174297333,38.644493103027344,0.7347455620765686
6940,66,0.0322265625,0.2368929386138916,38.92770767211914,0.7301686406135559
6941,61,0.02978515625,0.23201727867126465,37.518131256103516,0.7491048574447632
6942,70,0.0341796875,0.22200924158096313,40.58152770996094,0.7160769701004028
6943,70,0.0341796875,0.22641468048095703,39.24612045288086,0.7359275817871094
6944,74,0.0361328125,0.23809859156608582,38.67269515991211,0.7426310181617737
6945,70,0.0341796875,0.2258727103471756,39.01149368286133,0.7378078699111938
6946,67,0.03271484375,0.2257762998342514,38.77168273925781,0.7354832291603088
6947,70,0.0341796875,0.2237323373556137,40.38364028930664,0.7184365391731262
6948,65,0.03173828125,0.22273507714271545,40.43293762207031,0.708501935005188
6949,67,0.03271484375,0.23021559417247772,39.58477783203125,0.7250852584838867
6950,65,0.03173828125,0.23262451589107513,38.438541412353516,0.7398596405982971
6951,75,0.03662109375,0.22926948964595795,38.68256759643555,0.7402817010879517
6952,77,0.03759765625,0.22841697931289673,40.28535079956055,0.723834753036499
6953,69,0.03369140625,0.23327264189720154,38.48002243041992,0.7512468099594116
6954,60,0.029296875,0.2416214793920517,36.41781234741211,0.7757060527801514
6955,63,0.03076171875,0.2256489098072052,38.28044128417969,0.7407242655754089
6956,56,0.02734375,0.24025897681713104,36.82459259033203,0.7627385854721069
6957,58,0.0283203125,0.2415151596069336,38.17214584350586,0.7418109178543091
6958,61,0.02978515625,0.2432786375284195,37.85004425048828,0.7470992803573608
6959,67,0.03271484375,0.22795775532722473,38.969303131103516,0.7382733821868896
6960,42,0.0205078125,0.1601949781179428,35.22051239013672,0.787196934223175
6961,44,0.021484375,0.17243708670139313,36.14787292480469,0.7744680047035217
6962,46,0.0224609375,0.18299600481987,32.975791931152344,0.8030658960342407
6963,47,0.02294921875,0.172954723238945,34.08610534667969,0.7929919362068176
6964,49,0.02392578125,0.21821416914463043,33.5324821472168,0.7821552753448486
6965,46,0.0224609375,0.18344716727733612,30.20524787902832,0.8326205611228943
6966,45,0.02197265625,0.1752983182668686,33.243682861328125,0.7955693006515503
6967,42,0.0205078125,0.18218031525611877,31.782222747802734,0.8086442351341248
6968,47,0.02294921875,0.16812700033187866,32.54851531982422,0.8080036044120789
6969,49,0.02392578125,0.17500531673431396,32.21953582763672,0.812774658203125
6970,47,0.02294921875,0.17436827719211578,33.34153747558594,0.7962265610694885
6971,46,0.0224609375,0.18613387644290924,32.04411315917969,0.8131582140922546
6972,42,0.0205078125,0.1592101752758026,32.62903594970703,0.8101316094398499
6973,42,0.0205078125,0.1787075251340866,32.773624420166016,0.796129047870636
6974,40,0.01953125,0.164999857544899,31.711597442626953,0.8152686357498169
6975,42,0.0205078125,0.16261936724185944,33.6044921875,0.7936211824417114
6976,44,0.021484375,0.19826951622962952,31.014375686645508,0.8220509886741638
6977,40,0.01953125,0.17587324976921082,30.49652671813965,0.8236621022224426
6978,49,0.02392578125,0.17532722651958466,32.935340881347656,0.8055691719055176
6979,40,0.01953125,0.1527072638273239,35.32592010498047,0.7794780731201172
6980,39,0.01904296875,0.14934581518173218,37.70594024658203,0.7464562058448792
6981,39,0.01904296875,0.13549038767814636,38.72444152832031,0.7410669326782227
6982,41,0.02001953125,0.13438694179058075,38.01249694824219,0.7510173320770264
6983,40,0.01953125,0.14206616580486298,36.4287109375,0.7630683183670044
6984,41,0.02001953125,0.13498762249946594,36.563499450683594,0.761474072933197
6985,39,0.01904296875,0.13299869000911713,37.004432678222656,0.7621062397956848
6986,41,0.02001953125,0.1361098438501358,39.01066970825195,0.7388779520988464
6987,41,0.02001953125,0.13423337042331696,38.09968566894531,0.7407389283180237
6988,42,0.0205078125,0.13278985023498535,39.367767333984375,0.7255463004112244
6989,40,0.01953125,0.1319543868303299,37.182579040527344,0.7608562707901001
6990,39,0.01904296875,0.13092871010303497,39.057586669921875,0.7400774955749512
6991,38,0.0185546875,0.13666242361068726,38.21416091918945,0.7478731274604797
6992,40,0.01953125,0.13535675406455994,37.20262908935547,0.754012405872345
6993,45,0.02197265625,0.134842187166214,38.78756332397461,0.7360622882843018
6994,44,0.021484375,0.1285904347896576,38.96604537963867,0.7382022738456726
6995,47,0.02294921875,0.13537926971912384,36.80182647705078,0.7535615563392639
6996,47,0.02294921875,0.13466131687164307,39.82081985473633,0.7214723229408264
6997,52,0.025390625,0.13262788951396942,41.82017517089844,0.6998242735862732
6998,44,0.021484375,0.1358354687690735,40.44490051269531,0.7181525826454163
6999,49,0.02392578125,0.13891488313674927,41.63863754272461,0.6907433271408081
7000,285,0.13916015625,0.12250379472970963,27.797645568847656,0.8371258974075317
7001,299,0.14599609375,0.12929880619049072,29.10518455505371,0.8296389579772949
7002,251,0.12255859375,0.12633633613586426,30.642471313476562,0.8155558705329895
7003,249,0.12158203125,0.12452381104230881,29.384557723999023,0.8355029225349426
7004,264,0.12890625,0.11986088752746582,28.318387985229492,0.8394258618354797
7005,251,0.12255859375,0.12210076302289963,29.61301040649414,0.8267629742622375
7006,236,0.115234375,0.1214696541428566,30.684829711914062,0.8205474019050598
7007,240,0.1171875,0.11513181030750275,30.262887954711914,0.8187722563743591
7008,254,0.1240234375,0.11883918941020966,29.802947998046875,0.8219202160835266
7009,217,0.10595703125,0.11874313652515411,30.002408981323242,0.8233386874198914
7010,206,0.1005859375,0.12799091637134552,30.013952255249023,0.823833703994751
7011,185,0.09033203125,0.12381067126989365,31.380882263183594,0.8108518719673157
7012,172,0.083984375,0.1303398162126541,33.392337799072266,0.7894265055656433
7013,175,0.08544921875,0.1363903135061264,32.915348052978516,0.7941060066223145
7014,173,0.08447265625,0.12069229781627655,31.067312240600586,0.8147452473640442
7015,214,0.1044921875,0.11580266803503036,28.160573959350586,0.8433248996734619
7016,224,0.109375,0.11546957492828369,28.540334701538086,0.8381633758544922
7017,219,0.10693359375,0.11549223959445953,28.85881805419922,0.8316326141357422
7018,224,0.109375,0.1262810081243515,30.309755325317383,0.8197888135910034
7019,197,0.09619140625,0.12339137494564056,29.9779109954834,0.8235247731208801
7020,220,0.107421875,0.11541319638490677,28.353361129760742,0.835372805595398
7021,191,0.09326171875,0.1275637000799179,30.066892623901367,0.8236086368560791
7022,213,0.10400390625,0.1327292025089264,29.37798500061035,0.8257907629013062
7023,213,0.10400390625,0.1311613917350769,30.681140899658203,0.8153147101402283
7024,229,0.11181640625,0.13519424200057983,30.044635772705078,0.8208263516426086
7025,229,0.11181640625,0.1341811865568161,30.4923038482666,0.816072404384613
7026,256,0.125,0.12954330444335938,29.525318145751953,0.8256876468658447
7027,291,0.14208984375,0.1441270112991333,31.540578842163086,0.8044639825820923
7028,283,0.13818359375,0.13747425377368927,30.610116958618164,0.8198476433753967
7029,254,0.1240234375,0.1464487612247467,31.0996150970459,0.8104910850524902
7030,277,0.13525390625,0.13312585651874542,31.047718048095703,0.815176784992218
7031,388,0.189453125,0.14203308522701263,34.481632232666016,0.7791418433189392
7032,440,0.21484375,0.13142834603786469,33.805641174316406,0.7931550741195679
7033,409,0.19970703125,0.12482856959104538,29.297405242919922,0.8356440663337708
7034,498,0.2431640625,0.13086853921413422,32.722740173339844,0.7980015873908997
7035,496,0.2421875,0.12344668060541153,26.48320198059082,0.8522861003875732
7036,495,0.24169921875,0.12007728219032288,26.566892623901367,0.8529264330863953
7037,417,0.20361328125,0.1117241233587265,25.70224952697754,0.8634895086288452
7038,382,0.1865234375,0.12900801002979279,31.293617248535156,0.8142355680465698
7039,425,0.20751953125,0.14960558712482452,35.759273529052734,0.7657138109207153
7040,65,0.03173828125,0.16689185798168182,30.851789474487305,0.8179419636726379
7041,68,0.033203125,0.1530044972896576,32.431541442871094,0.8060341477394104
7042,75,0.03662109375,0.12385116517543793,31.425996780395508,0.8105428218841553
7043,75,0.03662109375,0.13192930817604065,29.884323120117188,0.8303406834602356
7044,85,0.04150390625,0.13968709111213684,29.37272834777832,0.8302594423294067
7045,77,0.03759765625,0.14230379462242126,26.417461395263672,0.8542734980583191
7046,80,0.0390625,0.14639413356781006,27.694747924804688,0.8421337008476257
7047,78,0.0380859375,0.13388749957084656,27.70485496520996,0.8442224264144897
7048,78,0.0380859375,0.1461513191461563,28.642465591430664,0.8330338597297668
7049,71,0.03466796875,0.16163715720176697,30.548442840576172,0.8192334771156311
7050,66,0.0322265625,0.15955908596515656,28.608076095581055,0.8353251814842224
7051,69,0.03369140625,0.1608123779296875,31.288999557495117,0.803543210029602
7052,62,0.0302734375,0.16155897080898285,29.510530471801758,0.8314374089241028
7053,65,0.03173828125,0.15467028319835663,31.750259399414062,0.8029804825782776
7054,62,0.0302734375,0.14835461974143982,31.3006591796875,0.8172650337219238
7055,63,0.03076171875,0.14905022084712982,32.70600891113281,0.8023868799209595
7056,64,0.03125,0.15455538034439087,30.325822830200195,0.8276536464691162
7057,77,0.03759765625,0.14610324800014496,29.661937713623047,0.8336314558982849
7058,73,0.03564453125,0.1473947912454605,29.48219871520996,0.8356725573539734
7059,73,0.03564453125,0.13846735656261444,28.994665145874023,0.8347152471542358
7060,93,0.04541015625,0.14010313153266907,27.18551254272461,0.8465146422386169
7061,83,0.04052734375,0.1294548064470291,28.34317970275879,0.8378180265426636
7062,78,0.0380859375,0.137834370136261,30.494585037231445,0.8272631764411926
7063,81,0.03955078125,0.1444450318813324,32.01201248168945,0.8087764978408813
7064,89,0.04345703125,0.12910640239715576,33.002708435058594,0.80454021692276
7065,84,0.041015625,0.13513807952404022,33.625709533691406,0.8004507422447205
7066,89,0.04345703125,0.1359911859035492,31.00644874572754,0.8173984885215759
7067,86,0.0419921875,0.12321710586547852,31.176408767700195,0.820893406867981
7068,88,0.04296875,0.12790080904960632,31.400310516357422,0.8160035610198975
7069,96,0.046875,0.14073722064495087,34.0717658996582,0.7997312545776367
7070,99,0.04833984375,0.1270245909690857,34.73712158203125,0.7853941321372986
7071,99,0.04833984375,0.12832535803318024,32.89546203613281,0.8005903363227844
7072,90,0.0439453125,0.12791427969932556,34.314476013183594,0.7947643995285034
7073,99,0.04833984375,0.15906481444835663,34.69111633300781,0.7906715869903564
7074,99,0.04833984375,0.15339232981204987,33.99061584472656,0.7941491603851318
7075,95,0.04638671875,0.15802545845508575,33.590335845947266,0.8014605045318604
7076,87,0.04248046875,0.13638116419315338,33.2205810546875,0.8065248727798462
7077,77,0.03759765625,0.13659290969371796,34.299739837646484,0.7976738810539246
7078,77,0.03759765625,0.1378597468137741,36.80160140991211,0.7612800598144531
7079,77,0.03759765625,0.14645099639892578,35.026885986328125,0.788135826587677
7080,112,0.0546875,0.1275722086429596,31.16378402709961,0.8045036196708679
7081,106,0.0517578125,0.12141968309879303,30.629871368408203,0.809191882610321
7082,104,0.05078125,0.12085369974374771,30.457252502441406,0.8128679990768433
7083,108,0.052734375,0.12342005223035812,31.17270278930664,0.8058722615242004
7084,106,0.0517578125,0.12432175129652023,31.24277114868164,0.8099276423454285
7085,103,0.05029296875,0.1330467015504837,30.925125122070312,0.8137215375900269
7086,97,0.04736328125,0.13517720997333527,31.483484268188477,0.8095515370368958
7087,98,0.0478515625,0.12884102761745453,30.193706512451172,0.8266330361366272
7088,104,0.05078125,0.1264895349740982,31.772930145263672,0.8058580160140991
7089,99,0.04833984375,0.12547510862350464,30.092987060546875,0.8274604082107544
7090,98,0.0478515625,0.12808234989643097,30.047060012817383,0.829328179359436
7091,101,0.04931640625,0.13120132684707642,30.17379379272461,0.8239201307296753
7092,100,0.048828125,0.12576735019683838,30.472902297973633,0.8239486813545227
7093,97,0.04736328125,0.12230212986469269,30.544227600097656,0.8236521482467651
7094,104,0.05078125,0.12288761883974075,32.453758239746094,0.7989374399185181
7095,90,0.0439453125,0.12875254452228546,28.87545394897461,0.8446526527404785
7096,88,0.04296875,0.1324777901172638,29.952850341796875,0.836895227432251
7097,89,0.04345703125,0.1396797150373459,31.924875259399414,0.8149138689041138
7098,92,0.044921875,0.12676696479320526,29.887683868408203,0.8355532288551331
7099,93,0.04541015625,0.1299910694360733,29.67765235900879,0.8314397931098938
7100,91,0.04443359375,0.13252578675746918,29.11841583251953,0.8368165493011475
7101,91,0.04443359375,0.14379361271858215,31.395727157592773,0.8198273181915283
7102,90,0.0439453125,0.1400938332080841,29.754047393798828,0.8390085697174072
7103,89,0.04345703125,0.13831393420696259,30.879690170288086,0.8233781456947327
7104,89,0.04345703125,0.1423754096031189,29.448604583740234,0.8399155735969543
7105,93,0.04541015625,0.13906000554561615,30.205699920654297,0.8293324708938599
7106,87,0.04248046875,0.1463814675807953,29.26134490966797,0.8421456217765808
7107,89,0.04345703125,0.1447983682155609,29.90511131286621,0.8368900418281555
7108,90,0.0439453125,0.14082075655460358,30.330713272094727,0.8300305604934692
7109,85,0.04150390625,0.14446216821670532,30.758596420288086,0.8231585621833801
7110,87,0.04248046875,0.1474447399377823,30.795921325683594,0.8238239288330078
7111,78,0.0380859375,0.151957169175148,29.84624481201172,0.8355926871299744
7112,76,0.037109375,0.15865617990493774,29.036434173583984,0.847372829914093
7113,82,0.0400390625,0.1558476686477661,31.425498962402344,0.8187536001205444
7114,82,0.0400390625,0.14236228168010712,29.545053482055664,0.8391144275665283
7115,88,0.04296875,0.14670312404632568,31.78985023498535,0.8119291067123413
7116,84,0.041015625,0.1446382999420166,30.21027183532715,0.8298797607421875
7117,83,0.04052734375,0.14689278602600098,28.807575225830078,0.845828115940094
7118,82,0.0400390625,0.14183159172534943,30.315799713134766,0.8330185413360596
7119,85,0.04150390625,0.14137597382068634,30.250747680664062,0.8343537449836731
7120,357,0.17431640625,0.18913373351097107,29.744688034057617,0.8305983543395996
7121,349,0.17041015625,0.18559706211090088,29.508817672729492,0.8320634961128235
7122,330,0.1611328125,0.18550096452236176,28.67023277282715,0.8384585976600647
7123,312,0.15234375,0.1805354803800583,28.84316062927246,0.8367223739624023
7124,318,0.1552734375,0.17618060111999512,27.652687072753906,0.8520811796188354
7125,289,0.14111328125,0.17474913597106934,27.689958572387695,0.8539692759513855
7126,308,0.150390625,0.17482145130634308,26.86025047302246,0.8561846017837524
7127,303,0.14794921875,0.17669612169265747,27.356698989868164,0.8552544116973877
7128,284,0.138671875,0.17754444479942322,27.770437240600586,0.8505735993385315
7129,297,0.14501953125,0.1747884750366211,27.452987670898438,0.8543922305107117
7130,319,0.15576171875,0.17354966700077057,25.889156341552734,0.8684899210929871
7131,319,0.15576171875,0.16650529205799103,25.313310623168945,0.8716331124305725
7132,342,0.1669921875,0.16033756732940674,25.522794723510742,0.8708165884017944
7133,341,0.16650390625,0.15798595547676086,24.878036499023438,0.8761389255523682
7134,341,0.16650390625,0.15867465734481812,24.74626922607422,0.8772081136703491
7135,377,0.18408203125,0.15637949109077454,26.1632022857666,0.8644101023674011
7136,405,0.19775390625,0.16067594289779663,29.146760940551758,0.8345394730567932
7137,357,0.17431640625,0.15618273615837097,26.545785903930664,0.8588166236877441
7138,381,0.18603515625,0.15524345636367798,27.351701736450195,0.8510078191757202
7139,384,0.1875,0.1529061198234558,27.565439224243164,0.8503275513648987
7140,386,0.1884765625,0.14802750945091248,27.24859619140625,0.8516483306884766
7141,390,0.1904296875,0.15009239315986633,27.716571807861328,0.8462936282157898
7142,393,0.19189453125,0.15069344639778137,26.624984741210938,0.8583217859268188
7143,373,0.18212890625,0.1527286320924759,27.060644149780273,0.8544183969497681
7144,353,0.17236328125,0.1615641564130783,26.37743377685547,0.8617259860038757
7145,319,0.15576171875,0.17251569032669067,25.65237808227539,0.8679512739181519
7146,334,0.1630859375,0.18063856661319733,27.22530174255371,0.8540368676185608
7147,312,0.15234375,0.1775020956993103,27.248472213745117,0.8530749082565308
7148,280,0.13671875,0.17180776596069336,26.599878311157227,0.8584606051445007
7149,285,0.13916015625,0.17650869488716125,28.120649337768555,0.8405828475952148
7150,318,0.1552734375,0.1772913634777069,26.431564331054688,0.8611023426055908
7151,322,0.1572265625,0.17089204490184784,26.45502281188965,0.8590909838676453
7152,267,0.13037109375,0.17944633960723877,27.695560455322266,0.8464128375053406
7153,270,0.1318359375,0.1811140775680542,27.102561950683594,0.8521274328231812
7154,303,0.14794921875,0.17983341217041016,28.144826889038086,0.8424006700515747
7155,305,0.14892578125,0.1868174821138382,27.903156280517578,0.8437579870223999
7156,298,0.1455078125,0.18226838111877441,26.674448013305664,0.8569051623344421
7157,274,0.1337890625,0.18564128875732422,27.115476608276367,0.855078399181366
7158,224,0.109375,0.20324502885341644,28.658201217651367,0.8409963846206665
7159,225,0.10986328125,0.19964608550071716,28.073131561279297,0.848091721534729
7160,456,0.22265625,0.2432139664888382,35.22117614746094,0.7668516039848328
7161,439,0.21435546875,0.24242128431797028,34.18748092651367,0.7787895202636719
7162,416,0.203125,0.22946785390377045,33.16543197631836,0.7917430400848389
7163,454,0.2216796875,0.2375619262456894,34.94217300415039,0.7695497274398804
7164,475,0.23193359375,0.25302109122276306,35.93020248413086,0.759032666683197
7165,430,0.2099609375,0.23840562999248505,33.31959533691406,0.789417028427124
7166,510,0.2490234375,0.2856312692165375,37.873390197753906,0.7353722453117371
7167,457,0.22314453125,0.2453124076128006,36.540618896484375,0.7538412809371948
7168,417,0.20361328125,0.23514628410339355,35.869529724121094,0.7603703141212463
7169,387,0.18896484375,0.22131820023059845,34.58390426635742,0.7774187922477722
7170,391,0.19091796875,0.2283935546875,33.96302032470703,0.7833427786827087
7171,333,0.16259765625,0.2044336199760437,33.216896057128906,0.7904410362243652
7172,327,0.15966796875,0.21070414781570435,32.19719314575195,0.8065139055252075
7173,317,0.15478515625,0.19945670664310455,31.359024047851562,0.8137983083724976
7174,304,0.1484375,0.1978185772895813,30.584875106811523,0.8220734596252441
7175,292,0.142578125,0.19276094436645508,30.69674301147461,0.818737268447876
7176,287,0.14013671875,0.19260652363300323,31.22285270690918,0.8130822777748108
7177,284,0.138671875,0.19547511637210846,31.81524658203125,0.8034720420837402
7178,286,0.1396484375,0.1922452747821808,32.945919036865234,0.7960858941078186
7179,264,0.12890625,0.18695524334907532,30.57390785217285,0.8196407556533813
7180,258,0.1259765625,0.1937689334154129,32.284210205078125,0.802280843257904
7181,268,0.130859375,0.1921790987253189,31.13197898864746,0.8119447827339172
7182,263,0.12841796875,0.18450357019901276,30.787092208862305,0.815130352973938
7183,294,0.1435546875,0.18890631198883057,31.578927993774414,0.8135201334953308
7184,294,0.1435546875,0.1909552365541458,31.743223190307617,0.8094748258590698
7185,277,0.13525390625,0.18775531649589539,31.029247283935547,0.8168067932128906
7186,294,0.1435546875,0.20183376967906952,31.941593170166016,0.8054299354553223
7187,280,0.13671875,0.19610846042633057,31.399072647094727,0.810832142829895
7188,315,0.15380859375,0.2091088742017746,32.660396575927734,0.8045637011528015
7189,293,0.14306640625,0.20353654026985168,32.655635833740234,0.7970988750457764
7190,304,0.1484375,0.2017190009355545,30.391578674316406,0.8282599449157715
7191,294,0.1435546875,0.1927933543920517,32.030364990234375,0.8054395318031311
7192,294,0.1435546875,0.18264977633953094,30.66762351989746,0.8243679404258728
7193,282,0.1376953125,0.17794948816299438,29.750234603881836,0.8316932320594788
7194,310,0.1513671875,0.1861255019903183,30.18866539001465,0.8283286690711975
7195,285,0.13916015625,0.195789635181427,30.32223129272461,0.8212445378303528
7196,292,0.142578125,0.19628891348838806,30.94162940979004,0.8143717646598816
7197,302,0.1474609375,0.20589405298233032,31.138532638549805,0.8174577951431274
7198,299,0.14599609375,0.2024814635515213,30.576602935791016,0.8196598887443542
7199,290,0.1416015625,0.1997077912092209,30.034936904907227,0.827117383480072
7200,67,0.03271484375,0.1307622492313385,35.22626876831055,0.781999409198761
7201,66,0.0322265625,0.14045104384422302,34.64599609375,0.7846693396568298
7202,69,0.03369140625,0.16062989830970764,33.442596435546875,0.7997319102287292
7203,60,0.029296875,0.12942077219486237,31.549917221069336,0.8220523595809937
7204,63,0.03076171875,0.15707732737064362,34.781185150146484,0.7860966920852661
7205,62,0.0302734375,0.14775848388671875,31.214378356933594,0.8262264132499695
7206,67,0.03271484375,0.15381599962711334,36.73520278930664,0.7551702260971069
7207,67,0.03271484375,0.1549200862646103,34.42482376098633,0.7872384786605835
7208,70,0.0341796875,0.16091901063919067,34.48575210571289,0.7906424403190613
7209,74,0.0361328125,0.1601908951997757,37.153968811035156,0.7553104758262634
7210,75,0.03662109375,0.1717139035463333,37.632781982421875,0.7472849488258362
7211,74,0.0361328125,0.18862751126289368,38.54690933227539,0.7401514053344727
7212,74,0.0361328125,0.18284088373184204,38.69032287597656,0.7376440167427063
7213,73,0.03564453125,0.18515978753566742,38.57331848144531,0.7367339730262756
7214,79,0.03857421875,0.1853535771369934,40.03750991821289,0.7156758904457092
7215,81,0.03955078125,0.14661769568920135,36.66576385498047,0.7538631558418274
7216,88,0.04296875,0.154595285654068,37.846126556396484,0.7354681491851807
7217,86,0.0419921875,0.1613762378692627,38.41518020629883,0.7391790151596069
7218,87,0.04248046875,0.1634405255317688,38.16550064086914,0.732593297958374
7219,87,0.04248046875,0.16536328196525574,37.851993560791016,0.7417300939559937
7220,85,0.04150390625,0.15811388194561005,38.22411346435547,0.7347837090492249
7221,87,0.04248046875,0.1461646556854248,38.00761032104492,0.7409154772758484
7222,87,0.04248046875,0.15135973691940308,38.17151641845703,0.7395648956298828
7223,85,0.04150390625,0.13465379178524017,37.19846725463867,0.7562891244888306
7224,81,0.03955078125,0.1270858198404312,34.615753173828125,0.790793240070343
7225,89,0.04345703125,0.13452453911304474,36.594078063964844,0.7649868130683899
7226,90,0.0439453125,0.14349941909313202,37.0444450378418,0.7571319341659546
7227,93,0.04541015625,0.1407790184020996,37.628414154052734,0.7538753747940063
7228,94,0.0458984375,0.14552706480026245,38.42555236816406,0.7447206377983093
7229,89,0.04345703125,0.1449611932039261,36.07472229003906,0.7703598737716675
7230,92,0.044921875,0.14136429131031036,37.21881866455078,0.7547711133956909
7231,87,0.04248046875,0.1371440887451172,36.552730560302734,0.7666277885437012
7232,89,0.04345703125,0.13699033856391907,36.880313873291016,0.757097065448761
7233,92,0.044921875,0.14226095378398895,37.282249450683594,0.7574447393417358
7234,95,0.04638671875,0.14289486408233643,37.115821838378906,0.7646017670631409
7235,95,0.04638671875,0.14124952256679535,36.96828079223633,0.7639666795730591
7236,97,0.04736328125,0.15053194761276245,37.97344207763672,0.7457639575004578
7237,95,0.04638671875,0.13813303411006927,37.83647918701172,0.7453325986862183
7238,101,0.04931640625,0.15235882997512817,38.3447265625,0.7352926135063171
7239,99,0.04833984375,0.1491563320159912,37.53984069824219,0.7474915981292725
7240,82,0.0400390625,0.13953275978565216,32.04542922973633,0.8058006763458252
7241,79,0.03857421875,0.13905343413352966,29.64126205444336,0.8252957463264465
7242,75,0.03662109375,0.15129195153713226,30.85818099975586,0.8129582405090332
7243,76,0.037109375,0.13772404193878174,29.955656051635742,0.8296800255775452
7244,80,0.0390625,0.1408664584159851,32.2843017578125,0.7944706678390503
7245,66,0.0322265625,0.1364189237356186,30.77794075012207,0.8222963809967041
7246,65,0.03173828125,0.13407671451568604,32.32611846923828,0.8036720156669617
7247,72,0.03515625,0.1367369294166565,30.360801696777344,0.8276427388191223
7248,72,0.03515625,0.13581429421901703,28.415422439575195,0.8489035367965698
7249,81,0.03955078125,0.1450159102678299,31.86980438232422,0.8044629693031311
7250,70,0.0341796875,0.14744757115840912,30.212493896484375,0.8269553184509277
7251,66,0.0322265625,0.13170555233955383,31.656707763671875,0.8128700256347656
7252,70,0.0341796875,0.15021556615829468,30.447294235229492,0.8217871189117432
7253,70,0.0341796875,0.15142866969108582,30.18134117126465,0.8235108852386475
7254,64,0.03125,0.1600920408964157,32.549591064453125,0.7925364971160889
7255,62,0.0302734375,0.16333173215389252,30.382600784301758,0.8202067017555237
7256,66,0.0322265625,0.17023637890815735,30.74065399169922,0.8115715980529785
7257,68,0.033203125,0.1619577705860138,30.438968658447266,0.8147391676902771
7258,68,0.033203125,0.15450119972229004,31.094152450561523,0.8149800896644592
7259,69,0.03369140625,0.15457099676132202,30.445085525512695,0.8174907565116882
7260,70,0.0341796875,0.14826656877994537,27.382211685180664,0.8454339504241943
7261,69,0.03369140625,0.14543965458869934,32.12065505981445,0.7934806942939758
7262,66,0.0322265625,0.1498427391052246,32.01294708251953,0.8015730977058411
7263,69,0.03369140625,0.15162356197834015,28.40113639831543,0.8386343717575073
7264,72,0.03515625,0.15497629344463348,28.945255279541016,0.8287240862846375
7265,76,0.037109375,0.16065090894699097,31.443700790405273,0.7960855960845947
7266,81,0.03955078125,0.14584018290042877,28.308900833129883,0.8343887329101562
7267,88,0.04296875,0.1398162990808487,27.779499053955078,0.8344379663467407
7268,79,0.03857421875,0.12766827642917633,28.437091827392578,0.8293280005455017
7269,85,0.04150390625,0.13110186159610748,29.636547088623047,0.821272611618042
7270,88,0.04296875,0.12011321634054184,27.467927932739258,0.8430261015892029
7271,93,0.04541015625,0.13418443500995636,27.299449920654297,0.8422051072120667
7272,102,0.0498046875,0.13387879729270935,32.52253341674805,0.786448061466217
7273,99,0.04833984375,0.12420571595430374,33.28090286254883,0.7834264636039734
7274,112,0.0546875,0.13036970794200897,31.43182373046875,0.8019610047340393
7275,114,0.0556640625,0.13067331910133362,35.14222717285156,0.7657693028450012
7276,112,0.0546875,0.1251560002565384,32.408267974853516,0.7970375418663025
7277,114,0.0556640625,0.1251307725906372,30.99357032775879,0.8142939805984497
7278,136,0.06640625,0.1461896300315857,32.98325729370117,0.7902849912643433
7279,132,0.064453125,0.1358012855052948,34.44380187988281,0.7740194797515869
7280,486,0.2373046875,0.13166864216327667,30.670320510864258,0.8133242130279541
7281,490,0.2392578125,0.133583202958107,30.240005493164062,0.8189583420753479
7282,480,0.234375,0.13627499341964722,32.34369659423828,0.7974019646644592
7283,463,0.22607421875,0.12778589129447937,31.169435501098633,0.8149937391281128
7284,445,0.21728515625,0.1263348013162613,30.019399642944336,0.8252843022346497
7285,487,0.23779296875,0.1446073353290558,31.284683227539062,0.8055765628814697
7286,529,0.25830078125,0.16446693241596222,34.14988327026367,0.7666335701942444
7287,500,0.244140625,0.13204888999462128,31.635786056518555,0.8017833828926086
7288,495,0.24169921875,0.12953832745552063,31.035036087036133,0.8136658668518066
7289,493,0.24072265625,0.12931685149669647,31.376583099365234,0.8115935325622559
7290,509,0.24853515625,0.13327248394489288,31.7618465423584,0.8067865967750549
7291,477,0.23291015625,0.12633110582828522,31.561779022216797,0.8116199374198914
7292,449,0.21923828125,0.12689894437789917,31.69150161743164,0.8070716857910156
7293,430,0.2099609375,0.12392304092645645,32.16508483886719,0.8040538430213928
7294,413,0.20166015625,0.11989723891019821,32.005165100097656,0.802320122718811
7295,414,0.2021484375,0.12591518461704254,32.93522644042969,0.7871527075767517
7296,385,0.18798828125,0.11931661516427994,33.74188995361328,0.7801232933998108
7297,376,0.18359375,0.12216112017631531,34.34725570678711,0.780343234539032
7298,374,0.1826171875,0.1279626488685608,35.959991455078125,0.7659180760383606
7299,376,0.18359375,0.1370232254266739,37.16099166870117,0.7577198147773743
7300,384,0.1875,0.13047084212303162,35.98679733276367,0.7697591781616211
7301,367,0.17919921875,0.12541067600250244,35.35609817504883,0.7724405527114868
7302,365,0.17822265625,0.11594893783330917,34.66072463989258,0.7822070121765137
7303,384,0.1875,0.11484966427087784,32.92960739135742,0.7948200702667236
7304,395,0.19287109375,0.12423823028802872,33.00145721435547,0.792729914188385
7305,379,0.18505859375,0.11401685327291489,33.87691879272461,0.7830474972724915
7306,377,0.18408203125,0.11681857705116272,33.63713455200195,0.7858308553695679
7307,389,0.18994140625,0.12269702553749084,33.447853088378906,0.7946174740791321
7308,403,0.19677734375,0.1184716746211052,33.450016021728516,0.7926291823387146
7309,388,0.189453125,0.11761771142482758,34.57472229003906,0.777999222278595
7310,412,0.201171875,0.1110932007431984,34.00762939453125,0.7822537422180176
7311,420,0.205078125,0.12236708402633667,36.51231384277344,0.7536617517471313
7312,429,0.20947265625,0.11787006258964539,34.85493469238281,0.7703010439872742
7313,415,0.20263671875,0.11951659619808197,35.96055603027344,0.7623822689056396
7314,421,0.20556640625,0.12043455988168716,36.19400405883789,0.7600816488265991
7315,413,0.20166015625,0.12307586520910263,35.26070785522461,0.7665466070175171
7316,420,0.205078125,0.12644623219966888,36.413780212402344,0.7564142346382141
7317,451,0.22021484375,0.13596685230731964,37.367225646972656,0.7468204498291016
7318,475,0.23193359375,0.14458324015140533,38.765567779541016,0.7311897873878479
7319,466,0.2275390625,0.1437988430261612,39.205406188964844,0.7281971573829651
7320,51,0.02490234375,0.25701168179512024,41.87727737426758,0.7033495306968689
7321,51,0.02490234375,0.24095158278942108,40.12196350097656,0.7274069786071777
7322,48,0.0234375,0.22070634365081787,36.812339782714844,0.7594824433326721
7323,49,0.02392578125,0.21546216309070587,36.66155242919922,0.7682256102561951
7324,50,0.0244140625,0.21681518852710724,37.34817886352539,0.7607702016830444
7325,45,0.02197265625,0.22927509248256683,36.33639907836914,0.7701243162155151
7326,49,0.02392578125,0.26073479652404785,42.075233459472656,0.6800050735473633
7327,46,0.0224609375,0.2671903371810913,39.50200271606445,0.7182193398475647
7328,52,0.025390625,0.22730885446071625,40.29176712036133,0.7211272716522217
7329,51,0.02490234375,0.22209031879901886,40.02452087402344,0.7190461754798889
7330,59,0.02880859375,0.218949094414711,42.370887756347656,0.6951326727867126
7331,56,0.02734375,0.21615809202194214,38.59707260131836,0.7395771145820618
7332,55,0.02685546875,0.2132602483034134,38.0122184753418,0.7456251382827759
7333,54,0.0263671875,0.21046766638755798,36.799129486083984,0.757891833782196
7334,54,0.0263671875,0.22005796432495117,40.701847076416016,0.7090098261833191
7335,51,0.02490234375,0.24364836513996124,39.167510986328125,0.7226791977882385
7336,50,0.0244140625,0.22729527950286865,40.33338165283203,0.7073861956596375
7337,50,0.0244140625,0.23533765971660614,37.93181610107422,0.744910717010498
7338,50,0.0244140625,0.2359568178653717,39.28412628173828,0.7207645177841187
7339,44,0.021484375,0.22019067406654358,37.54847717285156,0.7432096600532532
7340,43,0.02099609375,0.25317466259002686,38.76763916015625,0.7288190126419067
7341,50,0.0244140625,0.25003865361213684,39.33128356933594,0.7291265726089478
7342,50,0.0244140625,0.25248005986213684,43.97000503540039,0.6609034538269043
7343,47,0.02294921875,0.2491307258605957,40.668983459472656,0.7066232562065125
7344,44,0.021484375,0.26112890243530273,40.32389450073242,0.7096878290176392
7345,43,0.02099609375,0.2650819718837738,40.287132263183594,0.7124830484390259
7346,41,0.02001953125,0.2590886354446411,41.85262680053711,0.6880511045455933
7347,39,0.01904296875,0.26220908761024475,42.88719940185547,0.6872348785400391
7348,36,0.017578125,0.2565433382987976,41.96776580810547,0.6875305771827698
7349,36,0.017578125,0.28520625829696655,39.963409423828125,0.7166965007781982
7350,37,0.01806640625,0.2887784540653229,42.30961990356445,0.6927432417869568
7351,34,0.0166015625,0.30105504393577576,41.15532302856445,0.703413724899292
7352,31,0.01513671875,0.2949424088001251,38.95602035522461,0.7396578192710876
7353,32,0.015625,0.269919216632843,39.80979537963867,0.7240636944770813
7354,32,0.015625,0.2689296007156372,38.35247802734375,0.7384892702102661
7355,31,0.01513671875,0.2523287534713745,36.42624282836914,0.7549375295639038
7356,31,0.01513671875,0.2744929790496826,36.7194709777832,0.7563819289207458
7357,32,0.015625,0.2576206922531128,34.5479736328125,0.7745537757873535
7358,29,0.01416015625,0.2877602279186249,35.414085388183594,0.7754830718040466
7359,29,0.01416015625,0.2581166625022888,34.47915267944336,0.7725233435630798
7360,262,0.1279296875,0.127193421125412,28.726945877075195,0.8357862234115601
7361,259,0.12646484375,0.1269274801015854,28.922391891479492,0.8327732682228088
7362,248,0.12109375,0.12772910296916962,28.485811233520508,0.8444396257400513
7363,252,0.123046875,0.13879252970218658,29.714582443237305,0.8338208794593811
7364,250,0.1220703125,0.12999340891838074,28.515199661254883,0.8459928631782532
7365,245,0.11962890625,0.14568248391151428,29.280305862426758,0.8431435227394104
7366,227,0.11083984375,0.15984773635864258,29.744077682495117,0.8392633199691772
7367,233,0.11376953125,0.13643933832645416,29.012229919433594,0.8463021516799927
7368,255,0.12451171875,0.13055208325386047,29.216508865356445,0.8357135653495789
7369,268,0.130859375,0.12882107496261597,29.848388671875,0.8283799290657043
7370,245,0.11962890625,0.13195113837718964,27.286203384399414,0.8569332361221313
7371,231,0.11279296875,0.13834598660469055,27.770885467529297,0.8525370955467224
7372,223,0.10888671875,0.13166089355945587,27.963865280151367,0.8543227910995483
7373,240,0.1171875,0.13390524685382843,27.86260986328125,0.8528059720993042
7374,233,0.11376953125,0.13307294249534607,27.30802345275879,0.8551639914512634
7375,228,0.111328125,0.1335364580154419,27.886280059814453,0.8524846434593201
7376,229,0.11181640625,0.13116706907749176,27.395883560180664,0.8547762036323547
7377,227,0.11083984375,0.12887148559093475,28.109107971191406,0.8536008596420288
7378,257,0.12548828125,0.12777729332447052,28.12310791015625,0.8418227434158325
7379,278,0.1357421875,0.12030601501464844,29.87656021118164,0.8223680257797241
7380,272,0.1328125,0.1226368173956871,30.16713523864746,0.8220629096031189
7381,270,0.1318359375,0.11838369816541672,27.73337173461914,0.8469023704528809
7382,273,0.13330078125,0.11837846785783768,28.984445571899414,0.8317016959190369
7383,293,0.14306640625,0.11055603623390198,28.388124465942383,0.8333737254142761
7384,297,0.14501953125,0.11117194592952728,28.754491806030273,0.8272898197174072
7385,304,0.1484375,0.10976019501686096,27.299983978271484,0.8386552929878235
7386,290,0.1416015625,0.11430803686380386,27.221784591674805,0.8348111510276794
7387,305,0.14892578125,0.10880805552005768,27.100854873657227,0.841465413570404
7388,301,0.14697265625,0.10742294788360596,24.91844940185547,0.8611173629760742
7389,318,0.1552734375,0.10969630628824234,26.54441261291504,0.8485590815544128
7390,313,0.15283203125,0.10825648903846741,26.110925674438477,0.8505834937095642
7391,312,0.15234375,0.11277849972248077,24.690433502197266,0.8649048209190369
7392,356,0.173828125,0.15608017146587372,28.75057029724121,0.8195468187332153
7393,360,0.17578125,0.1595662385225296,29.3914852142334,0.8192844986915588
7394,339,0.16552734375,0.14051789045333862,27.39867401123047,0.8438881039619446
7395,319,0.15576171875,0.12013205885887146,27.862476348876953,0.8409926891326904
7396,308,0.150390625,0.1109582781791687,27.347579956054688,0.8457898497581482
7397,294,0.1435546875,0.11723992228507996,26.674325942993164,0.8484683632850647
7398,296,0.14453125,0.11567864567041397,26.424663543701172,0.8532552123069763
7399,299,0.14599609375,0.11648151278495789,26.939800262451172,0.8474250435829163
7400,1524,0.744140625,0.14628839492797852,36.486568450927734,0.753999650478363
7401,682,0.3330078125,0.10548512637615204,36.41857147216797,0.7553735375404358
7402,490,0.2392578125,0.11959438771009445,32.37273406982422,0.815204381942749
7403,534,0.2607421875,0.08723882585763931,34.18588638305664,0.7903934121131897
7404,497,0.24267578125,0.11083899438381195,28.322620391845703,0.8442408442497253
7405,457,0.22314453125,0.09580877423286438,28.825191497802734,0.8379833698272705
7406,446,0.2177734375,0.11709863692522049,32.32646942138672,0.7980831265449524
7407,359,0.17529296875,0.157570481300354,30.159313201904297,0.8100194931030273
7408,357,0.17431640625,0.1535445898771286,28.664894104003906,0.8184837698936462
7409,314,0.1533203125,0.15675939619541168,27.6997013092041,0.8272753953933716
7410,334,0.1630859375,0.16175612807273865,31.064985275268555,0.7910498976707458
7411,304,0.1484375,0.1699773073196411,32.95698165893555,0.7784673571586609
7412,328,0.16015625,0.17122401297092438,35.21056365966797,0.7560408711433411
7413,318,0.1552734375,0.1642332673072815,28.880964279174805,0.8164304494857788
7414,335,0.16357421875,0.16858510673046112,30.57404327392578,0.8017926216125488
7415,302,0.1474609375,0.1590389758348465,29.794713973999023,0.8126484751701355
7416,320,0.15625,0.15809693932533264,29.843603134155273,0.8092471361160278
7417,310,0.1513671875,0.15106070041656494,28.167049407958984,0.8308936357498169
7418,339,0.16552734375,0.1603621244430542,32.11531066894531,0.7893147468566895
7419,324,0.158203125,0.15205997228622437,29.934040069580078,0.8119235634803772
7420,328,0.16015625,0.1626947522163391,33.049190521240234,0.7834333181381226
7421,342,0.1669921875,0.14737191796302795,27.73550033569336,0.8346818089485168
7422,359,0.17529296875,0.13137176632881165,27.325815200805664,0.8389406204223633
7423,346,0.1689453125,0.14378178119659424,27.841655731201172,0.8355984687805176
7424,375,0.18310546875,0.15456973016262054,31.767629623413086,0.8009937405586243
7425,314,0.1533203125,0.14434853196144104,27.976276397705078,0.8376179337501526
7426,337,0.16455078125,0.16196458041667938,32.545597076416016,0.7814228534698486
7427,473,0.23095703125,0.11464110016822815,29.429731369018555,0.8197129964828491
7428,474,0.2314453125,0.1145787239074707,27.75918960571289,0.8362932205200195
7429,429,0.20947265625,0.09595275670289993,27.68072509765625,0.8414424657821655
7430,444,0.216796875,0.09558634459972382,30.023191452026367,0.8239056468009949
7431,501,0.24462890625,0.11905837059020996,28.546127319335938,0.8306933641433716
7432,540,0.263671875,0.0992812067270279,34.107337951660156,0.782457172870636
7433,586,0.2861328125,0.10735927522182465,30.460830688476562,0.8195052146911621
7434,558,0.2724609375,0.10120455920696259,31.521581649780273,0.8136125206947327
7435,452,0.220703125,0.11633802205324173,28.844097137451172,0.8440476059913635
7436,493,0.24072265625,0.12046800553798676,32.73685836791992,0.805362343788147
7437,420,0.205078125,0.10524669289588928,25.714136123657227,0.8627951741218567
7438,343,0.16748046875,0.1101275235414505,26.227163314819336,0.8606019020080566
7439,265,0.12939453125,0.1290276199579239,28.569177627563477,0.8326677083969116
7440,198,0.0966796875,0.11517737805843353,33.41511154174805,0.7965956330299377
7441,181,0.08837890625,0.10755804926156998,30.162616729736328,0.8351206183433533
7442,165,0.08056640625,0.10669778287410736,31.003047943115234,0.8269017934799194
7443,170,0.0830078125,0.10733594745397568,31.00422477722168,0.8253629803657532
7444,175,0.08544921875,0.10232292115688324,31.858285903930664,0.8173897862434387
7445,174,0.0849609375,0.1090165302157402,34.93247604370117,0.7805023789405823
7446,162,0.0791015625,0.10125153511762619,30.981502532958984,0.8241296410560608
7447,170,0.0830078125,0.09766504913568497,31.86200523376465,0.8211228251457214
7448,166,0.0810546875,0.10666659474372864,32.15243911743164,0.8145106434822083
7449,164,0.080078125,0.11069606989622116,31.995338439941406,0.8166792392730713
7450,162,0.0791015625,0.10109499841928482,31.64959144592285,0.8178220391273499
7451,168,0.08203125,0.10465352237224579,32.721588134765625,0.805008590221405
7452,198,0.0966796875,0.1152251660823822,31.517913818359375,0.8172906637191772
7453,182,0.0888671875,0.10549362748861313,31.369752883911133,0.8171366453170776
7454,185,0.09033203125,0.09679478406906128,31.607694625854492,0.818627119064331
7455,202,0.0986328125,0.10387410968542099,31.307231903076172,0.8152883648872375
7456,182,0.0888671875,0.10106194019317627,30.000259399414062,0.8321085572242737
7457,212,0.103515625,0.11875832825899124,31.309749603271484,0.8147326707839966
7458,207,0.10107421875,0.10980560630559921,30.335206985473633,0.8232269883155823
7459,197,0.09619140625,0.10891410708427429,31.171857833862305,0.8204091787338257
7460,188,0.091796875,0.1011221781373024,31.82806968688965,0.813213050365448
7461,167,0.08154296875,0.09399209171533585,30.84303855895996,0.8295579552650452
7462,162,0.0791015625,0.09467770904302597,32.322418212890625,0.8112594485282898
7463,164,0.080078125,0.09623956680297852,31.863502502441406,0.8180034756660461
7464,157,0.07666015625,0.10688302665948868,31.535396575927734,0.8169680237770081
7465,172,0.083984375,0.09994416683912277,32.10879898071289,0.8128910660743713
7466,181,0.08837890625,0.11215589940547943,33.87862777709961,0.7872852087020874
7467,168,0.08203125,0.09275036305189133,31.3642578125,0.8180211186408997
7468,170,0.0830078125,0.09115803241729736,30.222280502319336,0.8339066505432129
7469,177,0.08642578125,0.09647740423679352,31.123313903808594,0.8232595920562744
7470,178,0.0869140625,0.09262954443693161,30.649782180786133,0.8277795314788818
7471,184,0.08984375,0.09225257486104965,30.472606658935547,0.8300296664237976
7472,214,0.1044921875,0.10301712155342102,30.78204917907715,0.819709300994873
7473,203,0.09912109375,0.10451752692461014,29.072751998901367,0.8313915729522705
7474,210,0.1025390625,0.10604805499315262,29.01497459411621,0.8335925340652466
7475,194,0.0947265625,0.10064292699098587,28.442569732666016,0.8430914282798767
7476,218,0.1064453125,0.10495370626449585,31.401487350463867,0.8115742802619934
7477,223,0.10888671875,0.10304253548383713,30.217689514160156,0.8243802785873413
7478,227,0.11083984375,0.10869662463665009,30.756744384765625,0.8188566565513611
7479,234,0.1142578125,0.10968367755413055,31.041961669921875,0.816806972026825
7480,1056,0.515625,0.1398150473833084,36.14732360839844,0.7632419466972351
7481,871,0.42529296875,0.13361316919326782,31.618900299072266,0.815952718257904
7482,574,0.2802734375,0.12954749166965485,30.95134162902832,0.8203553557395935
7483,552,0.26953125,0.12993782758712769,31.110334396362305,0.8164710402488708
7484,450,0.2197265625,0.11954980343580246,29.096527099609375,0.8341851830482483
7485,440,0.21484375,0.11890160292387009,28.687955856323242,0.838604748249054
7486,388,0.189453125,0.11700699478387833,27.489160537719727,0.8430177569389343
7487,519,0.25341796875,0.12164424359798431,29.388168334960938,0.8345864415168762
7488,371,0.18115234375,0.12192713469266891,27.105613708496094,0.8457837104797363
7489,313,0.15283203125,0.1348722279071808,27.808746337890625,0.8345691561698914
7490,311,0.15185546875,0.12948770821094513,27.817922592163086,0.8343961238861084
7491,345,0.16845703125,0.1223362535238266,27.173845291137695,0.8440725207328796
7492,393,0.19189453125,0.12160275876522064,28.779705047607422,0.8332724571228027
7493,348,0.169921875,0.12230311334133148,27.271896362304688,0.8463326096534729
7494,310,0.1513671875,0.13161617517471313,27.12961769104004,0.8411770462989807
7495,297,0.14501953125,0.1372428983449936,27.13007164001465,0.8434702157974243
7496,332,0.162109375,0.12341249734163284,25.977983474731445,0.857819139957428
7497,348,0.169921875,0.12189225852489471,26.65245819091797,0.8477029204368591
7498,289,0.14111328125,0.13509146869182587,26.61276626586914,0.8444101810455322
7499,316,0.154296875,0.12154798209667206,26.48818016052246,0.8490824699401855
7500,352,0.171875,0.12117201089859009,27.61046028137207,0.8411428332328796
7501,293,0.14306640625,0.1328319013118744,26.78392791748047,0.8517972826957703
7502,287,0.14013671875,0.13253113627433777,27.09432029724121,0.8486916422843933
7503,305,0.14892578125,0.12665581703186035,26.753751754760742,0.8512539267539978
7504,364,0.177734375,0.1192791759967804,27.057723999023438,0.8503726720809937
7505,428,0.208984375,0.11534340679645538,27.748720169067383,0.8475943803787231
7506,527,0.25732421875,0.1086140125989914,29.103107452392578,0.8404520153999329
7507,496,0.2421875,0.10441647469997406,28.83045768737793,0.8392619490623474
7508,687,0.33544921875,0.11473537236452103,30.30150604248047,0.8365573287010193
7509,815,0.39794921875,0.1243484690785408,30.29461669921875,0.8377747535705566
7510,788,0.384765625,0.12213102728128433,30.399547576904297,0.8354324698448181
7511,600,0.29296875,0.11430412530899048,29.473438262939453,0.8403176665306091
7512,456,0.22265625,0.10770993679761887,27.585966110229492,0.8533158302307129
7513,352,0.171875,0.12114036083221436,26.851743698120117,0.8491098284721375
7514,429,0.20947265625,0.11863689124584198,27.713851928710938,0.8480825424194336
7515,497,0.24267578125,0.12081687152385712,27.728557586669922,0.8571723103523254
7516,514,0.2509765625,0.11816123872995377,27.930484771728516,0.8526371717453003
7517,451,0.22021484375,0.1213747188448906,31.149913787841797,0.8189754486083984
7518,591,0.28857421875,0.12398618459701538,31.751663208007812,0.8121621608734131
7519,559,0.27294921875,0.12131045758724213,31.007204055786133,0.8188574314117432
7520,179,0.08740234375,0.13206522166728973,30.54776382446289,0.8174654841423035
7521,187,0.09130859375,0.11864908784627914,29.162002563476562,0.8375747799873352
7522,193,0.09423828125,0.10986974090337753,30.366573333740234,0.8219258189201355
7523,206,0.1005859375,0.11587458848953247,30.992273330688477,0.8160240650177002
7524,202,0.0986328125,0.11633256077766418,30.85253143310547,0.815006673336029
7525,193,0.09423828125,0.10638616234064102,30.250202178955078,0.8231826424598694
7526,196,0.095703125,0.13079717755317688,31.521249771118164,0.8108087778091431
7527,195,0.09521484375,0.11176346987485886,30.985809326171875,0.815717339515686
7528,197,0.09619140625,0.11789176613092422,32.001094818115234,0.8057770729064941
7529,190,0.0927734375,0.11730744689702988,31.780000686645508,0.8080256581306458
7530,183,0.08935546875,0.10895005613565445,28.93406867980957,0.8390685319900513
7531,174,0.0849609375,0.11838914453983307,30.202075958251953,0.824536144733429
7532,164,0.080078125,0.11613849550485611,31.168977737426758,0.81577068567276
7533,169,0.08251953125,0.11361081153154373,31.590532302856445,0.8036779165267944
7534,173,0.08447265625,0.10658726096153259,29.722986221313477,0.8287141919136047
7535,197,0.09619140625,0.10559148341417313,30.160140991210938,0.8293229937553406
7536,196,0.095703125,0.10374758392572403,28.874082565307617,0.8407618999481201
7537,217,0.10595703125,0.10008876025676727,29.740060806274414,0.8350374698638916
7538,216,0.10546875,0.10129408538341522,28.651065826416016,0.8402466773986816
7539,206,0.1005859375,0.10402817279100418,28.071863174438477,0.8484156131744385
7540,203,0.09912109375,0.1082584410905838,27.38857650756836,0.8507477641105652
7541,214,0.1044921875,0.10474462807178497,28.998661041259766,0.8391113877296448
7542,198,0.0966796875,0.11456084251403809,29.983600616455078,0.8310651183128357
7543,193,0.09423828125,0.11661767214536667,29.94109535217285,0.8318661451339722
7544,189,0.09228515625,0.11424854397773743,29.50050163269043,0.8360728025436401
7545,181,0.08837890625,0.12071414291858673,31.28611183166504,0.8180304169654846
7546,173,0.08447265625,0.1330912709236145,30.965038299560547,0.8248312473297119
7547,174,0.0849609375,0.14161790907382965,32.97163009643555,0.7992187142372131
7548,155,0.07568359375,0.14384208619594574,31.455184936523438,0.810528576374054
7549,143,0.06982421875,0.13378112018108368,31.7742919921875,0.8145678043365479
7550,147,0.07177734375,0.148245707154274,31.959060668945312,0.8143700957298279
7551,138,0.0673828125,0.15003450214862823,31.902088165283203,0.8084594011306763
7552,136,0.06640625,0.14476965367794037,31.088302612304688,0.8154425024986267
7553,132,0.064453125,0.14483515918254852,32.9644889831543,0.7984516620635986
7554,146,0.0712890625,0.15635815262794495,31.692710876464844,0.8152695298194885
7555,158,0.0771484375,0.1395656168460846,32.206016540527344,0.8112391233444214
7556,162,0.0791015625,0.13921262323856354,30.773395538330078,0.8265982866287231
7557,176,0.0859375,0.13784460723400116,32.74604797363281,0.7986758947372437
7558,175,0.08544921875,0.14248105883598328,32.47517395019531,0.8058878779411316
7559,159,0.07763671875,0.14616186916828156,32.065433502197266,0.8113700747489929
7560,251,0.12255859375,0.14946314692497253,33.93458938598633,0.7893431782722473
7561,286,0.1396484375,0.14062216877937317,33.588565826416016,0.7915430068969727
7562,294,0.1435546875,0.13935337960720062,33.59402084350586,0.7852217555046082
7563,283,0.13818359375,0.14500375092029572,32.13325500488281,0.8005008697509766
7564,279,0.13623046875,0.12114625424146652,34.062076568603516,0.77518230676651
7565,275,0.13427734375,0.12631896138191223,33.57090759277344,0.7785037159919739
7566,382,0.1865234375,0.14076867699623108,31.786378860473633,0.7952985763549805
7567,390,0.1904296875,0.13048169016838074,33.63035583496094,0.7734255790710449
7568,387,0.18896484375,0.13212648034095764,33.383609771728516,0.7800995707511902
7569,376,0.18359375,0.13248534500598907,32.42894744873047,0.7937901020050049
7570,342,0.1669921875,0.13955053687095642,31.97287940979004,0.7941679358482361
7571,428,0.208984375,0.15516580641269684,27.675222396850586,0.8414260745048523
7572,419,0.20458984375,0.1596875935792923,28.688005447387695,0.8276221752166748
7573,393,0.19189453125,0.16068734228610992,29.21172523498535,0.8250128030776978
7574,393,0.19189453125,0.14309728145599365,29.6323184967041,0.817194402217865
7575,442,0.2158203125,0.14810466766357422,27.997995376586914,0.8370663523674011
7576,420,0.205078125,0.1441977173089981,33.74165344238281,0.7713580131530762
7577,429,0.20947265625,0.13733616471290588,29.876140594482422,0.8208600878715515
7578,383,0.18701171875,0.13247133791446686,30.8016357421875,0.8081377148628235
7579,405,0.19775390625,0.14093409478664398,30.329017639160156,0.8123634457588196
7580,454,0.2216796875,0.15038201212882996,31.146343231201172,0.8058401346206665
7581,503,0.24560546875,0.15729525685310364,32.89183044433594,0.7901907563209534
7582,392,0.19140625,0.1623779833316803,36.39631652832031,0.7610802054405212
7583,398,0.1943359375,0.14877726137638092,31.5361270904541,0.807826042175293
7584,447,0.21826171875,0.13923601806163788,30.66883087158203,0.8143361806869507
7585,393,0.19189453125,0.13465337455272675,31.61847686767578,0.8070245385169983
7586,315,0.15380859375,0.12605500221252441,32.34067153930664,0.8057883381843567
7587,307,0.14990234375,0.11900701373815536,32.36681365966797,0.8002910614013672
7588,319,0.15576171875,0.13966597616672516,32.48463821411133,0.8005672693252563
7589,292,0.142578125,0.12069489806890488,32.59471130371094,0.799862265586853
7590,271,0.13232421875,0.13495983183383942,32.613529205322266,0.7973247766494751
7591,245,0.11962890625,0.1396045684814453,33.398963928222656,0.789430558681488
7592,241,0.11767578125,0.1221928820014,34.51993179321289,0.7794490456581116
7593,217,0.10595703125,0.13002263009548187,34.914024353027344,0.77864670753479
7594,232,0.11328125,0.12351832538843155,34.522464752197266,0.7814575433731079
7595,250,0.1220703125,0.12311004847288132,33.22934341430664,0.792462170124054
7596,194,0.0947265625,0.14189939200878143,37.18721008300781,0.7536174058914185
7597,194,0.0947265625,0.13807763159275055,35.90618133544922,0.7677028775215149
7598,220,0.107421875,0.13215097784996033,34.067970275878906,0.7865022420883179
7599,220,0.107421875,0.1298428177833557,34.374839782714844,0.7838186621665955
7600,199,0.09716796875,0.1154865175485611,32.2356071472168,0.8066489696502686
7601,193,0.09423828125,0.12008842080831528,35.24374008178711,0.7648259997367859
7602,189,0.09228515625,0.12050754576921463,35.56513977050781,0.768067479133606
7603,172,0.083984375,0.12414748221635818,36.524314880371094,0.7516226768493652
7604,186,0.0908203125,0.12171858549118042,35.378753662109375,0.7678486704826355
7605,195,0.09521484375,0.11702495068311691,34.89507293701172,0.770023763179779
7606,193,0.09423828125,0.1133246123790741,34.07333755493164,0.7764773964881897
7607,203,0.09912109375,0.11206989735364914,31.78232765197754,0.8100104331970215
7608,215,0.10498046875,0.11488529294729233,31.40572738647461,0.8122571110725403
7609,225,0.10986328125,0.12413974106311798,32.24171829223633,0.8027989864349365
7610,212,0.103515625,0.12092053890228271,32.39613723754883,0.8030200004577637
7611,214,0.1044921875,0.11581792682409286,33.4537239074707,0.7878395318984985
7612,219,0.10693359375,0.1132165864109993,30.57048797607422,0.819463312625885
7613,236,0.115234375,0.12221740931272507,29.851802825927734,0.8260629177093506
7614,220,0.107421875,0.11833950132131577,32.32750701904297,0.7986472845077515
7615,232,0.11328125,0.1284899115562439,30.632349014282227,0.8168848156929016
7616,246,0.1201171875,0.1329658180475235,30.943784713745117,0.8132025003433228
7617,259,0.12646484375,0.1407226026058197,31.780458450317383,0.8065051436424255
7618,289,0.14111328125,0.17889094352722168,33.341976165771484,0.7819320559501648
7619,300,0.146484375,0.16635046899318695,31.97215461730957,0.7965454459190369
7620,308,0.150390625,0.15209124982357025,33.26533508300781,0.7830645442008972
7621,248,0.12109375,0.139096200466156,31.509777069091797,0.8099398612976074
7622,265,0.12939453125,0.14345300197601318,31.382890701293945,0.8106564283370972
7623,248,0.12109375,0.13678805530071259,31.118898391723633,0.814170777797699
7624,224,0.109375,0.1368899643421173,31.5634765625,0.8107085824012756
7625,211,0.10302734375,0.13452336192131042,33.59741973876953,0.7880201935768127
7626,196,0.095703125,0.13051654398441315,34.20524978637695,0.7839858531951904
7627,216,0.10546875,0.12195254117250443,31.971778869628906,0.8058534264564514
7628,236,0.115234375,0.12097826600074768,32.047157287597656,0.8038723468780518
7629,212,0.103515625,0.11317349225282669,30.99702262878418,0.8144629001617432
7630,203,0.09912109375,0.11609590798616409,30.626665115356445,0.818227231502533
7631,211,0.10302734375,0.11232450604438782,31.28707504272461,0.8146125674247742
7632,205,0.10009765625,0.11286821961402893,32.11860656738281,0.8024107217788696
7633,219,0.10693359375,0.11888187378644943,30.794252395629883,0.8149163126945496
7634,224,0.109375,0.11994614452123642,31.231155395507812,0.8143630027770996
7635,194,0.0947265625,0.12008225172758102,31.190876007080078,0.8132514357566833
7636,179,0.08740234375,0.11426721513271332,33.39900588989258,0.7934162616729736
7637,173,0.08447265625,0.13348230719566345,34.98481750488281,0.7734463214874268
7638,186,0.0908203125,0.12498065084218979,33.80085372924805,0.7880105376243591
7639,182,0.0888671875,0.11715665459632874,34.192874908447266,0.7870227098464966
7640,146,0.0712890625,0.21677325665950775,35.466148376464844,0.757748544216156
7641,144,0.0703125,0.22585302591323853,35.25648880004883,0.7636997699737549
7642,138,0.0673828125,0.2080647051334381,32.60875701904297,0.7888927459716797
7643,140,0.068359375,0.20650328695774078,32.89194869995117,0.7833719849586487
7644,144,0.0703125,0.1802002489566803,29.24212646484375,0.8309539556503296
7645,134,0.0654296875,0.17526820302009583,26.614665985107422,0.8524655699729919
7646,131,0.06396484375,0.18690887093544006,26.978759765625,0.8535363674163818
7647,136,0.06640625,0.1768258959054947,26.999296188354492,0.8501887917518616
7648,127,0.06201171875,0.1852952092885971,28.996431350708008,0.8305796384811401
7649,128,0.0625,0.17184768617153168,26.318702697753906,0.8602218627929688
7650,121,0.05908203125,0.1733132302761078,27.28004264831543,0.8546934127807617
7651,120,0.05859375,0.16919569671154022,29.28365707397461,0.834781289100647
7652,118,0.0576171875,0.16032849252223969,27.821306228637695,0.8486276268959045
7653,123,0.06005859375,0.15962113440036774,28.674720764160156,0.837925136089325
7654,119,0.05810546875,0.14978031814098358,28.83674430847168,0.8462557196617126
7655,121,0.05908203125,0.1462716907262802,27.284048080444336,0.8527877330780029
7656,134,0.0654296875,0.1608062982559204,27.3101863861084,0.8473519682884216
7657,124,0.060546875,0.1504959911108017,24.92678451538086,0.8784663081169128
7658,129,0.06298828125,0.1536434143781662,27.242294311523438,0.8522806167602539
7659,127,0.06201171875,0.15389999747276306,26.301301956176758,0.8636356592178345
7660,143,0.06982421875,0.1549287885427475,26.29007911682129,0.8621723055839539
7661,143,0.06982421875,0.15794391930103302,27.102325439453125,0.8545565009117126
7662,138,0.0673828125,0.15385419130325317,26.769981384277344,0.8608635663986206
7663,136,0.06640625,0.15959054231643677,26.740325927734375,0.8578011989593506
7664,135,0.06591796875,0.14518038928508759,24.924562454223633,0.878451406955719
7665,135,0.06591796875,0.14235886931419373,23.716642379760742,0.8865934610366821
7666,143,0.06982421875,0.13897909224033356,24.94769287109375,0.8736686706542969
7667,140,0.068359375,0.14282472431659698,24.398334503173828,0.8793842196464539
7668,134,0.0654296875,0.1408786177635193,26.06465721130371,0.8595641851425171
7669,131,0.06396484375,0.14103204011917114,24.845199584960938,0.8763304352760315
7670,133,0.06494140625,0.14039574563503265,26.21449089050293,0.8579244017601013
7671,132,0.064453125,0.13655143976211548,25.039918899536133,0.8693684935569763
7672,131,0.06396484375,0.14338408410549164,24.434267044067383,0.8738604187965393
7673,147,0.07177734375,0.1368144303560257,24.452314376831055,0.8724135756492615
7674,152,0.07421875,0.13366976380348206,26.202091217041016,0.8555430173873901
7675,147,0.07177734375,0.1311180591583252,24.55113410949707,0.8746778964996338
7676,146,0.0712890625,0.13857966661453247,24.54688262939453,0.8779858946800232
7677,132,0.064453125,0.1450158953666687,24.2983455657959,0.8862946033477783
7678,138,0.0673828125,0.14139649271965027,25.128917694091797,0.8739074468612671
7679,139,0.06787109375,0.14473682641983032,25.39227867126465,0.8683959245681763
7680,337,0.16455078125,0.11860691010951996,30.64267921447754,0.8205804824829102
7681,316,0.154296875,0.11875216662883759,30.379159927368164,0.8240477442741394
7682,303,0.14794921875,0.11684691160917282,29.583688735961914,0.8320685625076294
7683,275,0.13427734375,0.11752989143133163,27.91575050354004,0.8531612157821655
7684,253,0.12353515625,0.11447367072105408,27.499488830566406,0.8541942238807678
7685,249,0.12158203125,0.13154913485050201,31.163822174072266,0.8214662075042725
7686,255,0.12451171875,0.12868739664554596,32.31662368774414,0.8130363821983337
7687,263,0.12841796875,0.12997940182685852,32.50912094116211,0.8078324198722839
7688,295,0.14404296875,0.1302070915699005,32.01057815551758,0.8070672750473022
7689,327,0.15966796875,0.13360542058944702,32.44932556152344,0.7973220348358154
7690,327,0.15966796875,0.12790140509605408,32.1516227722168,0.7999719977378845
7691,333,0.16259765625,0.1329493224620819,32.373619079589844,0.7974870204925537
7692,355,0.17333984375,0.1371275633573532,33.19538497924805,0.7881669402122498
7693,349,0.17041015625,0.13489849865436554,32.958641052246094,0.7930796146392822
7694,366,0.1787109375,0.1332145780324936,33.684024810791016,0.7859522104263306
7695,346,0.1689453125,0.13771316409111023,32.51165771484375,0.7953925132751465
7696,364,0.177734375,0.1208663135766983,28.72630500793457,0.8413358330726624
7697,360,0.17578125,0.1258997619152069,31.4305362701416,0.8093916773796082
7698,279,0.13623046875,0.11198113858699799,28.874300003051758,0.8427404165267944
7699,276,0.134765625,0.11852660775184631,29.888147354125977,0.838094174861908
7700,282,0.1376953125,0.12210843712091446,30.932998657226562,0.8241183161735535
7701,264,0.12890625,0.12881234288215637,31.8446044921875,0.8150227665901184
7702,262,0.1279296875,0.1286657154560089,32.18704605102539,0.8110319972038269
7703,265,0.12939453125,0.12025593966245651,30.91280174255371,0.8264045119285583
7704,256,0.125,0.1167309582233429,31.211078643798828,0.8225982189178467
7705,264,0.12890625,0.1282452940940857,30.642841339111328,0.8270998001098633
7706,294,0.1435546875,0.11976544559001923,30.260313034057617,0.8296488523483276
7707,306,0.1494140625,0.12445706874132156,31.6163330078125,0.8136906027793884
7708,288,0.140625,0.11707714945077896,29.88376235961914,0.83234041929245
7709,271,0.13232421875,0.11170374602079391,28.040836334228516,0.8504403233528137
7710,274,0.1337890625,0.10891048610210419,29.570600509643555,0.8412539958953857
7711,378,0.1845703125,0.11246400326490402,31.210142135620117,0.8139973878860474
7712,361,0.17626953125,0.11167310178279877,29.95166778564453,0.8259520530700684
7713,305,0.14892578125,0.10807056725025177,29.673879623413086,0.8262791633605957
7714,269,0.13134765625,0.11114060133695602,28.272140502929688,0.8386600613594055
7715,340,0.166015625,0.11277880519628525,29.980396270751953,0.8229979276657104
7716,348,0.169921875,0.11059633642435074,33.36779022216797,0.7794901728630066
7717,329,0.16064453125,0.11807871609926224,30.822824478149414,0.8163651823997498
7718,276,0.134765625,0.12682870030403137,30.596485137939453,0.8160220980644226
7719,312,0.15234375,0.1165783554315567,32.223148345947266,0.8038022518157959
7720,22,0.0107421875,0.16961658000946045,38.56692886352539,0.7544311881065369
7721,22,0.0107421875,0.1738968789577484,45.37679672241211,0.6754438281059265
7722,26,0.0126953125,0.20137542486190796,36.902889251708984,0.7656981945037842
7723,23,0.01123046875,0.24994933605194092,42.20378494262695,0.7067999839782715
7724,22,0.0107421875,0.18022119998931885,39.44395446777344,0.7450565099716187
7725,30,0.0146484375,0.16323034465312958,35.51240539550781,0.7700753808021545
7726,21,0.01025390625,0.2793232798576355,42.62790298461914,0.7031828761100769
7727,24,0.01171875,0.1947922557592392,34.24406814575195,0.7996864914894104
7728,28,0.013671875,0.13399963080883026,34.74747085571289,0.7835020422935486
7729,28,0.013671875,0.20155473053455353,33.300682067871094,0.7953433394432068
7730,38,0.0185546875,0.08664188534021378,29.945518493652344,0.8266396522521973
7731,35,0.01708984375,0.11059102416038513,27.585729598999023,0.8605170249938965
7732,33,0.01611328125,0.1438196897506714,25.419641494750977,0.8814358711242676
7733,42,0.0205078125,0.1305903047323227,30.579891204833984,0.8293013572692871
7734,40,0.01953125,0.13803774118423462,25.822290420532227,0.8724664449691772
7735,39,0.01904296875,0.09234672784805298,25.642446517944336,0.8639562726020813
7736,37,0.01806640625,0.08493390679359436,24.849557876586914,0.8786073923110962
7737,32,0.015625,0.0929495096206665,29.690011978149414,0.8290889263153076
7738,39,0.01904296875,0.0974784642457962,27.031917572021484,0.8543866276741028
7739,31,0.01513671875,0.09669376909732819,27.52686309814453,0.8596081733703613
7740,42,0.0205078125,0.08455082774162292,28.01726722717285,0.8461440205574036
7741,41,0.02001953125,0.0906376913189888,23.852737426757812,0.8843408226966858
7742,43,0.02099609375,0.10314776748418808,26.372173309326172,0.870200514793396
7743,36,0.017578125,0.10340742766857147,26.604084014892578,0.8609030246734619
7744,42,0.0205078125,0.10281471163034439,28.027828216552734,0.839752197265625
7745,32,0.015625,0.10120939463376999,30.953588485717773,0.8243810534477234
7746,33,0.01611328125,0.10091891884803772,25.928470611572266,0.8731359839439392
7747,35,0.01708984375,0.1043969914317131,26.299509048461914,0.8724472522735596
7748,26,0.0126953125,0.14775724709033966,28.725725173950195,0.8452789783477783
7749,25,0.01220703125,0.14743418991565704,27.882814407348633,0.8454234600067139
7750,22,0.0107421875,0.1637900322675705,27.97442054748535,0.8516492247581482
7751,42,0.0205078125,0.10579231381416321,25.994646072387695,0.8727229237556458
7752,37,0.01806640625,0.157754048705101,26.997875213623047,0.8629747629165649
7753,43,0.02099609375,0.12333659082651138,27.512828826904297,0.8516820669174194
7754,43,0.02099609375,0.12078315764665604,25.385299682617188,0.8770967721939087
7755,47,0.02294921875,0.10704296827316284,26.51519203186035,0.8617575764656067
7756,56,0.02734375,0.12860478460788727,30.211191177368164,0.828916609287262
7757,41,0.02001953125,0.12524135410785675,25.519514083862305,0.8766788244247437
7758,29,0.01416015625,0.09763979911804199,30.25513458251953,0.8352622389793396
7759,27,0.01318359375,0.12171094119548798,33.81855010986328,0.791771650314331
7760,104,0.05078125,0.12133616954088211,29.454618453979492,0.835455596446991
7761,99,0.04833984375,0.12407870590686798,29.96894645690918,0.8282756805419922
7762,109,0.05322265625,0.12669654190540314,31.110166549682617,0.8149285316467285
7763,109,0.05322265625,0.1364070624113083,30.87871742248535,0.8149397373199463
7764,119,0.05810546875,0.14662310481071472,33.831783294677734,0.7856671810150146
7765,111,0.05419921875,0.13467100262641907,30.398469924926758,0.8232474327087402
7766,96,0.046875,0.12199190258979797,28.5345401763916,0.8380930423736572
7767,92,0.044921875,0.118927001953125,27.26811981201172,0.8477635383605957
7768,90,0.0439453125,0.11384405940771103,25.743267059326172,0.8655526041984558
7769,85,0.04150390625,0.12233608216047287,28.257564544677734,0.8389871716499329
7770,84,0.041015625,0.11964770406484604,26.978797912597656,0.8540515899658203
7771,75,0.03662109375,0.12006043642759323,28.145572662353516,0.8389714956283569
7772,75,0.03662109375,0.1229148730635643,26.4728946685791,0.8585907220840454
7773,81,0.03955078125,0.11506213992834091,28.79216766357422,0.8329036235809326
7774,73,0.03564453125,0.11385467648506165,28.1427059173584,0.842846691608429
7775,84,0.041015625,0.1072855144739151,26.57039451599121,0.85626220703125
7776,90,0.0439453125,0.110153928399086,26.19988250732422,0.8600220680236816
7777,97,0.04736328125,0.11286818981170654,26.381589889526367,0.8549892902374268
7778,105,0.05126953125,0.1177704781293869,28.971872329711914,0.8322209715843201
7779,108,0.052734375,0.1243530660867691,28.89470672607422,0.8388404846191406
7780,102,0.0498046875,0.12344421446323395,28.450597763061523,0.8441491723060608
7781,102,0.0498046875,0.11948447674512863,28.279191970825195,0.8365127444267273
7782,103,0.05029296875,0.1228284016251564,27.256183624267578,0.8501534461975098
7783,110,0.0537109375,0.12700393795967102,24.851900100708008,0.8718908429145813
7784,104,0.05078125,0.12229008972644806,24.502063751220703,0.8807608485221863
7785,103,0.05029296875,0.13506773114204407,25.38850212097168,0.8654888868331909
7786,110,0.0537109375,0.13780061900615692,27.749156951904297,0.8375726938247681
7787,103,0.05029296875,0.13189169764518738,24.80089569091797,0.8761101961135864
7788,105,0.05126953125,0.13038289546966553,26.981904983520508,0.855907142162323
7789,112,0.0546875,0.1288696527481079,26.15293312072754,0.8614010810852051
7790,114,0.0556640625,0.13902270793914795,26.599124908447266,0.8568003177642822
7791,109,0.05322265625,0.13633613288402557,25.287532806396484,0.8726909756660461
7792,111,0.05419921875,0.14200320839881897,26.313077926635742,0.8605132102966309
7793,104,0.05078125,0.13592767715454102,28.140941619873047,0.8407393097877502
7794,112,0.0546875,0.13501784205436707,29.44084358215332,0.8293151259422302
7795,118,0.0576171875,0.13878975808620453,28.302349090576172,0.8416391015052795
7796,118,0.0576171875,0.15192200243473053,28.3088321685791,0.844407320022583
7797,125,0.06103515625,0.174108624458313,29.747529983520508,0.8261950016021729
7798,122,0.0595703125,0.16647423803806305,31.311803817749023,0.8109456300735474
7799,121,0.05908203125,0.15266382694244385,27.523710250854492,0.846118152141571
7800,300,0.146484375,0.12839099764823914,35.484901428222656,0.7669361233711243
7801,409,0.19970703125,0.12062451243400574,32.96024703979492,0.7967879772186279
7802,463,0.22607421875,0.12764380872249603,33.667415618896484,0.7874544262886047
7803,366,0.1787109375,0.11768873035907745,29.393301010131836,0.8356802463531494
7804,357,0.17431640625,0.11440098285675049,29.191892623901367,0.8363041281700134
7805,393,0.19189453125,0.11063779145479202,29.58487892150879,0.8324266672134399
7806,383,0.18701171875,0.11874714493751526,30.08672332763672,0.825089156627655
7807,276,0.134765625,0.12046051025390625,33.66581344604492,0.7878502607345581
7808,295,0.14404296875,0.12437072396278381,33.32958984375,0.7908991575241089
7809,320,0.15625,0.10832947492599487,31.87522315979004,0.8138536214828491
7810,314,0.1533203125,0.10040157288312912,30.8216552734375,0.8287213444709778
7811,341,0.16650390625,0.11020296812057495,31.66142463684082,0.818695604801178
7812,329,0.16064453125,0.10518288612365723,30.352710723876953,0.8316208720207214
7813,293,0.14306640625,0.09994743019342422,31.246023178100586,0.8221924304962158
7814,298,0.1455078125,0.10251530259847641,32.1340446472168,0.8090401887893677
7815,308,0.150390625,0.11804338544607162,33.412742614746094,0.7929224967956543
7816,299,0.14599609375,0.10675504803657532,33.3315544128418,0.7933461666107178
7817,331,0.16162109375,0.1043931245803833,32.829017639160156,0.8013156056404114
7818,388,0.189453125,0.09320835024118423,31.286422729492188,0.8168593049049377
7819,433,0.21142578125,0.09662401676177979,31.32925796508789,0.8133684396743774
7820,391,0.19091796875,0.09607213735580444,33.07410430908203,0.7929927706718445
7821,487,0.23779296875,0.1005951464176178,31.020322799682617,0.8163236379623413
7822,561,0.27392578125,0.10416728258132935,29.790096282958984,0.8274627923965454
7823,482,0.2353515625,0.10417653620243073,31.446800231933594,0.8120347261428833
7824,514,0.2509765625,0.10180782526731491,29.172365188598633,0.8360887765884399
7825,527,0.25732421875,0.10085073113441467,29.591659545898438,0.8322134017944336
7826,739,0.36083984375,0.11229905486106873,27.71349334716797,0.841072142124176
7827,709,0.34619140625,0.11034519970417023,28.586631774902344,0.8328146934509277
7828,620,0.302734375,0.10526535660028458,26.044771194458008,0.8651020526885986
7829,608,0.296875,0.1137685626745224,31.830345153808594,0.8096351623535156
7830,605,0.29541015625,0.10600467026233673,28.283203125,0.8458128571510315
7831,536,0.26171875,0.10791490226984024,30.039337158203125,0.8282222151756287
7832,588,0.287109375,0.1052401140332222,29.63704490661621,0.8314216136932373
7833,854,0.4169921875,0.1449342668056488,34.09661865234375,0.7720695734024048
7834,888,0.43359375,0.14359906315803528,34.57665252685547,0.764900267124176
7835,825,0.40283203125,0.16691088676452637,46.1591911315918,0.6423998475074768
7836,767,0.37451171875,0.11987235397100449,27.655107498168945,0.8340850472450256
7837,623,0.30419921875,0.14622732996940613,36.64689254760742,0.7558720111846924
7838,725,0.35400390625,0.16148407757282257,36.57550811767578,0.7528429627418518
7839,639,0.31201171875,0.11920090764760971,27.420019149780273,0.8421783447265625
7840,364,0.177734375,0.13559561967849731,32.772953033447266,0.7960050702095032
7841,315,0.15380859375,0.12869344651699066,33.52460479736328,0.7886661887168884
7842,310,0.1513671875,0.13008283078670502,34.39717483520508,0.7766076326370239
7843,290,0.1416015625,0.12569911777973175,32.82316970825195,0.7947657108306885
7844,329,0.16064453125,0.12954123318195343,33.84165954589844,0.7828804850578308
7845,319,0.15576171875,0.13223108649253845,32.791656494140625,0.7921777963638306
7846,315,0.15380859375,0.13055673241615295,31.77157974243164,0.8043728470802307
7847,326,0.1591796875,0.12960416078567505,30.697208404541016,0.8173308372497559
7848,340,0.166015625,0.12950649857521057,31.457809448242188,0.8065664768218994
7849,357,0.17431640625,0.1266796588897705,31.486257553100586,0.8113494515419006
7850,339,0.16552734375,0.1299058347940445,31.618593215942383,0.8071590662002563
7851,489,0.23876953125,0.1293163001537323,33.57651138305664,0.7873254418373108
7852,598,0.2919921875,0.1482129991054535,33.3231201171875,0.7807941436767578
7853,568,0.27734375,0.1363687664270401,35.079872131347656,0.7673572301864624
7854,451,0.22021484375,0.12691356241703033,32.605125427246094,0.7946933507919312
7855,422,0.2060546875,0.12765683233737946,33.66117858886719,0.7878532409667969
7856,467,0.22802734375,0.12333468347787857,31.81468963623047,0.8028726577758789
7857,412,0.201171875,0.12589022517204285,31.615169525146484,0.8098335862159729
7858,445,0.21728515625,0.12602771818637848,30.754465103149414,0.8148878216743469
7859,410,0.2001953125,0.1315719485282898,31.394968032836914,0.8030461668968201
7860,381,0.18603515625,0.13207747042179108,29.426185607910156,0.821405827999115
7861,407,0.19873046875,0.13282667100429535,31.761402130126953,0.7978460788726807
7862,403,0.19677734375,0.1389303356409073,35.85852813720703,0.7559862732887268
7863,429,0.20947265625,0.13694672286510468,31.854820251464844,0.8037683963775635
7864,453,0.22119140625,0.13108959794044495,34.02668762207031,0.7737511396408081
7865,408,0.19921875,0.14174701273441315,35.20343017578125,0.7629327178001404
7866,377,0.18408203125,0.13483783602714539,33.786094665527344,0.781700611114502
7867,422,0.2060546875,0.1491420418024063,35.36874008178711,0.7612693905830383
7868,450,0.2197265625,0.17286521196365356,37.55802917480469,0.74074786901474
7869,434,0.2119140625,0.18749341368675232,37.413970947265625,0.7431469559669495
7870,414,0.2021484375,0.1672128140926361,36.23295974731445,0.7564812898635864
7871,472,0.23046875,0.17036262154579163,34.29249954223633,0.7742128372192383
7872,482,0.2353515625,0.15618295967578888,32.142906188964844,0.7993228435516357
7873,469,0.22900390625,0.16047528386116028,32.99167251586914,0.7860681414604187
7874,466,0.2275390625,0.1657392382621765,33.012996673583984,0.7898486256599426
7875,542,0.2646484375,0.14135606586933136,26.819480895996094,0.8559858202934265
7876,469,0.22900390625,0.1610027253627777,31.194856643676758,0.8082329630851746
7877,560,0.2734375,0.13453207910060883,26.712289810180664,0.8612769246101379
7878,660,0.322265625,0.14360542595386505,24.834247589111328,0.8764115571975708
7879,675,0.32958984375,0.153012216091156,26.674470901489258,0.8573004603385925
7880,162,0.0791015625,0.11892928183078766,31.152379989624023,0.8024901151657104
7881,164,0.080078125,0.12347261607646942,31.181081771850586,0.8055629134178162
7882,163,0.07958984375,0.12354148179292679,32.41900634765625,0.7962670922279358
7883,173,0.08447265625,0.1127556785941124,31.078683853149414,0.8138245940208435
7884,175,0.08544921875,0.11330878734588623,32.016502380371094,0.8036956191062927
7885,179,0.08740234375,0.10872354358434677,31.182960510253906,0.8166866898536682
7886,178,0.0869140625,0.10741815716028214,30.861251831054688,0.8193923234939575
7887,180,0.087890625,0.10454494506120682,31.568315505981445,0.8139897584915161
7888,184,0.08984375,0.10694936662912369,31.494722366333008,0.8211531639099121
7889,182,0.0888671875,0.10719242691993713,31.41944122314453,0.8205569982528687
7890,195,0.09521484375,0.1057208776473999,32.7104377746582,0.8059112429618835
7891,197,0.09619140625,0.10836271196603775,33.86308670043945,0.7932025194168091
7892,193,0.09423828125,0.11260848492383957,35.72642517089844,0.7709057331085205
7893,185,0.09033203125,0.10992395877838135,33.7061653137207,0.7973154187202454
7894,181,0.08837890625,0.11036641150712967,33.01935577392578,0.8031867146492004
7895,174,0.0849609375,0.11665502190589905,31.850736618041992,0.8133837580680847
7896,175,0.08544921875,0.11978785693645477,31.403839111328125,0.8185960054397583
7897,175,0.08544921875,0.11999965459108353,30.749427795410156,0.8214083313941956
7898,178,0.0869140625,0.11387516558170319,29.66114044189453,0.8328401446342468
7899,174,0.0849609375,0.12493979185819626,30.924787521362305,0.8185234665870667
7900,168,0.08203125,0.12844128906726837,30.448497772216797,0.8265101313591003
7901,167,0.08154296875,0.1243261769413948,30.456920623779297,0.8245660662651062
7902,172,0.083984375,0.11227941513061523,31.127155303955078,0.819646418094635
7903,173,0.08447265625,0.10244790464639664,31.45315933227539,0.8122885823249817
7904,176,0.0859375,0.10612393170595169,31.74150276184082,0.807645857334137
7905,185,0.09033203125,0.10499678552150726,31.967802047729492,0.8112342357635498
7906,178,0.0869140625,0.10403439402580261,31.522985458374023,0.8156606554985046
7907,175,0.08544921875,0.1094069704413414,31.89198875427246,0.8155438899993896
7908,180,0.087890625,0.10142508149147034,31.746028900146484,0.8151715397834778
7909,174,0.0849609375,0.10352541506290436,33.75968933105469,0.7980960607528687
7910,173,0.08447265625,0.10296260565519333,33.48209762573242,0.7983562350273132
7911,168,0.08203125,0.10107327252626419,32.96953201293945,0.8036004900932312
7912,169,0.08251953125,0.10887376219034195,34.57410430908203,0.7842538356781006
7913,170,0.0830078125,0.10020920634269714,33.00205993652344,0.7996276617050171
7914,172,0.083984375,0.11158636957406998,33.23583984375,0.7993218302726746
7915,170,0.0830078125,0.10988034307956696,32.111881256103516,0.8154130578041077
7916,186,0.0908203125,0.11418620496988297,33.21642303466797,0.7985192537307739
7917,196,0.095703125,0.1135300025343895,33.41547393798828,0.7918049693107605
7918,201,0.09814453125,0.12120455503463745,34.402835845947266,0.784172534942627
7919,205,0.10009765625,0.12365509569644928,35.5487174987793,0.7682099342346191
7920,133,0.06494140625,0.2135758399963379,40.45317459106445,0.709516704082489
7921,142,0.0693359375,0.21613118052482605,42.086341857910156,0.6921259164810181
7922,130,0.0634765625,0.2315768152475357,38.48424530029297,0.7367384433746338
7923,132,0.064453125,0.2298986315727234,41.23659896850586,0.702311635017395
7924,125,0.06103515625,0.21805058419704437,37.37148666381836,0.7524182200431824
7925,128,0.0625,0.23826918005943298,38.407958984375,0.7404971718788147
7926,124,0.060546875,0.23797650635242462,40.478878021240234,0.7167838215827942
7927,129,0.06298828125,0.22191497683525085,39.183170318603516,0.7295417785644531
7928,133,0.06494140625,0.22026951611042023,38.079776763916016,0.735872745513916
7929,139,0.06787109375,0.22385220229625702,40.423709869384766,0.712073802947998
7930,139,0.06787109375,0.21497027575969696,41.413963317871094,0.7048421502113342
7931,140,0.068359375,0.20314739644527435,40.25412368774414,0.7171049118041992
7932,135,0.06591796875,0.19566045701503754,37.563472747802734,0.7495061755180359
7933,141,0.06884765625,0.18503130972385406,37.96342086791992,0.7419767379760742
7934,143,0.06982421875,0.17551936209201813,37.28071212768555,0.7512576580047607
7935,143,0.06982421875,0.17656861245632172,39.666404724121094,0.7191020250320435
7936,138,0.0673828125,0.18117228150367737,37.03594970703125,0.7496446371078491
7937,144,0.0703125,0.19309808313846588,36.29606246948242,0.7609512805938721
7938,139,0.06787109375,0.17565211653709412,37.621212005615234,0.7460266947746277
7939,134,0.0654296875,0.17116671800613403,36.92942428588867,0.7538776993751526
7940,143,0.06982421875,0.1830453872680664,37.42661666870117,0.7478570342063904
7941,138,0.0673828125,0.18544477224349976,34.737815856933594,0.7851739525794983
7942,138,0.0673828125,0.20440004765987396,35.303531646728516,0.7727733850479126
7943,136,0.06640625,0.17944258451461792,36.59870147705078,0.7645530700683594
7944,131,0.06396484375,0.1774272918701172,35.00006103515625,0.7767768502235413
7945,119,0.05810546875,0.19475334882736206,36.831295013427734,0.7578399777412415
7946,122,0.0595703125,0.1778554767370224,34.189605712890625,0.7855754494667053
7947,121,0.05908203125,0.17870303988456726,35.2630615234375,0.7731371521949768
7948,123,0.06005859375,0.18662983179092407,36.84406280517578,0.754950761795044
7949,115,0.05615234375,0.17457455396652222,34.600746154785156,0.7839049100875854
7950,109,0.05322265625,0.19361472129821777,36.75191116333008,0.760742723941803
7951,115,0.05615234375,0.18949878215789795,35.092559814453125,0.7736433744430542
7952,121,0.05908203125,0.17296729981899261,34.58968734741211,0.7783601880073547
7953,124,0.060546875,0.17133040726184845,35.432777404785156,0.768646240234375
7954,124,0.060546875,0.1583608239889145,34.379295349121094,0.775428295135498
7955,130,0.0634765625,0.15888693928718567,34.54120635986328,0.7743005156517029
7956,131,0.06396484375,0.15956686437129974,35.686038970947266,0.7606897354125977
7957,135,0.06591796875,0.16345979273319244,32.79710006713867,0.7984224557876587
7958,136,0.06640625,0.15331141650676727,33.91462326049805,0.7845329642295837
7959,134,0.0654296875,0.1660645753145218,34.50464630126953,0.772438645362854
7960,630,0.3076171875,0.11240402609109879,35.60966110229492,0.7737908363342285
7961,625,0.30517578125,0.10013304650783539,30.43684959411621,0.8213005065917969
7962,598,0.2919921875,0.08204816281795502,24.010034561157227,0.8803632259368896
7963,592,0.2890625,0.09323425590991974,25.20191192626953,0.8699045181274414
7964,613,0.29931640625,0.08092513680458069,25.32448387145996,0.8667238354682922
7965,550,0.2685546875,0.0991470068693161,24.533884048461914,0.8823614120483398
7966,512,0.25,0.10924968123435974,24.408023834228516,0.8831568956375122
7967,420,0.205078125,0.11187972873449326,23.96532440185547,0.8836531043052673
7968,424,0.20703125,0.12697531282901764,24.489858627319336,0.8781331777572632
7969,369,0.18017578125,0.14625445008277893,31.23819923400879,0.816059947013855
7970,356,0.173828125,0.14148341119289398,31.076597213745117,0.8217697143554688
7971,327,0.15966796875,0.14001528918743134,32.2697868347168,0.8067165017127991
7972,328,0.16015625,0.14109860360622406,32.38583755493164,0.8057215809822083
7973,351,0.17138671875,0.1383296549320221,31.542125701904297,0.8164856433868408
7974,395,0.19287109375,0.10733945667743683,25.581361770629883,0.86836177110672
7975,430,0.2099609375,0.10659901052713394,22.340484619140625,0.8915278911590576
7976,418,0.2041015625,0.10675174742937088,22.54133415222168,0.8878655433654785
7977,441,0.21533203125,0.11508939415216446,24.15802764892578,0.8683056235313416
7978,399,0.19482421875,0.11406100541353226,26.108816146850586,0.8575544953346252
7979,432,0.2109375,0.11631480604410172,25.344078063964844,0.8584322929382324
7980,372,0.181640625,0.11725981533527374,28.637269973754883,0.8373436331748962
7981,401,0.19580078125,0.10762906819581985,26.207481384277344,0.8589093089103699
7982,361,0.17626953125,0.11651460826396942,28.503368377685547,0.8429470062255859
7983,368,0.1796875,0.10557691752910614,27.06789207458496,0.8579574227333069
7984,385,0.18798828125,0.10435624420642853,25.406982421875,0.8671694993972778
7985,393,0.19189453125,0.10487642884254456,26.387845993041992,0.8564776182174683
7986,367,0.17919921875,0.108014777302742,26.801179885864258,0.8614964485168457
7987,397,0.19384765625,0.10903694480657578,25.861495971679688,0.8639671802520752
7988,416,0.203125,0.103302963078022,22.33924674987793,0.8927069902420044
7989,452,0.220703125,0.10057791322469711,21.600435256958008,0.9031292200088501
7990,431,0.21044921875,0.10598139464855194,25.127582550048828,0.8696473836898804
7991,426,0.2080078125,0.10967442393302917,27.059043884277344,0.8526452779769897
7992,433,0.21142578125,0.1046919897198677,22.886568069458008,0.8840916156768799
7993,435,0.21240234375,0.10034195333719254,21.487836837768555,0.8985599279403687
7994,424,0.20703125,0.10968126356601715,22.87813377380371,0.8889880180358887
7995,436,0.212890625,0.11579656600952148,23.24972915649414,0.8806551098823547
7996,420,0.205078125,0.10812525451183319,23.13497543334961,0.887549102306366
7997,446,0.2177734375,0.10565590858459473,21.51688575744629,0.8973875641822815
7998,453,0.22119140625,0.11003037542104721,21.23712158203125,0.8998323678970337
7999,461,0.22509765625,0.09975720942020416,21.25596046447754,0.9034494757652283
8000,36,0.017578125,0.23590806126594543,36.00181198120117,0.7720401287078857
8001,41,0.02001953125,0.23134641349315643,37.78603744506836,0.7373679280281067
8002,41,0.02001953125,0.2359667867422104,41.6035041809082,0.7035948634147644
8003,37,0.01806640625,0.24024434387683868,37.642547607421875,0.7557703852653503
8004,42,0.0205078125,0.2327680140733719,39.48194885253906,0.7287421226501465
8005,54,0.0263671875,0.24517355859279633,38.19175720214844,0.735821545124054
8006,48,0.0234375,0.20128542184829712,40.37396240234375,0.7115073800086975
8007,51,0.02490234375,0.20750290155410767,38.75926208496094,0.737967312335968
8008,57,0.02783203125,0.21421556174755096,37.622623443603516,0.7528567910194397
8009,59,0.02880859375,0.2109137326478958,36.99462127685547,0.757729172706604
8010,51,0.02490234375,0.1853252351284027,40.825904846191406,0.716758131980896
8011,54,0.0263671875,0.18693509697914124,40.20094680786133,0.7177603840827942
8012,54,0.0263671875,0.19108325242996216,37.881080627441406,0.7571814656257629
8013,47,0.02294921875,0.18620695173740387,37.56550598144531,0.7516674995422363
8014,48,0.0234375,0.18711543083190918,39.47852325439453,0.7369734644889832
8015,49,0.02392578125,0.1833815574645996,37.756935119628906,0.7513638734817505
8016,47,0.02294921875,0.1878041923046112,41.52008819580078,0.7031678557395935
8017,48,0.0234375,0.19212675094604492,39.33449172973633,0.7351523041725159
8018,56,0.02734375,0.1847950667142868,41.4593620300293,0.702444851398468
8019,51,0.02490234375,0.18217851221561432,38.52680969238281,0.7462707757949829
8020,45,0.02197265625,0.18765798211097717,38.662654876708984,0.730833888053894
8021,50,0.0244140625,0.1880149394273758,38.1148567199707,0.7301796674728394
8022,51,0.02490234375,0.18846796452999115,36.91339111328125,0.7663066387176514
8023,53,0.02587890625,0.19469405710697174,38.32378387451172,0.7556412816047668
8024,55,0.02685546875,0.1882992535829544,42.05720138549805,0.7036553621292114
8025,55,0.02685546875,0.18189063668251038,38.15993118286133,0.7504069209098816
8026,53,0.02587890625,0.18855245411396027,38.29331970214844,0.7553924918174744
8027,51,0.02490234375,0.18802420794963837,40.275203704833984,0.7257434129714966
8028,50,0.0244140625,0.18986523151397705,39.092777252197266,0.737184464931488
8029,47,0.02294921875,0.19249829649925232,40.695594787597656,0.7219057083129883
8030,46,0.0224609375,0.19664572179317474,40.258270263671875,0.7258728742599487
8031,47,0.02294921875,0.19600528478622437,40.491607666015625,0.7039763927459717
8032,51,0.02490234375,0.1910608410835266,39.864479064941406,0.733963668346405
8033,49,0.02392578125,0.20375774800777435,38.33735656738281,0.7420023679733276
8034,50,0.0244140625,0.20918841660022736,42.366756439208984,0.6997424364089966
8035,44,0.021484375,0.19592514634132385,41.46482849121094,0.7194278240203857
8036,38,0.0185546875,0.23369735479354858,42.509002685546875,0.6992608904838562
8037,39,0.01904296875,0.21247613430023193,42.15229034423828,0.695300281047821
8038,40,0.01953125,0.21500137448310852,39.939109802246094,0.725844144821167
8039,44,0.021484375,0.20016014575958252,38.6661262512207,0.753800630569458
8040,234,0.1142578125,0.20028898119926453,35.22364807128906,0.7807657122612
8041,253,0.12353515625,0.18352064490318298,34.59342956542969,0.7892257571220398
8042,259,0.12646484375,0.16699320077896118,36.69845199584961,0.7648768424987793
8043,255,0.12451171875,0.1709105670452118,33.762882232666016,0.7967572808265686
8044,238,0.1162109375,0.1435147225856781,32.71235656738281,0.8050989508628845
8045,237,0.11572265625,0.1411883533000946,33.14402770996094,0.8046884536743164
8046,236,0.115234375,0.12496621906757355,32.39962387084961,0.8084287047386169
8047,211,0.10302734375,0.13035885989665985,30.446861267089844,0.8234636187553406
8048,216,0.10546875,0.1262151449918747,29.601167678833008,0.8340458273887634
8049,226,0.1103515625,0.11534753441810608,29.60069465637207,0.8377648591995239
8050,229,0.11181640625,0.12020598351955414,30.79438018798828,0.8227301836013794
8051,229,0.11181640625,0.11584513634443283,29.657752990722656,0.8317742347717285
8052,228,0.111328125,0.11326340585947037,30.029216766357422,0.8328324556350708
8053,236,0.115234375,0.11063694208860397,30.732606887817383,0.823259711265564
8054,228,0.111328125,0.1156175434589386,30.6228084564209,0.8250256776809692
8055,245,0.11962890625,0.09768330305814743,32.204193115234375,0.8073616027832031
8056,248,0.12109375,0.11113496869802475,31.555130004882812,0.813369870185852
8057,238,0.1162109375,0.10276680439710617,32.28032302856445,0.8080563545227051
8058,238,0.1162109375,0.1134456917643547,32.16260528564453,0.8115822672843933
8059,242,0.1181640625,0.11522163450717926,30.569917678833008,0.825975775718689
8060,245,0.11962890625,0.11147347837686539,31.115137100219727,0.8219889402389526
8061,233,0.11376953125,0.1187763437628746,30.03285026550293,0.8287162184715271
8062,233,0.11376953125,0.1329784393310547,29.67012596130371,0.8235160708427429
8063,258,0.1259765625,0.12727420032024384,30.523880004882812,0.8109098076820374
8064,250,0.1220703125,0.1378091722726822,30.217662811279297,0.8141130805015564
8065,253,0.12353515625,0.12503595650196075,28.333681106567383,0.8372802138328552
8066,245,0.11962890625,0.12487879395484924,27.895965576171875,0.8396046161651611
8067,257,0.12548828125,0.11321165412664413,28.37317657470703,0.8311662077903748
8068,257,0.12548828125,0.12172582745552063,29.161699295043945,0.8273606896400452
8069,270,0.1318359375,0.10833290964365005,29.483076095581055,0.8201115131378174
8070,307,0.14990234375,0.11576361954212189,30.474300384521484,0.8096957802772522
8071,301,0.14697265625,0.1168755516409874,30.44955062866211,0.8097025156021118
8072,311,0.15185546875,0.12294843047857285,30.78740692138672,0.8079199194908142
8073,303,0.14794921875,0.12140347063541412,30.501541137695312,0.8102671504020691
8074,281,0.13720703125,0.12308185547590256,30.721078872680664,0.8095862865447998
8075,289,0.14111328125,0.11729119718074799,31.74717140197754,0.8027212023735046
8076,281,0.13720703125,0.11175970733165741,30.827938079833984,0.8090111017227173
8077,297,0.14501953125,0.11593320220708847,33.038063049316406,0.7861300110816956
8078,289,0.14111328125,0.11349410563707352,32.061614990234375,0.8003091216087341
8079,267,0.13037109375,0.10784821957349777,32.1878662109375,0.8010967373847961
8080,144,0.0703125,0.11133266985416412,26.63692283630371,0.8612567782402039
8081,141,0.06884765625,0.11114925146102905,27.51909065246582,0.8531683087348938
8082,131,0.06396484375,0.11011425405740738,25.830480575561523,0.8631956577301025
8083,117,0.05712890625,0.10586349666118622,26.237125396728516,0.8589497804641724
8084,123,0.06005859375,0.10619732737541199,25.78189468383789,0.8627714514732361
8085,135,0.06591796875,0.11334733664989471,28.421859741210938,0.8411067128181458
8086,122,0.0595703125,0.11257096379995346,28.693443298339844,0.8409237861633301
8087,111,0.05419921875,0.10477922111749649,25.384963989257812,0.8705453276634216
8088,114,0.0556640625,0.10786154866218567,27.075790405273438,0.8575816750526428
8089,107,0.05224609375,0.12756025791168213,27.612802505493164,0.8514859080314636
8090,109,0.05322265625,0.1221841499209404,26.786659240722656,0.860368549823761
8091,102,0.0498046875,0.12715934216976166,26.518535614013672,0.8636497259140015
8092,107,0.05224609375,0.12030468136072159,26.416900634765625,0.8623566627502441
8093,105,0.05126953125,0.1250704526901245,27.97105598449707,0.8462095856666565
8094,97,0.04736328125,0.13254031538963318,27.201642990112305,0.8557109236717224
8095,99,0.04833984375,0.13565897941589355,27.479734420776367,0.8552106618881226
8096,98,0.0478515625,0.14012649655342102,27.419010162353516,0.8563846945762634
8097,95,0.04638671875,0.1535026580095291,30.33890151977539,0.8256029486656189
8098,97,0.04736328125,0.1437653750181198,28.218008041381836,0.8467184901237488
8099,94,0.0458984375,0.14940017461776733,29.328847885131836,0.8341836333274841
8100,91,0.04443359375,0.1463731825351715,28.94948959350586,0.8359420299530029
8101,93,0.04541015625,0.14530521631240845,29.937170028686523,0.8296691179275513
8102,96,0.046875,0.14661236107349396,31.216873168945312,0.809747040271759
8103,95,0.04638671875,0.1478583961725235,29.787057876586914,0.8346180319786072
8104,99,0.04833984375,0.12819123268127441,28.256559371948242,0.8455060124397278
8105,106,0.0517578125,0.12563957273960114,26.7392578125,0.8593475222587585
8106,96,0.046875,0.1395593136548996,27.16405487060547,0.8553791046142578
8107,96,0.046875,0.14241982996463776,30.5911865234375,0.8152380585670471
8108,100,0.048828125,0.14171940088272095,28.850610733032227,0.8341869115829468
8109,109,0.05322265625,0.1212124302983284,28.29119873046875,0.8343757390975952
8110,111,0.05419921875,0.12111778557300568,27.94688606262207,0.8430071473121643
8111,110,0.0537109375,0.11713284999132156,27.087369918823242,0.8530650734901428
8112,113,0.05517578125,0.1098925769329071,27.117740631103516,0.8520185351371765
8113,113,0.05517578125,0.10457128286361694,26.127975463867188,0.8621153235435486
8114,118,0.0576171875,0.11231768876314163,28.769851684570312,0.8349504470825195
8115,124,0.060546875,0.11376895010471344,28.856538772583008,0.8344569802284241
8116,135,0.06591796875,0.1286722719669342,31.386491775512695,0.8077467083930969
8117,137,0.06689453125,0.13317404687404633,31.445690155029297,0.8053842782974243
8118,135,0.06591796875,0.12233804911375046,30.415729522705078,0.8187144994735718
8119,134,0.0654296875,0.12555377185344696,31.83632469177246,0.8052411675453186
8120,554,0.2705078125,0.12248331308364868,34.90672302246094,0.7671975493431091
8121,528,0.2578125,0.11806376278400421,33.00981521606445,0.7829698324203491
8122,524,0.255859375,0.12149745225906372,34.61989974975586,0.7731919884681702
8123,542,0.2646484375,0.13270261883735657,36.661312103271484,0.7473989129066467
8124,526,0.2568359375,0.12255453318357468,35.35988235473633,0.7503336668014526
8125,565,0.27587890625,0.12144588679075241,40.15501403808594,0.7018492817878723
8126,635,0.31005859375,0.10391867905855179,27.300304412841797,0.8373925685882568
8127,595,0.29052734375,0.10039292275905609,28.77777671813965,0.8269065022468567
8128,778,0.3798828125,0.11392334848642349,39.274234771728516,0.7093827724456787
8129,856,0.41796875,0.1144593209028244,43.89360427856445,0.6657031774520874
8130,708,0.345703125,0.10635781288146973,27.38951301574707,0.8369399905204773
8131,708,0.345703125,0.10716347396373749,28.80725860595703,0.8216423988342285
8132,682,0.3330078125,0.10057376325130463,26.754253387451172,0.8446103930473328
8133,720,0.3515625,0.11129381507635117,37.858768463134766,0.7250369787216187
8134,833,0.40673828125,0.10987967997789383,32.48210144042969,0.788348376750946
8135,799,0.39013671875,0.09331921488046646,29.14348793029785,0.814853847026825
8136,804,0.392578125,0.1327844113111496,37.75039291381836,0.7269018888473511
8137,839,0.40966796875,0.1016940101981163,32.46687316894531,0.7785821557044983
8138,740,0.361328125,0.09861527383327484,27.240495681762695,0.8350948691368103
8139,671,0.32763671875,0.09380064904689789,26.999650955200195,0.8424417972564697
8140,661,0.32275390625,0.08856567740440369,27.297067642211914,0.8415137529373169
8141,601,0.29345703125,0.11371849477291107,42.18016052246094,0.6730276346206665
8142,734,0.3583984375,0.11217673867940903,36.60003662109375,0.7335566878318787
8143,885,0.43212890625,0.11756816506385803,37.25618362426758,0.7259178757667542
8144,828,0.404296875,0.12921811640262604,39.83127212524414,0.695094883441925
8145,878,0.4287109375,0.12034182250499725,35.502559661865234,0.7386898398399353
8146,963,0.47021484375,0.125844344496727,36.66408920288086,0.7271472215652466
8147,971,0.47412109375,0.1266266405582428,37.203956604003906,0.7239370346069336
8148,1063,0.51904296875,0.12570051848888397,45.64954376220703,0.6420620083808899
8149,938,0.4580078125,0.12127918004989624,37.092384338378906,0.7314688563346863
8150,899,0.43896484375,0.10061526298522949,28.574443817138672,0.827991247177124
8151,898,0.4384765625,0.12194249778985977,36.05075454711914,0.7404940128326416
8152,1029,0.50244140625,0.12347396463155746,44.4925537109375,0.6531281471252441
8153,969,0.47314453125,0.12698370218276978,37.205448150634766,0.7346727252006531
8154,918,0.4482421875,0.1072666123509407,30.286714553833008,0.805392324924469
8155,888,0.43359375,0.09811244159936905,27.522085189819336,0.8305529952049255
8156,893,0.43603515625,0.10535647720098495,29.183563232421875,0.8214353322982788
8157,789,0.38525390625,0.10456156730651855,26.764793395996094,0.8451831340789795
8158,783,0.38232421875,0.11033257842063904,29.723642349243164,0.8107712864875793
8159,796,0.388671875,0.09052015095949173,28.194429397583008,0.827447235584259
8160,770,0.3759765625,0.14141665399074554,31.196012496948242,0.8169527053833008
8161,808,0.39453125,0.1531112790107727,28.938993453979492,0.8345527052879333
8162,768,0.375,0.13791583478450775,29.87214469909668,0.8312541842460632
8163,802,0.3916015625,0.1513289213180542,28.494184494018555,0.8354241847991943
8164,790,0.3857421875,0.15993712842464447,27.233030319213867,0.8462439179420471
8165,841,0.41064453125,0.17719724774360657,31.860519409179688,0.7980421185493469
8166,850,0.4150390625,0.17106935381889343,30.153827667236328,0.818225622177124
8167,810,0.3955078125,0.1522490382194519,27.306907653808594,0.8558171987533569
8168,755,0.36865234375,0.14596056938171387,29.12108039855957,0.8467634916305542
8169,746,0.3642578125,0.1049259603023529,27.41346549987793,0.859075129032135
8170,751,0.36669921875,0.0978255346417427,24.5324649810791,0.8819376230239868
8171,761,0.37158203125,0.11582124978303909,24.439943313598633,0.8811847567558289
8172,781,0.38134765625,0.10220037400722504,26.31450843811035,0.8652491569519043
8173,824,0.40234375,0.09442600607872009,21.55729866027832,0.9049198031425476
8174,832,0.40625,0.1000080332159996,20.272029876708984,0.9127309322357178
8175,723,0.35302734375,0.11685404181480408,23.724855422973633,0.8874770998954773
8176,748,0.365234375,0.1093289777636528,22.62909698486328,0.8916881084442139
8177,888,0.43359375,0.10017552226781845,22.230615615844727,0.8983420133590698
8178,1120,0.546875,0.12364473193883896,27.278902053833008,0.8567276000976562
8179,858,0.4189453125,0.09762653708457947,19.3839054107666,0.9181588292121887
8180,715,0.34912109375,0.1098417416214943,22.008602142333984,0.8994448184967041
8181,822,0.4013671875,0.1012721136212349,24.503568649291992,0.8819495439529419
8182,863,0.42138671875,0.09459996223449707,22.8145751953125,0.8963512182235718
8183,798,0.3896484375,0.09696467220783234,22.26881980895996,0.8971208333969116
8184,689,0.33642578125,0.1145515963435173,21.933073043823242,0.8904790282249451
8185,648,0.31640625,0.12337944656610489,21.627548217773438,0.8924094438552856
8186,881,0.43017578125,0.09898532181978226,21.354572296142578,0.9014291763305664
8187,918,0.4482421875,0.1004786267876625,20.93714714050293,0.9052796959877014
8188,724,0.353515625,0.11141568422317505,20.964962005615234,0.900671660900116
8189,629,0.30712890625,0.11799594759941101,22.283140182495117,0.8858179450035095
8190,601,0.29345703125,0.12293179333209991,23.772598266601562,0.8715624213218689
8191,667,0.32568359375,0.11198340356349945,22.746910095214844,0.8869665265083313
8192,619,0.30224609375,0.11237847059965134,22.54320526123047,0.8900407552719116
8193,581,0.28369140625,0.1293450891971588,22.895238876342773,0.8783474564552307
8194,625,0.30517578125,0.12735846638679504,22.641286849975586,0.880695104598999
8195,824,0.40234375,0.11713781952857971,22.425134658813477,0.8899587392807007
8196,886,0.4326171875,0.10618376731872559,20.35345458984375,0.9066839814186096
8197,779,0.38037109375,0.1158125251531601,22.620399475097656,0.882890522480011
8198,818,0.3994140625,0.11053621023893356,21.62088394165039,0.8956449031829834
8199,718,0.3505859375,0.12960167229175568,25.127904891967773,0.8640599250793457
8200,37,0.01806640625,0.28046444058418274,36.269893646240234,0.7537899017333984
8201,42,0.0205078125,0.26831287145614624,37.37001419067383,0.7337791919708252
8202,39,0.01904296875,0.27300122380256653,35.81529235839844,0.7620757818222046
8203,35,0.01708984375,0.28075966238975525,36.02632522583008,0.7537065744400024
8204,48,0.0234375,0.21807149052619934,38.11919021606445,0.743873655796051
8205,43,0.02099609375,0.269147127866745,35.14646911621094,0.7658878564834595
8206,42,0.0205078125,0.27075427770614624,35.417945861816406,0.7727153301239014
8207,36,0.017578125,0.2846907377243042,32.04279327392578,0.807884156703949
8208,39,0.01904296875,0.2769932746887207,39.548954010009766,0.7138888239860535
8209,43,0.02099609375,0.25347456336021423,36.30610656738281,0.7577271461486816
8210,48,0.0234375,0.24888235330581665,38.39967346191406,0.74116450548172
8211,41,0.02001953125,0.2673220634460449,40.58987808227539,0.7032946348190308
8212,43,0.02099609375,0.2578999996185303,37.48004913330078,0.7400690317153931
8213,47,0.02294921875,0.263464093208313,38.74028015136719,0.7205588221549988
8214,47,0.02294921875,0.21297314763069153,35.77534484863281,0.7712064981460571
8215,49,0.02392578125,0.20815680921077728,35.08116912841797,0.7829057574272156
8216,52,0.025390625,0.2467690408229828,34.38352584838867,0.791606605052948
8217,51,0.02490234375,0.210104838013649,36.9274787902832,0.765250563621521
8218,45,0.02197265625,0.22718285024166107,33.008541107177734,0.7922192215919495
8219,43,0.02099609375,0.2307664453983307,33.60073471069336,0.7776585817337036
8220,39,0.01904296875,0.22786635160446167,31.924795150756836,0.8121613264083862
8221,47,0.02294921875,0.2184528410434723,31.375356674194336,0.8095468282699585
8222,54,0.0263671875,0.21462100744247437,33.57415008544922,0.7820612788200378
8223,60,0.029296875,0.20024928450584412,33.49259948730469,0.7917641997337341
8224,62,0.0302734375,0.18812869489192963,33.13664627075195,0.7967416048049927
8225,67,0.03271484375,0.17823676764965057,35.390586853027344,0.7690433859825134
8226,72,0.03515625,0.1711544245481491,36.31468200683594,0.7539191842079163
8227,59,0.02880859375,0.20121963322162628,33.046592712402344,0.7903255820274353
8228,65,0.03173828125,0.17354916036128998,34.36042785644531,0.7682273983955383
8229,60,0.029296875,0.20307192206382751,33.0941276550293,0.7885035276412964
8230,61,0.02978515625,0.19299140572547913,35.42317199707031,0.7536126375198364
8231,58,0.0283203125,0.20031128823757172,33.38752746582031,0.7946481108665466
8232,60,0.029296875,0.20268093049526215,35.27414321899414,0.7763583064079285
8233,58,0.0283203125,0.2012431025505066,35.69863510131836,0.7722302675247192
8234,59,0.02880859375,0.2079688310623169,31.680593490600586,0.8039316534996033
8235,55,0.02685546875,0.20948605239391327,33.64422607421875,0.7961829304695129
8236,48,0.0234375,0.21050821244716644,32.35298538208008,0.8035507202148438
8237,57,0.02783203125,0.21221202611923218,32.6357536315918,0.7936761379241943
8238,46,0.0224609375,0.2273479551076889,30.93929100036621,0.8025755882263184
8239,45,0.02197265625,0.2271319478750229,32.99608612060547,0.774002730846405
8240,113,0.05517578125,0.18275651335716248,40.304222106933594,0.7231321334838867
8241,108,0.052734375,0.17028948664665222,40.39352035522461,0.719703733921051
8242,107,0.05224609375,0.1679903119802475,38.84526443481445,0.7369545102119446
8243,103,0.05029296875,0.17037062346935272,38.50080490112305,0.7451213598251343
8244,111,0.05419921875,0.16371820867061615,40.05222702026367,0.7204585075378418
8245,117,0.05712890625,0.15397880971431732,37.21345901489258,0.7467458248138428
8246,121,0.05908203125,0.1568097174167633,36.874473571777344,0.7493395209312439
8247,121,0.05908203125,0.1535261869430542,34.759525299072266,0.7746296525001526
8248,116,0.056640625,0.16911868751049042,34.29813766479492,0.7848562002182007
8249,109,0.05322265625,0.174791619181633,37.972660064697266,0.7423704862594604
8250,109,0.05322265625,0.16466376185417175,35.282833099365234,0.774311900138855
8251,110,0.0537109375,0.1661396026611328,36.91709518432617,0.754608690738678
8252,114,0.0556640625,0.17525404691696167,34.91535568237305,0.7748891115188599
8253,126,0.0615234375,0.18467354774475098,35.78220748901367,0.7565188407897949
8254,125,0.06103515625,0.18576878309249878,34.903839111328125,0.7646962404251099
8255,125,0.06103515625,0.18699105083942413,35.80785369873047,0.7647945284843445
8256,126,0.0615234375,0.17913243174552917,35.119895935058594,0.7719852328300476
8257,117,0.05712890625,0.17249926924705505,37.33951950073242,0.7491105198860168
8258,114,0.0556640625,0.1676384061574936,37.031455993652344,0.7517240643501282
8259,114,0.0556640625,0.18011514842510223,35.56713104248047,0.7719780206680298
8260,111,0.05419921875,0.18332484364509583,35.89101791381836,0.7651134729385376
8261,116,0.056640625,0.18990203738212585,37.2103271484375,0.7419348359107971
8262,123,0.06005859375,0.18623577058315277,35.967872619628906,0.7558996677398682
8263,124,0.060546875,0.18451273441314697,35.86235427856445,0.7561872601509094
8264,109,0.05322265625,0.19169361889362335,36.77370071411133,0.756698489189148
8265,101,0.04931640625,0.1804530918598175,37.88444519042969,0.7421112060546875
8266,100,0.048828125,0.18113860487937927,36.052459716796875,0.7649424076080322
8267,106,0.0517578125,0.1933593899011612,36.64090347290039,0.7525448799133301
8268,101,0.04931640625,0.18838880956172943,36.567474365234375,0.7612655758857727
8269,106,0.0517578125,0.20123353600502014,36.9729118347168,0.7489678859710693
8270,105,0.05126953125,0.20995959639549255,37.795291900634766,0.7366020083427429
8271,107,0.05224609375,0.2184099406003952,38.01093292236328,0.7256678938865662
8272,107,0.05224609375,0.21073609590530396,36.517601013183594,0.7492438554763794
8273,121,0.05908203125,0.20787927508354187,37.360294342041016,0.7354134917259216
8274,121,0.05908203125,0.19286224246025085,37.990570068359375,0.735470175743103
8275,114,0.0556640625,0.20104669034481049,37.68659591674805,0.7323135733604431
8276,108,0.052734375,0.19931437075138092,38.81440353393555,0.7236190438270569
8277,101,0.04931640625,0.1722402721643448,37.085235595703125,0.7517765164375305
8278,111,0.05419921875,0.18518394231796265,38.69603729248047,0.7259332537651062
8279,118,0.0576171875,0.1842338740825653,38.48680877685547,0.7295835614204407
8280,581,0.28369140625,0.12447333335876465,33.86763000488281,0.775783121585846
8281,588,0.287109375,0.11673897504806519,31.84662628173828,0.7960076928138733
8282,570,0.2783203125,0.14511872828006744,33.17805099487305,0.7777910232543945
8283,607,0.29638671875,0.11134915798902512,27.2336483001709,0.8451593518257141
8284,638,0.3115234375,0.11328098922967911,26.411882400512695,0.8541229367256165
8285,663,0.32373046875,0.10142798721790314,26.082263946533203,0.8595322370529175
8286,647,0.31591796875,0.10048964619636536,25.625585556030273,0.8628883361816406
8287,659,0.32177734375,0.10082940757274628,25.917631149291992,0.8614194393157959
8288,654,0.3193359375,0.10639960318803787,26.18438148498535,0.8603577017784119
8289,673,0.32861328125,0.09687752276659012,25.12215232849121,0.8743143677711487
8290,661,0.32275390625,0.10124102234840393,25.680654525756836,0.8681493997573853
8291,662,0.3232421875,0.09782169759273529,24.16596221923828,0.8833474516868591
8292,647,0.31591796875,0.10234986245632172,24.439088821411133,0.8801490068435669
8293,677,0.33056640625,0.09470061957836151,23.805891036987305,0.885572075843811
8294,706,0.3447265625,0.09647753089666367,24.07559585571289,0.8844103217124939
8295,668,0.326171875,0.09750424325466156,23.49798011779785,0.8891209363937378
8296,696,0.33984375,0.09473401308059692,23.802688598632812,0.8863843083381653
8297,739,0.36083984375,0.09509998559951782,23.655406951904297,0.8890684247016907
8298,749,0.36572265625,0.09518339484930038,22.929397583007812,0.8951414227485657
8299,679,0.33154296875,0.10868720710277557,23.594039916992188,0.8916441798210144
8300,666,0.3251953125,0.11227185279130936,24.323577880859375,0.8858281373977661
8301,697,0.34033203125,0.10405079275369644,22.992862701416016,0.8932124972343445
8302,672,0.328125,0.12218153476715088,24.399126052856445,0.8833411335945129
8303,699,0.34130859375,0.1120489314198494,23.351377487182617,0.8902811408042908
8304,715,0.34912109375,0.11586228013038635,24.17742347717285,0.8832970857620239
8305,762,0.3720703125,0.10550510138273239,23.50735092163086,0.8871349692344666
8306,777,0.37939453125,0.11748752743005753,24.536026000976562,0.8836982846260071
8307,782,0.3818359375,0.11902150511741638,24.36443519592285,0.8852435946464539
8308,818,0.3994140625,0.11880243569612503,24.808273315429688,0.879204273223877
8309,874,0.4267578125,0.12040398269891739,26.250341415405273,0.8656898140907288
8310,864,0.421875,0.11580756306648254,25.531286239624023,0.8726248741149902
8311,844,0.412109375,0.10367602854967117,23.868457794189453,0.8854803442955017
8312,817,0.39892578125,0.10194084048271179,23.82889747619629,0.8812471032142639
8313,786,0.3837890625,0.09866999089717865,24.758602142333984,0.8703712821006775
8314,766,0.3740234375,0.09833499789237976,24.355751037597656,0.8799355626106262
8315,740,0.361328125,0.1012263149023056,25.503145217895508,0.8672134876251221
8316,707,0.34521484375,0.12158888578414917,28.848003387451172,0.8426442742347717
8317,715,0.34912109375,0.1315997838973999,32.00952911376953,0.8045705556869507
8318,706,0.3447265625,0.14873859286308289,29.893003463745117,0.8320052027702332
8319,693,0.33837890625,0.15179993212223053,30.980928421020508,0.8196262121200562
8320,455,0.22216796875,0.10895241796970367,30.48326301574707,0.816755473613739
8321,430,0.2099609375,0.1201474666595459,29.615999221801758,0.8283939361572266
8322,435,0.21240234375,0.13069932162761688,29.707124710083008,0.8249920606613159
8323,443,0.21630859375,0.13066621124744415,29.370431900024414,0.8267534971237183
8324,602,0.2939453125,0.10481633245944977,25.461191177368164,0.8661639094352722
8325,645,0.31494140625,0.09880952537059784,25.217626571655273,0.8670673370361328
8326,622,0.3037109375,0.10420326888561249,25.26497459411621,0.8675392866134644
8327,736,0.359375,0.1006823480129242,22.923171997070312,0.8855629563331604
8328,806,0.3935546875,0.10069376230239868,23.87057113647461,0.8680137395858765
8329,702,0.3427734375,0.0982949286699295,24.18604850769043,0.8723650574684143
8330,932,0.455078125,0.09714224189519882,19.626888275146484,0.8975321650505066
8331,1031,0.50341796875,0.10901647061109543,19.223419189453125,0.9000629186630249
8332,905,0.44189453125,0.09617991000413895,20.700702667236328,0.8931809663772583
8333,944,0.4609375,0.09609080106019974,20.240156173706055,0.8942453265190125
8334,1118,0.5458984375,0.10889303684234619,21.67473793029785,0.8840413093566895
8335,983,0.47998046875,0.09964996576309204,23.221435546875,0.8706837892532349
8336,1051,0.51318359375,0.106260284781456,23.037107467651367,0.8781014680862427
8337,1112,0.54296875,0.11012057960033417,21.59119415283203,0.8845738768577576
8338,1279,0.62451171875,0.12613016366958618,24.874055862426758,0.8562605381011963
8339,1069,0.52197265625,0.11161474883556366,20.65317153930664,0.8884530663490295
8340,1095,0.53466796875,0.11573765426874161,20.501087188720703,0.8876996636390686
8341,1041,0.50830078125,0.1204524040222168,19.779823303222656,0.9007049202919006
8342,1033,0.50439453125,0.12416386604309082,20.26662254333496,0.8976942300796509
8343,889,0.43408203125,0.11859986186027527,22.528650283813477,0.8874394297599792
8344,836,0.408203125,0.10277057439088821,20.764450073242188,0.9043745398521423
8345,837,0.40869140625,0.1129905954003334,21.566028594970703,0.8973596692085266
8346,762,0.3720703125,0.10449140518903732,25.253196716308594,0.8665792346000671
8347,772,0.376953125,0.1079641580581665,25.696931838989258,0.8682462573051453
8348,737,0.35986328125,0.09838330000638962,24.476612091064453,0.8745027184486389
8349,558,0.2724609375,0.1275361031293869,29.17597007751465,0.8348959684371948
8350,617,0.30126953125,0.10728419572114944,26.266862869262695,0.8608828783035278
8351,794,0.3876953125,0.10795656591653824,25.307920455932617,0.8714442253112793
8352,807,0.39404296875,0.10499796271324158,25.47508430480957,0.870366632938385
8353,889,0.43408203125,0.11968613415956497,24.075096130371094,0.8818986415863037
8354,907,0.44287109375,0.1491236537694931,28.137012481689453,0.8423596024513245
8355,893,0.43603515625,0.14606505632400513,26.515432357788086,0.8562994003295898
8356,914,0.4462890625,0.1310039907693863,23.138105392456055,0.8774285912513733
8357,849,0.41455078125,0.10425952821969986,23.497915267944336,0.8811624646186829
8358,909,0.44384765625,0.13741326332092285,25.665008544921875,0.8561018109321594
8359,906,0.4423828125,0.13371026515960693,25.896982192993164,0.8571188449859619
8360,218,0.1064453125,0.1555139273405075,28.921113967895508,0.8465649485588074
8361,234,0.1142578125,0.16109895706176758,28.822290420532227,0.845916748046875
8362,233,0.11376953125,0.1552574783563614,30.49979591369629,0.8290463089942932
8363,228,0.111328125,0.14654825627803802,28.881986618041992,0.8468925356864929
8364,225,0.10986328125,0.14380429685115814,28.043132781982422,0.856104850769043
8365,218,0.1064453125,0.13589933514595032,29.885639190673828,0.8312807679176331
8366,217,0.10595703125,0.14594820141792297,29.62528419494629,0.8329718112945557
8367,226,0.1103515625,0.14583240449428558,29.065383911132812,0.8435412645339966
8368,227,0.11083984375,0.15667103230953217,29.095714569091797,0.8419394493103027
8369,220,0.107421875,0.14812934398651123,30.077373504638672,0.8290748596191406
8370,213,0.10400390625,0.1523236632347107,28.47782325744629,0.8487354516983032
8371,205,0.10009765625,0.1600378006696701,30.027076721191406,0.8299203515052795
8372,192,0.09375,0.1724836230278015,28.829025268554688,0.8417997360229492
8373,192,0.09375,0.17360301315784454,28.11057472229004,0.8468334078788757
8374,184,0.08984375,0.17886848747730255,29.045421600341797,0.8375888466835022
8375,183,0.08935546875,0.1645306646823883,27.98234748840332,0.847426176071167
8376,197,0.09619140625,0.16537289321422577,27.285860061645508,0.8563504815101624
8377,191,0.09326171875,0.17759203910827637,27.397708892822266,0.8535341620445251
8378,190,0.0927734375,0.17623214423656464,28.236186981201172,0.8437371253967285
8379,192,0.09375,0.17924845218658447,28.7736759185791,0.8415830135345459
8380,204,0.099609375,0.14985784888267517,29.824501037597656,0.8320620059967041
8381,204,0.099609375,0.14174169301986694,31.268951416015625,0.8152061700820923
8382,201,0.09814453125,0.14764027297496796,31.761699676513672,0.8108636140823364
8383,206,0.1005859375,0.14895746111869812,30.944141387939453,0.8203000426292419
8384,207,0.10107421875,0.147593691945076,31.554216384887695,0.8101886510848999
8385,217,0.10595703125,0.14246508479118347,30.58774185180664,0.8201038241386414
8386,229,0.11181640625,0.13974930346012115,31.096099853515625,0.8202185034751892
8387,229,0.11181640625,0.1377844363451004,30.84636688232422,0.8231247067451477
8388,228,0.111328125,0.1340443640947342,31.59409523010254,0.8135574460029602
8389,259,0.12646484375,0.14334504306316376,32.41946792602539,0.8085886836051941
8390,285,0.13916015625,0.16116027534008026,33.83432388305664,0.7885103821754456
8391,309,0.15087890625,0.1762612760066986,37.820167541503906,0.7452648878097534
8392,322,0.1572265625,0.17641916871070862,40.25940704345703,0.71463942527771
8393,327,0.15966796875,0.1683903932571411,37.396812438964844,0.7508829832077026
8394,283,0.13818359375,0.16708502173423767,36.17705535888672,0.7644795775413513
8395,269,0.13134765625,0.14951182901859283,35.21929168701172,0.7795072197914124
8396,255,0.12451171875,0.14309900999069214,34.967735290527344,0.7843005657196045
8397,243,0.11865234375,0.1426517814397812,35.096153259277344,0.7818975448608398
8398,239,0.11669921875,0.13497260212898254,32.91472625732422,0.8031436800956726
8399,229,0.11181640625,0.13349072635173798,32.349693298339844,0.805082380771637
8400,59,0.02880859375,0.2611687183380127,43.3213996887207,0.6678583025932312
8401,65,0.03173828125,0.2513027489185333,37.94465255737305,0.7445282936096191
8402,61,0.02978515625,0.2534916400909424,38.859588623046875,0.7311587929725647
8403,53,0.02587890625,0.27181342244148254,35.749515533447266,0.770187258720398
8404,49,0.02392578125,0.26496976613998413,37.23993682861328,0.7436006665229797
8405,41,0.02001953125,0.27498263120651245,38.98072052001953,0.7248225212097168
8406,39,0.01904296875,0.2865385413169861,38.81863021850586,0.7363330721855164
8407,49,0.02392578125,0.2554951310157776,39.78141403198242,0.7211149334907532
8408,45,0.02197265625,0.2776220440864563,38.68551254272461,0.7317560911178589
8409,37,0.01806640625,0.30111876130104065,37.55492401123047,0.755089521408081
8410,37,0.01806640625,0.2955620586872101,39.90861129760742,0.720605194568634
8411,32,0.015625,0.31454312801361084,39.00103759765625,0.7327748537063599
8412,40,0.01953125,0.28634047508239746,37.439971923828125,0.7379443049430847
8413,43,0.02099609375,0.2816556394100189,38.84827423095703,0.727989137172699
8414,38,0.0185546875,0.2985614538192749,36.0659294128418,0.7617258429527283
8415,49,0.02392578125,0.26720502972602844,37.135128021240234,0.7505543231964111
8416,48,0.0234375,0.2749072015285492,40.33818054199219,0.7186834216117859
8417,41,0.02001953125,0.27137476205825806,37.90367126464844,0.7459034323692322
8418,43,0.02099609375,0.27237629890441895,36.31785583496094,0.7612342834472656
8419,57,0.02783203125,0.24622783064842224,38.94487380981445,0.7253867983818054
8420,48,0.0234375,0.26544660329818726,36.56854248046875,0.7664446234703064
8421,39,0.01904296875,0.30590957403182983,36.37420654296875,0.7614951133728027
8422,36,0.017578125,0.29750141501426697,35.50790786743164,0.7678471803665161
8423,37,0.01806640625,0.2927306294441223,38.36906814575195,0.732799232006073
8424,39,0.01904296875,0.2854662239551544,33.95205307006836,0.7802462577819824
8425,42,0.0205078125,0.2916737496852875,36.90867233276367,0.7530205249786377
8426,50,0.0244140625,0.26793885231018066,37.923824310302734,0.7448209524154663
8427,48,0.0234375,0.26220884919166565,38.02632141113281,0.7427000403404236
8428,55,0.02685546875,0.25884512066841125,38.40909194946289,0.7362717390060425
8429,47,0.02294921875,0.2708929479122162,37.16297149658203,0.7534273266792297
8430,38,0.0185546875,0.28501757979393005,32.025779724121094,0.81003737449646
8431,50,0.0244140625,0.2620812654495239,35.464900970458984,0.7751577496528625
8432,57,0.02783203125,0.2615162432193756,37.457496643066406,0.7468252778053284
8433,66,0.0322265625,0.20877838134765625,34.828556060791016,0.7711043953895569
8434,72,0.03515625,0.2042694240808487,37.84321212768555,0.7360601425170898
8435,66,0.0322265625,0.2237015813589096,34.244110107421875,0.777067244052887
8436,79,0.03857421875,0.210146963596344,37.957950592041016,0.7426537871360779
8437,80,0.0390625,0.2248772382736206,37.16902542114258,0.7537320256233215
8438,73,0.03564453125,0.21995404362678528,36.2520751953125,0.7631649374961853
8439,66,0.0322265625,0.23494617640972137,34.359683990478516,0.7781569361686707
8440,1249,0.60986328125,0.13624973595142365,17.820356369018555,0.9152588844299316
8441,1247,0.60888671875,0.13251034915447235,16.935163497924805,0.9215049743652344
8442,1289,0.62939453125,0.13224133849143982,17.67751693725586,0.9166576266288757
8443,1294,0.6318359375,0.12823951244354248,17.95937156677246,0.9205513000488281
8444,1297,0.63330078125,0.1218051090836525,14.960464477539062,0.9401445388793945
8445,1306,0.6376953125,0.12146124988794327,15.069337844848633,0.9403742551803589
8446,1348,0.658203125,0.12641851603984833,17.13864517211914,0.9249603748321533
8447,1312,0.640625,0.1211368665099144,14.540169715881348,0.9413554668426514
8448,1241,0.60595703125,0.11760810017585754,12.1167631149292,0.9586919546127319
8449,1308,0.638671875,0.1112363338470459,12.11275863647461,0.9567846059799194
8450,1271,0.62060546875,0.10899342596530914,11.429598808288574,0.9639908671379089
8451,1257,0.61376953125,0.10844559967517853,11.547089576721191,0.9633301496505737
8452,1259,0.61474609375,0.10848052054643631,11.430888175964355,0.964637041091919
8453,1264,0.6171875,0.10899805277585983,11.674339294433594,0.9632108807563782
8454,1269,0.61962890625,0.10858924686908722,11.801427841186523,0.9622747898101807
8455,1268,0.619140625,0.10768765956163406,11.979974746704102,0.9606525301933289
8456,1297,0.63330078125,0.1080096885561943,11.529292106628418,0.9607057571411133
8457,1256,0.61328125,0.10833259671926498,11.566627502441406,0.9648630619049072
8458,1265,0.61767578125,0.11017170548439026,12.101116180419922,0.9644525647163391
8459,1306,0.6376953125,0.11024165898561478,11.44991683959961,0.9614315629005432
8460,1379,0.67333984375,0.1186215952038765,15.41936206817627,0.932002067565918
8461,1302,0.6357421875,0.10993032902479172,12.137749671936035,0.9597375988960266
8462,1275,0.62255859375,0.11349397152662277,12.377471923828125,0.9591494202613831
8463,1312,0.640625,0.11784598231315613,12.344898223876953,0.9561780691146851
8464,1338,0.6533203125,0.1202511191368103,13.302896499633789,0.9480257630348206
8465,1314,0.6416015625,0.11584809422492981,11.982356071472168,0.9578050971031189
8466,1361,0.66455078125,0.1213630959391594,14.03024673461914,0.9425318837165833
8467,1321,0.64501953125,0.11357591301202774,13.258492469787598,0.9514005780220032
8468,1296,0.6328125,0.11257240176200867,13.568549156188965,0.9510356783866882
8469,1286,0.6279296875,0.11222843825817108,13.122984886169434,0.9543251991271973
8470,1319,0.64404296875,0.11135223507881165,12.445344924926758,0.9548919200897217
8471,1277,0.62353515625,0.10892000049352646,11.396899223327637,0.9633545279502869
8472,1239,0.60498046875,0.11488333344459534,11.662322998046875,0.9614927768707275
8473,1249,0.60986328125,0.11168479174375534,11.575491905212402,0.9634174108505249
8474,1242,0.6064453125,0.11323647946119308,11.701546669006348,0.9624586701393127
8475,1234,0.6025390625,0.11315460503101349,11.843012809753418,0.9616186022758484
8476,1291,0.63037109375,0.11810189485549927,12.103105545043945,0.9565742015838623
8477,1285,0.62744140625,0.12247087061405182,13.332289695739746,0.9490104913711548
8478,1277,0.62353515625,0.12035726755857468,13.438525199890137,0.9505710005760193
8479,1303,0.63623046875,0.11947192251682281,14.09346866607666,0.9460226893424988
8480,140,0.068359375,0.13303032517433167,36.33758544921875,0.7679433822631836
8481,144,0.0703125,0.1311051845550537,38.07429504394531,0.7485005855560303
8482,136,0.06640625,0.12735408544540405,38.463836669921875,0.7428059577941895
8483,141,0.06884765625,0.13089148700237274,38.435428619384766,0.7462568879127502
8484,126,0.0615234375,0.1301094889640808,35.77663040161133,0.7773836851119995
8485,128,0.0625,0.13695040345191956,38.13623809814453,0.7464759945869446
8486,118,0.0576171875,0.1390191614627838,37.27869415283203,0.7551669478416443
8487,129,0.06298828125,0.14583997428417206,38.029685974121094,0.7474932074546814
8488,126,0.0615234375,0.14405971765518188,37.828182220458984,0.7479222416877747
8489,123,0.06005859375,0.14753268659114838,39.6287727355957,0.7275410294532776
8490,121,0.05908203125,0.15029902756214142,38.746421813964844,0.736345648765564
8491,121,0.05908203125,0.14384953677654266,36.02748107910156,0.7706101536750793
8492,115,0.05615234375,0.13071931898593903,35.29164505004883,0.773341715335846
8493,122,0.0595703125,0.12989182770252228,36.73112487792969,0.7568789124488831
8494,124,0.060546875,0.13675017654895782,38.4602165222168,0.7331425547599792
8495,117,0.05712890625,0.13287240266799927,35.90353012084961,0.7657586932182312
8496,111,0.05419921875,0.13881272077560425,37.432044982910156,0.7514570951461792
8497,106,0.0517578125,0.1360439956188202,36.84939956665039,0.7570302486419678
8498,105,0.05126953125,0.13233615458011627,34.74696731567383,0.7828671336174011
8499,112,0.0546875,0.13284271955490112,37.71381378173828,0.7476337552070618
8500,110,0.0537109375,0.13211628794670105,36.339839935302734,0.7601801156997681
8501,107,0.05224609375,0.13246652483940125,35.986656188964844,0.7707475423812866
8502,116,0.056640625,0.13097797334194183,36.803157806396484,0.7517455816268921
8503,120,0.05859375,0.13591338694095612,36.87306213378906,0.7567872405052185
8504,117,0.05712890625,0.12981583178043365,37.31520080566406,0.7532656788825989
8505,117,0.05712890625,0.13147567212581635,36.74100875854492,0.7625484466552734
8506,121,0.05908203125,0.12811657786369324,36.54173278808594,0.759441614151001
8507,117,0.05712890625,0.12801505625247955,36.30070114135742,0.7636699080467224
8508,118,0.0576171875,0.12207837402820587,36.487274169921875,0.7573736310005188
8509,123,0.06005859375,0.12069430202245712,37.32408142089844,0.7509893178939819
8510,128,0.0625,0.11725635826587677,37.91279983520508,0.7411351203918457
8511,131,0.06396484375,0.12082011252641678,37.20750045776367,0.7523987293243408
8512,134,0.0654296875,0.11887812614440918,37.19878005981445,0.7519075870513916
8513,130,0.0634765625,0.1186329573392868,34.419395446777344,0.7885712385177612
8514,142,0.0693359375,0.13564175367355347,35.52294921875,0.7788642644882202
8515,138,0.0673828125,0.13865941762924194,35.89620590209961,0.7758491635322571
8516,131,0.06396484375,0.12216117978096008,35.01030731201172,0.7809258699417114
8517,135,0.06591796875,0.12440414726734161,38.313053131103516,0.7378078699111938
8518,128,0.0625,0.11627717316150665,35.40727615356445,0.7749729156494141
8519,133,0.06494140625,0.12510119378566742,36.241127014160156,0.7646370530128479
8520,132,0.064453125,0.1449274867773056,31.921733856201172,0.8069525957107544
8521,133,0.06494140625,0.13735155761241913,32.47231674194336,0.7964855432510376
8522,133,0.06494140625,0.12662248313426971,31.541379928588867,0.8065391182899475
8523,123,0.06005859375,0.11725533753633499,29.988603591918945,0.819516122341156
8524,114,0.0556640625,0.10731133073568344,28.696575164794922,0.8337097764015198
8525,115,0.05615234375,0.1210177093744278,28.91278839111328,0.8358983397483826
8526,109,0.05322265625,0.11021453142166138,31.00153160095215,0.811357855796814
8527,111,0.05419921875,0.10419394075870514,30.91610336303711,0.8142295479774475
8528,100,0.048828125,0.09611162543296814,30.36426544189453,0.816346287727356
8529,106,0.0517578125,0.10241641849279404,30.95932960510254,0.8138084411621094
8530,96,0.046875,0.09809170663356781,28.07342529296875,0.8392741084098816
8531,102,0.0498046875,0.10477098077535629,31.57646942138672,0.8054618835449219
8532,100,0.048828125,0.10229337215423584,30.528329849243164,0.8167959451675415
8533,106,0.0517578125,0.1075778603553772,30.34288215637207,0.8151694536209106
8534,97,0.04736328125,0.10980701446533203,28.614288330078125,0.8285069465637207
8535,103,0.05029296875,0.10071399062871933,29.690080642700195,0.8204556107521057
8536,104,0.05078125,0.10028816759586334,28.459096908569336,0.840682864189148
8537,100,0.048828125,0.0986686497926712,27.0866641998291,0.8542682528495789
8538,99,0.04833984375,0.09689353406429291,28.629138946533203,0.8410634398460388
8539,98,0.0478515625,0.09656599164009094,29.934099197387695,0.8266221880912781
8540,104,0.05078125,0.09864839911460876,28.909671783447266,0.8397893905639648
8541,94,0.0458984375,0.09518229961395264,31.666776657104492,0.8114301562309265
8542,91,0.04443359375,0.09780950099229813,32.536155700683594,0.805137574672699
8543,95,0.04638671875,0.09250848740339279,29.217987060546875,0.8280694484710693
8544,97,0.04736328125,0.0887182429432869,28.211931228637695,0.8436916470527649
8545,93,0.04541015625,0.0959976390004158,30.275306701660156,0.825840950012207
8546,101,0.04931640625,0.09450728446245193,30.128347396850586,0.8245993256568909
8547,103,0.05029296875,0.0950300395488739,29.445554733276367,0.8399785161018372
8548,96,0.046875,0.09415150433778763,26.354896545410156,0.8618140816688538
8549,111,0.05419921875,0.0951135978102684,30.47356605529785,0.8232945799827576
8550,117,0.05712890625,0.11068680882453918,30.395660400390625,0.8208271265029907
8551,118,0.0576171875,0.10074356198310852,31.99955177307129,0.8031228184700012
8552,123,0.06005859375,0.11423749476671219,30.959428787231445,0.8173949718475342
8553,121,0.05908203125,0.1030893549323082,33.54670333862305,0.7898143529891968
8554,118,0.0576171875,0.10381794720888138,31.134496688842773,0.8115689158439636
8555,106,0.0517578125,0.09039895981550217,27.828609466552734,0.846869707107544
8556,117,0.05712890625,0.09680617600679398,29.720008850097656,0.8233245611190796
8557,125,0.06103515625,0.11301401257514954,29.427188873291016,0.8247089982032776
8558,121,0.05908203125,0.1181076392531395,31.143192291259766,0.8077020049095154
8559,121,0.05908203125,0.122939832508564,29.50865364074707,0.8299751877784729
8560,241,0.11767578125,0.14011399447917938,31.846097946166992,0.8085587024688721
8561,263,0.12841796875,0.12629175186157227,30.04343605041504,0.8302123546600342
8562,236,0.115234375,0.12548516690731049,28.880762100219727,0.8422259092330933
8563,246,0.1201171875,0.13075624406337738,27.7337589263916,0.849910318851471
8564,253,0.12353515625,0.1353135108947754,29.158388137817383,0.8369391560554504
8565,237,0.11572265625,0.13029426336288452,30.632244110107422,0.8205565214157104
8566,250,0.1220703125,0.13025474548339844,29.230567932128906,0.8361129760742188
8567,224,0.109375,0.14394590258598328,32.08513641357422,0.8105592727661133
8568,248,0.12109375,0.13966770470142365,29.918685913085938,0.8288984894752502
8569,271,0.13232421875,0.1271381974220276,29.56745719909668,0.8277701139450073
8570,268,0.130859375,0.13117583096027374,28.8089656829834,0.8403034210205078
8571,270,0.1318359375,0.12963679432868958,29.8231201171875,0.8287645578384399
8572,286,0.1396484375,0.12745524942874908,30.072551727294922,0.8307191133499146
8573,312,0.15234375,0.13029058277606964,32.62853240966797,0.7977432608604431
8574,310,0.1513671875,0.13942013680934906,29.895748138427734,0.823352575302124
8575,253,0.12353515625,0.13290634751319885,27.505428314208984,0.851334810256958
8576,244,0.119140625,0.1302448809146881,29.436662673950195,0.8308036923408508
8577,250,0.1220703125,0.13907423615455627,29.37537956237793,0.8292031288146973
8578,219,0.10693359375,0.1366863250732422,27.8858699798584,0.8490694165229797
8579,209,0.10205078125,0.14022985100746155,29.844635009765625,0.8258596658706665
8580,187,0.09130859375,0.1398344337940216,30.118576049804688,0.8268037438392639
8581,161,0.07861328125,0.12708784639835358,29.432693481445312,0.8295462727546692
8582,141,0.06884765625,0.1070631742477417,27.122108459472656,0.8543621301651001
8583,147,0.07177734375,0.11593065410852432,28.025188446044922,0.8443625569343567
8584,146,0.0712890625,0.12308922410011292,28.70363426208496,0.8360710740089417
8585,154,0.0751953125,0.12943525612354279,28.904151916503906,0.8309228420257568
8586,150,0.0732421875,0.11402928829193115,26.76193618774414,0.8557517528533936
8587,141,0.06884765625,0.11499716341495514,28.0026912689209,0.8445690274238586
8588,139,0.06787109375,0.11773984134197235,27.882144927978516,0.843566358089447
8589,141,0.06884765625,0.11240562796592712,28.796165466308594,0.8362386226654053
8590,146,0.0712890625,0.13939300179481506,28.55520248413086,0.8382874131202698
8591,151,0.07373046875,0.13951441645622253,28.8721923828125,0.8376330733299255
8592,162,0.0791015625,0.15105795860290527,29.130516052246094,0.8341426253318787
8593,161,0.07861328125,0.17096957564353943,29.94713592529297,0.8252767324447632
8594,145,0.07080078125,0.14035269618034363,28.557939529418945,0.8406552076339722
8595,149,0.07275390625,0.1482105851173401,27.20073699951172,0.8541532158851624
8596,144,0.0703125,0.12720128893852234,28.26862144470215,0.841640293598175
8597,144,0.0703125,0.14263029396533966,28.400650024414062,0.8378244042396545
8598,147,0.07177734375,0.1352507323026657,27.819522857666016,0.8468956351280212
8599,137,0.06689453125,0.1383935958147049,27.523700714111328,0.8497284650802612
8600,180,0.087890625,0.3721640408039093,45.72594451904297,0.6409010291099548
8601,375,0.18310546875,0.22302478551864624,30.530080795288086,0.8112574219703674
8602,552,0.26953125,0.152767613530159,27.58297348022461,0.8494811058044434
8603,546,0.2666015625,0.17089645564556122,27.991840362548828,0.842441201210022
8604,522,0.2548828125,0.1717197746038437,28.30280113220215,0.8378983736038208
8605,588,0.287109375,0.15043789148330688,28.922080993652344,0.8373615145683289
8606,674,0.3291015625,0.13796067237854004,26.668365478515625,0.8558120727539062
8607,697,0.34033203125,0.14208929240703583,27.20429039001465,0.8512428998947144
8608,702,0.3427734375,0.1488509476184845,29.201828002929688,0.8283401727676392
8609,721,0.35205078125,0.14495691657066345,30.572452545166016,0.8136802315711975
8610,703,0.34326171875,0.13379043340682983,29.110939025878906,0.8315150737762451
8611,696,0.33984375,0.13677848875522614,26.78238296508789,0.8554362058639526
8612,642,0.3134765625,0.13933539390563965,28.334346771240234,0.8445773124694824
8613,745,0.36376953125,0.14017486572265625,26.86914825439453,0.8565295934677124
8614,735,0.35888671875,0.1408977508544922,27.477481842041016,0.8513641953468323
8615,718,0.3505859375,0.13876409828662872,28.183536529541016,0.8436926007270813
8616,724,0.353515625,0.14114126563072205,31.02965545654297,0.817013144493103
8617,711,0.34716796875,0.1599944829940796,35.356346130371094,0.7714654207229614
8618,732,0.357421875,0.15365542471408844,30.791805267333984,0.814409077167511
8619,588,0.287109375,0.14771884679794312,29.84211540222168,0.8255931735038757
8620,498,0.2431640625,0.17655381560325623,32.080326080322266,0.7997779846191406
8621,531,0.25927734375,0.16563932597637177,30.09944725036621,0.8144153356552124
8622,525,0.25634765625,0.15978938341140747,27.165666580200195,0.8460559248924255
8623,597,0.29150390625,0.15252360701560974,26.91182518005371,0.8471525311470032
8624,519,0.25341796875,0.16520275175571442,28.637874603271484,0.8317210674285889
8625,581,0.28369140625,0.1561325043439865,28.85895538330078,0.8324713706970215
8626,290,0.1416015625,0.22953933477401733,34.02259063720703,0.7624810338020325
8627,354,0.1728515625,0.1935286521911621,29.566499710083008,0.8137892484664917
8628,337,0.16455078125,0.20040388405323029,30.081071853637695,0.8095325231552124
8629,274,0.1337890625,0.24621093273162842,38.165931701660156,0.724514365196228
8630,351,0.17138671875,0.2014256715774536,29.834449768066406,0.8146231174468994
8631,588,0.287109375,0.15060362219810486,26.946693420410156,0.8532315492630005
8632,598,0.2919921875,0.15660397708415985,27.57474708557129,0.843937337398529
8633,418,0.2041015625,0.18914157152175903,27.447669982910156,0.8385740518569946
8634,419,0.20458984375,0.20938219130039215,28.450756072998047,0.8361244201660156
8635,537,0.26220703125,0.16962571442127228,27.031232833862305,0.8474559783935547
8636,454,0.2216796875,0.20634141564369202,30.65032958984375,0.8112234473228455
8637,307,0.14990234375,0.2389509379863739,37.97028732299805,0.7393224239349365
8638,543,0.26513671875,0.16640043258666992,28.140880584716797,0.8342655301094055
8639,586,0.2861328125,0.15543246269226074,29.270227432250977,0.8297716379165649
8640,323,0.15771484375,0.12707285583019257,26.40691566467285,0.8536168336868286
8641,311,0.15185546875,0.13301660120487213,26.797954559326172,0.8522279262542725
8642,320,0.15625,0.13368192315101624,26.025890350341797,0.8554784059524536
8643,323,0.15771484375,0.1312159150838852,26.33526611328125,0.8557198643684387
8644,318,0.1552734375,0.13533373177051544,25.649524688720703,0.8614577651023865
8645,323,0.15771484375,0.12848195433616638,25.619932174682617,0.8514074683189392
8646,314,0.1533203125,0.1374935507774353,27.428054809570312,0.833646833896637
8647,322,0.1572265625,0.13031280040740967,24.85801124572754,0.8651350736618042
8648,321,0.15673828125,0.12643931806087494,24.484649658203125,0.8697396516799927
8649,364,0.177734375,0.11286722868680954,30.247169494628906,0.8174071907997131
8650,364,0.177734375,0.11249752342700958,30.450597763061523,0.8211708664894104
8651,390,0.1904296875,0.10667083412408829,30.501033782958984,0.8175316452980042
8652,396,0.193359375,0.10841722786426544,30.72707748413086,0.8139963150024414
8653,401,0.19580078125,0.10933494567871094,31.16537094116211,0.8165736794471741
8654,444,0.216796875,0.12834572792053223,30.405759811401367,0.8248977661132812
8655,464,0.2265625,0.16289527714252472,31.78615951538086,0.8102326989173889
8656,492,0.240234375,0.16697286069393158,31.57149314880371,0.8125684857368469
8657,461,0.22509765625,0.14905521273612976,29.76103401184082,0.8297584056854248
8658,435,0.21240234375,0.12929394841194153,29.05060386657715,0.8339646458625793
8659,416,0.203125,0.1393515020608902,28.812726974487305,0.832900881767273
8660,394,0.1923828125,0.11967441439628601,28.491870880126953,0.8409607410430908
8661,403,0.19677734375,0.13596509397029877,29.045236587524414,0.8332063555717468
8662,406,0.1982421875,0.14176495373249054,29.49210548400879,0.8275503516197205
8663,400,0.1953125,0.13698165118694305,28.610689163208008,0.8378459215164185
8664,389,0.18994140625,0.14398431777954102,29.262340545654297,0.832024872303009
8665,367,0.17919921875,0.13056576251983643,29.56231117248535,0.8318456411361694
8666,350,0.1708984375,0.12059085071086884,28.09776496887207,0.8458779454231262
8667,357,0.17431640625,0.14400139451026917,29.424734115600586,0.8316105008125305
8668,350,0.1708984375,0.12334749102592468,28.833301544189453,0.8378088474273682
8669,341,0.16650390625,0.11861366033554077,28.142349243164062,0.8474438190460205
8670,323,0.15771484375,0.11469778418540955,28.8640193939209,0.8356688022613525
8671,309,0.15087890625,0.1246432438492775,29.412412643432617,0.8345146179199219
8672,328,0.16015625,0.11290992051362991,29.260021209716797,0.8331329822540283
8673,342,0.1669921875,0.11902328580617905,29.160789489746094,0.8345625996589661
8674,368,0.1796875,0.11605967581272125,28.73973846435547,0.8376458287239075
8675,361,0.17626953125,0.11403506994247437,28.536203384399414,0.8436439633369446
8676,360,0.17578125,0.11610329151153564,28.383594512939453,0.8466672301292419
8677,375,0.18310546875,0.13910116255283356,29.911903381347656,0.8249046802520752
8678,391,0.19091796875,0.1505800187587738,30.927204132080078,0.8135230541229248
8679,427,0.20849609375,0.24166464805603027,33.99699401855469,0.7819167971611023
8680,221,0.10791015625,0.16332869231700897,35.406436920166016,0.7753401398658752
8681,223,0.10888671875,0.15911857783794403,35.14378356933594,0.7761010527610779
8682,207,0.10107421875,0.14712688326835632,34.673095703125,0.7810335755348206
8683,180,0.087890625,0.13434673845767975,34.30290603637695,0.7864305973052979
8684,183,0.08935546875,0.12805674970149994,33.59006118774414,0.791831910610199
8685,174,0.0849609375,0.13905709981918335,32.95964050292969,0.8004600405693054
8686,164,0.080078125,0.1453205645084381,33.2475700378418,0.7999997735023499
8687,140,0.068359375,0.14259383082389832,34.05376052856445,0.7942156195640564
8688,149,0.07275390625,0.1400781273841858,35.72163391113281,0.7743006944656372
8689,149,0.07275390625,0.14457598328590393,36.279884338378906,0.7661253809928894
8690,159,0.07763671875,0.14312809705734253,34.93486022949219,0.7764944434165955
8691,192,0.09375,0.12915050983428955,31.898347854614258,0.8074353337287903
8692,182,0.0888671875,0.13097620010375977,32.81941223144531,0.8005796074867249
8693,170,0.0830078125,0.13375775516033173,33.081729888916016,0.8000115752220154
8694,169,0.08251953125,0.1377018541097641,31.664859771728516,0.8189088106155396
8695,184,0.08984375,0.1436457335948944,34.303531646728516,0.7898224592208862
8696,186,0.0908203125,0.13481231033802032,32.04426574707031,0.8124783635139465
8697,186,0.0908203125,0.12531118094921112,30.913509368896484,0.821505069732666
8698,202,0.0986328125,0.12719719111919403,32.50673294067383,0.8029543161392212
8699,191,0.09326171875,0.1313210427761078,32.62788009643555,0.7986321449279785
8700,190,0.0927734375,0.12381047010421753,30.56618309020996,0.8251035213470459
8701,215,0.10498046875,0.13017474114894867,32.006805419921875,0.806280791759491
8702,217,0.10595703125,0.12267141789197922,29.752138137817383,0.8308370113372803
8703,227,0.11083984375,0.1272566020488739,30.850305557250977,0.8131728172302246
8704,218,0.1064453125,0.12176042795181274,30.69917869567871,0.8124417662620544
8705,263,0.12841796875,0.1276184618473053,32.236141204833984,0.7925102114677429
8706,268,0.130859375,0.12496990710496902,33.28080368041992,0.7779738903045654
8707,246,0.1201171875,0.1237231120467186,32.03153610229492,0.7966511249542236
8708,235,0.11474609375,0.12452360987663269,31.877933502197266,0.7954415678977966
8709,277,0.13525390625,0.1398562490940094,31.702899932861328,0.7991554737091064
8710,261,0.12744140625,0.15891779959201813,32.84239959716797,0.7833913564682007
8711,243,0.11865234375,0.12309727072715759,32.813777923583984,0.7908428311347961
8712,294,0.1435546875,0.13840802013874054,31.031692504882812,0.808652937412262
8713,301,0.14697265625,0.14519749581813812,31.419551849365234,0.8055107593536377
8714,274,0.1337890625,0.1450469195842743,31.271345138549805,0.806571900844574
8715,312,0.15234375,0.181008979678154,32.834659576416016,0.7859076261520386
8716,279,0.13623046875,0.14742949604988098,31.614370346069336,0.8005965948104858
8717,244,0.119140625,0.1664089411497116,32.887596130371094,0.7933488488197327
8718,270,0.1318359375,0.17931513488292694,32.66015625,0.7960472702980042
8719,295,0.14404296875,0.20183736085891724,33.57654571533203,0.7766052484512329
8720,121,0.05908203125,0.13773629069328308,38.30350875854492,0.743014395236969
8721,112,0.0546875,0.14585715532302856,37.68344497680664,0.751937747001648
8722,115,0.05615234375,0.14156772196292877,37.69924545288086,0.7454821467399597
8723,121,0.05908203125,0.13691219687461853,35.85776901245117,0.7722392678260803
8724,143,0.06982421875,0.1447523534297943,37.721195220947266,0.7501214146614075
8725,131,0.06396484375,0.14387385547161102,36.23794174194336,0.7636764049530029
8726,120,0.05859375,0.14091521501541138,35.02970504760742,0.774359405040741
8727,107,0.05224609375,0.1444971263408661,36.166324615478516,0.7715060710906982
8728,109,0.05322265625,0.14896458387374878,35.168094635009766,0.7727707624435425
8729,104,0.05078125,0.15816999971866608,36.84828186035156,0.7581354379653931
8730,102,0.0498046875,0.14632487297058105,37.11544418334961,0.7582533359527588
8731,106,0.0517578125,0.1406034231185913,37.51089859008789,0.7462830543518066
8732,111,0.05419921875,0.1399235725402832,36.69393539428711,0.7618193030357361
8733,114,0.0556640625,0.13614949584007263,39.68466567993164,0.7282681465148926
8734,106,0.0517578125,0.12788574397563934,38.650177001953125,0.737232506275177
8735,108,0.052734375,0.1470090001821518,38.74736404418945,0.7309056520462036
8736,116,0.056640625,0.1362638920545578,38.146522521972656,0.750643253326416
8737,114,0.0556640625,0.1340816766023636,37.13399887084961,0.7592153549194336
8738,102,0.0498046875,0.13890132308006287,37.87250518798828,0.7540450692176819
8739,100,0.048828125,0.14373566210269928,39.22200012207031,0.7296106219291687
8740,94,0.0458984375,0.1608009785413742,39.64368438720703,0.7300504446029663
8741,101,0.04931640625,0.1532638967037201,38.615413665771484,0.7380316853523254
8742,105,0.05126953125,0.12865282595157623,37.4429817199707,0.7589306235313416
8743,106,0.0517578125,0.13191482424736023,35.738243103027344,0.7777013182640076
8744,101,0.04931640625,0.13209247589111328,37.449195861816406,0.7526496648788452
8745,97,0.04736328125,0.13350282609462738,37.3158073425293,0.7598870396614075
8746,97,0.04736328125,0.13502542674541473,37.89362335205078,0.7507513165473938
8747,101,0.04931640625,0.14659874141216278,37.24809646606445,0.7538011074066162
8748,98,0.0478515625,0.155745729804039,37.479854583740234,0.7514718770980835
8749,94,0.0458984375,0.1460939198732376,38.45796585083008,0.748244047164917
8750,88,0.04296875,0.16499605774879456,37.47208023071289,0.7528796792030334
8751,88,0.04296875,0.16685594618320465,39.7638053894043,0.7310629487037659
8752,85,0.04150390625,0.16349300742149353,38.775516510009766,0.7381674647331238
8753,79,0.03857421875,0.17967049777507782,37.9320068359375,0.747872531414032
8754,75,0.03662109375,0.17542852461338043,39.7637939453125,0.729736328125
8755,69,0.03369140625,0.1893869787454605,37.726863861083984,0.7513312101364136
8756,70,0.0341796875,0.1890649050474167,39.61735916137695,0.7261414527893066
8757,73,0.03564453125,0.18152153491973877,39.598052978515625,0.72381991147995
8758,79,0.03857421875,0.1744181215763092,37.13029861450195,0.7606013417243958
8759,81,0.03955078125,0.17271672189235687,38.05376434326172,0.7448837161064148
8760,524,0.255859375,0.1028667464852333,33.73920822143555,0.7780793309211731
8761,536,0.26171875,0.10036618262529373,29.378515243530273,0.8176242113113403
8762,541,0.26416015625,0.09493761509656906,27.227100372314453,0.8363040089607239
8763,499,0.24365234375,0.10531037300825119,27.58143424987793,0.8276031613349915
8764,540,0.263671875,0.09755101799964905,26.495298385620117,0.8402474522590637
8765,563,0.27490234375,0.10088152438402176,32.563846588134766,0.7881409525871277
8766,525,0.25634765625,0.10302158445119858,32.80341339111328,0.7910798788070679
8767,570,0.2783203125,0.09219875186681747,26.803585052490234,0.8404055237770081
8768,583,0.28466796875,0.09107726067304611,27.8829288482666,0.8320445418357849
8769,601,0.29345703125,0.0959249883890152,28.01024627685547,0.8291345238685608
8770,934,0.4560546875,0.0948677584528923,28.406097412109375,0.8278734683990479
8771,1128,0.55078125,0.09634598344564438,25.734703063964844,0.8483989238739014
8772,1324,0.646484375,0.10351942479610443,37.52562713623047,0.7471489310264587
8773,546,0.2666015625,0.15271681547164917,35.15961456298828,0.7571381330490112
8774,548,0.267578125,0.16205556690692902,37.02432632446289,0.7266464233398438
8775,541,0.26416015625,0.149912029504776,34.25040054321289,0.7627838253974915
8776,506,0.2470703125,0.1515570431947708,38.09978103637695,0.7141029834747314
8777,510,0.2490234375,0.1610998660326004,39.35591506958008,0.7171338796615601
8778,1114,0.5439453125,0.10646159946918488,25.029687881469727,0.8589915037155151
8779,1082,0.5283203125,0.10982111841440201,27.412742614746094,0.839294970035553
8780,923,0.45068359375,0.11826599389314651,30.96184730529785,0.803305447101593
8781,948,0.462890625,0.11404747515916824,29.23270606994629,0.8184098601341248
8782,925,0.45166015625,0.10907004773616791,29.747177124023438,0.8134253621101379
8783,947,0.46240234375,0.11543697118759155,30.00319480895996,0.8103429675102234
8784,1012,0.494140625,0.11094193160533905,27.731653213500977,0.8376684784889221
8785,1160,0.56640625,0.10115920007228851,32.551788330078125,0.8044407367706299
8786,1408,0.6875,0.10699218511581421,36.16053009033203,0.760886549949646
8787,1379,0.67333984375,0.10841843485832214,38.22817611694336,0.7480717301368713
8788,1307,0.63818359375,0.10461544990539551,37.69109344482422,0.7554215788841248
8789,1238,0.6044921875,0.10522830486297607,36.986602783203125,0.761009156703949
8790,1425,0.69580078125,0.112217016518116,37.46193313598633,0.7434682250022888
8791,620,0.302734375,0.15619337558746338,49.082374572753906,0.6103731989860535
8792,1190,0.5810546875,0.11360135674476624,29.837434768676758,0.8163048624992371
8793,1079,0.52685546875,0.1072220578789711,32.76530075073242,0.7997717261314392
8794,423,0.20654296875,0.14537620544433594,43.26271057128906,0.6820648312568665
8795,385,0.18798828125,0.1388118863105774,43.341732025146484,0.6803867816925049
8796,544,0.265625,0.10784149914979935,40.283538818359375,0.7222164869308472
8797,573,0.27978515625,0.11907067149877548,38.8335075378418,0.7369158864021301
8798,381,0.18603515625,0.150234654545784,39.05574417114258,0.734528124332428
8799,371,0.18115234375,0.14988844096660614,40.38003158569336,0.7198467254638672
