ray_idx,hit_count,hit_ratio,rmse_hit,angle_mean_deg_hit,cos_mean_hit
0,4933,0.5605681538581848,0.12013598531484604,32.383018493652344,0.7950608730316162
1,4986,0.5665909051895142,0.13778546452522278,32.39449691772461,0.7954995632171631
2,4896,0.5563636422157288,0.1200014278292656,31.889585494995117,0.8020455241203308
3,4996,0.567727267742157,0.14819125831127167,31.642663955688477,0.8047839403152466
4,4918,0.558863639831543,0.13910719752311707,31.677955627441406,0.8011998534202576
5,4767,0.541704535484314,0.13766437768936157,32.74740219116211,0.7911601662635803
6,5119,0.5817045569419861,0.12424301356077194,31.957462310791016,0.8006147742271423
7,4769,0.5419318079948425,0.13751977682113647,31.153776168823242,0.8074100017547607
8,4983,0.5662500262260437,0.14382143318653107,32.551513671875,0.7920340299606323
9,5091,0.5785227417945862,0.13829730451107025,31.70932388305664,0.8017550110816956
10,4583,0.520795464515686,0.12633825838565826,33.10390090942383,0.7870264053344727
11,5292,0.6013636589050293,0.15968996286392212,34.48410415649414,0.7737046480178833
12,4762,0.5411363840103149,0.13161422312259674,31.355417251586914,0.8037574291229248
13,4757,0.5405681729316711,0.12918749451637268,33.171817779541016,0.7871943712234497
14,5388,0.6122727394104004,0.15904851257801056,33.39799118041992,0.786342442035675
15,4509,0.5123863816261292,0.13439875841140747,31.556650161743164,0.8047298789024353
16,5241,0.5955681800842285,0.13654407858848572,33.320674896240234,0.7849708795547485
17,4883,0.5548863410949707,0.13194984197616577,32.625877380371094,0.7910664081573486
18,4436,0.5040909051895142,0.1255258172750473,30.897296905517578,0.8093199729919434
19,5492,0.6240909099578857,0.1542293131351471,32.568172454833984,0.7931512594223022
20,4475,0.5085227489471436,0.13593755662441254,32.00697708129883,0.7961424589157104
21,4882,0.5547727346420288,0.1385613977909088,33.22456359863281,0.7880272269248962
22,5272,0.5990909337997437,0.15367785096168518,33.10419845581055,0.7864651083946228
23,4347,0.49397727847099304,0.14169834554195404,32.8084831237793,0.7892300486564636
24,5524,0.6277272701263428,0.14302556216716766,33.422725677490234,0.7826322913169861
25,4525,0.5142045617103577,0.13764208555221558,31.24299430847168,0.8019580841064453
26,4533,0.5151136517524719,0.11134947091341019,32.7788200378418,0.7922114133834839
27,5634,0.6402272582054138,0.14237509667873383,33.907310485839844,0.7776010036468506
28,4204,0.4777272641658783,0.12341651320457458,30.66661262512207,0.8142086863517761
29,5082,0.5774999856948853,0.12540476024150848,34.46065902709961,0.7762595415115356
30,4773,0.5423863530158997,0.14844393730163574,31.534833908081055,0.8011093735694885
31,4279,0.48625001311302185,0.12048287689685822,31.512142181396484,0.8061316013336182
32,5548,0.6304545402526855,0.16132865846157074,33.40767288208008,0.7840494513511658
33,4292,0.4877272844314575,0.13259367644786835,29.483901977539062,0.8227171897888184
34,4551,0.517159104347229,0.13025565445423126,32.980873107910156,0.7911514639854431
35,5414,0.6152272820472717,0.16024871170520782,33.92329025268555,0.778125524520874
36,4073,0.4628409147262573,0.10826817154884338,32.758384704589844,0.7881686687469482
37,5262,0.5979545712471008,0.16647951304912567,34.37806701660156,0.775843620300293
38,4343,0.4935227334499359,0.13327552378177643,30.580934524536133,0.8135632276535034
39,4286,0.4870454668998718,0.11014942079782486,32.572898864746094,0.7943514585494995
40,5612,0.6377272605895996,0.15867771208286285,33.998573303222656,0.7793776392936707
41,4093,0.46511363983154297,0.1418069750070572,31.34324836730957,0.8080577254295349
42,4613,0.5242045521736145,0.12431514263153076,33.86252212524414,0.7828534841537476
43,4862,0.5525000095367432,0.15115222334861755,32.66048049926758,0.7935574650764465
44,4045,0.4596590995788574,0.11569851636886597,32.74371337890625,0.791038990020752
45,5368,0.6100000143051147,0.16784077882766724,34.2884407043457,0.7760269045829773
46,4157,0.47238636016845703,0.1300484538078308,29.3402099609375,0.8259813785552979
47,4232,0.4809090793132782,0.10855831950902939,32.547874450683594,0.7963563799858093
48,5367,0.6098863482475281,0.14889326691627502,34.37205123901367,0.7755572199821472
49,3874,0.4402272701263428,0.11835182458162308,32.38549041748047,0.7958409786224365
50,4869,0.5532954335212708,0.1678699553012848,35.045902252197266,0.7716984748840332
51,4229,0.48056817054748535,0.13962100446224213,32.872222900390625,0.7893298864364624
52,4118,0.46795454621315,0.11299846321344376,31.00481414794922,0.8093759417533875
53,5496,0.6245454549789429,0.15507875382900238,33.879451751708984,0.7804303169250488
54,4024,0.4572727382183075,0.11424677819013596,28.877866744995117,0.8323677182197571
55,4264,0.4845454692840576,0.1286235749721527,31.77998161315918,0.8009019494056702
56,4969,0.5646591186523438,0.17156797647476196,33.50918197631836,0.7845277190208435
57,3827,0.4348863661289215,0.1688152402639389,32.514862060546875,0.7907346487045288
58,5129,0.5828409194946289,0.18780899047851562,32.61611557006836,0.7931939959526062
59,3981,0.45238634943962097,0.12587176263332367,29.240093231201172,0.8299769163131714
60,4046,0.4597727358341217,0.1271219551563263,31.174942016601562,0.8067548274993896
61,5304,0.6027272939682007,0.13336081802845,34.47244644165039,0.7737880349159241
62,3819,0.43397727608680725,0.1149134486913681,31.58258056640625,0.8049085736274719
63,4385,0.49829545617103577,0.14923295378684998,34.02585220336914,0.7826061844825745
64,4355,0.4948863685131073,0.1381661295890808,32.15735626220703,0.7984813451766968
65,3894,0.4424999952316284,0.12645688652992249,30.818613052368164,0.8119030594825745
66,5256,0.5972727537155151,0.15485936403274536,32.37807846069336,0.7974763512611389
67,3852,0.43772727251052856,0.12005490809679031,29.331392288208008,0.8286891579627991
68,4028,0.4577272832393646,0.11912544816732407,31.267818450927734,0.808317244052887
69,5063,0.5753409266471863,0.1470140665769577,36.49460983276367,0.7544864416122437
70,3632,0.4127272665500641,0.12142983078956604,31.68335723876953,0.7989478707313538
71,4727,0.5371590852737427,0.15750128030776978,34.84006118774414,0.7690863609313965
72,3869,0.43965908885002136,0.1403348594903946,31.11029815673828,0.8129828572273254
73,3953,0.44920453429222107,0.13464030623435974,29.760066986083984,0.8207990527153015
74,5292,0.6013636589050293,0.16717414557933807,36.36097717285156,0.7531031370162964
75,3887,0.44170454144477844,0.12825223803520203,31.36676025390625,0.8055660128593445
76,4046,0.4597727358341217,0.14031773805618286,32.3216438293457,0.7974255681037903
77,4436,0.5040909051895142,0.14919140934944153,35.30861282348633,0.767105758190155
78,3706,0.42113634943962097,0.11785920709371567,31.81919288635254,0.80254727602005
79,5045,0.5732954740524292,0.13982586562633514,32.839385986328125,0.7954902648925781
80,3685,0.41874998807907104,0.13485482335090637,29.558635711669922,0.825535237789154
81,3881,0.44102272391319275,0.11366423219442368,30.25913429260254,0.8158155083656311
82,5016,0.5699999928474426,0.14111073315143585,33.81892395019531,0.7821323871612549
83,3613,0.4105681777000427,0.11394152045249939,30.657779693603516,0.8140740394592285
84,4296,0.48818182945251465,0.13545314967632294,34.5056037902832,0.7754949331283569
85,3820,0.43409091234207153,0.14008228480815887,30.398948669433594,0.8173230290412903
86,3770,0.4284090995788574,0.11205778270959854,29.699785232543945,0.8206571340560913
87,5098,0.5793181657791138,0.16682778298854828,33.80815887451172,0.7801495790481567
88,3661,0.41602271795272827,0.10913067311048508,29.703149795532227,0.8236579298973083
89,3841,0.43647727370262146,0.125760018825531,31.65273094177246,0.8032325506210327
90,4606,0.5234090685844421,0.13878975808620453,33.694881439208984,0.7818270921707153
91,3457,0.3928409218788147,0.11635870486497879,31.815170288085938,0.7966396808624268
92,4651,0.5285227298736572,0.139144629240036,32.46329116821289,0.7959012985229492
93,3540,0.4022727310657501,0.11775778979063034,29.1735897064209,0.8297113180160522
94,3765,0.427840918302536,0.11991668492555618,29.100242614746094,0.8274077773094177
95,4912,0.5581818222999573,0.15695124864578247,33.039119720458984,0.7880513668060303
96,3619,0.4112499952316284,0.12185733765363693,29.60590934753418,0.824364960193634
97,3928,0.446363627910614,0.15765279531478882,33.93899154663086,0.7812442183494568
98,3972,0.45136362314224243,0.13141357898712158,33.07976150512695,0.7901075482368469
99,3623,0.41170454025268555,0.11403229832649231,31.13951301574707,0.8103960752487183
100,4961,0.5637500286102295,0.13910433650016785,34.149356842041016,0.7808516025543213
101,3428,0.3895454406738281,0.11299905925989151,28.643829345703125,0.837073802947998
102,3686,0.4188636243343353,0.12311013042926788,29.976308822631836,0.8198760151863098
103,4725,0.5369318127632141,0.15592092275619507,33.14778518676758,0.7887265682220459
104,3444,0.39136365056037903,0.13625650107860565,31.764009475708008,0.8000622391700745
105,4240,0.48181816935539246,0.1210523396730423,33.53755569458008,0.7837059497833252
106,3411,0.3876136243343353,0.14320583641529083,30.547420501708984,0.8165833353996277
107,3663,0.41624999046325684,0.16720274090766907,29.496109008789062,0.824647068977356
108,4904,0.557272732257843,0.14625972509384155,33.013179779052734,0.7878167629241943
109,3472,0.39454546570777893,0.10875899344682693,28.87371063232422,0.8350000381469727
110,3619,0.4112499952316284,0.12195520102977753,31.907665252685547,0.8039507865905762
111,4116,0.46772727370262146,0.14043420553207397,34.87650680541992,0.7672348022460938
112,3429,0.3896590769290924,0.12132172286510468,32.73627853393555,0.7933160066604614
113,4642,0.5274999737739563,0.13455036282539368,32.255367279052734,0.7973619103431702
114,3202,0.36386364698410034,0.14153745770454407,27.241474151611328,0.8480092883110046
115,3602,0.4093181788921356,0.10537604987621307,29.893930435180664,0.8194736838340759
116,4773,0.5423863530158997,0.14776863157749176,35.149452209472656,0.7663941383361816
117,3508,0.3986363708972931,0.13368412852287292,29.61111831665039,0.8265670537948608
118,3888,0.4418181777000427,0.13798578083515167,32.826942443847656,0.7951874136924744
119,3466,0.39386364817619324,0.1593090295791626,32.17750549316406,0.7985180616378784
120,3539,0.40215909481048584,0.12268783152103424,30.34244155883789,0.8166707158088684
121,4920,0.5590909123420715,0.13658538460731506,33.626564025878906,0.7840877771377563
122,3223,0.36625000834465027,0.1310950368642807,27.247312545776367,0.8506199717521667
123,3449,0.39193183183670044,0.11622242629528046,30.068029403686523,0.8216698169708252
124,4365,0.4960227310657501,0.154073566198349,32.54832458496094,0.7936744689941406
125,3247,0.36897727847099304,0.1427297443151474,32.91046905517578,0.789056658744812
126,4225,0.4801136255264282,0.1217723935842514,32.22570037841797,0.7968700528144836
127,3073,0.34920454025268555,0.1243654191493988,27.909822463989258,0.8430729508399963
128,3558,0.4043181836605072,0.11775875836610794,30.402164459228516,0.8143142461776733
129,4673,0.5310227274894714,0.1272606998682022,34.103946685791016,0.7776871919631958
130,3311,0.3762499988079071,0.11888470500707626,28.3254451751709,0.8406111001968384
131,3451,0.392159104347229,0.17631807923316956,34.403564453125,0.7763134837150574
132,3661,0.41602271795272827,0.1230594590306282,33.51769256591797,0.7848889231681824
133,3352,0.3809090852737427,0.1261635720729828,31.905412673950195,0.8030906319618225
134,4648,0.528181791305542,0.1278901994228363,33.05763244628906,0.7933621406555176
135,2919,0.3317045569419861,0.1074952706694603,28.509166717529297,0.8361687064170837
136,3425,0.3892045319080353,0.13423529267311096,28.928367614746094,0.82919842004776
137,4463,0.5071591138839722,0.1574743390083313,34.14663314819336,0.7812451124191284
138,3381,0.38420453667640686,0.12042122334241867,31.659923553466797,0.8027650117874146
139,3856,0.4381818175315857,0.15228238701820374,32.77391815185547,0.7953642010688782
140,3009,0.3419318199157715,0.11484362185001373,31.097034454345703,0.8113635778427124
141,3469,0.3942045569419861,0.11763577908277512,30.127504348754883,0.8186920285224915
142,4715,0.5357954502105713,0.13332206010818481,32.12115478515625,0.797856867313385
143,3112,0.35363635420799255,0.1400410532951355,28.63859748840332,0.8349706530570984
144,3158,0.35886362195014954,0.12419809401035309,30.2843074798584,0.8158021569252014
145,3909,0.44420453906059265,0.14489297568798065,33.324703216552734,0.7842868566513062
146,3162,0.35931816697120667,0.11708571761846542,32.140174865722656,0.7980855107307434
147,4265,0.4846591055393219,0.1418885886669159,31.766178131103516,0.8040159344673157
148,2824,0.3209090828895569,0.11213664710521698,26.94015884399414,0.8523252606391907
149,3392,0.38545453548431396,0.12040743976831436,29.826696395874023,0.8213365077972412
150,4467,0.5076136589050293,0.1337825059890747,34.043907165527344,0.780259370803833
151,3262,0.3706818222999573,0.1207873746752739,28.638463973999023,0.8364644050598145
152,3482,0.39568182826042175,0.16055060923099518,33.7021369934082,0.782612144947052
153,3195,0.36306819319725037,0.1247561052441597,32.56454849243164,0.7968931794166565
154,3369,0.3828409016132355,0.12561380863189697,32.66611099243164,0.795926034450531
155,4723,0.5367045402526855,0.13575270771980286,34.14829635620117,0.7788622379302979
156,2786,0.31659090518951416,0.1082083210349083,27.996641159057617,0.8405717611312866
157,3119,0.35443180799484253,0.1055956482887268,30.366718292236328,0.81824791431427
158,4058,0.4611363708972931,0.13662631809711456,32.67552185058594,0.7944306135177612
159,3181,0.3614772856235504,0.15497347712516785,32.68952560424805,0.7941700220108032
160,3892,0.44227272272109985,0.12320005893707275,31.699357986450195,0.8056085109710693
161,2731,0.31034091114997864,0.1556856781244278,29.649824142456055,0.8233829140663147
162,3331,0.37852272391319275,0.1117357462644577,28.547496795654297,0.8322527408599854
163,4544,0.5163636207580566,0.1299767941236496,33.45341873168945,0.7861776351928711
164,3004,0.3413636386394501,0.13968628644943237,29.957387924194336,0.820117712020874
165,3000,0.34090909361839294,0.1140151172876358,31.4819278717041,0.8056159019470215
166,3473,0.3946591019630432,0.1437508910894394,34.73385238647461,0.7722434997558594
167,3074,0.34931817650794983,0.12393929064273834,33.01943588256836,0.786920428276062
168,4359,0.49534091353416443,0.12853693962097168,32.91834259033203,0.7926970720291138
169,2653,0.3014772832393646,0.10169625282287598,28.19636344909668,0.8367959260940552
170,3173,0.36056819558143616,0.11223187297582626,29.10379981994629,0.8290955424308777
171,4191,0.4762499928474426,0.1372109353542328,32.457977294921875,0.7970236539840698
172,3198,0.3634091019630432,0.1476902961730957,31.607973098754883,0.8027759790420532
173,3532,0.40136364102363586,0.17534445226192474,34.45148468017578,0.7769252061843872
174,2759,0.31352272629737854,0.13050860166549683,31.577821731567383,0.8067685961723328
175,3235,0.36761364340782166,0.12126244604587555,30.617652893066406,0.8122153282165527
176,4579,0.5203409194946289,0.13477496802806854,32.95994567871094,0.7960879802703857
177,2671,0.3035227358341217,0.09961667656898499,27.872844696044922,0.8437475562095642
178,2840,0.3227272629737854,0.1269129067659378,31.760986328125,0.8005532622337341
179,3616,0.41090908646583557,0.13123753666877747,31.983654022216797,0.8016000986099243
180,3026,0.3438636362552643,0.11714010685682297,31.307491302490234,0.8084427714347839
181,3854,0.43795454502105713,0.14579418301582336,31.75818634033203,0.806179940700531
182,2550,0.28977271914482117,0.11053524166345596,28.782087326049805,0.8332271575927734
183,3183,0.361704558134079,0.11210054159164429,30.030916213989258,0.8199954032897949
184,4145,0.47102272510528564,0.12211757898330688,35.60177993774414,0.765272319316864
185,2903,0.32988637685775757,0.10780972987413406,29.23106575012207,0.8259803056716919
186,3027,0.34397727251052856,0.1240965947508812,33.325130462646484,0.7870283722877502
187,3030,0.3443181812763214,0.14588043093681335,31.55985450744629,0.808297336101532
188,3184,0.36181819438934326,0.1462889462709427,31.82284927368164,0.7999674677848816
189,4383,0.4980681836605072,0.1506466567516327,34.3406982421875,0.7773213386535645
190,2507,0.28488636016845703,0.12304379045963287,28.105941772460938,0.8392479419708252
191,2934,0.3334091007709503,0.11821816861629486,30.516633987426758,0.820112407207489
192,3886,0.44159090518951416,0.1329493373632431,32.45212936401367,0.7990025281906128
193,3121,0.3546590805053711,0.12021271884441376,31.071308135986328,0.8136265873908997
194,3505,0.39829546213150024,0.1371920257806778,31.597383499145508,0.8062496781349182
195,2481,0.2819318175315857,0.11043597757816315,29.604320526123047,0.8221438527107239
196,3091,0.3512499928474426,0.13556814193725586,30.965370178222656,0.8046056628227234
197,4250,0.4829545319080353,0.12773434817790985,32.45462417602539,0.7971255779266357
198,2664,0.30272728204727173,0.08680032938718796,29.369707107543945,0.8289781808853149
199,2673,0.30375000834465027,0.14284007251262665,31.40256690979004,0.8059847354888916
200,3241,0.36829546093940735,0.13802967965602875,33.591243743896484,0.7820575833320618
201,2969,0.3373863697052002,0.11756689846515656,31.301382064819336,0.8078485131263733
202,4006,0.4552272856235504,0.1437453031539917,31.24830436706543,0.8109074234962463
203,2410,0.27386364340782166,0.12409329414367676,28.644086837768555,0.8390586972236633
204,2953,0.3355681896209717,0.11683770269155502,30.148746490478516,0.8167165517807007
205,3840,0.4363636374473572,0.12211968004703522,33.61643600463867,0.7853548526763916
206,2951,0.3353409171104431,0.1228925958275795,28.988155364990234,0.830542802810669
207,3102,0.35249999165534973,0.11579252779483795,33.23465347290039,0.788926362991333
208,2604,0.2959090769290924,0.13494643568992615,31.293874740600586,0.8085122108459473
209,3091,0.3512499928474426,0.1182236447930336,30.355836868286133,0.8123660683631897
210,4185,0.47556817531585693,0.1306077241897583,32.214473724365234,0.803103506565094
211,2384,0.2709091007709503,0.09797345846891403,28.1033878326416,0.8398474454879761
212,2675,0.30397728085517883,0.1298852413892746,30.8797550201416,0.8114697933197021
213,3483,0.39579546451568604,0.1438896358013153,32.685733795166016,0.7952214479446411
214,2963,0.3367045521736145,0.11819427460432053,31.017210006713867,0.8128766417503357
215,3431,0.38988634943962097,0.1463150829076767,31.95079803466797,0.8016969561576843
216,2293,0.26056817173957825,0.14893381297588348,27.79188346862793,0.8461463451385498
217,3010,0.34204545617103577,0.10969306528568268,30.429697036743164,0.8173505067825317
218,3943,0.44806817173957825,0.11672328412532806,33.91950225830078,0.7837706208229065
219,2682,0.3047727346420288,0.12627142667770386,28.494590759277344,0.8388177752494812
220,2687,0.3053409159183502,0.12375255674123764,33.131134033203125,0.7875314354896545
221,2910,0.33068183064460754,0.12963321805000305,31.949832916259766,0.8012518286705017
222,2959,0.3362500071525574,0.14800897240638733,31.60938835144043,0.8040105104446411
223,3979,0.4521590769290924,0.13235214352607727,31.69748878479004,0.8059375286102295
224,2309,0.26238635182380676,0.1069757491350174,28.045265197753906,0.8403359651565552
225,2772,0.3149999976158142,0.12940730154514313,29.243915557861328,0.827086329460144
226,3656,0.41545453667640686,0.13199178874492645,34.1844367980957,0.7773748636245728
227,2991,0.3398863673210144,0.147176593542099,32.80245590209961,0.7908439040184021
228,3101,0.35238635540008545,0.11996004730463028,30.192232131958008,0.8194224834442139
229,2309,0.26238635182380676,0.14179104566574097,30.126157760620117,0.8214524388313293
230,2939,0.33397728204727173,0.11847079545259476,28.683542251586914,0.8353608250617981
231,3910,0.44431817531585693,0.130547896027565,31.816925048828125,0.8024066686630249
232,2352,0.2672727406024933,0.09965388476848602,29.88905143737793,0.8223904967308044
233,2500,0.28409090638160706,0.13152407109737396,32.1114501953125,0.7934883832931519
234,3037,0.3451136350631714,0.13263195753097534,31.906904220581055,0.7980589866638184
235,2916,0.33136364817619324,0.12551283836364746,31.49300765991211,0.8079479932785034
236,3574,0.4061363637447357,0.12666776776313782,31.21356201171875,0.8121606111526489
237,2195,0.2494318187236786,0.11583881080150604,29.56315040588379,0.8248597979545593
238,2778,0.3156818151473999,0.12042558193206787,30.166820526123047,0.8177181482315063
239,3560,0.40454545617103577,0.12636803090572357,31.758148193359375,0.8060844540596008
240,2717,0.3087500035762787,0.11222899705171585,28.66672134399414,0.8343283534049988
241,2734,0.3106818199157715,0.13045187294483185,30.889793395996094,0.8128597140312195
242,2512,0.28545454144477844,0.14435641467571259,30.048843383789062,0.8250718116760254
243,3023,0.34352272748947144,0.1558205485343933,31.18465232849121,0.8075905442237854
244,3872,0.4399999976158142,0.11869508028030396,30.916431427001953,0.8122374415397644
245,2223,0.2526136338710785,0.0962715744972229,28.34229278564453,0.8371111154556274
246,2532,0.2877272665500641,0.20281831920146942,29.679283142089844,0.8272885680198669
247,3364,0.38227272033691406,0.1374993920326233,31.223939895629883,0.8089308142662048
248,2877,0.32693180441856384,0.12754105031490326,31.882293701171875,0.8037766218185425
249,3083,0.35034090280532837,0.1284307986497879,30.791648864746094,0.8097266554832458
250,2133,0.2423863708972931,0.1246156394481659,28.666353225708008,0.8331148624420166
251,2870,0.32613635063171387,0.1363668441772461,30.18451690673828,0.8190245032310486
252,3739,0.4248863756656647,0.11884410679340363,31.17238426208496,0.8120930790901184
253,2395,0.2721590995788574,0.09867718815803528,29.40450096130371,0.8270465731620789
254,2449,0.27829545736312866,0.12614306807518005,30.082796096801758,0.8153073191642761
255,2683,0.3048863708972931,0.14416562020778656,30.938499450683594,0.8115479946136475
256,2875,0.3267045319080353,0.13946710526943207,32.773590087890625,0.7944609522819519
257,3605,0.40965908765792847,0.13163873553276062,28.849796295166016,0.8347266316413879
258,2142,0.24340909719467163,0.14494803547859192,28.488662719726562,0.8361285328865051
259,2615,0.2971591055393219,0.13210421800613403,29.56366539001465,0.8231661915779114
260,3365,0.38238635659217834,0.12478704005479813,31.928298950195312,0.8009392619132996
261,2764,0.31409090757369995,0.10941632091999054,29.729032516479492,0.8260571360588074
262,2769,0.31465908885002136,0.11598975956439972,30.686281204223633,0.81163489818573
263,2190,0.24886363744735718,0.1402667611837387,30.58298683166504,0.8193639516830444
264,2862,0.3252272605895996,0.11477509140968323,29.34916114807129,0.8225833773612976
265,3620,0.4113636314868927,0.11772747337818146,29.556577682495117,0.8262899518013
266,2159,0.24534091353416443,0.09517139196395874,28.25632095336914,0.8401238918304443
267,2363,0.2685227394104004,0.10983921587467194,30.72457504272461,0.8130362033843994
268,2948,0.33500000834465027,0.13023492693901062,31.95149803161621,0.8019826412200928
269,2840,0.3227272629737854,0.14596045017242432,30.81751251220703,0.8146236538887024
270,3153,0.3582954406738281,0.12416990846395493,30.941747665405273,0.8114562034606934
271,2026,0.2302272766828537,0.165005162358284,29.635066986083984,0.8277782797813416
272,2659,0.3021591007709503,0.11337991058826447,28.483285903930664,0.8349884748458862
273,3420,0.38863635063171387,0.1462823748588562,31.982614517211914,0.8034161329269409
274,2536,0.2881818115711212,0.16756252944469452,30.508167266845703,0.8160658478736877
275,2475,0.28125,0.14400121569633484,32.675655364990234,0.7917295098304749
276,2365,0.26875001192092896,0.12674586474895477,31.481616973876953,0.8108429908752441
277,2915,0.33125001192092896,0.15698055922985077,31.054826736450195,0.8073545098304749
278,3649,0.4146590828895569,0.12591241300106049,31.76347541809082,0.8024618029594421
279,2083,0.23670454323291779,0.13741075992584229,27.878164291381836,0.8421400785446167
280,2402,0.2729545533657074,0.10737410187721252,29.79265022277832,0.8240655660629272
281,3152,0.35818180441856384,0.12836933135986328,32.44900131225586,0.7985798120498657
282,2793,0.31738635897636414,0.11236218363046646,30.899818420410156,0.8116635680198669
283,2778,0.3156818151473999,0.14233548939228058,31.512353897094727,0.8035664558410645
284,1955,0.22215908765792847,0.11735885590314865,29.10061264038086,0.8336803913116455
285,2753,0.31284090876579285,0.12477966398000717,28.54396629333496,0.8364417552947998
286,3445,0.3914772868156433,0.10348419100046158,31.289777755737305,0.8080636858940125
287,2158,0.24522727727890015,0.10289247334003448,30.19281578063965,0.8196899890899658
288,2309,0.26238635182380676,0.12248465418815613,31.705060958862305,0.8021430969238281
289,2540,0.28863635659217834,0.11878694593906403,32.827754974365234,0.7916881442070007
290,2767,0.3144318163394928,0.1228519156575203,31.37482452392578,0.8082053661346436
291,3289,0.3737500011920929,0.13083124160766602,29.577484130859375,0.8293251991271973
292,1966,0.22340908646583557,0.1162068247795105,28.382022857666016,0.8382225036621094
293,2459,0.2794318199157715,0.10945943742990494,27.1566219329834,0.8484852910041809
294,3121,0.3546590805053711,0.13825511932373047,32.02253341674805,0.8003740310668945
295,2571,0.2921590805053711,0.11995247006416321,28.931516647338867,0.8315516114234924
296,2519,0.2862499952316284,0.1356392800807953,30.009490966796875,0.8189103603363037
297,2051,0.23306818306446075,0.12179961055517197,30.35487174987793,0.8219202160835266
298,2833,0.3219318091869354,0.12990766763687134,29.874202728271484,0.8180606961250305
299,3428,0.3895454406738281,0.11422819644212723,30.237323760986328,0.8177359104156494
300,2012,0.22863636910915375,0.10785084217786789,28.402549743652344,0.8408363461494446
301,2241,0.25465908646583557,0.12406368553638458,29.716176986694336,0.8244562149047852
302,2804,0.31863635778427124,0.15035521984100342,31.781578063964844,0.8024742007255554
303,2702,0.30704545974731445,0.14655107259750366,30.4200382232666,0.8182879090309143
304,2844,0.32318180799484253,0.12693731486797333,29.788196563720703,0.8225523233413696
305,1858,0.2111363708972931,0.10797663033008575,28.913686752319336,0.8305832743644714
306,2525,0.2869318127632141,0.10592945665121078,29.795198440551758,0.8208529949188232
307,3201,0.36375001072883606,0.10159896314144135,29.518451690673828,0.8284982442855835
308,2269,0.2578409016132355,0.11311371624469757,29.073408126831055,0.8305843472480774
309,2224,0.2527272701263428,0.11463921517133713,30.480878829956055,0.8128891587257385
310,2207,0.25079545378685,0.14610956609249115,33.436607360839844,0.7861208319664001
311,2808,0.31909090280532837,0.18901801109313965,31.338499069213867,0.8074476718902588
312,3319,0.37715908885002136,0.15559867024421692,31.810155868530273,0.8045027256011963
313,1907,0.21670454740524292,0.13569046556949615,28.874114990234375,0.8275873064994812
314,2278,0.258863627910614,0.1204361766576767,28.1795597076416,0.8383679389953613
315,2908,0.330454558134079,0.1273120939731598,33.2559928894043,0.788475513458252
316,2572,0.2922727167606354,0.1285216361284256,29.661396026611328,0.8238710761070251
317,2538,0.2884090840816498,0.1366591900587082,31.044015884399414,0.8090263605117798
318,1836,0.2086363583803177,0.11223910748958588,30.19039535522461,0.8213248252868652
319,2685,0.30511364340782166,0.1196710467338562,30.20758056640625,0.8168624043464661
320,3225,0.36647728085517883,0.11571238189935684,29.47894859313965,0.8269643783569336
321,1974,0.22431817650794983,0.11602660268545151,30.376920700073242,0.8145883679389954
322,2143,0.2435227334499359,0.12447138130664825,30.560924530029297,0.8160327672958374
323,2396,0.2722727358341217,0.11762332916259766,32.81596755981445,0.7904772162437439
324,2658,0.30204546451568604,0.11902926862239838,31.36568260192871,0.8062986731529236
325,2911,0.3307954668998718,0.11238269507884979,30.863691329956055,0.8168500065803528
326,1758,0.19977273046970367,0.11097069084644318,28.472179412841797,0.8377047181129456
327,2331,0.26488634943962097,0.11274752020835876,28.675155639648438,0.8342939019203186
328,2911,0.3307954668998718,0.11119179427623749,29.876121520996094,0.8235602378845215
329,2402,0.2729545533657074,0.12594909965991974,28.725576400756836,0.8336212635040283
330,2256,0.2563636302947998,0.12239914387464523,30.911575317382812,0.8070747256278992
331,1938,0.22022727131843567,0.1765720397233963,31.033063888549805,0.8121649026870728
332,2811,0.3194318115711212,0.12696415185928345,30.889062881469727,0.8086167573928833
333,3194,0.3629545569419861,0.11111341416835785,30.493303298950195,0.8181377053260803
334,1873,0.21284091472625732,0.12320533394813538,29.435306549072266,0.828435480594635
335,2126,0.24159090220928192,0.11898181587457657,27.722736358642578,0.8429477214813232
336,2607,0.29624998569488525,0.1218259409070015,32.00154495239258,0.7995074391365051
337,2520,0.2863636314868927,0.11443547904491425,30.151851654052734,0.8213956356048584
338,2593,0.2946590781211853,0.121970035135746,31.060306549072266,0.8057350516319275
339,1697,0.19284090399742126,0.158526211977005,28.023391723632812,0.8434772491455078
340,2426,0.27568182349205017,0.11854344606399536,28.953502655029297,0.8283022046089172
341,3062,0.34795454144477844,0.1199767217040062,29.123573303222656,0.8299151659011841
342,2074,0.23568181693553925,0.11440175771713257,29.406862258911133,0.828829288482666
343,2065,0.2346590906381607,0.14820080995559692,30.183574676513672,0.8174599409103394
344,2080,0.23636363446712494,0.11582795530557632,31.873035430908203,0.8051559329032898
345,2739,0.3112500011920929,0.1253746598958969,30.581533432006836,0.8165602087974548
346,2967,0.33715909719467163,0.11690782010555267,31.462831497192383,0.8084661960601807
347,1731,0.19670455157756805,0.11097078770399094,27.658382415771484,0.8458609580993652
348,2149,0.2442045509815216,0.11124174296855927,27.56971549987793,0.8428410291671753
349,2760,0.3136363625526428,0.11381639540195465,30.4421443939209,0.8204047679901123
350,2384,0.2709091007709503,0.11252666264772415,28.048473358154297,0.837258517742157
351,2317,0.263295441865921,0.14675253629684448,31.09918785095215,0.80662602186203
352,1742,0.19795455038547516,0.11535310000181198,30.519145965576172,0.8166415095329285
353,2619,0.29761365056037903,0.1203695610165596,27.54768943786621,0.8406209349632263
354,3037,0.3451136350631714,0.10706569254398346,30.886049270629883,0.815614640712738
355,1809,0.20556817948818207,0.12330330163240433,30.14632797241211,0.8193928003311157
356,1991,0.22624999284744263,0.11712722480297089,29.909482955932617,0.8205118775367737
357,2279,0.2589772641658783,0.13565804064273834,32.307613372802734,0.7963330745697021
358,2523,0.28670454025268555,0.1343040019273758,29.843992233276367,0.8205559849739075
359,2599,0.295340895652771,0.11937477439641953,28.307796478271484,0.8399839997291565
360,1617,0.1837500035762787,0.11287396401166916,27.536088943481445,0.843246340751648
361,2208,0.25090909004211426,0.13728377223014832,28.803319931030273,0.8313426971435547
362,2799,0.31806817650794983,0.11728530377149582,29.595170974731445,0.8273430466651917
363,2157,0.24511364102363586,0.12096033245325089,28.13422393798828,0.8378056883811951
364,2013,0.22875000536441803,0.11120283603668213,29.26469612121582,0.8256440758705139
365,1869,0.2123863697052002,0.11091607809066772,30.74888801574707,0.8146681785583496
366,2701,0.30693182349205017,0.1474703997373581,32.79348373413086,0.7939947843551636
367,2880,0.3272727131843567,0.12668494880199432,30.894073486328125,0.8142980933189392
368,1706,0.1938636302947998,0.13008368015289307,29.283462524414062,0.8248175382614136
369,1994,0.22659091651439667,0.10264240950345993,27.843294143676758,0.8423052430152893
370,2468,0.28045454621315,0.12111200392246246,30.489139556884766,0.8183804154396057
371,2341,0.2660227417945862,0.12374352663755417,29.7574462890625,0.8225677013397217
372,2356,0.2677272856235504,0.1386018693447113,31.633867263793945,0.799755334854126
373,1595,0.18125000596046448,0.12369494140148163,28.998558044433594,0.8307868838310242
374,2351,0.267159104347229,0.12872272729873657,28.902225494384766,0.8273016810417175
375,2882,0.32749998569488525,0.1211894229054451,29.344778060913086,0.830757200717926
376,1876,0.21318182349205017,0.133874773979187,31.430742263793945,0.8023037910461426
377,1887,0.21443182229995728,0.11928092688322067,30.115312576293945,0.820309579372406
378,1960,0.22272726893424988,0.12393786758184433,31.861602783203125,0.8006468415260315
379,2493,0.2832954525947571,0.1411067545413971,31.582935333251953,0.8051498532295227
380,2612,0.29681816697120667,0.13044655323028564,29.996463775634766,0.8226397633552551
381,1575,0.17897726595401764,0.12769731879234314,28.656227111816406,0.8359206318855286
382,2035,0.23125000298023224,0.11618697643280029,26.600269317626953,0.8516484498977661
383,2608,0.29636362195014954,0.11744961887598038,30.630565643310547,0.814666748046875
384,2281,0.25920453667640686,0.12416605651378632,29.171964645385742,0.8289359211921692
385,2072,0.23545454442501068,0.127608060836792,30.20962142944336,0.8186902403831482
386,1692,0.19227272272109985,0.12590645253658295,31.20916175842285,0.8073458671569824
387,2583,0.2935227155685425,0.1351819634437561,29.666297912597656,0.8203667402267456
388,2793,0.31738635897636414,0.11618595570325851,31.257810592651367,0.8086151480674744
389,1695,0.1926136314868927,0.1182270348072052,29.686185836791992,0.8236035704612732
390,1834,0.20840908586978912,0.12703253328800201,28.050893783569336,0.8408315181732178
391,2140,0.24318182468414307,0.12454218417406082,31.890153884887695,0.8013440370559692
392,2300,0.2613636255264282,0.12384877353906631,30.622255325317383,0.8132640719413757
393,2365,0.26875001192092896,0.12328412383794785,31.62238121032715,0.8011611104011536
394,1515,0.1721590906381607,0.124107725918293,28.150930404663086,0.8414050340652466
395,2108,0.23954544961452484,0.1124347373843193,29.563169479370117,0.8229636549949646
396,2694,0.3061363697052002,0.10891270637512207,30.429927825927734,0.8165310621261597
397,2004,0.2277272790670395,0.12348798662424088,30.89019012451172,0.8115103244781494
398,1783,0.20261363685131073,0.09851033240556717,29.651208877563477,0.8219404220581055
399,1787,0.20306818187236786,0.12065629661083221,30.867481231689453,0.8086695075035095
400,2580,0.29318180680274963,0.13399986922740936,31.34368896484375,0.8107469081878662
401,2627,0.2985227406024933,0.12131044268608093,32.55245590209961,0.7973402142524719
402,1554,0.1765909045934677,0.1201150044798851,27.950830459594727,0.8375288844108582
403,1912,0.21727272868156433,0.0989634171128273,28.653221130371094,0.8346278071403503
404,2415,0.27443182468414307,0.1164487972855568,30.335487365722656,0.8199479579925537
405,2218,0.2520454525947571,0.12998764216899872,28.32406997680664,0.8382644653320312
406,2104,0.2390909045934677,0.14930285513401031,30.009374618530273,0.8145447373390198
407,1501,0.17056818306446075,0.1518561691045761,29.67860984802246,0.8233662843704224
408,2345,0.2664772868156433,0.15087126195430756,30.01844024658203,0.8181623220443726
409,2675,0.30397728085517883,0.10243360698223114,30.018049240112305,0.8223247528076172
410,1703,0.19352272152900696,0.11937271058559418,28.664993286132812,0.8307533264160156
411,1714,0.19477272033691406,0.10699360072612762,27.60578155517578,0.8440819978713989
412,1896,0.21545454859733582,0.11621364206075668,32.914798736572266,0.789853572845459
413,2354,0.26750001311302185,0.13287299871444702,31.076040267944336,0.8066487312316895
414,2308,0.2622727155685425,0.13923203945159912,31.31659507751465,0.808819591999054
415,1451,0.16488637030124664,0.12328223884105682,27.541065216064453,0.8434539437294006
416,1950,0.22159090638160706,0.09196673333644867,29.072147369384766,0.8267585635185242
417,2488,0.28272727131843567,0.11003981530666351,30.945327758789062,0.8125036954879761
418,2080,0.23636363446712494,0.12247807532548904,28.99002456665039,0.8294268846511841
419,1835,0.2085227221250534,0.12047236412763596,28.28449821472168,0.8312004208564758
420,1655,0.1880681812763214,0.1439226269721985,31.539501190185547,0.8041614294052124
421,2491,0.2830681800842285,0.12275518476963043,28.956581115722656,0.8285688757896423
422,2525,0.2869318127632141,0.11433503031730652,31.77468490600586,0.8028463125228882
423,1545,0.17556817829608917,0.13213780522346497,30.583093643188477,0.8134700655937195
424,1731,0.19670455157756805,0.11839547753334045,27.848896026611328,0.8390629291534424
425,2064,0.23454545438289642,0.1173243373632431,31.82695198059082,0.8036409020423889
426,2171,0.24670454859733582,0.1195729449391365,30.984926223754883,0.8070822358131409
427,2140,0.24318182468414307,0.13580875098705292,31.937667846679688,0.7975671291351318
428,1402,0.15931817889213562,0.13155648112297058,28.049198150634766,0.8416604995727539
429,2071,0.2353409081697464,0.13799934089183807,29.632898330688477,0.8236100077629089
430,2569,0.29193180799484253,0.10860371589660645,29.45208168029785,0.8276893496513367
431,1751,0.1989772766828537,0.11612025648355484,29.479310989379883,0.8222725987434387
432,1624,0.18454545736312866,0.10739012062549591,29.49036979675293,0.8216099739074707
433,1711,0.19443181157112122,0.11875919252634048,30.382410049438477,0.8173827528953552
434,2437,0.2769318222999573,0.1445310115814209,30.3590087890625,0.8178415298461914
435,2316,0.26318180561065674,0.12400049716234207,29.809926986694336,0.8216049671173096
436,1434,0.16295453906059265,0.1341225653886795,28.592975616455078,0.8353486061096191
437,1816,0.20636363327503204,0.0934276431798935,27.65837860107422,0.8368921279907227
438,2302,0.2615908980369568,0.13247834146022797,29.435230255126953,0.8277680277824402
439,2118,0.24068181216716766,0.12952853739261627,29.187435150146484,0.8271569013595581
440,1889,0.21465909481048584,0.11073248088359833,30.421422958374023,0.8153504729270935
441,1472,0.16727273166179657,0.13253916800022125,30.92853546142578,0.8127965331077576
442,2314,0.2629545331001282,0.13305389881134033,28.47949981689453,0.8309222459793091
443,2483,0.28215909004211426,0.11757386475801468,31.36296844482422,0.8074213862419128
444,1565,0.17784090340137482,0.1115257516503334,30.835914611816406,0.8122952580451965
445,1588,0.1804545521736145,0.09951833635568619,27.45311737060547,0.8424923419952393
446,1801,0.2046590894460678,0.13573768734931946,30.91383171081543,0.8118864893913269
447,2163,0.24579545855522156,0.13711071014404297,30.657878875732422,0.8105998039245605
448,2145,0.24375000596046448,0.12625165283679962,31.30453872680664,0.8078288435935974
449,1371,0.15579545497894287,0.13097907602787018,28.682775497436523,0.833495557308197
450,1852,0.2104545384645462,0.10757926106452942,28.751020431518555,0.8327170610427856
451,2432,0.27636364102363586,0.11086239665746689,28.7572078704834,0.8348050713539124
452,1897,0.2155681848526001,0.11124372482299805,29.92403793334961,0.8214540481567383
453,1627,0.1848863661289215,0.12637262046337128,27.229352951049805,0.8461536765098572
454,1609,0.18284091353416443,0.12255728989839554,32.291690826416016,0.79854816198349
455,2410,0.27386364340782166,0.12402836233377457,30.638080596923828,0.81645268201828
456,2318,0.2634090781211853,0.1256805658340454,32.591827392578125,0.792381227016449
457,1399,0.15897727012634277,0.13130196928977966,27.932575225830078,0.8381018042564392
458,1701,0.1932954490184784,0.15271221101284027,27.3596134185791,0.8436955213546753
459,2041,0.23193182051181793,0.12350762635469437,31.217449188232422,0.8083515763282776
460,2102,0.23886363208293915,0.11844992637634277,29.77613639831543,0.8246099948883057
461,1942,0.2206818163394928,0.13851794600486755,30.28593635559082,0.8139892220497131
462,1339,0.15215909481048584,0.11328687518835068,29.857826232910156,0.8227421641349792
463,2033,0.23102273046970367,0.1381276547908783,29.364673614501953,0.8229200839996338
464,2422,0.27522727847099304,0.1046142652630806,29.04854965209961,0.83211350440979
465,1584,0.18000000715255737,0.13875018060207367,28.686870574951172,0.8337363600730896
466,1475,0.16761364042758942,0.10138397663831711,28.681856155395508,0.8309743404388428
467,1636,0.18590909242630005,0.13413205742835999,29.866172790527344,0.8200370073318481
468,2263,0.2571590840816498,0.13410602509975433,30.97603416442871,0.8094627261161804
469,2071,0.2353409081697464,0.11112413555383682,31.08495330810547,0.8084290623664856
470,1337,0.15193182229995728,0.14145095646381378,27.86339569091797,0.8412411212921143
471,1730,0.19659091532230377,0.10697697103023529,27.132038116455078,0.8450124859809875
472,2233,0.2537499964237213,0.10343124717473984,28.99226188659668,0.8301857113838196
473,1986,0.22568181157112122,0.17737199366092682,30.007333755493164,0.8195902705192566
474,1723,0.1957954615354538,0.14169616997241974,29.963985443115234,0.8179226517677307
475,1469,0.16693182289600372,0.13042962551116943,31.986412048339844,0.7980655431747437
476,2261,0.2569318115711212,0.12465228885412216,27.574148178100586,0.8433817625045776
477,2282,0.25931817293167114,0.11584526300430298,31.461191177368164,0.8064529895782471
478,1404,0.15954545140266418,0.1540699452161789,30.62678337097168,0.8179028034210205
479,1490,0.16931818425655365,0.10165667533874512,28.33409881591797,0.8317694664001465
480,1740,0.1977272778749466,0.12830118834972382,29.42352867126465,0.8289538025856018
481,2050,0.23295454680919647,0.12090810388326645,31.80305290222168,0.7979885339736938
482,1989,0.22602272033691406,0.14826329052448273,30.97869110107422,0.8061668276786804
483,1283,0.14579544961452484,0.12724561989307404,28.654361724853516,0.8329932689666748
484,1784,0.202727273106575,0.11608131974935532,28.55955696105957,0.835000216960907
485,2325,0.2642045319080353,0.10553329437971115,30.3508358001709,0.8161574602127075
486,1669,0.18965908885002136,0.12897679209709167,28.709762573242188,0.8352562189102173
487,1483,0.16852273046970367,0.10574980825185776,29.428524017333984,0.8249790072441101
488,1537,0.17465908825397491,0.1488882452249527,30.36332130432129,0.8135067224502563
489,2283,0.2594318091869354,0.13050667941570282,29.956119537353516,0.8233120441436768
490,2113,0.24011363089084625,0.12700003385543823,30.62932586669922,0.8147560954093933
491,1276,0.14499999582767487,0.11209968477487564,28.304014205932617,0.8314222097396851
492,1609,0.18284091353416443,0.09505888819694519,27.216007232666016,0.8416943550109863
493,1992,0.2263636291027069,0.11391136795282364,29.453453063964844,0.826725423336029
494,2012,0.22863636910915375,0.1331709325313568,28.447336196899414,0.8361936807632446
495,1752,0.19909091293811798,0.09991083294153214,27.93029022216797,0.838662326335907
496,1315,0.14943182468414307,0.12361634522676468,30.40660858154297,0.8161404728889465
497,2027,0.23034091293811798,0.21080780029296875,28.77935028076172,0.8273124098777771
498,2232,0.25363636016845703,0.09881896525621414,27.839855194091797,0.8445791006088257
499,1452,0.16500000655651093,0.15223407745361328,31.8382568359375,0.8018604516983032
500,1362,0.15477272868156433,0.09324650466442108,29.707538604736328,0.8190261125564575
501,1559,0.17715908586978912,0.17794916033744812,32.461753845214844,0.7934465408325195
502,2096,0.23818181455135345,0.12069769948720932,29.70546531677246,0.8194528222084045
503,1940,0.22045454382896423,0.11257761716842651,30.54485321044922,0.813753604888916
504,1255,0.14261363446712494,0.12222970277070999,29.535402297973633,0.8238438963890076
505,1627,0.1848863661289215,0.09612926840782166,27.523273468017578,0.8403685092926025
506,2177,0.2473863661289215,0.0990951657295227,29.052471160888672,0.8265199065208435
507,1811,0.20579545199871063,0.12644819915294647,30.89260482788086,0.809709370136261
508,1547,0.17579545080661774,0.11375181376934052,27.362733840942383,0.844334065914154
509,1432,0.1627272665500641,0.13213646411895752,31.30756187438965,0.804351270198822
510,2216,0.2518181800842285,0.13260526955127716,29.40233039855957,0.827294647693634
511,2119,0.24079544842243195,0.13205528259277344,31.803632736206055,0.8026914596557617
512,1268,0.1440909057855606,0.1323988288640976,28.773181915283203,0.8306505680084229
513,1426,0.1620454490184784,0.09185124188661575,27.742456436157227,0.8388349413871765
514,1725,0.19602273404598236,0.11814670264720917,30.26386260986328,0.8150759935379028
515,1990,0.22613635659217834,0.1309046596288681,31.015514373779297,0.8116651773452759
516,1808,0.20545454323291779,0.1391439437866211,28.354787826538086,0.8335342407226562
517,1187,0.13488636910915375,0.11938817799091339,29.79185676574707,0.8184501528739929
518,1748,0.19863636791706085,0.11242163926362991,28.47726058959961,0.8321170210838318
519,2177,0.2473863661289215,0.10083798319101334,28.899389266967773,0.8354349732398987
520,1483,0.16852273046970367,0.14262379705905914,28.8734188079834,0.827593982219696
521,1327,0.15079545974731445,0.10198871791362762,28.010419845581055,0.8331742286682129
522,1470,0.167045459151268,0.11592795699834824,31.52773094177246,0.7965739965438843
523,2198,0.24977272748947144,0.12044522911310196,30.164030075073242,0.8162766695022583
524,1907,0.21670454740524292,0.13497553765773773,31.177438735961914,0.8060190081596375
525,1189,0.1351136416196823,0.11000115424394608,27.931550979614258,0.8390830159187317
526,1517,0.17238636314868927,0.10275643318891525,26.87272071838379,0.8468011021614075
527,1981,0.2251136302947998,0.11808822304010391,29.072805404663086,0.8321794271469116
528,1904,0.21636363863945007,0.12393594533205032,28.777219772338867,0.8321335315704346
529,1614,0.18340909481048584,0.12050196528434753,29.918087005615234,0.8209039568901062
530,1311,0.14897727966308594,0.09857345372438431,31.359683990478516,0.8063781261444092
531,2019,0.22943182289600372,0.1384734958410263,28.13398551940918,0.8369319438934326
532,2079,0.23624999821186066,0.10673721134662628,30.85445213317871,0.8114713430404663
533,1288,0.14636363089084625,0.12434376776218414,30.50238609313965,0.8097384572029114
534,1293,0.14693181216716766,0.12129952758550644,27.20452308654785,0.840042769908905
535,1518,0.17249999940395355,0.1073886826634407,30.231616973876953,0.819952130317688
536,1969,0.22374999523162842,0.14024415612220764,30.76174545288086,0.8110800981521606
537,1811,0.20579545199871063,0.12490635365247726,30.297565460205078,0.8139379620552063
538,1165,0.13238635659217834,0.12543629109859467,29.17464828491211,0.8270110487937927
539,1570,0.17840908467769623,0.10293974727392197,27.738908767700195,0.8416571021080017
540,2092,0.23772726953029633,0.1015670970082283,29.259061813354492,0.8259831070899963
541,1579,0.17943181097507477,0.11161865293979645,29.58087158203125,0.817956268787384
542,1405,0.15965908765792847,0.11197593808174133,28.011348724365234,0.8363289833068848
543,1403,0.1594318151473999,0.14240926504135132,32.770389556884766,0.7917681336402893
544,2164,0.24590909481048584,0.14760980010032654,29.444732666015625,0.8278290033340454
545,1946,0.22113636136054993,0.12151291221380234,30.907907485961914,0.8121172189712524
546,1171,0.13306818902492523,0.12552985548973083,30.27019500732422,0.8109939098358154
547,1408,0.1599999964237213,0.1281680166721344,27.430112838745117,0.8410037755966187
548,1736,0.19727273285388947,0.10923388600349426,29.635467529296875,0.823283314704895
549,1927,0.21897727251052856,0.15617331862449646,31.291515350341797,0.8094939589500427
550,1663,0.18897727131843567,0.13677376508712769,28.1438045501709,0.8309430480003357
551,1156,0.1313636302947998,0.11764682829380035,29.750438690185547,0.824245274066925
552,1798,0.20431818068027496,0.13646721839904785,28.792922973632812,0.8246195912361145
553,1993,0.2264772653579712,0.10044592618942261,28.56173324584961,0.8363427519798279
554,1306,0.14840908348560333,0.14137525856494904,30.130455017089844,0.816068708896637
555,1213,0.13784091174602509,0.08255242556333542,27.95511817932129,0.8388357162475586
556,1372,0.15590909123420715,0.11784244328737259,30.470605850219727,0.8144392371177673
557,2066,0.234772726893425,0.14547067880630493,29.213157653808594,0.8262168765068054
558,1769,0.20102272927761078,0.10995811969041824,28.90140151977539,0.8317880630493164
559,1121,0.12738636136054993,0.13535767793655396,28.289424896240234,0.8347377181053162
560,1472,0.16727273166179657,0.11058138310909271,26.928770065307617,0.8437639474868774
561,1957,0.22238636016845703,0.13709756731987,29.46579933166504,0.8215575218200684
562,1720,0.19545455276966095,0.11506693065166473,29.402082443237305,0.8266291618347168
563,1479,0.16806818544864655,0.09984900057315826,27.786949157714844,0.836347758769989
564,1265,0.14374999701976776,0.13070467114448547,31.38483238220215,0.806796669960022
565,2022,0.22977273166179657,0.14401721954345703,28.186582565307617,0.8359914422035217
566,1976,0.2245454490184784,0.11728789657354355,31.242671966552734,0.8083313703536987
567,1172,0.13318182528018951,0.1049048975110054,29.841453552246094,0.8189125657081604
568,1234,0.140227273106575,0.09578152745962143,27.477432250976562,0.8422161340713501
569,1524,0.17318181693553925,0.12461631745100021,29.90382194519043,0.8211535215377808
570,1899,0.21579545736312866,0.1386185884475708,30.970230102539062,0.8104485273361206
571,1683,0.1912499964237213,0.14585398137569427,27.941104888916016,0.8336225152015686
572,1052,0.11954545229673386,0.1053052693605423,28.08953285217285,0.8379072546958923
573,1537,0.17465908825397491,0.11533292382955551,27.21256446838379,0.8453313708305359
574,1962,0.22295454144477844,0.10321963578462601,27.814483642578125,0.8398202061653137
575,1356,0.15409091114997864,0.11989422887563705,29.819849014282227,0.8171977996826172
576,1259,0.14306817948818207,0.11016857624053955,28.13949966430664,0.8345471024513245
577,1334,0.15159091353416443,0.1125837191939354,32.144134521484375,0.7949965596199036
578,2055,0.23352272808551788,0.1382049322128296,29.32102394104004,0.8300859332084656
579,1763,0.20034091174602509,0.11700232326984406,29.899932861328125,0.8204864859580994
580,1070,0.12159091234207153,0.12416437268257141,27.851430892944336,0.8362061977386475
581,1368,0.15545454621315002,0.08667801320552826,27.799699783325195,0.837900698184967
582,1762,0.2002272754907608,0.110115185379982,29.151479721069336,0.8313010334968567
583,1804,0.20499999821186066,0.12760598957538605,28.333423614501953,0.8360128998756409
584,1531,0.17397727072238922,0.13021184504032135,27.91390609741211,0.8371711373329163
585,1144,0.12999999523162842,0.13557688891887665,33.17792510986328,0.7858402729034424
586,1808,0.20545454323291779,0.16969235241413116,27.537532806396484,0.8402421474456787
587,1869,0.2123863697052002,0.10111118853092194,30.099380493164062,0.8196266889572144
588,1178,0.1338636428117752,0.10650649666786194,27.349321365356445,0.8476299047470093
589,1150,0.1306818127632141,0.1154920682311058,28.371597290039062,0.8294727802276611
590,1345,0.15284091234207153,0.10545472800731659,31.441574096679688,0.808474600315094
591,1921,0.21829545497894287,0.13894587755203247,30.26790428161621,0.8189289569854736
592,1670,0.18977272510528564,0.12178466469049454,27.765304565429688,0.8376074433326721
593,1050,0.11931817978620529,0.110543392598629,28.049833297729492,0.8320621252059937
594,1404,0.15954545140266418,0.10809634625911713,24.772735595703125,0.8618478178977966
595,1909,0.21693181991577148,0.09838125109672546,27.690038681030273,0.8433374166488647
596,1433,0.16284090280532837,0.1301637440919876,28.996339797973633,0.8259298801422119
597,1341,0.1523863673210144,0.09681065380573273,28.397682189941406,0.8293195962905884
598,1252,0.1422727257013321,0.12095947563648224,31.695003509521484,0.7993112206459045
599,1977,0.22465908527374268,0.13740994036197662,28.054826736450195,0.8394352793693542
600,1830,0.207954540848732,0.11381081491708755,31.78678321838379,0.7991423010826111
601,1067,0.12125000357627869,0.11106158792972565,29.000457763671875,0.8285886645317078
602,1212,0.1377272754907608,0.09166267514228821,26.6722354888916,0.8481523990631104
603,1576,0.17909090220928192,0.105929434299469,31.665132522583008,0.8042801022529602
604,1842,0.20931817591190338,0.12141384184360504,30.431594848632812,0.8154927492141724
605,1564,0.17772726714611053,0.10559149831533432,27.2262020111084,0.8447802662849426
606,1018,0.11568181961774826,0.11039172112941742,29.41029930114746,0.8253647685050964
607,1501,0.17056818306446075,0.10251684486865997,28.04689598083496,0.8323944807052612
608,1815,0.20624999701976776,0.10721488296985626,30.127595901489258,0.8223631381988525
609,1176,0.13363637030124664,0.12838701903820038,27.36028289794922,0.8416386246681213
610,1147,0.13034090399742126,0.1270260065793991,27.749656677246094,0.8398607969284058
611,1227,0.13943181931972504,0.1055702343583107,30.891599655151367,0.8094353675842285
612,1888,0.21454545855522156,0.1458226442337036,28.545011520385742,0.8318497538566589
613,1648,0.18727272748947144,0.10903036594390869,29.008729934692383,0.8270859122276306
614,991,0.11261363327503204,0.13763482868671417,27.253910064697266,0.8404064178466797
615,1338,0.15204545855522156,0.11571788787841797,27.86258316040039,0.8375232219696045
616,1774,0.2015909105539322,0.09503784775733948,28.807086944580078,0.8324949741363525
617,1632,0.18545454740524292,0.14201237261295319,28.29036521911621,0.8356446623802185
618,1397,0.1587499976158142,0.10887853801250458,27.929244995117188,0.8347117900848389
619,1132,0.12863636016845703,0.11991910636425018,32.44025421142578,0.7958303093910217
620,1808,0.20545454323291779,0.14952045679092407,26.596696853637695,0.8510293960571289
621,1801,0.2046590894460678,0.11013898998498917,30.93164825439453,0.8110414743423462
622,1103,0.12534090876579285,0.10620499402284622,29.627365112304688,0.8189958930015564
623,1097,0.12465909123420715,0.0824192613363266,28.01813507080078,0.835282027721405
624,1375,0.15625,0.10735385864973068,31.095624923706055,0.8071640729904175
625,1805,0.20511363446712494,0.11829552054405212,29.24898338317871,0.8290969133377075
626,1567,0.17806817591190338,0.1325865536928177,28.231233596801758,0.8315322995185852
627,983,0.11170454323291779,0.1427791714668274,29.983924865722656,0.8107215762138367
628,1366,0.15522727370262146,0.10184858739376068,26.289302825927734,0.8499528169631958
629,1797,0.20420454442501068,0.10859958827495575,27.22564125061035,0.8492552042007446
630,1220,0.13863636553287506,0.10804512351751328,28.678720474243164,0.8313208222389221
631,1222,0.13886363804340363,0.28310737013816833,29.239913940429688,0.825306236743927
632,1199,0.13625000417232513,0.13797037303447723,31.742040634155273,0.8012720942497253
633,1936,0.2199999988079071,0.131046324968338,30.36391830444336,0.8202139139175415
634,1684,0.1913636326789856,0.10398093611001968,30.496789932250977,0.8112428784370422
635,994,0.11295454204082489,0.144423708319664,28.912906646728516,0.8300237059593201
636,1216,0.13818182051181793,0.11589185148477554,28.701480865478516,0.8282947540283203
637,1590,0.18068182468414307,0.10955484211444855,30.937475204467773,0.8090236186981201
638,1698,0.19295454025268555,0.12720558047294617,28.185701370239258,0.8384814858436584
639,1436,0.16318181157112122,0.11887726187705994,28.525127410888672,0.8291665315628052
640,996,0.11318181455135345,0.1045057401061058,33.05312728881836,0.7884844541549683
641,1557,0.17693181335926056,0.17760156095027924,27.916053771972656,0.8322114944458008
642,1704,0.19363635778427124,0.10180426388978958,29.27670669555664,0.8266528248786926
643,1068,0.12136363983154297,0.19066156446933746,28.28138542175293,0.8325588703155518
644,1055,0.1198863610625267,0.0990065336227417,26.9741268157959,0.8427450656890869
645,1228,0.13954545557498932,0.10408410429954529,31.544811248779297,0.800970196723938
646,1844,0.20954544842243195,0.13129667937755585,30.476232528686523,0.8125799298286438
647,1538,0.1747727245092392,0.11229231208562851,29.633609771728516,0.822401762008667
648,946,0.10750000178813934,0.12691447138786316,28.23383331298828,0.8358282446861267
649,1284,0.14590908586978912,0.08905281126499176,26.9139347076416,0.8455844521522522
650,1737,0.19738636910915375,0.10443373769521713,29.373226165771484,0.8245330452919006
651,1351,0.15352272987365723,0.1309228539466858,29.152687072753906,0.8250769376754761
652,1293,0.14693181216716766,0.12128477543592453,27.118682861328125,0.8436968326568604
653,1102,0.12522727251052856,0.12147503346204758,34.259742736816406,0.7737844586372375
654,1797,0.20420454442501068,0.1325252652168274,27.479175567626953,0.8418846130371094
655,1727,0.19625000655651093,0.13062484562397003,30.28455924987793,0.8183795213699341
656,995,0.11306817829608917,0.10777552425861359,27.657310485839844,0.8400658369064331
657,1042,0.11840908974409103,0.10489276796579361,25.94615936279297,0.8530256748199463
658,1414,0.160681813955307,0.09365897625684738,29.926836013793945,0.8210247159004211
659,1788,0.20318181812763214,0.1240672618150711,30.903329849243164,0.812330961227417
660,1450,0.16477273404598236,0.12649516761302948,28.563392639160156,0.831682026386261
661,927,0.10534090548753738,0.12693314254283905,29.796672821044922,0.8213601112365723
662,1356,0.15409091114997864,0.10114903748035431,26.484813690185547,0.8474752306938171
663,1668,0.18954545259475708,0.10166729241609573,29.522659301757812,0.8230072855949402
664,1093,0.12420454621315002,0.1639128178358078,28.923830032348633,0.8263152241706848
665,1122,0.1274999976158142,0.08351851254701614,28.128915786743164,0.8338091373443604
666,1138,0.12931817770004272,0.10982147604227066,32.18595504760742,0.7922173142433167
667,1798,0.20431818068027496,0.15319781005382538,30.006771087646484,0.8175718188285828
668,1537,0.17465908825397491,0.11583802849054337,29.12781524658203,0.8281625509262085
669,900,0.10227272659540176,0.1336805671453476,26.881881713867188,0.8441692590713501
670,1201,0.1364772766828537,0.11852054297924042,27.9949951171875,0.8314711451530457
671,1586,0.18022727966308594,0.08975142240524292,29.954280853271484,0.8240580558776855
672,1558,0.17704544961452484,0.12271305918693542,26.8875732421875,0.8519544005393982
673,1334,0.15159091353416443,0.11560093611478806,27.87290382385254,0.8351888656616211
674,994,0.11295454204082489,0.11358240991830826,31.28322410583496,0.8002653121948242
675,1614,0.18340909481048584,0.11187592893838882,27.587369918823242,0.8412050604820251
676,1651,0.18761363625526428,0.11504404246807098,29.871471405029297,0.8215645551681519
677,993,0.11284090578556061,0.11532515287399292,29.574417114257812,0.8162102103233337
678,1013,0.11511363834142685,0.08685893565416336,27.55805015563965,0.8391392230987549
679,1239,0.14079545438289642,0.1101476326584816,30.20600700378418,0.8187082409858704
680,1728,0.1963636428117752,0.135080948472023,28.777910232543945,0.8323533535003662
681,1455,0.16534091532230377,0.11426663398742676,27.229230880737305,0.8460090160369873
682,879,0.09988636523485184,0.14202874898910522,30.263423919677734,0.8141143321990967
683,1254,0.14249999821186066,0.09442877769470215,26.085468292236328,0.85362309217453
684,1655,0.1880681812763214,0.1002243161201477,29.4801025390625,0.8225845098495483
685,1150,0.1306818127632141,0.10186967253684998,28.597822189331055,0.8268091082572937
686,1187,0.13488636910915375,0.10467363148927689,26.66131591796875,0.8443509936332703
687,1071,0.12170454859733582,0.14365774393081665,33.6978874206543,0.780052661895752
688,1779,0.2021590918302536,0.14553803205490112,29.694374084472656,0.8234842419624329
689,1605,0.1823863685131073,0.1085859015583992,30.834007263183594,0.8114504218101501
690,907,0.10306818038225174,0.13126491010189056,29.06747055053711,0.8264889717102051
691,1045,0.11874999850988388,0.12842141091823578,28.73348617553711,0.8297726511955261
692,1444,0.16409091651439667,0.1027136966586113,30.403461456298828,0.819686233997345
693,1625,0.18465909361839294,0.11836346238851547,29.407081604003906,0.8298389315605164
694,1356,0.15409091114997864,0.11524157226085663,28.0689697265625,0.8389544486999512
695,914,0.10386363416910172,0.10915575176477432,32.229183197021484,0.7945553064346313
696,1357,0.15420454740524292,0.143022820353508,26.95332908630371,0.8428508043289185
697,1587,0.18034091591835022,0.10473432391881943,28.381582260131836,0.8372251987457275
698,1001,0.11375000327825546,0.09254265576601028,27.37268829345703,0.8434194922447205
699,1009,0.11465909332036972,0.12366531789302826,26.729900360107422,0.8458128571510315
700,1134,0.1288636326789856,0.11564047634601593,32.5332145690918,0.7932883501052856
701,1712,0.1945454478263855,0.11498110741376877,28.01210594177246,0.8367738723754883
702,1446,0.16431818902492523,0.10862955451011658,26.877918243408203,0.8452130556106567
703,879,0.09988636523485184,0.11731112003326416,28.158367156982422,0.8327901363372803
704,1155,0.13124999403953552,0.18825000524520874,29.118083953857422,0.8234866857528687
705,1581,0.17965908348560333,0.09293222427368164,29.25536346435547,0.826410174369812
706,1339,0.15215909481048584,0.13007453083992004,29.484230041503906,0.822515606880188
707,1237,0.14056818187236786,0.08215656876564026,28.199174880981445,0.8367236256599426
708,980,0.11136363446712494,0.1078975573182106,34.81069564819336,0.7718355059623718
709,1650,0.1875,0.12924759089946747,27.157028198242188,0.8438453078269958
710,1607,0.18261364102363586,0.10068207234144211,30.1193904876709,0.8165401816368103
711,940,0.10681818425655365,0.10530184209346771,28.33173942565918,0.834299623966217
712,962,0.10931818187236786,0.09139644354581833,27.835535049438477,0.8340417742729187
713,1293,0.14693181216716766,0.11348665505647659,29.51784324645996,0.8225416541099548
714,1696,0.19272726774215698,0.12431573122739792,28.503307342529297,0.8368552327156067
715,1358,0.1543181836605072,0.13637250661849976,27.45261573791504,0.8382421135902405
716,844,0.09590908885002136,0.13776500523090363,28.322175979614258,0.827663242816925
717,1251,0.1421590894460678,0.09069351851940155,26.650466918945312,0.8461676239967346
718,1562,0.17749999463558197,0.09518174082040787,28.184213638305664,0.8352944254875183
719,1027,0.1167045459151268,0.11863341182470322,28.749454498291016,0.8276260495185852
720,1082,0.12295454740524292,0.09232711046934128,26.601327896118164,0.8482877016067505
721,1044,0.1186363622546196,0.10793693363666534,31.66854476928711,0.799065351486206
722,1733,0.19693182408809662,0.1509210169315338,30.674942016601562,0.812846839427948
723,1499,0.1703409105539322,0.10528240352869034,29.799718856811523,0.8172046542167664
724,835,0.09488636255264282,0.09735894948244095,28.98401641845703,0.8189810514450073
725,1027,0.1167045459151268,0.10236123949289322,28.032041549682617,0.8329070806503296
726,1458,0.16568182408809662,0.10250624269247055,29.748153686523438,0.8227455615997314
727,1488,0.16909091174602509,0.13150735199451447,27.631067276000977,0.8484028577804565
728,1272,0.14454545080661774,0.10824353992938995,26.69205665588379,0.8486676216125488
729,891,0.10125000029802322,0.14118684828281403,33.01254653930664,0.7889811992645264
730,1409,0.1601136326789856,0.10949927568435669,25.485797882080078,0.8561021685600281
731,1539,0.17488636076450348,0.09838851541280746,29.38636016845703,0.8228241801261902
732,936,0.10636363923549652,0.1042523980140686,26.902315139770508,0.8452247977256775
733,940,0.10681818425655365,0.08503571152687073,28.082979202270508,0.8311340808868408
734,1130,0.12840908765792847,0.10850518196821213,30.3507080078125,0.8161553144454956
735,1717,0.1951136291027069,0.12001891434192657,29.268142700195312,0.824313759803772
736,1375,0.15625,0.11192340403795242,26.586210250854492,0.8463236689567566
737,822,0.09340909123420715,0.11883936077356339,29.586835861206055,0.8143953084945679
738,1131,0.12852272391319275,0.12408076226711273,28.344236373901367,0.8282895684242249
739,1534,0.17431817948818207,0.11151101440191269,28.940107345581055,0.8273732662200928
740,1121,0.12738636136054993,0.1041952446103096,27.684236526489258,0.8363935351371765
741,1150,0.1306818127632141,0.10195653140544891,25.937339782714844,0.8561822175979614
742,963,0.10943181812763214,0.1395707130432129,32.53663635253906,0.7935546636581421
743,1633,0.1855681836605072,0.15617762506008148,27.394916534423828,0.8448813557624817
744,1543,0.1753409057855606,0.10475639998912811,31.813013076782227,0.799060583114624
745,855,0.09715908765792847,0.10211361199617386,27.74506187438965,0.8278751373291016
746,914,0.10386363416910172,0.10440150648355484,28.908710479736328,0.825724720954895
747,1319,0.1498863697052002,0.1207003965973854,30.837255477905273,0.8092682361602783
748,1612,0.18318182229995728,0.14653520286083221,29.139549255371094,0.8296239376068115
749,1279,0.1453409045934677,0.1345549374818802,28.77837371826172,0.8298997282981873
750,840,0.09545454382896423,0.10850048065185547,30.086627960205078,0.8162387609481812
751,1237,0.14056818187236786,0.09411898255348206,24.459096908569336,0.8664359450340271
752,1506,0.17113636434078217,0.09333104640245438,28.660127639770508,0.8301177024841309
753,950,0.10795454680919647,0.1089717373251915,28.403844833374023,0.8283065557479858
754,965,0.1096590906381607,0.12984803318977356,25.96248435974121,0.8542965054512024
755,1036,0.11772727221250534,0.12592190504074097,32.42494201660156,0.7895725965499878
756,1623,0.18443182110786438,0.1701010912656784,30.932594299316406,0.8056020140647888
757,1362,0.15477272868156433,0.11641577631235123,28.939115524291992,0.8241050839424133
758,805,0.09147727489471436,0.12352275103330612,27.325763702392578,0.8394391536712646
759,1023,0.11625000089406967,0.10692089051008224,29.093259811401367,0.8263903856277466
760,1469,0.16693182289600372,0.10664107650518417,29.00795555114746,0.8289936780929565
761,1343,0.15261363983154297,0.12746386229991913,29.878673553466797,0.8252843022346497
762,1187,0.13488636910915375,0.11022212356328964,27.02646255493164,0.8445723056793213
763,897,0.10193181782960892,0.10904532670974731,32.943939208984375,0.7830948829650879
764,1472,0.16727273166179657,0.14047574996948242,26.277328491210938,0.8520306348800659
765,1491,0.16943182051181793,0.10514073073863983,29.315502166748047,0.8255507946014404
766,872,0.09909091144800186,0.1210295706987381,27.774063110351562,0.8337872624397278
767,885,0.10056818276643753,0.20848000049591064,28.584280014038086,0.8292187452316284
768,1147,0.13034090399742126,0.1965240240097046,29.218130111694336,0.828176736831665
769,1632,0.18545454740524292,0.15753710269927979,29.042102813720703,0.8313377499580383
770,1284,0.14590908586978912,0.10151215642690659,27.30921173095703,0.8424798846244812
771,786,0.0893181785941124,0.11548800766468048,29.861713409423828,0.8172489404678345
772,1124,0.12772727012634277,0.10226713865995407,27.992673873901367,0.8328813314437866
773,1487,0.1689772754907608,0.0941527783870697,28.72574806213379,0.8292176127433777
774,996,0.11318181455135345,0.10547326505184174,28.85729217529297,0.8251194953918457
775,1054,0.11977272480726242,0.09855663776397705,27.743310928344727,0.8346274495124817
776,926,0.1052272692322731,0.1158105805516243,33.68049240112305,0.7778876423835754
777,1601,0.18193182349205017,0.17349833250045776,29.784318923950195,0.8220971822738647
778,1442,0.1638636291027069,0.10542072355747223,29.92342758178711,0.8208456635475159
779,779,0.08852272480726242,0.09376648813486099,27.61663818359375,0.831515371799469
780,906,0.10295454412698746,0.11718984693288803,29.413053512573242,0.8196317553520203
781,1351,0.15352272987365723,0.10280604660511017,30.67129135131836,0.8183686137199402
782,1469,0.16693182289600372,0.12945590913295746,28.634775161743164,0.8296360373497009
783,1210,0.13750000298023224,0.1066700741648674,27.782703399658203,0.8423252105712891
784,808,0.0918181836605072,0.1157732829451561,30.401613235473633,0.8191614151000977
785,1260,0.14318181574344635,0.1460406482219696,25.12963104248047,0.8571975231170654
786,1442,0.1638636291027069,0.10092085599899292,26.821781158447266,0.8494272232055664
787,892,0.1013636365532875,0.12819209694862366,28.934125900268555,0.8227861523628235
788,897,0.10193181782960892,0.09446444362401962,29.33080291748047,0.8222277760505676
789,1021,0.11602272838354111,0.10498258471488953,32.877708435058594,0.7866290807723999
790,1617,0.1837500035762787,0.12483877688646317,30.305469512939453,0.8135457038879395
791,1295,0.14715908467769623,0.1221746876835823,28.870635986328125,0.8221562504768372
792,774,0.08795454353094101,0.1212557703256607,30.35638427734375,0.8017182350158691
793,1003,0.11397727578878403,0.10613155364990234,27.76682472229004,0.8356668949127197
794,1460,0.16590909659862518,0.12197785824537277,28.501144409179688,0.8318476676940918
795,1106,0.1256818175315857,0.1166786178946495,27.79295539855957,0.8339613080024719
796,1100,0.125,0.09780393540859222,25.353809356689453,0.8630784153938293
797,882,0.10022727400064468,0.15268021821975708,34.1109733581543,0.7769221663475037
798,1501,0.17056818306446075,0.13753904402256012,26.599977493286133,0.8458433151245117
799,1440,0.16363635659217834,0.1129123717546463,30.874706268310547,0.8100405931472778
800,800,0.09090909361839294,0.10503863543272018,28.244577407836914,0.8292036652565002
801,831,0.0944318175315857,0.1318487524986267,27.89010238647461,0.831733226776123
802,1203,0.13670454919338226,0.15859459340572357,31.092697143554688,0.8068647980690002
803,1589,0.18056818842887878,0.1422119140625,28.8572998046875,0.8309876322746277
804,1210,0.13750000298023224,0.1058608889579773,27.904767990112305,0.8366953134536743
805,761,0.08647727221250534,0.10466436296701431,29.75821304321289,0.8192344903945923
806,1137,0.12920454144477844,0.1148068830370903,24.895036697387695,0.8675636053085327
807,1427,0.16215908527374268,0.09169481694698334,29.168716430664062,0.8253928422927856
808,928,0.10545454174280167,0.09819632768630981,28.379356384277344,0.8294391632080078
809,934,0.10613636672496796,0.09095630049705505,28.276485443115234,0.8301763534545898
810,933,0.10602273046970367,0.11597367376089096,31.463720321655273,0.8027188181877136
811,1544,0.1754545420408249,0.16544194519519806,30.063413619995117,0.8163647651672363
812,1337,0.15193182229995728,0.24620801210403442,29.929214477539062,0.8197020292282104
813,750,0.08522727340459824,0.12250274419784546,26.651262283325195,0.8474614024162292
814,882,0.10022727400064468,0.09296463429927826,28.722620010375977,0.8293410539627075
815,1378,0.15659090876579285,0.08479470759630203,29.90271759033203,0.8204744458198547
816,1320,0.15000000596046448,0.1472124457359314,27.888141632080078,0.8407391905784607
817,1122,0.1274999976158142,0.09054594486951828,27.69428253173828,0.8401394486427307
818,816,0.09272727370262146,0.14815710484981537,32.44148635864258,0.792378842830658
819,1319,0.1498863697052002,0.11619676649570465,25.699316024780273,0.8544235825538635
820,1411,0.16034090518951416,0.13258078694343567,29.06737518310547,0.8274467587471008
821,846,0.09613636136054993,0.1820637583732605,30.092180252075195,0.8207635283470154
822,837,0.09511363506317139,0.09348795562982559,27.164438247680664,0.8447037935256958
823,1031,0.11715909093618393,0.10877218097448349,32.46153259277344,0.7881027460098267
824,1566,0.1779545396566391,0.1384008377790451,28.698932647705078,0.8324447870254517
825,1233,0.14011363685131073,0.10358425229787827,27.76958465576172,0.8341161608695984
826,740,0.08409091085195541,0.11384905874729156,29.504905700683594,0.8228792548179626
827,1009,0.11465909332036972,0.12076249718666077,27.135469436645508,0.8409101366996765
828,1428,0.16227272152900696,0.12265937030315399,29.68572998046875,0.8205523490905762
829,985,0.11193181574344635,0.12443988025188446,27.225698471069336,0.8441726565361023
830,1005,0.11420454829931259,0.11113724112510681,26.93846321105957,0.8477715253829956
831,851,0.09670454263687134,0.13553887605667114,34.095001220703125,0.7739049792289734
832,1487,0.1689772754907608,0.14604102075099945,28.42495346069336,0.833284318447113
833,1367,0.15534090995788574,0.112513966858387,30.698577880859375,0.8079690337181091
834,721,0.08193181455135345,0.14554813504219055,28.13159942626953,0.8243071436882019
835,806,0.09159091114997864,0.11406688392162323,28.856578826904297,0.8272554874420166
836,1228,0.13954545557498932,0.0901072695851326,29.997543334960938,0.8225054144859314
837,1487,0.1689772754907608,0.11963804066181183,29.664928436279297,0.8253602385520935
838,1124,0.12772727012634277,0.12309199571609497,29.117565155029297,0.8215585947036743
839,750,0.08522727340459824,0.12765169143676758,31.947296142578125,0.8011921644210815
840,1126,0.12795454263687134,0.1126341000199318,24.246307373046875,0.8708552718162537
841,1373,0.15602272748947144,0.0828850045800209,27.840717315673828,0.8362602591514587
842,876,0.09954545646905899,0.10955926030874252,27.462265014648438,0.8330118656158447
843,865,0.09829545766115189,0.10669727623462677,28.75830841064453,0.8272304534912109
844,942,0.10704545676708221,0.10433370620012283,33.316226959228516,0.7866166830062866
845,1524,0.17318181693553925,0.12395010143518448,29.584110260009766,0.8238340616226196
846,1244,0.14136363565921783,0.10160572826862335,29.438617706298828,0.8183276057243347
847,733,0.08329545706510544,0.1278797835111618,29.046445846557617,0.8191165924072266
848,879,0.09988636523485184,0.0899127945303917,27.247882843017578,0.8489089608192444
849,1377,0.15647727251052856,0.11645364761352539,29.681283950805664,0.8240859508514404
850,1124,0.12772727012634277,0.156733900308609,28.616621017456055,0.8282884955406189
851,1055,0.1198863610625267,0.12226153910160065,29.751224517822266,0.8206855654716492
852,826,0.09386363625526428,0.12971924245357513,34.499629974365234,0.772001326084137
853,1344,0.15272727608680725,0.12149392068386078,27.006269454956055,0.8405194878578186
854,1370,0.1556818187236786,0.09847640991210938,30.48845863342285,0.8149598240852356
855,763,0.0867045447230339,0.10357522964477539,25.820302963256836,0.8556548357009888
856,788,0.08954545110464096,0.1070365458726883,27.496292114257812,0.836243212223053
857,1074,0.12204545736312866,0.12577322125434875,28.82775115966797,0.8310128450393677
858,1527,0.1735227257013321,0.12630057334899902,28.616384506225586,0.8355101346969604
859,1168,0.1327272653579712,0.11740667372941971,26.98380470275879,0.8446144461631775
860,719,0.08170454204082489,0.12389323115348816,29.8480224609375,0.8137167692184448
861,1020,0.11590909212827682,0.13038744032382965,26.54648208618164,0.8477426171302795
862,1370,0.1556818187236786,0.08471252024173737,28.29637908935547,0.8342695236206055
863,919,0.10443181544542313,0.111922986805439,29.435665130615234,0.8192360401153564
864,920,0.10454545170068741,0.0988054871559143,27.39901351928711,0.8411152958869934
865,858,0.09749999642372131,0.13076254725456238,33.6336555480957,0.7793469429016113
866,1443,0.1639772653579712,0.1262086182832718,29.59259605407715,0.8222036957740784
867,1288,0.14636363089084625,0.12397128343582153,29.18575096130371,0.8218491077423096
868,720,0.08181817829608917,0.1109539270401001,27.036909103393555,0.8351163864135742
869,787,0.08943181484937668,0.10461516678333282,29.3992862701416,0.8214467167854309
870,1244,0.14136363565921783,0.10683519393205643,30.803083419799805,0.8138895034790039
871,1267,0.14397726953029633,0.13693827390670776,29.06583595275879,0.823663055896759
872,1049,0.11920454353094101,0.12447183579206467,28.38488006591797,0.833782970905304
873,763,0.0867045447230339,0.12977845966815948,31.04434585571289,0.8063598275184631
874,1160,0.13181817531585693,0.12175574153661728,25.43716812133789,0.8571135401725769
875,1352,0.1536363661289215,0.09154795110225677,28.331796646118164,0.83880615234375
876,840,0.09545454382896423,0.10847850143909454,26.33621597290039,0.8505148887634277
877,814,0.0925000011920929,0.08868131786584854,27.48076629638672,0.839487612247467
878,945,0.10738636553287506,0.13818353414535522,32.25569534301758,0.7934504151344299
879,1460,0.16590909659862518,0.15289092063903809,27.65758514404297,0.8414213061332703
880,1184,0.1345454603433609,0.11128060519695282,29.25062370300293,0.8226523995399475
881,713,0.0810227245092392,0.10978955775499344,29.222570419311523,0.8186049461364746
882,899,0.10215909034013748,0.09827269613742828,26.19295310974121,0.8523878455162048
883,1348,0.15318182110786438,0.08600207418203354,29.097755432128906,0.8225972652435303
884,987,0.11215908825397491,0.09748101234436035,26.561494827270508,0.8473786115646362
885,968,0.10999999940395355,0.11832283437252045,27.683879852294922,0.8409886360168457
886,804,0.09136363863945007,0.12284758687019348,32.804141998291016,0.7885206341743469
887,1368,0.15545454621315002,0.12956824898719788,26.937374114990234,0.8421093821525574
888,1302,0.1479545384645462,0.12626050412654877,31.04030418395996,0.8040838837623596
889,693,0.07874999940395355,0.09725452959537506,26.965381622314453,0.8366939425468445
890,743,0.08443181961774826,0.12994231283664703,30.159608840942383,0.8106808662414551
891,1105,0.1255681812763214,0.11540627479553223,31.403032302856445,0.805868923664093
892,1448,0.1645454615354538,0.13250215351581573,29.323944091796875,0.8299325108528137
893,1068,0.12136363983154297,0.10919123888015747,29.890640258789062,0.8168459534645081
894,719,0.08170454204082489,0.13353756070137024,30.458208084106445,0.8151156902313232
895,1027,0.1167045459151268,0.11013831943273544,25.537025451660156,0.8561936020851135
896,1304,0.14818181097507477,0.0969095379114151,28.691930770874023,0.831083357334137
897,861,0.09784091264009476,0.14219489693641663,26.67691993713379,0.852689266204834
898,830,0.09431818127632141,0.09751283377408981,27.31641387939453,0.8394232988357544
899,862,0.09795454889535904,0.11890090256929398,32.83929443359375,0.7901557683944702
900,1450,0.16477273404598236,0.1361990123987198,29.69727325439453,0.8201340436935425
901,1215,0.13806818425655365,0.11146874725818634,30.086143493652344,0.8115161061286926
902,706,0.08022727072238922,0.1479896754026413,29.646528244018555,0.8128587603569031
903,777,0.08829545229673386,0.14141716063022614,28.59707260131836,0.8302711844444275
904,1267,0.14397726953029633,0.10782865434885025,29.80362319946289,0.8173736333847046
905,1126,0.12795454263687134,0.15786929428577423,30.581205368041992,0.8045315742492676
906,998,0.11340909451246262,0.1184309870004654,28.37433433532715,0.8298485279083252
907,751,0.08534090965986252,0.1056961640715599,31.775625228881836,0.8053144216537476
908,1224,0.1390909105539322,0.10719767212867737,25.179834365844727,0.8636930584907532
909,1288,0.14636363089084625,0.09002181142568588,30.35831642150879,0.8139212727546692
910,765,0.08693181723356247,0.1082252785563469,27.699052810668945,0.833860456943512
911,748,0.08500000089406967,0.09738564491271973,28.438188552856445,0.8266717195510864
912,967,0.10988636314868927,0.10928355902433395,32.03881072998047,0.799993634223938
913,1422,0.16159090399742126,0.1282370239496231,29.620771408081055,0.8250808119773865
914,1112,0.1263636350631714,0.12347694486379623,28.774147033691406,0.828569233417511
915,686,0.07795454561710358,0.10239623486995697,30.065454483032227,0.81535404920578
916,914,0.10386363416910172,0.10541593283414841,28.618080139160156,0.8244910836219788
917,1301,0.14784090220928192,0.09258478134870529,29.890684127807617,0.8151902556419373
918,904,0.10272727161645889,0.12025531381368637,28.24856948852539,0.8302222490310669
919,893,0.10147727280855179,0.1332537829875946,26.85310173034668,0.8470081090927124
920,783,0.08897726982831955,0.15417468547821045,32.97610092163086,0.7885525226593018
921,1353,0.1537500023841858,0.14269624650478363,28.047561645507812,0.8329646587371826
922,1225,0.13920454680919647,0.12549854815006256,31.474288940429688,0.7976711988449097
923,681,0.07738636434078217,0.1113814190030098,27.472856521606445,0.8382125496864319
924,711,0.08079545199871063,0.1108870878815651,27.78557586669922,0.8342337608337402
925,1144,0.12999999523162842,0.12040993571281433,30.974470138549805,0.8119663596153259
926,1252,0.1422727257013321,0.13959068059921265,30.716291427612305,0.8108453154563904
927,991,0.11261363327503204,0.12222939729690552,28.812255859375,0.8279259204864502
928,711,0.08079545199871063,0.11731266975402832,31.857009887695312,0.8005707859992981
929,1032,0.11727272719144821,0.18396887183189392,24.094993591308594,0.8690516948699951
930,1277,0.14511363208293915,0.11833270639181137,28.710081100463867,0.828650951385498
931,818,0.09295454621315002,0.09655766189098358,26.364151000976562,0.849210262298584
932,779,0.08852272480726242,0.12331325560808182,27.941408157348633,0.8360177874565125
933,878,0.09977272897958755,0.10622956603765488,33.368133544921875,0.7828840613365173
934,1392,0.1581818163394928,0.1305699348449707,28.31348419189453,0.8343536257743835
935,1146,0.13022726774215698,0.11700426787137985,31.567306518554688,0.7990383505821228
936,684,0.07772727310657501,0.145760640501976,30.67251968383789,0.8062053322792053
937,796,0.09045454859733582,0.08801570534706116,27.03009605407715,0.8469915986061096
938,1266,0.14386363327503204,0.12090717256069183,29.361108779907227,0.8252877593040466
939,970,0.11022727191448212,0.1318417638540268,26.610177993774414,0.8426960706710815
940,930,0.10568182170391083,0.12063173949718475,28.095535278320312,0.8284351229667664
941,755,0.08579545468091965,0.1122075691819191,33.03985595703125,0.7895153760910034
942,1257,0.1428409069776535,0.11074157804250717,26.578264236450195,0.848294198513031
943,1250,0.14204545319080353,0.1162969172000885,29.780534744262695,0.8182579874992371
944,678,0.07704545557498932,0.14806342124938965,27.361196517944336,0.832385778427124
945,696,0.0790909081697464,0.10427685081958771,28.47579002380371,0.8242892622947693
946,1000,0.11363636702299118,0.12226589769124985,31.221418380737305,0.8064287900924683
947,1386,0.1574999988079071,0.16280105710029602,28.18195343017578,0.8420677781105042
948,1035,0.11761363595724106,0.10757885128259659,27.427236557006836,0.8438262939453125
949,689,0.07829545438289642,0.12288260459899902,30.75917625427246,0.8082422614097595
950,940,0.10681818425655365,0.0976594090461731,27.685766220092773,0.8377944827079773
951,1259,0.14306817948818207,0.0893569067120552,29.84711265563965,0.819404661655426
952,829,0.09420454502105713,0.11339694261550903,26.45554542541504,0.8480337858200073
953,817,0.09284090995788574,0.11166200786828995,25.95391845703125,0.8568612933158875
954,801,0.09102272987365723,0.12513160705566406,33.499305725097656,0.784656822681427
955,1323,0.15034091472625732,0.16160987317562103,28.026126861572266,0.835256814956665
956,1160,0.13181817531585693,0.10620833933353424,29.066987991333008,0.8213579654693604
957,676,0.07681818306446075,0.11944109201431274,28.540494918823242,0.8311362862586975
958,701,0.07965908944606781,0.10047504305839539,28.194835662841797,0.8309324383735657
959,1154,0.13113635778427124,0.10620522499084473,29.55868148803711,0.8252213001251221
960,1132,0.12863636016845703,0.12508200109004974,30.877967834472656,0.8070106506347656
961,936,0.10636363923549652,0.12645836174488068,29.26272964477539,0.8264068961143494
962,692,0.07863636314868927,0.14869771897792816,32.92323684692383,0.7900500893592834
963,1068,0.12136363983154297,0.11005423218011856,26.304180145263672,0.8483421802520752
964,1221,0.13875000178813934,0.09670508652925491,30.934329986572266,0.8098694086074829
965,752,0.0854545459151268,0.10898846387863159,27.715707778930664,0.8403699994087219
966,730,0.08295454829931259,0.11142805218696594,27.692262649536133,0.8395240902900696
967,895,0.10170454531908035,0.09565643966197968,31.194564819335938,0.8062224388122559
968,1321,0.15011364221572876,0.1881249099969864,31.11817169189453,0.8049549460411072
969,1083,0.1230681836605072,0.10081035643815994,27.711793899536133,0.8390331268310547
970,650,0.07386363297700882,0.12447594851255417,29.926502227783203,0.81795334815979
971,816,0.09272727370262146,0.10589643567800522,27.087665557861328,0.8414851427078247
972,1246,0.1415909081697464,0.14001886546611786,28.653989791870117,0.8350585103034973
973,893,0.10147727280855179,0.12477229535579681,27.821516036987305,0.8355860114097595
974,847,0.09624999761581421,0.0984666496515274,28.935808181762695,0.8232498168945312
975,738,0.08386363834142685,0.16121844947338104,35.656097412109375,0.760990560054779
976,1237,0.14056818187236786,0.13725340366363525,26.230010986328125,0.8537737727165222
977,1193,0.13556818664073944,0.10248877108097076,29.876426696777344,0.8174019455909729
978,664,0.07545454800128937,0.09922610968351364,26.830961227416992,0.843235433101654
979,660,0.07500000298023224,0.09811961650848389,29.339876174926758,0.8133770823478699
980,1046,0.11886363476514816,0.1099010556936264,30.03075408935547,0.819309651851654
981,1226,0.13931818306446075,0.14541305601596832,30.24620246887207,0.8154136538505554
982,946,0.10750000178813934,0.1479816734790802,28.480472564697266,0.8261711597442627
983,662,0.0752272754907608,0.16951610147953033,31.49382209777832,0.8051705956459045
984,939,0.10670454800128937,0.11754030734300613,25.811532974243164,0.851371169090271
985,1207,0.1371590942144394,0.10021241754293442,28.646469116210938,0.8303176760673523
986,774,0.08795454353094101,0.13264338672161102,27.531789779663086,0.8398087620735168
987,748,0.08500000089406967,0.10196278244256973,26.14327621459961,0.8500098586082458
988,798,0.09068182110786438,0.10993048548698425,32.99652099609375,0.7859729528427124
989,1294,0.14704544842243195,0.1337043195962906,29.48554039001465,0.821870744228363
990,1091,0.12397727370262146,0.11601322144269943,30.150142669677734,0.8132874965667725
991,669,0.07602272927761078,0.14419147372245789,29.234363555908203,0.8234784007072449
992,697,0.07920454442501068,0.10437507182359695,27.993610382080078,0.8348175883293152
993,1169,0.13284091651439667,0.1038220226764679,30.40631675720215,0.8140609264373779
994,991,0.11261363327503204,0.12155550718307495,29.252241134643555,0.8190481066703796
995,884,0.10045454651117325,0.11760211735963821,29.258804321289062,0.8219873905181885
996,674,0.07659091055393219,0.14189556241035461,33.24287796020508,0.7834477424621582
997,1148,0.13045454025268555,0.10471104830503464,26.49526596069336,0.8476535677909851
998,1162,0.1320454478263855,0.09456967562437057,30.438215255737305,0.8111395239830017
999,670,0.07613636553287506,0.1043265089392662,27.18850326538086,0.8402309417724609
1000,670,0.07613636553287506,0.10307212918996811,29.462482452392578,0.8165350556373596
1001,915,0.103977270424366,0.10216531157493591,31.0423526763916,0.8066511154174805
1002,1291,0.1467045396566391,0.16538408398628235,29.367801666259766,0.8272920846939087
1003,1001,0.11375000327825546,0.1253950297832489,28.696697235107422,0.8295915722846985
1004,656,0.07454545795917511,0.12306530028581619,30.460044860839844,0.8134074211120605
1005,849,0.09647727012634277,0.09533347934484482,25.56021499633789,0.8545632362365723
1006,1203,0.13670454919338226,0.11080315709114075,28.758228302001953,0.8300888538360596
1007,804,0.09136363863945007,0.15177562832832336,27.08172035217285,0.8379355072975159
1008,786,0.0893181785941124,0.12371890246868134,27.739898681640625,0.837358295917511
1009,742,0.08431818336248398,0.13038164377212524,36.74256134033203,0.7491400837898254
1010,1169,0.13284091651439667,0.15161088109016418,27.553852081298828,0.8347863554954529
1011,1114,0.12659090757369995,0.11552613228559494,31.62584114074707,0.8011706471443176
1012,652,0.07409090548753738,0.11668667942285538,27.62834930419922,0.8341432213783264
1013,644,0.07318181544542313,0.10356827825307846,28.580881118774414,0.8312880396842957
1014,1075,0.12215909361839294,0.12695704400539398,29.9975643157959,0.817211389541626
1015,1085,0.12329545617103577,0.13568264245986938,28.985084533691406,0.8265326023101807
1016,881,0.1001136377453804,0.12367384880781174,28.388080596923828,0.8283483982086182
1017,654,0.07431818544864655,0.09898403286933899,31.761301040649414,0.8037183880805969
1018,959,0.10897727310657501,0.1112014576792717,26.46796226501465,0.8471739888191223
1019,1145,0.1301136314868927,0.1047244668006897,27.669055938720703,0.8385853171348572
1020,723,0.08215909451246262,0.16270120441913605,26.160694122314453,0.8531857132911682
1021,705,0.08011363446712494,0.11465325951576233,28.822547912597656,0.8235619068145752
1022,820,0.09318181872367859,0.11563540995121002,32.978641510009766,0.7849987745285034
1023,1261,0.14329545199871063,0.1607573926448822,29.95323944091797,0.8191736936569214
1024,1048,0.11909090727567673,0.12007030099630356,29.872501373291016,0.8155418634414673
1025,634,0.0720454528927803,0.20472340285778046,30.99403953552246,0.8054624795913696
1026,732,0.08318182080984116,0.10156042128801346,25.868057250976562,0.8524288535118103
1027,1184,0.1345454603433609,0.109107106924057,29.40972328186035,0.829903781414032
1028,887,0.1007954552769661,0.15101656317710876,27.29874038696289,0.8362845182418823
1029,824,0.09363636374473572,0.10637721419334412,28.75260353088379,0.8254549503326416
1030,695,0.07897727191448212,0.12778441607952118,33.90504837036133,0.7801954746246338
1031,1161,0.13193181157112122,0.14608311653137207,25.967899322509766,0.8498853445053101
1032,1145,0.1301136314868927,0.10018052160739899,30.375524520874023,0.8115659356117249
1033,628,0.07136363536119461,0.12255042046308517,28.607425689697266,0.8295316100120544
1034,635,0.07215908914804459,0.1280033141374588,27.711559295654297,0.8340792655944824
1035,965,0.1096590906381607,0.11941473931074142,29.75937843322754,0.8241612911224365
1036,1155,0.13124999403953552,0.1420520544052124,28.43911361694336,0.8361635804176331
1037,916,0.10409090667963028,0.12539765238761902,28.251192092895508,0.8360731601715088
1038,623,0.0707954540848732,0.11873035132884979,30.813390731811523,0.810534656047821
1039,868,0.09863636642694473,0.0991036519408226,25.303049087524414,0.8598805069923401
1040,1160,0.13181817531585693,0.08671246469020844,29.137971878051758,0.8285344839096069
1041,739,0.08397727459669113,0.12502510845661163,27.03583335876465,0.8408218026161194
1042,719,0.08170454204082489,0.09501825273036957,27.40453338623047,0.8392249345779419
1043,746,0.08477272838354111,0.11312013864517212,34.89847946166992,0.7666458487510681
1044,1162,0.1320454478263855,0.14811332523822784,30.160842895507812,0.8098262548446655
1045,1042,0.11840908974409103,0.10801548510789871,32.19778060913086,0.7904755473136902
1046,651,0.0739772692322731,0.11461549252271652,28.475704193115234,0.8296016454696655
1047,641,0.07284090667963028,0.09849541634321213,28.89296531677246,0.818333089351654
1048,1060,0.12045454233884811,0.1059970110654831,27.405254364013672,0.8475388288497925
1049,1026,0.11659090965986252,0.12550845742225647,29.756290435791016,0.8130100965499878
1050,850,0.09659090638160706,0.12620875239372253,29.1265811920166,0.8265736103057861
1051,631,0.07170454412698746,0.1444164514541626,35.1375617980957,0.7625836133956909
1052,1009,0.11465909332036972,0.12059406191110611,24.9334716796875,0.8654600977897644
1053,1098,0.12477272748947144,0.09638407826423645,31.056110382080078,0.8091408014297485
1054,660,0.07500000298023224,0.16919489204883575,27.535783767700195,0.8380051851272583
1055,662,0.0752272754907608,0.12083874642848969,27.748106002807617,0.8359375
1056,828,0.09409090876579285,0.12185663729906082,31.69682502746582,0.7995522618293762
1057,1193,0.13556818664073944,0.1711595356464386,29.32640838623047,0.8236995935440063
1058,964,0.10954545438289642,0.10455933958292007,29.41742706298828,0.821678876876831
1059,612,0.0695454552769661,0.11078669130802155,28.929332733154297,0.8233209252357483
1060,759,0.08624999970197678,0.09732753038406372,28.351911544799805,0.8256781101226807
1061,1162,0.1320454478263855,0.09012357890605927,29.731386184692383,0.8218757510185242
1062,801,0.09102272987365723,0.17724022269248962,28.548025131225586,0.8200618624687195
1063,764,0.08681818097829819,0.11279361695051193,26.387895584106445,0.8521469831466675
1064,687,0.07806818187236786,0.13560064136981964,36.09308624267578,0.7466267943382263
1065,1094,0.1243181824684143,0.14377352595329285,27.468687057495117,0.8395707011222839
1066,1065,0.12102272361516953,0.11098228394985199,30.204025268554688,0.8171257376670837
1067,626,0.07113636285066605,0.11201931536197662,26.991010665893555,0.8447576761245728
1068,608,0.06909091025590897,0.10063830763101578,30.104080200195312,0.8120368719100952
1069,998,0.11340909451246262,0.10436106473207474,29.144380569458008,0.8294892907142639
1070,1059,0.12034090608358383,0.14753897488117218,29.09442901611328,0.8240360617637634
1071,850,0.09659090638160706,0.14762292802333832,30.15787696838379,0.8094218373298645
1072,612,0.0695454552769661,0.11107001453638077,31.479415893554688,0.8011155724525452
1073,879,0.09988636523485184,0.09230490028858185,24.998952865600586,0.8596869111061096
1074,1106,0.1256818175315857,0.08361660689115524,28.805339813232422,0.8297847509384155
1075,698,0.07931818068027496,0.15307670831680298,26.545318603515625,0.8401135802268982
1076,674,0.07659091055393219,0.10661745071411133,27.647727966308594,0.8332555890083313
1077,760,0.08636363595724106,0.12825588881969452,31.663440704345703,0.797455906867981
1078,1149,0.13056817650794983,0.16503506898880005,28.607576370239258,0.8292717337608337
1079,978,0.11113636195659637,0.12755265831947327,29.503549575805664,0.8189171552658081
1080,630,0.07159090787172318,0.10830438137054443,28.292720794677734,0.8322747945785522
1081,655,0.07443182170391083,0.09965693950653076,27.76058578491211,0.8345417976379395
1082,1083,0.1230681836605072,0.1008724644780159,28.0498104095459,0.8370562195777893
1083,892,0.1013636365532875,0.15560555458068848,27.4371395111084,0.8359795808792114
1084,792,0.09000000357627869,0.10697521269321442,27.468528747558594,0.8392208218574524
1085,641,0.07284090667963028,0.14505094289779663,36.41421127319336,0.7533275485038757
1086,1052,0.11954545229673386,0.11627031862735748,25.709564208984375,0.8601758480072021
1087,1054,0.11977272480726242,0.11070207506418228,30.47063636779785,0.8157808184623718
1088,604,0.06863636523485184,0.10627861320972443,26.099441528320312,0.8512975573539734
1089,618,0.07022727280855179,0.12526199221611023,29.101303100585938,0.8250618577003479
1090,873,0.09920454770326614,0.11135128140449524,30.476531982421875,0.8160356879234314
1091,1083,0.1230681836605072,0.16111448407173157,28.772632598876953,0.8312628865242004
1092,896,0.10181818157434464,0.12796251475811005,27.468280792236328,0.8344230651855469
1093,588,0.06681818515062332,0.11781637370586395,29.923629760742188,0.8179449439048767
1094,791,0.0898863673210144,0.09669768810272217,26.77443504333496,0.8469328284263611
1095,1117,0.1269318163394928,0.0843549594283104,28.13031005859375,0.8365463614463806
1096,724,0.0822727307677269,0.11089732497930527,27.277755737304688,0.8286045789718628
1097,704,0.07999999821186066,0.12336389720439911,28.609479904174805,0.8280986547470093
1098,705,0.08011363446712494,0.12864136695861816,34.273189544677734,0.7725626826286316
1099,1045,0.11874999850988388,0.1570310741662979,27.482717514038086,0.8326262831687927
1100,992,0.11272726953029633,0.11711995303630829,32.19568634033203,0.79120934009552
1101,632,0.07181818038225174,0.13190492987632751,27.84638214111328,0.8388141393661499
1102,595,0.0676136389374733,0.13189901411533356,28.79987907409668,0.8238464593887329
1103,996,0.11318181455135345,0.11812226474285126,27.9422550201416,0.83753901720047
1104,1021,0.11602272838354111,0.14020903408527374,28.071853637695312,0.835410475730896
1105,792,0.09000000357627869,0.12211116403341293,28.097518920898438,0.8325390219688416
1106,600,0.06818182021379471,0.13087013363838196,34.03059005737305,0.77610182762146
1107,924,0.10499999672174454,0.10757966339588165,26.894493103027344,0.8441469669342041
1108,1045,0.11874999850988388,0.09572403877973557,28.806577682495117,0.8313211798667908
1109,649,0.07374999672174454,0.16072218120098114,27.135963439941406,0.8376145958900452
1110,633,0.07193181663751602,0.07381598651409149,29.120155334472656,0.8210129141807556
1111,769,0.0873863622546196,0.12249833345413208,33.32102966308594,0.778580904006958
1112,1115,0.12670454382896423,0.1635490208864212,30.17736053466797,0.8111929297447205
1113,943,0.1071590930223465,0.13277651369571686,29.521242141723633,0.8132529258728027
1114,562,0.06386363506317139,0.1466776430606842,32.160945892333984,0.7996559739112854
1115,669,0.07602272927761078,0.12030218541622162,25.481035232543945,0.8551008105278015
1116,1104,0.12545454502105713,0.11435996741056442,29.82625389099121,0.8217164874076843
1117,806,0.09159091114997864,0.12138364464044571,26.586528778076172,0.8431716561317444
1118,737,0.08375000208616257,0.10407844930887222,26.88064956665039,0.8439790606498718
1119,639,0.07261363416910172,0.14763076603412628,36.99409866333008,0.7433006763458252
1120,1023,0.11625000089406967,0.13293711841106415,26.230356216430664,0.8514148592948914
1121,1020,0.11590909212827682,0.1458217054605484,31.068265914916992,0.8031572103500366
1122,599,0.06806818395853043,0.09737732261419296,27.12765121459961,0.8439199328422546
1123,589,0.0669318214058876,0.17603276669979095,29.542236328125,0.8181565999984741
1124,918,0.10431817919015884,0.1066405326128006,30.050657272338867,0.8146438598632812
1125,1026,0.11659090965986252,0.13122773170471191,31.28864288330078,0.7994147539138794
1126,829,0.09420454502105713,0.21382759511470795,29.598520278930664,0.818257212638855
1127,578,0.0656818151473999,0.13615532219409943,31.398677825927734,0.8025853633880615
1128,795,0.09034091234207153,0.10504084080457687,25.05347442626953,0.8633688688278198
1129,1053,0.11965908855199814,0.09045087546110153,28.699901580810547,0.8312047123908997
1130,676,0.07681818306446075,0.1256609857082367,26.234867095947266,0.8441792130470276
1131,661,0.07511363923549652,0.11439157277345657,26.316444396972656,0.8536534905433655
1132,713,0.0810227245092392,0.1032714918255806,34.53886795043945,0.7704360485076904
1133,1061,0.1205681785941124,0.14342547953128815,29.62476921081543,0.8089871406555176
1134,927,0.10534090548753738,0.1193556934595108,30.556331634521484,0.8084527254104614
1135,611,0.06943181902170181,0.12646950781345367,28.87482452392578,0.8304814100265503
1136,598,0.06795454770326614,0.11215230077505112,27.150571823120117,0.8410583734512329
1137,1006,0.11431818455457687,0.10101933032274246,28.61890411376953,0.8340232968330383
1138,930,0.10568182170391083,0.16064466536045074,27.897235870361328,0.83672696352005
1139,762,0.08659090846776962,0.10562091320753098,29.142017364501953,0.8166166543960571
1140,583,0.06624999642372131,0.1293892115354538,35.66201400756836,0.7637829780578613
1141,945,0.10738636553287506,0.10697049647569656,25.97376823425293,0.8487206101417542
1142,1000,0.11363636702299118,0.11141129583120346,30.122543334960938,0.8174107670783997
1143,572,0.06499999761581421,0.1895696371793747,27.670873641967773,0.8303031921386719
1144,608,0.06909091025590897,0.11583132296800613,30.991802215576172,0.8092389702796936
1145,803,0.09125000238418579,0.1378995180130005,30.64007568359375,0.8110649585723877
1146,1069,0.12147727608680725,0.2040880024433136,31.334117889404297,0.8013114929199219
1147,881,0.1001136377453804,0.12836652994155884,30.77324104309082,0.8067043423652649
1148,552,0.06272727251052856,0.11943816393613815,30.509408950805664,0.8108027577400208
1149,715,0.08124999701976776,0.10591035336256027,26.686519622802734,0.8458927869796753
1150,1062,0.12068181484937668,0.10251911729574203,27.830013275146484,0.8409318327903748
1151,723,0.08215909451246262,0.11464283615350723,26.53777313232422,0.8384848237037659
1152,681,0.07738636434078217,0.1195264533162117,25.43253517150879,0.8579555749893188
1153,654,0.07431818544864655,0.15796148777008057,35.11441421508789,0.7686824798583984
1154,988,0.1122727245092392,0.1569432020187378,27.475500106811523,0.837166965007782
1155,940,0.10681818425655365,0.15854504704475403,31.226110458374023,0.8020463585853577
1156,601,0.06829545646905899,0.11776089668273926,28.019317626953125,0.8281006813049316
1157,552,0.06272727251052856,0.12765660881996155,29.013019561767578,0.8225632905960083
1158,962,0.10931818187236786,0.09545880556106567,28.28740119934082,0.8375310897827148
1159,963,0.10943181812763214,0.1353842318058014,27.9650936126709,0.8363358974456787
1160,766,0.08704545348882675,0.12354901432991028,30.02409553527832,0.8159763216972351
1161,555,0.06306818127632141,0.14940732717514038,32.8056526184082,0.7930120825767517
1162,841,0.09556818008422852,0.1024589017033577,24.927734375,0.8593388795852661
1163,1014,0.11522727459669113,0.09843903034925461,28.46547508239746,0.8364673852920532
1164,642,0.07295454293489456,0.18895792961120605,27.881576538085938,0.8311849236488342
1165,616,0.07000000029802322,0.10234502702951431,27.06708526611328,0.8383039236068726
1166,719,0.08170454204082489,0.09908358752727509,31.874238967895508,0.7977147102355957
1167,1032,0.11727272719144821,0.1707502156496048,28.578826904296875,0.8265979886054993
1168,902,0.10249999910593033,0.14002098143100739,31.673538208007812,0.7968023419380188
1169,544,0.06181818246841431,0.12083403766155243,31.402185440063477,0.8045385479927063
1170,605,0.06875000149011612,0.11925118416547775,27.630338668823242,0.8369529843330383
1171,1039,0.11806818097829819,0.1923033893108368,29.786705017089844,0.8200638890266418
1172,812,0.09227272868156433,0.15119439363479614,26.5957088470459,0.8479372262954712
1173,712,0.08090908825397491,0.10198377072811127,28.436668395996094,0.8281823396682739
1174,594,0.06750000268220901,0.1316538155078888,35.32841491699219,0.7593432664871216
1175,949,0.10784091055393219,0.12592455744743347,25.849695205688477,0.855110764503479
1176,970,0.11022727191448212,0.1098628044128418,30.3433895111084,0.8110202550888062
1177,555,0.06306818127632141,0.1256244033575058,26.80057144165039,0.8412191271781921
1178,571,0.06488636136054993,0.15394042432308197,29.212066650390625,0.8248798251152039
1179,846,0.09613636136054993,0.09794813394546509,29.363632202148438,0.8216933608055115
1180,958,0.10886363685131073,0.15369375050067902,28.15627098083496,0.8311737179756165
1181,823,0.09352272748947144,0.13203415274620056,30.800992965698242,0.809954047203064
1182,545,0.06193181872367859,0.11989686638116837,31.823570251464844,0.8004648089408875
1183,743,0.08443181961774826,0.09755384922027588,26.408571243286133,0.8416748642921448
1184,1016,0.1154545471072197,0.10365207493305206,27.828311920166016,0.8344224095344543
1185,682,0.07750000059604645,0.14348043501377106,26.83280372619629,0.8460344076156616
1186,632,0.07181818038225174,0.1188184842467308,28.349775314331055,0.825673520565033
1187,655,0.07443182170391083,0.11313346028327942,34.25171661376953,0.7704957723617554
1188,973,0.11056818068027496,0.14036092162132263,29.46964454650879,0.8126932382583618
1189,896,0.10181818157434464,0.13171645998954773,30.037588119506836,0.8155625462532043
1190,600,0.06818182021379471,0.10242239385843277,28.26812744140625,0.8326431512832642
1191,544,0.06181818246841431,0.1021764874458313,28.873519897460938,0.8217125535011292
1192,949,0.10784091055393219,0.1043013408780098,28.747661590576172,0.8327863812446594
1193,952,0.10818181931972504,0.13189758360385895,29.108144760131836,0.8221003413200378
1194,717,0.08147726953029633,0.11434237658977509,30.467138290405273,0.8134574294090271
1195,539,0.061250001192092896,0.13804730772972107,34.86127853393555,0.7679588794708252
1196,865,0.09829545766115189,0.10402260720729828,25.470441818237305,0.8543972373008728
1197,950,0.10795454680919647,0.10330928862094879,28.994029998779297,0.8281834125518799
1198,563,0.06397727131843567,0.1520412266254425,28.348526000976562,0.8245112895965576
1199,590,0.06704545766115189,0.13265079259872437,30.05585289001465,0.8074143528938293
1200,741,0.0842045471072197,0.11623689532279968,32.462894439697266,0.7940279841423035
1201,1014,0.11522727459669113,0.17217381298542023,30.478652954101562,0.8107678294181824
1202,861,0.09784091264009476,0.26373499631881714,29.93341636657715,0.8156579732894897
1203,524,0.059545453637838364,0.12123453617095947,31.485023498535156,0.7968991994857788
1204,632,0.07181818038225174,0.09909821301698685,29.11933135986328,0.8160963654518127
1205,1029,0.11693181842565536,0.09711869806051254,27.70775032043457,0.8449892401695251
1206,729,0.08284091204404831,0.22313737869262695,28.378894805908203,0.8244315981864929
1207,670,0.07613636553287506,0.12457183748483658,26.989213943481445,0.8389087915420532
1208,603,0.06852272897958755,0.11869484931230545,35.55806350708008,0.7561959624290466
1209,926,0.1052272692322731,0.12730538845062256,27.43682289123535,0.8366450667381287
1210,899,0.10215909034013748,0.11069931834936142,31.043193817138672,0.8047064542770386
1211,566,0.06431818008422852,0.09187060594558716,26.90743637084961,0.8443536162376404
1212,530,0.06022727116942406,0.13645826280117035,28.883792877197266,0.8230891227722168
1213,883,0.10034091025590897,0.12312905490398407,28.737558364868164,0.8371859788894653
1214,897,0.10193181782960892,0.13830038905143738,29.380033493041992,0.8163535594940186
1215,742,0.08431818336248398,0.14541026949882507,27.94075584411621,0.8347414135932922
1216,532,0.06045454367995262,0.12957283854484558,29.12535285949707,0.8302451968193054
1217,759,0.08624999970197678,0.09803971648216248,24.530838012695312,0.8608970046043396
1218,976,0.11090908944606781,0.11727514863014221,28.606922149658203,0.835811197757721
1219,627,0.07124999910593033,0.19031327962875366,28.6075496673584,0.8260842561721802
1220,600,0.06818182021379471,0.0936366394162178,27.276409149169922,0.8395272493362427
1221,677,0.07693181931972504,0.11455646902322769,33.556583404541016,0.7819342613220215
1222,981,0.11147727072238922,0.14907163381576538,28.98931312561035,0.8186836242675781
1223,867,0.09852273017168045,0.1386905163526535,31.407262802124023,0.7965273857116699
1224,527,0.05988636240363121,0.11156962066888809,30.08466911315918,0.8128986954689026
1225,559,0.06352272629737854,0.11415298283100128,28.473892211914062,0.8228867650032043
1226,984,0.11181817948818207,0.10203248262405396,30.288482666015625,0.8151270747184753
1227,822,0.09340909123420715,0.11511910706758499,28.748821258544922,0.8286020755767822
1228,672,0.07636363804340363,0.1393173784017563,29.43100929260254,0.8146478533744812
1229,537,0.06102272868156433,0.1286523938179016,34.785308837890625,0.7692053914070129
1230,882,0.10022727400064468,0.11855274438858032,27.775917053222656,0.834655225276947
1231,921,0.10465908795595169,0.10769569128751755,31.776350021362305,0.8015879988670349
1232,530,0.06022727116942406,0.13854540884494781,26.114065170288086,0.8519070148468018
1233,550,0.0625,0.1187867596745491,28.601688385009766,0.8275389075279236
1234,798,0.09068182110786438,0.08314471691846848,29.004810333251953,0.8289561867713928
1235,935,0.10625000298023224,0.16294853389263153,30.024614334106445,0.8105366826057434
1236,793,0.09011363983154297,0.11530980467796326,29.26473617553711,0.824363112449646
1237,520,0.059090908616781235,0.0939861312508583,30.416128158569336,0.8097141981124878
1238,678,0.07704545557498932,0.09554079174995422,25.865419387817383,0.8510027527809143
1239,981,0.11147727072238922,0.11089660972356796,30.067726135253906,0.8168266415596008
1240,675,0.07670454680919647,0.10798275470733643,26.501008987426758,0.8430333137512207
1241,620,0.07045454531908035,0.11585705727338791,26.454328536987305,0.8465492725372314
1242,607,0.06897727400064468,0.09633010625839233,34.35899353027344,0.7721997499465942
1243,911,0.10352272540330887,0.15284928679466248,28.636842727661133,0.8231772184371948
1244,860,0.09772727638483047,0.0960768461227417,31.0074520111084,0.8058798313140869
1245,564,0.06409090757369995,0.15212059020996094,29.81830406188965,0.8173795938491821
1246,510,0.05795454606413841,0.11972831189632416,27.97490882873535,0.8311933279037476
1247,894,0.10159090906381607,0.09007935971021652,29.964176177978516,0.8213328719139099
1248,892,0.1013636365532875,0.1803838461637497,28.55751609802246,0.8301612734794617
1249,705,0.08011363446712494,0.12492396682500839,29.741867065429688,0.8161602020263672
1250,522,0.0593181811273098,0.11773451417684555,34.09764862060547,0.7728362083435059
1251,797,0.0905681848526001,0.10108082741498947,26.95726203918457,0.8415513634681702
1252,917,0.10420454293489456,0.11538883298635483,28.948490142822266,0.8325034379959106
1253,575,0.06534090638160706,0.14180776476860046,28.716527938842773,0.8223860263824463
1254,575,0.06534090638160706,0.09854470193386078,27.192333221435547,0.8391503691673279
1255,706,0.08022727072238922,0.1383114457130432,30.639028549194336,0.8120821714401245
1256,957,0.10875000059604645,0.19874562323093414,29.887496948242188,0.813125729560852
1257,822,0.09340909123420715,0.12338320165872574,30.134742736816406,0.8102574348449707
1258,494,0.0561363622546196,0.14391636848449707,30.86186408996582,0.8092544674873352
1259,562,0.06386363506317139,0.09651963412761688,27.63361167907715,0.8319567441940308
1260,966,0.10977272689342499,0.08598882704973221,28.243186950683594,0.834915816783905
1261,740,0.08409091085195541,0.18282486498355865,27.06692123413086,0.8376075625419617
1262,628,0.07136363536119461,0.13134458661079407,27.508848190307617,0.8350144028663635
1263,544,0.06181818246841431,0.11292543262243271,36.123260498046875,0.7558388113975525
1264,864,0.0981818214058876,0.14808641374111176,27.237682342529297,0.8357322216033936
1265,869,0.09875000268220901,0.1128363311290741,30.36229705810547,0.8147578239440918
1266,524,0.059545453637838364,0.09481345117092133,26.27279281616211,0.850770890712738
1267,511,0.058068182319402695,0.165438711643219,28.298526763916016,0.8264214396476746
1268,812,0.09227272868156433,0.11271116882562637,27.917654037475586,0.8397298455238342
1269,835,0.09488636255264282,0.15072941780090332,28.160648345947266,0.8288803696632385
1270,732,0.08318182080984116,0.16469460725784302,30.224945068359375,0.8141242861747742
1271,508,0.05772727355360985,0.14307501912117004,28.802127838134766,0.8293371796607971
1272,700,0.07954545319080353,0.08449797332286835,25.49907112121582,0.8515828847885132
1273,939,0.10670454800128937,0.10236244648694992,28.98709487915039,0.8304349780082703
1274,634,0.0720454528927803,0.17818798124790192,26.485286712646484,0.8464997410774231
1275,582,0.06613636016845703,0.1233164593577385,26.746566772460938,0.8379132747650146
1276,621,0.07056818157434464,0.11119702458381653,33.01165771484375,0.7774859070777893
1277,922,0.10477272421121597,0.15294434130191803,28.445581436157227,0.8261585831642151
1278,821,0.09329545497894287,0.1446211040019989,30.30337905883789,0.8122473955154419
1279,515,0.058522727340459824,0.13012170791625977,29.358802795410156,0.8302639722824097
1280,518,0.05886363610625267,0.0896361768245697,27.90123176574707,0.83247971534729
1281,902,0.10249999910593033,0.11016489565372467,27.790849685668945,0.8407411575317383
1282,817,0.09284090995788574,0.1289953887462616,28.241207122802734,0.8303956985473633
1283,658,0.07477273046970367,0.15776671469211578,30.192575454711914,0.8072781562805176
1284,502,0.057045456022024155,0.14181548357009888,35.71009063720703,0.7595070004463196
1285,797,0.0905681848526001,0.13382047414779663,26.32154083251953,0.8440466523170471
1286,864,0.0981818214058876,0.0885603129863739,30.1041259765625,0.8164420127868652
1287,523,0.05943181738257408,0.10387374460697174,26.461389541625977,0.8452693819999695
1288,537,0.06102272868156433,0.11564180999994278,28.504228591918945,0.8331531882286072
1289,741,0.0842045471072197,0.14136144518852234,28.918188095092773,0.8254709243774414
1290,910,0.10340908914804459,0.17267927527427673,30.91966438293457,0.8057763576507568
1291,778,0.08840908855199814,0.12806880474090576,32.30585861206055,0.7869469523429871
1292,495,0.05624999850988388,0.12511689960956573,31.650890350341797,0.8073196411132812
1293,611,0.06943181902170181,0.08790502697229385,27.48292350769043,0.8332400918006897
1294,948,0.10772727429866791,0.09554630517959595,28.521371841430664,0.8317092061042786
1295,673,0.07647727429866791,0.14297989010810852,27.860530853271484,0.8289702534675598
1296,606,0.0688636377453804,0.10288455337285995,28.157636642456055,0.8287404179573059
1297,563,0.06397727131843567,0.12469648569822311,33.37919235229492,0.7857595086097717
1298,859,0.0976136326789856,0.14410872757434845,27.58448600769043,0.8317529559135437
1299,816,0.09272727370262146,0.16434945166110992,31.325204849243164,0.8056640028953552
1300,533,0.0605681836605072,0.11076430231332779,27.17397117614746,0.8399854302406311
1301,495,0.05624999850988388,0.12671568989753723,28.779123306274414,0.8210809826850891
1302,837,0.09511363506317139,0.10065804421901703,29.1947078704834,0.8250668048858643
1303,829,0.09420454502105713,0.14820146560668945,28.49346351623535,0.8268057703971863
1304,678,0.07704545557498932,0.1684066206216812,29.155996322631836,0.8224995136260986
1305,499,0.05670454725623131,0.14339768886566162,29.891401290893555,0.8220627307891846
1306,715,0.08124999701976776,0.110517218708992,26.202106475830078,0.8480382561683655
1307,899,0.10215909034013748,0.09526897966861725,30.691844940185547,0.8113263845443726
1308,574,0.06522727012634277,0.17553973197937012,27.552490234375,0.8264914751052856
1309,546,0.06204545497894287,0.10735438764095306,28.29142951965332,0.8220392465591431
1310,652,0.07409090548753738,0.10321801900863647,31.42043113708496,0.804165780544281
1311,895,0.10170454531908035,0.1829478144645691,28.553142547607422,0.8205867409706116
1312,789,0.08965908735990524,0.1788967251777649,30.211483001708984,0.8078783750534058
1313,479,0.054431818425655365,0.11362010985612869,32.164676666259766,0.7922406792640686
1314,521,0.05920454487204552,0.12399504333734512,28.532310485839844,0.8233668208122253
1315,925,0.10511363297700882,0.08842278271913528,29.659725189208984,0.8242965936660767
1316,740,0.08409091085195541,0.1282157599925995,27.291048049926758,0.8409387469291687
1317,607,0.06897727400064468,0.12999394536018372,27.887168884277344,0.8345823884010315
1318,511,0.058068182319402695,0.11431629210710526,35.52794647216797,0.7691473364830017
1319,819,0.0930681824684143,0.14055870473384857,26.820653915405273,0.8406041860580444
1320,819,0.0930681824684143,0.11046230047941208,30.284290313720703,0.8118810653686523
1321,512,0.05818181857466698,0.12167365849018097,26.6676082611084,0.8512505292892456
1322,507,0.057613637298345566,0.13366441428661346,28.14687728881836,0.8365122079849243
1323,765,0.08693181723356247,0.11015777289867401,29.251235961914062,0.8263849020004272
1324,824,0.09363636374473572,0.17111267149448395,28.46567153930664,0.8188069462776184
1325,717,0.08147726953029633,0.1873769313097,31.9212703704834,0.7902215123176575
1326,502,0.057045456022024155,0.12167531251907349,31.687667846679688,0.8006886839866638
1327,640,0.072727270424366,0.09621585160493851,26.35373878479004,0.8476055860519409
1328,924,0.10499999672174454,0.08862757682800293,29.611820220947266,0.8236962556838989
1329,627,0.07124999910593033,0.13619732856750488,25.496295928955078,0.8559907078742981
1330,565,0.06420454382896423,0.11785247176885605,27.395063400268555,0.8303036689758301
1331,580,0.06590908765792847,0.10490680485963821,34.113426208496094,0.7737787961959839
1332,857,0.09738636016845703,0.18079596757888794,29.332311630249023,0.8143426179885864
1333,782,0.08886363357305527,0.12719979882240295,30.519750595092773,0.8102678656578064
1334,507,0.057613637298345566,0.13787385821342468,28.371320724487305,0.8275452256202698
1335,477,0.0542045459151268,0.13455112278461456,28.576414108276367,0.8283945322036743
1336,858,0.09749999642372131,0.11274493485689163,29.440292358398438,0.8250133395195007
1337,813,0.09238636493682861,0.17218919098377228,28.598295211791992,0.8243975043296814
1338,633,0.07193181663751602,0.15505462884902954,31.766260147094727,0.7976058721542358
1339,491,0.05579545348882675,0.1422298401594162,36.457908630371094,0.7478229999542236
1340,752,0.0854545459151268,0.09694815427064896,25.529579162597656,0.8567514419555664
1341,827,0.09397727251052856,0.10825806856155396,29.578372955322266,0.8244341015815735
1342,522,0.0593181811273098,0.12247674912214279,28.0123348236084,0.8233497738838196
1343,517,0.05874999985098839,0.09519734978675842,29.235061645507812,0.8204384446144104
1344,681,0.07738636434078217,0.12143382430076599,30.78894805908203,0.8124838471412659
1345,873,0.09920454770326614,0.1771613359451294,30.427186965942383,0.8038965463638306
1346,755,0.08579545468091965,0.2161072939634323,29.53683090209961,0.8174945116043091
1347,481,0.05465909093618393,0.13501107692718506,33.239505767822266,0.7775604724884033
1348,531,0.06034090742468834,0.13269658386707306,27.249786376953125,0.8401843905448914
1349,915,0.103977270424366,0.08696624636650085,28.919864654541016,0.826730489730835
1350,668,0.0759090930223465,0.1411876529455185,26.968969345092773,0.8400974869728088
1351,577,0.06556817889213562,0.10993890464305878,28.062883377075195,0.8312970995903015
1352,520,0.059090908616781235,0.14212757349014282,34.98793411254883,0.766461968421936
1353,795,0.09034091234207153,0.10240065306425095,27.946914672851562,0.8241211175918579
1354,785,0.08920454233884811,0.13786932826042175,29.98042869567871,0.8185198307037354
1355,503,0.05715909227728844,0.10278646647930145,27.856979370117188,0.8359037041664124
1356,483,0.054886363446712494,0.12253543734550476,29.82793426513672,0.8181309103965759
1357,799,0.09079545736312866,0.10054832696914673,28.511655807495117,0.8340741395950317
1358,784,0.08909090608358383,0.1871885359287262,27.552082061767578,0.8346405029296875
1359,670,0.07613636553287506,0.20680657029151917,31.40630340576172,0.7931137084960938
1360,493,0.056022725999355316,0.13716064393520355,32.776123046875,0.7906328439712524
1361,670,0.07613636553287506,0.09844303876161575,26.426950454711914,0.8468572497367859
1362,872,0.09909091144800186,0.16906651854515076,29.527467727661133,0.8277601599693298
1363,566,0.06431818008422852,0.190121129155159,27.504186630249023,0.8378506302833557
1364,523,0.05943181738257408,0.1334076225757599,28.012487411499023,0.8297479152679443
1365,607,0.06897727400064468,0.09720863401889801,33.06747817993164,0.7871059775352478
1366,856,0.09727272391319275,0.15477527678012848,28.082012176513672,0.828690767288208
1367,749,0.08511363714933395,0.11891333758831024,31.958606719970703,0.7913691997528076
1368,465,0.052840910851955414,0.11804851144552231,29.623123168945312,0.8181218504905701
1369,486,0.05522727221250534,0.13323205709457397,30.213632583618164,0.8179556727409363
1370,876,0.09954545646905899,0.09963220357894897,31.231449127197266,0.8054804801940918
1371,745,0.08465909212827682,0.14985878765583038,28.292022705078125,0.8274827003479004
1372,584,0.0663636326789856,0.16405026614665985,30.10112190246582,0.8068790435791016
1373,485,0.05511363595724106,0.14962689578533173,36.13431930541992,0.7567645907402039
1374,752,0.0854545459151268,0.14284178614616394,27.260356903076172,0.8371231555938721
1375,790,0.08977272361516953,0.1520717293024063,31.160646438598633,0.8065631985664368
1376,501,0.05693181976675987,0.13178570568561554,27.56074333190918,0.8376551866531372
1377,496,0.05636363476514816,0.21790437400341034,29.35993194580078,0.8197562098503113
1378,714,0.08113636076450348,0.09987490624189377,29.073139190673828,0.8274527788162231
1379,803,0.09125000238418579,0.23048995435237885,29.872949600219727,0.8177913427352905
1380,703,0.07988636195659637,0.1700604408979416,32.324867248535156,0.7884342670440674
1381,477,0.0542045459151268,0.13216355443000793,32.6488037109375,0.7895166873931885
1382,589,0.0669318214058876,0.10605370998382568,28.819711685180664,0.823502779006958
1383,890,0.10113636404275894,0.09579625725746155,30.4877986907959,0.8176220655441284
1384,613,0.06965909153223038,0.23980532586574554,24.970983505249023,0.8566955327987671
1385,536,0.06090909242630005,0.10839734971523285,27.628053665161133,0.8356133103370667
1386,539,0.061250001192092896,0.13489606976509094,35.07033920288086,0.7678699493408203
1387,793,0.09011363983154297,0.18679338693618774,26.946834564208984,0.8404077887535095
1388,744,0.08454545587301254,0.11856529116630554,33.16010284423828,0.7821624279022217
1389,478,0.05431818217039108,0.10961037874221802,27.911901473999023,0.8336240649223328
1390,464,0.05272727087140083,0.12351803481578827,29.815567016601562,0.8154312372207642
1391,805,0.09147727489471436,0.10614930838346481,28.971220016479492,0.8288050889968872
1392,780,0.0886363610625267,0.1665392965078354,27.119874954223633,0.845664918422699
1393,622,0.07068181782960892,0.14415870606899261,29.828643798828125,0.8118492960929871
1394,476,0.05409090965986252,0.11243036389350891,34.74370193481445,0.7736097574234009
1395,691,0.07852272689342499,0.11276913434267044,25.479507446289062,0.855762779712677
1396,800,0.09090909361839294,0.09497755020856857,28.048851013183594,0.8414597511291504
1397,509,0.05784090980887413,0.1160474643111229,28.234987258911133,0.8197897672653198
1398,493,0.056022725999355316,0.164350688457489,28.404048919677734,0.8242172598838806
1399,633,0.07193181663751602,0.12122490257024765,32.441070556640625,0.7902698516845703
1400,817,0.09284090995788574,0.1820579171180725,30.0937557220459,0.8048903942108154
1401,711,0.08079545199871063,0.14675401151180267,31.78719711303711,0.7896722555160522
1402,458,0.05204545333981514,0.10588453710079193,31.969379425048828,0.7940115332603455
1403,483,0.054886363446712494,0.12160886079072952,27.194503784179688,0.8409227132797241
1404,884,0.10045454651117325,0.10497143119573593,29.34396743774414,0.8270089626312256
1405,671,0.07625000178813934,0.1236981526017189,27.312028884887695,0.8390325307846069
1406,547,0.06215909123420715,0.14993758499622345,28.703615188598633,0.8270983099937439
1407,480,0.05454545468091965,0.12384816259145737,37.59623718261719,0.7383175492286682
1408,759,0.08624999970197678,0.1415696144104004,25.955474853515625,0.8550335168838501
1409,761,0.08647727221250534,0.13241466879844666,30.482471466064453,0.8126248717308044
1410,490,0.05568181723356247,0.10310324281454086,27.477638244628906,0.8420948386192322
1411,465,0.052840910851955414,0.20738187432289124,29.995868682861328,0.8216694593429565
1412,752,0.0854545459151268,0.09685874730348587,28.870302200317383,0.8292600512504578
1413,749,0.08511363714933395,0.15243543684482574,27.020341873168945,0.8426775932312012
1414,650,0.07386363297700882,0.19828221201896667,31.1939754486084,0.8059767484664917
1415,477,0.0542045459151268,0.11405085772275925,31.958728790283203,0.7962164878845215
1416,628,0.07136363536119461,0.10897502303123474,27.649585723876953,0.8405077457427979
1417,851,0.09670454263687134,0.14227604866027832,30.065174102783203,0.8180642127990723
1418,575,0.06534090638160706,0.17983141541481018,26.377281188964844,0.8483133316040039
1419,502,0.057045456022024155,0.12156756967306137,27.08737564086914,0.8388566374778748
1420,560,0.06363636255264282,0.10665465891361237,33.21860885620117,0.7840619087219238
1421,808,0.0918181836605072,0.16478830575942993,28.553104400634766,0.8213255405426025
1422,720,0.08181817829608917,0.19147029519081116,29.889192581176758,0.8154760003089905
1423,454,0.05159090831875801,0.14528456330299377,29.500534057617188,0.8169631361961365
1424,461,0.052386362105607986,0.11094726622104645,30.734819412231445,0.8060570359230042
1425,820,0.09318181872367859,0.11929113417863846,30.479482650756836,0.810323178768158
1426,748,0.08500000089406967,0.1619998663663864,29.84149932861328,0.8102109432220459
1427,573,0.06511363387107849,0.13671477138996124,31.159194946289062,0.802639365196228
1428,463,0.05261363461613655,0.17150095105171204,33.365909576416016,0.7881414890289307
1429,699,0.07943181693553925,0.1166226789355278,25.556188583374023,0.8513118028640747
1430,756,0.08590909093618393,0.09705080091953278,30.348217010498047,0.8114100694656372
1431,493,0.056022725999355316,0.1549084484577179,28.67314910888672,0.8223549127578735
1432,476,0.05409090965986252,0.11216747015714645,29.522645950317383,0.8185197114944458
1433,659,0.07488636672496796,0.10487011820077896,30.60853385925293,0.8128589987754822
1434,798,0.09068182110786438,0.1709214448928833,30.49514389038086,0.8079071640968323
1435,672,0.07636363804340363,0.17415307462215424,32.823211669921875,0.7881778478622437
1436,462,0.05249999836087227,0.11991867423057556,33.80873489379883,0.7764646410942078
1437,510,0.05795454606413841,0.11966180801391602,28.519838333129883,0.826441764831543
1438,852,0.09681817889213562,0.10209089517593384,28.597124099731445,0.8344929218292236
1439,621,0.07056818157434464,0.21058222651481628,26.256134033203125,0.8402275443077087
1440,520,0.059090908616781235,0.12306294590234756,29.835092544555664,0.8173696994781494
1441,495,0.05624999850988388,0.161207914352417,34.92010498046875,0.767489492893219
1442,743,0.08443181961774826,0.156593456864357,27.961252212524414,0.828007698059082
1443,733,0.08329545706510544,0.1317834109067917,33.365028381347656,0.7798948884010315
1444,461,0.052386362105607986,0.10967212915420532,27.539806365966797,0.8426680564880371
1445,445,0.05056818202137947,0.13366061449050903,31.074913024902344,0.8044514060020447
1446,770,0.08749999850988388,0.10850416868925095,29.483219146728516,0.8171847462654114
1447,737,0.08375000208616257,0.11479423940181732,26.17548179626465,0.8495649695396423
1448,617,0.0701136365532875,0.14001838862895966,29.480640411376953,0.8243323564529419
1449,469,0.05329545587301254,0.16172263026237488,33.79032897949219,0.781842827796936
1450,647,0.07352272421121597,0.12783624231815338,27.759071350097656,0.8306360244750977
1451,804,0.09136363863945007,0.1073121577501297,28.52878761291504,0.8279228210449219
1452,509,0.05784090980887413,0.13474446535110474,26.022920608520508,0.8496940732002258
1453,468,0.05318181961774826,0.20560277998447418,28.920141220092773,0.8263950347900391
1454,598,0.06795454770326614,0.12426657229661942,32.144771575927734,0.7944223880767822
1455,782,0.08886363357305527,0.1497046798467636,27.461284637451172,0.8336198925971985
1456,690,0.0784090906381607,0.12250769138336182,32.994178771972656,0.7829564809799194
1457,440,0.05000000074505806,0.18991899490356445,29.59772300720215,0.8198919892311096
1458,451,0.051249999552965164,0.16132307052612305,31.246536254882812,0.8043723106384277
1459,833,0.09465909004211426,0.09345965832471848,31.198348999023438,0.8085749745368958
1460,674,0.07659091055393219,0.19357001781463623,28.980195999145508,0.8246096968650818
1461,525,0.059659089893102646,0.13334278762340546,27.717620849609375,0.8381339311599731
1462,462,0.05249999836087227,0.1451743245124817,38.38621139526367,0.723955512046814
1463,718,0.08159090578556061,0.10339413583278656,27.525684356689453,0.8342354893684387
1464,736,0.08363636583089828,0.13429395854473114,31.163785934448242,0.8020866513252258
1465,486,0.05522727221250534,0.11549648642539978,27.093706130981445,0.8391569256782532
1466,457,0.05193181708455086,0.11355631053447723,29.51200294494629,0.8200491070747375
1467,708,0.08045454323291779,0.12438412010669708,30.642749786376953,0.8095309138298035
1468,743,0.08443181961774826,0.14802010357379913,29.59918785095215,0.8147110939025879
1469,632,0.07181818038225174,0.1402207612991333,30.07387351989746,0.8050801753997803
1470,460,0.052272725850343704,0.13975974917411804,36.20612335205078,0.7510244250297546
1471,570,0.06477272510528564,0.11436685919761658,26.901409149169922,0.845553457736969
1472,825,0.09375,0.09595406800508499,28.671279907226562,0.8383521437644958
1473,576,0.06545454263687134,0.17955124378204346,24.714656829833984,0.8568383455276489
1474,473,0.05375000089406967,0.11541180312633514,28.05191421508789,0.8309656381607056
1475,515,0.058522727340459824,0.14025601744651794,33.886138916015625,0.7815970182418823
1476,746,0.08477272838354111,0.14802852272987366,26.232568740844727,0.8425762057304382
1477,700,0.07954545319080353,0.13228388130664825,31.877891540527344,0.7936346530914307
1478,447,0.050795454531908035,0.13191062211990356,29.95951271057129,0.819350004196167
1479,434,0.049318183213472366,0.1671448051929474,32.13514709472656,0.8002997040748596
1480,780,0.0886363610625267,0.09869015216827393,30.176517486572266,0.8149828910827637
1481,750,0.08522727340459824,0.14946825802326202,28.095197677612305,0.8347321152687073
1482,567,0.0644318163394928,0.15219083428382874,29.837270736694336,0.8144292235374451
1483,460,0.052272725850343704,0.13677261769771576,32.717529296875,0.7936998605728149
1484,658,0.07477273046970367,0.10859749466180801,24.64522933959961,0.8675283789634705
1485,753,0.08556818217039108,0.10011281818151474,29.658432006835938,0.8243712782859802
1486,483,0.054886363446712494,0.13863885402679443,28.5639591217041,0.8253171443939209
1487,443,0.050340909510850906,0.11285144090652466,29.973552703857422,0.8133521676063538
1488,626,0.07113636285066605,0.12645453214645386,31.677959442138672,0.8017513751983643
1489,744,0.08454545587301254,0.19951610267162323,27.873369216918945,0.8347702026367188
1490,638,0.07249999791383743,0.1447080373764038,33.26533126831055,0.7796857357025146
1491,446,0.05068181827664375,0.10874231159687042,32.152679443359375,0.7899059057235718
1492,462,0.05249999836087227,0.1318918913602829,28.279069900512695,0.837170422077179
1493,821,0.09329545497894287,0.10486423969268799,31.633378982543945,0.8016912937164307
1494,626,0.07113636285066605,0.17319698631763458,24.65937614440918,0.8579164743423462
1495,479,0.054431818425655365,0.11764600872993469,28.46697998046875,0.8295907378196716
1496,470,0.053409092128276825,0.1294134557247162,35.96916198730469,0.7529420256614685
1497,696,0.0790909081697464,0.10579701513051987,27.664085388183594,0.8316717743873596
1498,703,0.07988636195659637,0.15360325574874878,30.297866821289062,0.8211290240287781
1499,459,0.05215908959507942,0.1183205395936966,26.415203094482422,0.8478468656539917
1500,431,0.04897727444767952,0.16085278987884521,28.16728401184082,0.8378912210464478
1501,722,0.08204545825719833,0.08651311695575714,29.261951446533203,0.8241718411445618
1502,707,0.0803409069776535,0.15212595462799072,27.30966567993164,0.8461430668830872
1503,590,0.06704545766115189,0.131831556558609,31.584924697875977,0.7942198514938354
1504,459,0.05215908959507942,0.10790399461984634,32.291893005371094,0.7938823699951172
1505,592,0.06727273017168045,0.11564427614212036,28.160812377929688,0.8333637118339539
1506,793,0.09011363983154297,0.0987260490655899,30.842039108276367,0.8118470311164856
1507,510,0.05795454606413841,0.12499630451202393,26.138978958129883,0.8587164878845215
1508,443,0.050340909510850906,0.1427374929189682,27.532596588134766,0.8402935862541199
1509,553,0.06284090876579285,0.09812947362661362,33.57618713378906,0.7803264260292053
1510,745,0.08465909212827682,0.14711996912956238,29.357990264892578,0.8188045024871826
1511,662,0.0752272754907608,0.13532784581184387,31.464445114135742,0.7976711988449097
1512,435,0.04943181946873665,0.11184106022119522,31.783050537109375,0.7953706383705139
1513,422,0.04795454442501068,0.10979855060577393,31.01350975036621,0.809381365776062
1514,787,0.08943181484937668,0.1106727346777916,30.80962371826172,0.8079687356948853
1515,686,0.07795454561710358,0.1467834860086441,31.214237213134766,0.8001808524131775
1516,521,0.05920454487204552,0.17601029574871063,30.787248611450195,0.8123816251754761
1517,449,0.0510227270424366,0.1704094260931015,35.462249755859375,0.7674450278282166
1518,665,0.07556818425655365,0.1118287518620491,26.916841506958008,0.8377170562744141
1519,715,0.08124999701976776,0.10550722479820251,30.09364128112793,0.8169616460800171
1520,473,0.05375000089406967,0.14760135114192963,30.386425018310547,0.80762779712677
1521,430,0.04886363819241524,0.10806256532669067,29.031253814697266,0.8258994221687317
1522,665,0.07556818425655365,0.0963759496808052,30.51300811767578,0.815265417098999
1523,733,0.08329545706510544,0.16045498847961426,29.876840591430664,0.8124433755874634
1524,626,0.07113636285066605,0.1657257229089737,31.80147933959961,0.7911434173583984
1525,442,0.050227273255586624,0.12516802549362183,33.049835205078125,0.7826332449913025
1526,489,0.05556818097829819,0.11919352412223816,29.198898315429688,0.8244615793228149
1527,799,0.09079545736312866,0.10017590969800949,30.53888702392578,0.8164891600608826
1528,582,0.06613636016845703,0.14165568351745605,25.979042053222656,0.8538054823875427
1529,457,0.05193181708455086,0.10869084298610687,30.295583724975586,0.8068035244941711
1530,483,0.054886363446712494,0.1089843139052391,34.01788330078125,0.7779024243354797
1531,695,0.07897727191448212,0.13948746025562286,30.75524139404297,0.7959586977958679
1532,676,0.07681818306446075,0.11465172469615936,29.1634464263916,0.8229585289955139
1533,437,0.04965909197926521,0.11134346574544907,30.3101806640625,0.8202975392341614
1534,403,0.04579545557498932,0.1483754813671112,32.16170120239258,0.8048197031021118
1535,744,0.08454545587301254,0.09392613917589188,29.98002815246582,0.8191877007484436
1536,710,0.08068181574344635,0.14277435839176178,27.783437728881836,0.8357357382774353
1537,547,0.06215909123420715,0.14471176266670227,31.31224250793457,0.8024052977561951
1538,454,0.05159090831875801,0.13207514584064484,33.5042724609375,0.7909055948257446
1539,614,0.06977272778749466,0.13840118050575256,27.480911254882812,0.8406797647476196
1540,732,0.08318182080984116,0.11274953186511993,32.97340774536133,0.7873877882957458
1541,471,0.05352272838354111,0.13489077985286713,27.66798210144043,0.8362168669700623
1542,409,0.04647727310657501,0.1461006999015808,30.52650260925293,0.8047900795936584
1543,589,0.0669318214058876,0.0954190120100975,32.54194641113281,0.7952888607978821
1544,714,0.08113636076450348,0.14799559116363525,28.174875259399414,0.8283376097679138
1545,619,0.07034090906381607,0.13211818039417267,32.18634033203125,0.7878283858299255
1546,417,0.04738636314868927,0.09924832731485367,32.22035598754883,0.795477032661438
1547,430,0.04886363819241524,0.19205179810523987,29.240009307861328,0.8234403133392334
1548,779,0.08852272480726242,0.1025736927986145,31.77351951599121,0.7978389263153076
1549,628,0.07136363536119461,0.14285022020339966,27.990238189697266,0.8344815969467163
1550,467,0.05306818336248398,0.13136669993400574,29.69681167602539,0.8187190890312195
1551,445,0.05056818202137947,0.11708537489175797,35.77568817138672,0.7519065141677856
1552,674,0.07659091055393219,0.1239795982837677,28.007068634033203,0.8286994695663452
1553,674,0.07659091055393219,0.1601056158542633,30.739303588867188,0.8098908066749573
1554,442,0.050227273255586624,0.171535924077034,27.588542938232422,0.8390759229660034
1555,411,0.04670454561710358,0.143740713596344,31.264509201049805,0.8033338189125061
1556,680,0.07727272808551788,0.09227262437343597,29.02458381652832,0.8285951614379883
1557,693,0.07874999940395355,0.16179385781288147,28.787038803100586,0.8241816759109497
1558,579,0.06579545140266418,0.1483224332332611,32.63740539550781,0.7879786491394043
1559,440,0.05000000074505806,0.11288554221391678,35.18220520019531,0.7590101361274719
1560,535,0.06079545617103577,0.1218138039112091,29.073911666870117,0.822124719619751
1561,770,0.08749999850988388,0.10745112597942352,28.683826446533203,0.8383926749229431
1562,524,0.059545453637838364,0.1706206351518631,25.683897018432617,0.8521885871887207
1563,430,0.04886363819241524,0.1306159943342209,31.05000877380371,0.7951756119728088
1564,513,0.05829545482993126,0.09808897227048874,33.93207550048828,0.7809668183326721
1565,702,0.07977272570133209,0.18446116149425507,27.455307006835938,0.8336015343666077
1566,643,0.07306817919015884,0.14933639764785767,31.827098846435547,0.7875139117240906
1567,419,0.047613635659217834,0.1491626650094986,31.13852310180664,0.8097095489501953
1568,390,0.04431818053126335,0.14814865589141846,34.11610794067383,0.7786624431610107
1569,750,0.08522727340459824,0.12466595321893692,31.379863739013672,0.801715075969696
1570,688,0.07818181812763214,0.14322689175605774,30.59868621826172,0.8191649913787842
1571,511,0.058068182319402695,0.15406590700149536,30.536521911621094,0.8086589574813843
1572,435,0.04943181946873665,0.1538628786802292,35.48772048950195,0.7628958225250244
1573,616,0.07000000029802322,0.1379091590642929,27.430744171142578,0.8361763954162598
1574,697,0.07920454442501068,0.10886281728744507,31.279979705810547,0.8043175935745239
1575,463,0.05261363461613655,0.17457959055900574,32.24091720581055,0.7941247224807739
1576,400,0.04545454680919647,0.1455061137676239,31.405227661132812,0.8015744090080261
1577,615,0.06988636404275894,0.09999122470617294,29.443798065185547,0.8277718424797058
1578,679,0.0771590918302536,0.17946161329746246,27.66094207763672,0.8353128433227539
1579,587,0.06670454889535904,0.16733311116695404,33.7841682434082,0.7695000171661377
1580,420,0.04772727191448212,0.11868803948163986,34.00504684448242,0.7671249508857727
1581,452,0.051363635808229446,0.13066038489341736,30.616262435913086,0.8035163283348083
1582,775,0.08806817978620529,0.09522853046655655,29.1737003326416,0.8297320604324341
1583,589,0.0669318214058876,0.1439252346754074,27.951433181762695,0.8292346000671387
1584,428,0.048636361956596375,0.11178559064865112,31.072124481201172,0.8044520020484924
1585,463,0.05261363461613655,0.17539913952350616,35.666133880615234,0.7507320046424866
1586,664,0.07545454800128937,0.17061130702495575,28.851694107055664,0.8210647702217102
1587,655,0.07443182170391083,0.16148599982261658,31.69948959350586,0.8010982871055603
1588,421,0.0478409081697464,0.10928333550691605,28.904579162597656,0.8255829811096191
1589,394,0.04477272555232048,0.12789255380630493,34.563209533691406,0.7571145296096802
1590,696,0.0790909081697464,0.10264059156179428,30.524139404296875,0.8071979880332947
1591,676,0.07681818306446075,0.16177898645401,28.665756225585938,0.8315557837486267
1592,525,0.059659089893102646,0.15824303030967712,29.86164665222168,0.8151299357414246
1593,442,0.050227273255586624,0.16172045469284058,35.239723205566406,0.7709946632385254
1594,563,0.06397727131843567,0.12799175083637238,26.454286575317383,0.8491896390914917
1595,715,0.08124999701976776,0.10163167864084244,30.285552978515625,0.820035994052887
1596,466,0.052954547107219696,0.18126384913921356,29.33271026611328,0.8244160413742065
1597,402,0.04568181931972504,0.18912547826766968,31.53628921508789,0.800318717956543
1598,551,0.06261363625526428,0.10474128276109695,31.51253318786621,0.802144467830658
1599,669,0.07602272927761078,0.1685485988855362,27.34624671936035,0.8403356671333313
1600,596,0.06772727519273758,0.1512606143951416,30.96154022216797,0.8006593585014343
1601,411,0.04670454561710358,0.12505602836608887,31.184965133666992,0.8098450899124146
1602,396,0.04500000178813934,0.13892300426959991,35.87185287475586,0.7615340948104858
1603,758,0.0861363634467125,0.12153005599975586,31.25025749206543,0.8062193393707275
1604,618,0.07022727280855179,0.1489516645669937,28.316640853881836,0.8310467600822449
1605,456,0.051818180829286575,0.1850041300058365,31.643611907958984,0.7961558699607849
1606,441,0.05011363700032234,0.14982406795024872,36.46699523925781,0.7462051510810852
1607,628,0.07136363536119461,0.13409045338630676,29.637252807617188,0.8157374858856201
1608,669,0.07602272927761078,0.1046767383813858,32.769874572753906,0.7905021905899048
1609,433,0.049204546958208084,0.1447448879480362,32.1976318359375,0.789786159992218
1610,373,0.042386364191770554,0.15182223916053772,34.860595703125,0.76320481300354
1611,647,0.07352272421121597,0.09745626151561737,31.31708526611328,0.8020030856132507
1612,666,0.07568182051181793,0.18040108680725098,30.083324432373047,0.8092231750488281
1613,571,0.06488636136054993,0.1256459504365921,32.94422149658203,0.7824341654777527
1614,425,0.04829545319080353,0.12798424065113068,32.90010070800781,0.7882041931152344
1615,466,0.052954547107219696,0.0871974304318428,32.24004364013672,0.7873940467834473
1616,744,0.08454545587301254,0.09861888736486435,29.702259063720703,0.8240166902542114
1617,531,0.06034090742468834,0.12167096883058548,26.791677474975586,0.8477923274040222
1618,403,0.04579545557498932,0.14378491044044495,30.411376953125,0.8069534301757812
1619,486,0.05522727221250534,0.14487843215465546,33.761077880859375,0.7801923155784607
1620,664,0.07545454800128937,0.1741715371608734,27.73090171813965,0.8337470293045044
1621,625,0.07102272659540176,0.1116396114230156,31.068632125854492,0.8024457693099976
1622,409,0.04647727310657501,0.0880635604262352,30.455659866333008,0.8156573176383972
1623,370,0.04204545542597771,0.11748890578746796,33.993228912353516,0.7824462652206421
1624,719,0.08170454204082489,0.10154999047517776,30.2502384185791,0.8116231560707092
1625,659,0.07488636672496796,0.11657324433326721,29.972442626953125,0.8194763660430908
1626,501,0.05693181976675987,0.14962558448314667,32.77198028564453,0.7876297235488892
1627,422,0.04795454442501068,0.13380533456802368,34.19260025024414,0.7763183116912842
1628,579,0.06579545140266418,0.09954320639371872,29.59831428527832,0.8188982009887695
1629,688,0.07818181812763214,0.109478659927845,30.726255416870117,0.806958019733429
1630,446,0.05068181827664375,0.16341647505760193,29.872526168823242,0.8229687809944153
1631,373,0.042386364191770554,0.16684924066066742,31.40413475036621,0.7995724081993103
1632,581,0.06602272391319275,0.09821294248104095,31.00798797607422,0.8033171892166138
1633,647,0.07352272421121597,0.18653447926044464,27.502389907836914,0.8325948119163513
1634,561,0.0637499988079071,0.1298099011182785,32.77837371826172,0.783757746219635
1635,399,0.04534091055393219,0.10529971122741699,34.231380462646484,0.7716959118843079
1636,408,0.04636363685131073,0.15573081374168396,31.28321075439453,0.808562695980072
1637,736,0.08363636583089828,0.10126776248216629,29.53301239013672,0.8255017995834351
1638,578,0.0656818151473999,0.12427174299955368,27.736675262451172,0.831741213798523
1639,415,0.047159090638160706,0.16457605361938477,29.680919647216797,0.8190478682518005
1640,438,0.049772728234529495,0.11895889788866043,36.58751678466797,0.7467741966247559
1641,637,0.07238636165857315,0.14764873683452606,27.60044288635254,0.8379473686218262
1642,642,0.07295454293489456,0.12784789502620697,32.219703674316406,0.7985400557518005
1643,413,0.04693181812763214,0.11876525729894638,27.4500675201416,0.8421517610549927
1644,369,0.041931819170713425,0.14885038137435913,35.005645751953125,0.7687637805938721
1645,659,0.07488636672496796,0.10453031212091446,31.098299026489258,0.8060823082923889
1646,650,0.07386363297700882,0.1742408573627472,29.712175369262695,0.818768322467804
1647,535,0.06079545617103577,0.1395786851644516,32.15534591674805,0.7943384647369385
1648,424,0.048181816935539246,0.15816953778266907,35.33560562133789,0.764972448348999
1649,512,0.05818181857466698,0.09580172598361969,28.866567611694336,0.8228086829185486
1650,701,0.07965908944606781,0.10661028325557709,30.905197143554688,0.8058665990829468
1651,483,0.054886363446712494,0.13294796645641327,30.133058547973633,0.8121283054351807
1652,381,0.04329545423388481,0.12874114513397217,29.470396041870117,0.8217681050300598
1653,527,0.05988636240363121,0.10142955929040909,33.82111740112305,0.7745435833930969
1654,642,0.07295454293489456,0.250519335269928,28.415294647216797,0.8331281542778015
1655,589,0.0669318214058876,0.16424492001533508,31.2700252532959,0.8042153120040894
1656,399,0.04534091055393219,0.13043171167373657,31.210540771484375,0.8020872473716736
1657,355,0.040340907871723175,0.10753985494375229,29.852880477905273,0.8203836679458618
1658,732,0.08318182080984116,0.1169656366109848,31.62457847595215,0.8023556470870972
1659,612,0.0695454552769661,0.1388351321220398,29.56510353088379,0.8160209059715271
1660,456,0.051818180829286575,0.15557315945625305,32.37794494628906,0.7901021242141724
1661,412,0.04681818187236786,0.12873412668704987,36.727909088134766,0.7470488548278809
1662,580,0.06590908765792847,0.10490451753139496,27.692914962768555,0.8339851498603821
1663,648,0.07363636046648026,0.12247135490179062,32.20261764526367,0.7989464402198792
1664,425,0.04829545319080353,0.15915220975875854,30.356382369995117,0.8125225901603699
1665,362,0.04113636538386345,0.14208287000656128,33.52013397216797,0.7780686616897583
1666,602,0.06840909272432327,0.10073024779558182,31.643720626831055,0.7960156202316284
1667,635,0.07215908914804459,0.16419194638729095,30.699827194213867,0.7996893525123596
1668,554,0.06295454502105713,0.13434253633022308,33.962318420410156,0.7686480283737183
1669,407,0.04625000059604645,0.1205255463719368,31.847515106201172,0.8012499809265137
1670,424,0.048181816935539246,0.14178578555583954,30.216941833496094,0.8103052377700806
1671,716,0.08136363327503204,0.09522946178913116,32.58709716796875,0.7897502779960632
1672,528,0.05999999865889549,0.19513367116451263,25.91666030883789,0.8561450242996216
1673,392,0.044545453041791916,0.13450773060321808,30.560455322265625,0.8068437576293945
1674,448,0.05090909078717232,0.12749207019805908,34.880794525146484,0.7663323283195496
1675,627,0.07124999910593033,0.14351674914360046,28.00413703918457,0.8328368663787842
1676,602,0.06840909272432327,0.11062309145927429,29.99026107788086,0.8196724057197571
1677,402,0.04568181931972504,0.09506819397211075,29.953170776367188,0.818641185760498
1678,347,0.03943181782960892,0.13757601380348206,33.434776306152344,0.7890670895576477
1679,682,0.07750000059604645,0.09633636474609375,30.65556526184082,0.8105149865150452
1680,635,0.07215908914804459,0.153806671500206,30.032062530517578,0.8153825998306274
1681,493,0.056022725999355316,0.1614302098751068,30.95469856262207,0.8083987832069397
1682,412,0.04681818187236786,0.15373939275741577,35.208316802978516,0.7694861888885498
1683,536,0.06090909242630005,0.12794189155101776,26.919301986694336,0.8458970785140991
1684,671,0.07625000178813934,0.10375995188951492,31.404563903808594,0.8090178966522217
1685,446,0.05068181827664375,0.13801118731498718,31.98459815979004,0.7986714243888855
1686,358,0.04068181663751602,0.1426336169242859,31.196908950805664,0.7997599244117737
1687,537,0.06102272868156433,0.10648400336503983,30.912843704223633,0.8074100613594055
1688,611,0.06943181902170181,0.17975273728370667,27.92767333984375,0.8335201144218445
1689,557,0.06329545378684998,0.1491948664188385,33.52126693725586,0.7716928124427795
1690,386,0.04386363551020622,0.13165633380413055,32.58908462524414,0.7979773283004761
1691,371,0.04215909168124199,0.1785905361175537,31.37858009338379,0.8089736700057983
1692,715,0.08124999701976776,0.10960964858531952,31.1994571685791,0.8066347241401672
1693,565,0.06420454382896423,0.1465594321489334,31.852108001708984,0.8051566481590271
1694,414,0.04704545438289642,0.16029392182826996,31.41930389404297,0.7975218892097473
1695,422,0.04795454442501068,0.1220630407333374,35.78459548950195,0.7530636191368103
1696,616,0.07000000029802322,0.13847993314266205,28.773738861083984,0.829245388507843
1697,626,0.07113636285066605,0.14663256704807281,34.79444122314453,0.7668478488922119
1698,399,0.04534091055393219,0.14114606380462646,28.530914306640625,0.8295906186103821
1699,347,0.03943181782960892,0.15148645639419556,33.618019104003906,0.781294584274292
1700,640,0.072727270424366,0.13789500296115875,30.966739654541016,0.8128353357315063
1701,616,0.07000000029802322,0.1776892989873886,29.004657745361328,0.8199083209037781
1702,534,0.060681819915771484,0.16863051056861877,33.410587310791016,0.7818999886512756
1703,401,0.045568183064460754,0.12438982725143433,36.01454544067383,0.756201982498169
1704,452,0.051363635808229446,0.13069169223308563,30.10774803161621,0.8127330541610718
1705,691,0.07852272689342499,0.10282105952501297,31.39532470703125,0.804495632648468
1706,478,0.05431818217039108,0.10744577646255493,28.92356300354004,0.8252267241477966
1707,355,0.040340907871723175,0.18188713490962982,31.075929641723633,0.8018378615379333
1708,492,0.055909089744091034,0.12650834023952484,34.90214538574219,0.7623685598373413
1709,621,0.07056818157434464,0.16634604334831238,27.166271209716797,0.8400847315788269
1710,566,0.06431818008422852,0.13624298572540283,32.548892974853516,0.7900545001029968
1711,381,0.04329545423388481,0.13006775081157684,30.67442512512207,0.8132134675979614
1712,328,0.037272728979587555,0.16200585663318634,34.712093353271484,0.7675908803939819
1713,711,0.08079545199871063,0.10142956674098969,31.768383026123047,0.8011308312416077
1714,607,0.06897727400064468,0.14537036418914795,30.779441833496094,0.8175330758094788
1715,446,0.05068181827664375,0.14021643996238708,29.83123016357422,0.8181475400924683
1716,396,0.04500000178813934,0.1660749912261963,36.07441711425781,0.7568686604499817
1717,550,0.0625,0.1318950653076172,30.05760955810547,0.8094490766525269
1718,627,0.07124999910593033,0.1304762065410614,32.17197799682617,0.7951388359069824
1719,413,0.04693181812763214,0.16435004770755768,33.309417724609375,0.7713371515274048
1720,339,0.03852272778749466,0.1139240711927414,30.712919235229492,0.8095558881759644
1721,563,0.06397727131843567,0.12156718969345093,29.16100311279297,0.8243745565414429
1722,598,0.06795454770326614,0.2040877342224121,29.52300262451172,0.8134238719940186
1723,535,0.06079545617103577,0.1250559240579605,33.09320831298828,0.7773659825325012
1724,384,0.04363636299967766,0.13860315084457397,37.291072845458984,0.7423718571662903
1725,386,0.04386363551020622,0.1659277230501175,33.466529846191406,0.7765635251998901
1726,699,0.07943181693553925,0.11021694540977478,32.259620666503906,0.7957015633583069
1727,514,0.05840909108519554,0.13876374065876007,32.22528076171875,0.8010284900665283
1728,378,0.042954545468091965,0.1931547224521637,31.383947372436523,0.8046436905860901
1729,421,0.0478409081697464,0.16131676733493805,38.29262161254883,0.7283929586410522
1730,602,0.06840909272432327,0.14780324697494507,29.120500564575195,0.8238039612770081
1731,574,0.06522727012634277,0.12318062782287598,32.95894241333008,0.788012683391571
1732,385,0.04374999925494194,0.14236930012702942,30.20913314819336,0.8161313533782959
1733,334,0.03795454651117325,0.1768372654914856,35.530242919921875,0.7621592879295349
1734,639,0.07261363416910172,0.10364817082881927,31.61724281311035,0.8001692891120911
1735,601,0.06829545646905899,0.17008192837238312,29.63765525817871,0.8264889717102051
1736,497,0.056477271020412445,0.13155466318130493,33.026123046875,0.7846284508705139
1737,394,0.04477272555232048,0.12315410375595093,36.79157257080078,0.7536163926124573
1738,489,0.05556818097829819,0.10283321142196655,29.73000717163086,0.8234911561012268
1739,644,0.07318181544542313,0.12882860004901886,30.875154495239258,0.8074460029602051
1740,438,0.049772728234529495,0.1555190235376358,28.97235679626465,0.8305898308753967
1741,338,0.03840909153223038,0.16338832676410675,32.80770492553711,0.7793145775794983
1742,514,0.05840909108519554,0.09724315255880356,34.55513000488281,0.7715362906455994
1743,588,0.06681818515062332,0.1870432049036026,27.738067626953125,0.8369184136390686
1744,534,0.060681819915771484,0.15968845784664154,32.653533935546875,0.7834355235099792
1745,374,0.042500000447034836,0.10683666914701462,34.591976165771484,0.7703654766082764
1746,319,0.036249998956918716,0.16613194346427917,38.650230407714844,0.7184135913848877
1747,698,0.07931818068027496,0.10452942550182343,32.57182312011719,0.7973865270614624
1748,554,0.06295454502105713,0.15560311079025269,31.031288146972656,0.8077855110168457
1749,412,0.04681818187236786,0.11879771202802658,31.76997947692871,0.7978079915046692
1750,397,0.045113638043403625,0.15157000720500946,38.367523193359375,0.7233738899230957
1751,554,0.06295454502105713,0.1238531768321991,27.75128746032715,0.8308342695236206
1752,607,0.06897727400064468,0.1459168940782547,35.46078872680664,0.7615436315536499
1753,392,0.044545453041791916,0.1272316426038742,29.23298454284668,0.8229720592498779
1754,324,0.03681818023324013,0.1959017962217331,32.05888366699219,0.8019495010375977
1755,598,0.06795454770326614,0.09593381732702255,33.22019958496094,0.7855395674705505
1756,588,0.06681818515062332,0.17059126496315002,31.15150260925293,0.7976190447807312
1757,506,0.057500001043081284,0.1312667429447174,34.15351867675781,0.7771087884902954
1758,383,0.043522726744413376,0.12270212918519974,34.23338317871094,0.7784780263900757
1759,405,0.04602272808551788,0.14591102302074432,29.345623016357422,0.8258917331695557
1760,678,0.07704545557498932,0.10328037291765213,31.018638610839844,0.8124188184738159
1761,480,0.05454545468091965,0.14202375710010529,26.47784423828125,0.8484832644462585
1762,357,0.04056818038225174,0.16014251112937927,30.949230194091797,0.805033266544342
1763,450,0.05113636329770088,0.14546500146389008,33.594146728515625,0.7786620855331421
1764,592,0.06727273017168045,0.13237324357032776,27.903303146362305,0.8333937525749207
1765,548,0.062272727489471436,0.12013313919305801,32.971805572509766,0.7854465842247009
1766,378,0.042954545468091965,0.12073979526758194,32.274662017822266,0.7970918416976929
1767,308,0.03500000014901161,0.16022415459156036,34.10987091064453,0.7793923616409302
1768,672,0.07636363804340363,0.10675302892923355,33.466888427734375,0.7785288691520691
1769,600,0.06818182021379471,0.16689929366111755,31.27708625793457,0.8029715418815613
1770,440,0.05000000074505806,0.13384421169757843,30.547138214111328,0.8102508783340454
1771,390,0.04431818053126335,0.14089609682559967,37.42557144165039,0.7485070824623108
1772,510,0.05795454606413841,0.11752559244632721,26.775985717773438,0.848042905330658
1773,617,0.0701136365532875,0.11218495666980743,33.38270568847656,0.786563515663147
1774,407,0.04625000059604645,0.1791999489068985,30.597951889038086,0.8061294555664062
1775,323,0.036704543977975845,0.13586455583572388,30.756010055541992,0.8081876635551453
1776,540,0.06136363744735718,0.1064407154917717,32.3377685546875,0.7973053455352783
1777,574,0.06522727012634277,0.14452232420444489,28.074905395507812,0.828330397605896
1778,517,0.05874999985098839,0.15990373492240906,34.977657318115234,0.762538731098175
1779,356,0.04045454412698746,0.1328652799129486,33.36472702026367,0.7824993133544922
1780,332,0.037727274000644684,0.13775360584259033,36.90584945678711,0.7436144948005676
1781,672,0.07636363804340363,0.10347596555948257,31.7757511138916,0.8020752668380737
1782,511,0.058068182319402695,0.13049623370170593,31.525285720825195,0.8034291863441467
1783,371,0.04215909168124199,0.16393956542015076,32.02305221557617,0.7896595001220703
1784,406,0.046136364340782166,0.15485435724258423,36.23147964477539,0.7490172982215881
1785,593,0.06738636642694473,0.15703146159648895,28.744739532470703,0.8251974582672119
1786,563,0.06397727131843567,0.11386945843696594,31.551671981811523,0.8056946992874146
1787,365,0.041477274149656296,0.10995157808065414,31.154457092285156,0.80570387840271
1788,320,0.036363635212183,0.1462315022945404,35.92144012451172,0.7536795139312744
1789,623,0.0707954540848732,0.11817003041505814,33.439151763916016,0.778414249420166
1790,573,0.06511363387107849,0.16245388984680176,28.60860824584961,0.8253006339073181
1791,482,0.05477272719144821,0.242182195186615,33.39395523071289,0.7819241881370544
1792,381,0.04329545423388481,0.11875294893980026,34.4744987487793,0.7763593196868896
1793,443,0.050340909510850906,0.15102745592594147,30.354568481445312,0.8073795437812805
1794,642,0.07295454293489456,0.1127980649471283,31.913524627685547,0.8013277053833008
1795,439,0.04988636448979378,0.1491452157497406,28.23609161376953,0.8341252207756042
1796,333,0.037840910255908966,0.2069183737039566,30.562755584716797,0.8118984699249268
1797,488,0.055454544723033905,0.13128788769245148,32.181488037109375,0.7982519865036011
1798,578,0.0656818151473999,0.13449768722057343,28.649518966674805,0.8286870121955872
1799,522,0.0593181811273098,0.1396252065896988,33.2907829284668,0.7807995080947876
1800,362,0.04113636538386345,0.0998484417796135,32.289371490478516,0.7968140244483948
1801,294,0.03340909257531166,0.21567149460315704,37.882667541503906,0.7278394103050232
1802,678,0.07704545557498932,0.11211404949426651,31.484798431396484,0.8021950721740723
1803,565,0.06420454382896423,0.1620190292596817,31.984519958496094,0.8003547191619873
1804,407,0.04625000059604645,0.15998007357120514,31.455671310424805,0.802575945854187
1805,380,0.04318181797862053,0.1269346922636032,40.09516525268555,0.709273636341095
1806,523,0.05943181738257408,0.12332545965909958,32.273033142089844,0.7858009934425354
1807,588,0.06681818515062332,0.14734603464603424,34.05829620361328,0.7817500829696655
1808,378,0.042954545468091965,0.13481785356998444,31.33194351196289,0.791981041431427
1809,308,0.03500000014901161,0.13375934958457947,34.65080261230469,0.771340012550354
1810,554,0.06295454502105713,0.11277347803115845,32.056209564208984,0.8001160621643066
1811,573,0.06511363387107849,0.2117091715335846,30.243581771850586,0.8052487373352051
1812,501,0.05693181976675987,0.12055569142103195,34.07017135620117,0.7666378021240234
1813,366,0.04159091040492058,0.12343600392341614,36.8521728515625,0.7512750029563904
1814,356,0.04045454412698746,0.14769205451011658,33.017574310302734,0.7815117835998535
1815,645,0.07329545170068741,0.1124568060040474,32.41545486450195,0.7895921468734741
1816,480,0.05454545468091965,0.12926292419433594,28.042367935180664,0.8330034017562866
1817,342,0.038863636553287506,0.12846601009368896,29.556583404541016,0.8250875473022461
1818,417,0.04738636314868927,0.14165134727954865,36.30373764038086,0.7519887685775757
1819,577,0.06556817889213562,0.16912780702114105,30.914949417114258,0.8051417469978333
1820,535,0.06079545617103577,0.1339278519153595,32.968894958496094,0.7900108695030212
1821,367,0.04170454666018486,0.1404770463705063,33.317562103271484,0.7875924110412598
1822,295,0.03352272883057594,0.19315169751644135,36.88640594482422,0.7448353171348572
1823,635,0.07215908914804459,0.1372818499803543,34.37479019165039,0.7673261761665344
1824,578,0.0656818151473999,0.1673136204481125,29.847423553466797,0.818030834197998
1825,437,0.04965909197926521,0.16446807980537415,33.00875473022461,0.790237545967102
1826,376,0.0427272729575634,0.1160481870174408,36.92338562011719,0.7547378540039062
1827,475,0.053977273404598236,0.14133653044700623,28.062150955200195,0.8257327675819397
1828,604,0.06863636523485184,0.10334617644548416,32.55247497558594,0.7918844223022461
1829,397,0.045113638043403625,0.12245378643274307,28.269275665283203,0.8254963159561157
1830,313,0.03556818142533302,0.11286387592554092,30.724977493286133,0.8076703548431396
1831,496,0.05636363476514816,0.11069051921367645,34.417747497558594,0.7723888754844666
1832,552,0.06272727251052856,0.14234909415245056,28.496583938598633,0.8224198222160339
1833,503,0.05715909227728844,0.1451173722743988,34.904178619384766,0.7590958476066589
1834,345,0.03920454531908035,0.13227055966854095,36.92026138305664,0.7459592223167419
1835,299,0.03397727385163307,0.20525799691677094,33.760799407958984,0.7717602252960205
1836,651,0.0739772692322731,0.1322224736213684,32.48507308959961,0.7973265051841736
1837,510,0.05795454606413841,0.1639275848865509,31.27097511291504,0.8031771183013916
1838,372,0.04227272793650627,0.16301357746124268,31.744749069213867,0.7979045510292053
1839,385,0.04374999925494194,0.137821227312088,36.84086990356445,0.7420784831047058
1840,538,0.06113636493682861,0.16218355298042297,31.239349365234375,0.7897090315818787
1841,557,0.06329545378684998,0.13137434422969818,33.94347381591797,0.777595043182373
1842,352,0.03999999910593033,0.11714158207178116,29.29077911376953,0.8191748261451721
1843,304,0.03454545512795448,0.25667905807495117,33.563690185546875,0.7839023470878601
1844,579,0.06579545140266418,0.1325649917125702,34.95983123779297,0.7659075856208801
1845,550,0.0625,0.13778696954250336,29.86919403076172,0.8106316328048706
1846,478,0.05431818217039108,0.1306440383195877,33.45546340942383,0.7825464606285095
1847,358,0.04068181663751602,0.14658956229686737,35.958274841308594,0.7617270946502686
1848,392,0.044545453041791916,0.15413177013397217,30.956113815307617,0.8079869747161865
1849,631,0.07170454412698746,0.13393710553646088,34.2926139831543,0.7714348435401917
1850,443,0.050340909510850906,0.12336623668670654,28.475540161132812,0.8308349847793579
1851,324,0.03681818023324013,0.16892005503177643,30.88314437866211,0.8042353987693787
1852,453,0.05147727206349373,0.21128371357917786,34.12797546386719,0.7723338603973389
1853,563,0.06397727131843567,0.15872257947921753,29.094575881958008,0.8239180445671082
1854,510,0.05795454606413841,0.1375838965177536,33.727787017822266,0.7745053768157959
1855,360,0.040909089148044586,0.10893919318914413,32.5385627746582,0.7902621030807495
1856,274,0.031136363744735718,0.19035668671131134,36.9023551940918,0.7418967485427856
1857,639,0.07261363416910172,0.11397559195756912,31.7633056640625,0.7960057258605957
1858,571,0.06488636136054993,0.1833905428647995,34.53391647338867,0.7736498117446899
1859,393,0.0446590892970562,0.14015601575374603,30.47823715209961,0.8176257014274597
1860,370,0.04204545542597771,0.16609613597393036,37.1879997253418,0.7470189929008484
1861,496,0.05636363476514816,0.1256771981716156,31.7322998046875,0.7975548505783081
1862,562,0.06386363506317139,0.13892441987991333,35.606231689453125,0.7598305344581604
1863,375,0.04261363670229912,0.11955934017896652,31.402685165405273,0.7940195202827454
1864,297,0.03375000134110451,0.17630831897258759,32.315250396728516,0.7885712385177612
1865,518,0.05886363610625267,0.1315629780292511,32.91628646850586,0.789176344871521
1866,543,0.061704546213150024,0.1458069533109665,30.051158905029297,0.8093207478523254
1867,489,0.05556818097829819,0.16882926225662231,35.31380081176758,0.7547304034233093
1868,347,0.03943181782960892,0.11388541013002396,37.828041076660156,0.7400594353675842
1869,314,0.035681817680597305,0.1727040857076645,33.373905181884766,0.7870227098464966
1870,629,0.07147727161645889,0.11896143853664398,33.97597122192383,0.7750534415245056
1871,484,0.054999999701976776,0.1874324381351471,29.419401168823242,0.8242098689079285
1872,340,0.03863636404275894,0.13851355016231537,29.434120178222656,0.8218066692352295
1873,395,0.04488636180758476,0.13152587413787842,38.26188278198242,0.7331709265708923
1874,556,0.0631818175315857,0.1763720065355301,31.005647659301758,0.7962600588798523
1875,523,0.05943181738257408,0.16937458515167236,34.455596923828125,0.7662148475646973
1876,355,0.040340907871723175,0.1469605416059494,31.371965408325195,0.8031561374664307
1877,280,0.03181818127632141,0.2270452380180359,35.48881149291992,0.7662807106971741
1878,603,0.06852272897958755,0.12947265803813934,35.899112701416016,0.7505635023117065
1879,536,0.06090909242630005,0.19302141666412354,31.478792190551758,0.7990326881408691
1880,434,0.049318183213472366,0.20641548931598663,34.28267288208008,0.775111973285675
1881,351,0.039886362850666046,0.19690634310245514,39.129127502441406,0.7275584936141968
1882,422,0.04795454442501068,0.11807259917259216,31.884273529052734,0.7945384383201599
1883,590,0.06704545766115189,0.13795003294944763,32.60378646850586,0.7983353734016418
1884,399,0.04534091055393219,0.1285324990749359,29.338584899902344,0.824612021446228
1885,307,0.03488636389374733,0.1579960137605667,32.31798553466797,0.7888985276222229
1886,468,0.05318181961774826,0.1350744068622589,35.64724349975586,0.7595030665397644
1887,549,0.06238636374473572,0.22488458454608917,27.28289794921875,0.8386944532394409
1888,487,0.05534090846776962,0.13263444602489471,36.18046188354492,0.7493618130683899
1889,340,0.03863636404275894,0.1391538828611374,34.66279983520508,0.7747586369514465
1890,278,0.03159090876579285,0.14344847202301025,36.37043380737305,0.7476032972335815
1891,638,0.07249999791383743,0.13211099803447723,33.695167541503906,0.7782614827156067
1892,533,0.0605681836605072,0.13481679558753967,33.468017578125,0.7882352471351624
1893,364,0.041363637894392014,0.13536088168621063,34.126686096191406,0.7790676355361938
1894,365,0.041477274149656296,0.19440138339996338,37.019134521484375,0.7381969690322876
1895,501,0.05693181976675987,0.12615615129470825,29.720745086669922,0.8099502325057983
1896,535,0.06079545617103577,0.14297012984752655,33.623470306396484,0.7810169458389282
1897,350,0.039772726595401764,0.12218162417411804,33.1280403137207,0.7790255546569824
1898,288,0.03272727131843567,0.1866648644208908,33.51023864746094,0.7764198780059814
1899,547,0.06215909123420715,0.1434277594089508,32.78504943847656,0.7910730242729187
1900,538,0.06113636493682861,0.17144516110420227,30.776262283325195,0.804384708404541
1901,465,0.052840910851955414,0.19736388325691223,35.80492401123047,0.7541906833648682
1902,344,0.03909090906381607,0.14091233909130096,37.54425048828125,0.7462450265884399
1903,337,0.038295455276966095,0.12483926862478256,38.19409942626953,0.7081856727600098
1904,602,0.06840909272432327,0.09241236001253128,32.937923431396484,0.7924962639808655
1905,455,0.05170454457402229,0.13432666659355164,30.577707290649414,0.8136539459228516
1906,322,0.03659090772271156,0.140522301197052,31.41044807434082,0.8017462491989136
1907,416,0.04727272689342499,0.15936854481697083,38.122772216796875,0.7226184010505676
1908,549,0.06238636374473572,0.16172733902931213,31.586715698242188,0.7990720272064209
1909,501,0.05693181976675987,0.15114912390708923,34.96123504638672,0.7662922739982605
1910,353,0.04011363536119461,0.13172997534275055,33.36199951171875,0.7789769172668457
1911,266,0.03022727183997631,0.16365668177604675,36.19081115722656,0.7646273374557495
1912,613,0.06965909153223038,0.10751122981309891,34.410640716552734,0.7704548239707947
1913,557,0.06329545378684998,0.14571189880371094,33.099056243896484,0.7872093915939331
1914,390,0.04431818053126335,0.27823346853256226,32.896602630615234,0.7873151898384094
1915,356,0.04045454412698746,0.16556216776371002,38.27339172363281,0.7453259825706482
1916,446,0.05068181827664375,0.16296334564685822,30.86937141418457,0.8017781972885132
1917,547,0.06215909123420715,0.15788555145263672,33.624855041503906,0.7813242077827454
1918,369,0.041931819170713425,0.12830597162246704,29.77029800415039,0.8137971758842468
1919,291,0.033068180084228516,0.1281682848930359,31.042190551757812,0.8023413419723511
1920,488,0.055454544723033905,0.14077231287956238,32.979522705078125,0.7891790270805359
1921,517,0.05874999985098839,0.1645289808511734,30.262409210205078,0.8041825294494629
1922,479,0.054431818425655365,0.12673063576221466,35.980224609375,0.7469615936279297
1923,332,0.037727274000644684,0.12808017432689667,39.13112258911133,0.7251110076904297
1924,285,0.03238636255264282,0.1541614979505539,37.11514663696289,0.7385300993919373
1925,605,0.06875000149011612,0.1083056777715683,36.173038482666016,0.7378051280975342
1926,484,0.054999999701976776,0.1580086350440979,31.380754470825195,0.8055547475814819
1927,343,0.03897727280855179,0.13995055854320526,33.408287048339844,0.7889718413352966
1928,369,0.041931819170713425,0.15102918446063995,38.45235061645508,0.7302577495574951
1929,527,0.05988636240363121,0.12217111140489578,30.716341018676758,0.8048081398010254
1930,507,0.057613637298345566,0.13588863611221313,35.345497131347656,0.7607738375663757
1931,339,0.03852272778749466,0.15344160795211792,31.992876052856445,0.7983546853065491
1932,271,0.03079545497894287,0.1794232577085495,35.483219146728516,0.7619524598121643
1933,572,0.06499999761581421,0.11049685627222061,36.27817153930664,0.75630122423172
1934,503,0.05715909227728844,0.15920306742191315,31.882503509521484,0.7940304279327393
1935,435,0.04943181946873665,0.19156822562217712,34.700557708740234,0.7627988457679749
1936,340,0.03863636404275894,0.16413883864879608,38.781837463378906,0.7299894690513611
1937,365,0.041477274149656296,0.151223286986351,34.63288879394531,0.7611449360847473
1938,580,0.06590908765792847,0.1394253820180893,33.62800979614258,0.7841774821281433
1939,407,0.04625000059604645,0.17723599076271057,30.821399688720703,0.8145650029182434
1940,306,0.03477272763848305,0.1304328590631485,32.01531219482422,0.7939837574958801
1941,442,0.050227273255586624,0.15466634929180145,35.3953742980957,0.7602065205574036
1942,530,0.06022727116942406,0.14221727848052979,26.96062469482422,0.8432798981666565
1943,478,0.05431818217039108,0.11707023531198502,34.52534866333008,0.7664859890937805
1944,335,0.03806818276643753,0.1308603584766388,34.3502197265625,0.7741855978965759
1945,254,0.028863636776804924,0.13641782104969025,39.44939422607422,0.7118452787399292
1946,624,0.07090909034013748,0.14646518230438232,34.76787567138672,0.765568733215332
1947,537,0.06102272868156433,0.1929728239774704,35.50672149658203,0.7554824352264404
1948,367,0.04170454666018486,0.16122770309448242,36.17447280883789,0.7525467872619629
1949,351,0.039886362850666046,0.17199130356311798,37.99219512939453,0.7352287173271179
1950,465,0.052840910851955414,0.15766532719135284,31.52443504333496,0.7979053258895874
1951,531,0.06034090742468834,0.13815343379974365,38.324920654296875,0.7293924689292908
1952,345,0.03920454531908035,0.1446162611246109,33.675106048583984,0.7815268039703369
1953,279,0.03170454502105713,0.17333416640758514,32.23442077636719,0.7951650023460388
1954,517,0.05874999985098839,0.11616236716508865,35.646305084228516,0.7555649876594543
1955,515,0.058522727340459824,0.197251558303833,34.2307014465332,0.7726477384567261
1956,451,0.051249999552965164,0.19652743637561798,36.18672180175781,0.7503827810287476
1957,324,0.03681818023324013,0.11678025871515274,37.505348205566406,0.7431984543800354
1958,303,0.0344318188726902,0.1868494600057602,34.030364990234375,0.7766364812850952
1959,588,0.06681818515062332,0.13829253613948822,34.54198455810547,0.7726633548736572
1960,462,0.05249999836087227,0.15316540002822876,30.35267448425293,0.8127533793449402
1961,317,0.03602272644639015,0.13285747170448303,31.509233474731445,0.8029624223709106
1962,396,0.04500000178813934,0.16559356451034546,39.59172439575195,0.7164185047149658
1963,524,0.059545453637838364,0.17853397130966187,31.621530532836914,0.7957459092140198
1964,487,0.05534090846776962,0.15208274126052856,37.18806457519531,0.7428635954856873
1965,337,0.038295455276966095,0.1370275914669037,34.54762649536133,0.7757160663604736
1966,256,0.02909090928733349,0.17169581353664398,37.758399963378906,0.7329260110855103
1967,584,0.0663636326789856,0.12949153780937195,36.49990463256836,0.7520699501037598
1968,521,0.05920454487204552,0.17960329353809357,31.12223243713379,0.8094965815544128
1969,393,0.0446590892970562,0.17925722897052765,32.9356803894043,0.7906231880187988
1970,343,0.03897727280855179,0.2010287195444107,36.46775817871094,0.7627059817314148
1971,396,0.04500000178813934,0.12858715653419495,37.783206939697266,0.721407949924469
1972,539,0.061250001192092896,0.12575183808803558,34.49197006225586,0.7639244198799133
1973,361,0.04102272912859917,0.1325376033782959,28.938720703125,0.8227431774139404
1974,282,0.032045453786849976,0.1455339938402176,30.218210220336914,0.8075670003890991
1975,465,0.052840910851955414,0.13620376586914062,37.91339874267578,0.7355606555938721
1976,516,0.058636363595724106,0.1724357008934021,30.062318801879883,0.8137615323066711
1977,460,0.052272725850343704,0.12071998417377472,37.8001594543457,0.7318167090415955
1978,317,0.03602272644639015,0.13087549805641174,39.15028762817383,0.7270125150680542
1979,265,0.03011363558471203,0.17581763863563538,37.04636001586914,0.745963454246521
1980,591,0.06715909391641617,0.15731199085712433,35.878196716308594,0.7552260160446167
1981,510,0.05795454606413841,0.19558066129684448,31.142688751220703,0.8043956160545349
1982,339,0.03852272778749466,0.12809258699417114,31.893470764160156,0.7981086373329163
1983,358,0.04068181663751602,0.1903211623430252,39.17877960205078,0.7172919511795044
1984,472,0.05363636463880539,0.1191181018948555,29.754558563232422,0.8096749782562256
1985,498,0.05659090727567673,0.16648171842098236,36.5031623840332,0.7488116025924683
1986,329,0.03738636523485184,0.14179161190986633,35.784934997558594,0.7450142502784729
1987,266,0.03022727183997631,0.15171127021312714,32.11521911621094,0.7952291369438171
1988,548,0.062272727489471436,0.1256023645401001,34.97148513793945,0.7648095488548279
1989,489,0.05556818097829819,0.15606354176998138,31.81930160522461,0.7930331826210022
1990,421,0.0478409081697464,0.15076464414596558,38.69316864013672,0.7220924496650696
1991,326,0.03704545274376869,0.14538463950157166,40.461978912353516,0.7151895761489868
1992,328,0.037272728979587555,0.12374366819858551,40.46207046508789,0.6936753988265991
1993,557,0.06329545378684998,0.13643404841423035,34.634803771972656,0.7664065957069397
1994,422,0.04795454442501068,0.13776648044586182,29.826072692871094,0.8142788410186768
1995,296,0.033636365085840225,0.11964810639619827,32.59769058227539,0.7840567231178284
1996,408,0.04636363685131073,0.17410683631896973,39.081993103027344,0.7162467837333679
1997,506,0.057500001043081284,0.15159811079502106,30.22564697265625,0.8125385046005249
1998,464,0.05272727087140083,0.18972133100032806,37.45677947998047,0.73930823802948
1999,334,0.03795454651117325,0.13176874816417694,34.72343826293945,0.774682879447937
2000,242,0.027499999850988388,0.1666085124015808,36.378692626953125,0.745084822177887
2001,590,0.06704545766115189,0.1251121163368225,35.46907424926758,0.7609078884124756
2002,534,0.060681819915771484,0.18230465054512024,36.812896728515625,0.7416399121284485
2003,373,0.042386364191770554,0.12602663040161133,33.76447677612305,0.7797303199768066
2004,343,0.03897727280855179,0.18743661046028137,40.25319290161133,0.7181674242019653
2005,420,0.04772727191448212,0.13094604015350342,30.947240829467773,0.8074894547462463
2006,517,0.05874999985098839,0.1830153912305832,37.46562194824219,0.7367143034934998
2007,342,0.038863636553287506,0.128722682595253,30.01167106628418,0.8173192739486694
2008,274,0.031136363744735718,0.17318201065063477,33.28643798828125,0.775917112827301
2009,489,0.05556818097829819,0.11582335829734802,37.81159973144531,0.7339650988578796
2010,480,0.05454545468091965,0.1636791080236435,30.785587310791016,0.8122439980506897
2011,441,0.05011363700032234,0.12366139888763428,38.17695999145508,0.7325403690338135
2012,313,0.03556818142533302,0.13079401850700378,39.40619659423828,0.7179502248764038
2013,267,0.030340909957885742,0.13858436048030853,37.11234664916992,0.7377851009368896
2014,560,0.06363636255264282,0.13478198647499084,34.96968460083008,0.7617772221565247
2015,464,0.05272727087140083,0.21121715009212494,28.84012222290039,0.8266575336456299
2016,308,0.03500000014901161,0.11822576075792313,32.353050231933594,0.7988464832305908
2017,368,0.04181818291544914,0.1780303716659546,38.189697265625,0.7288011312484741
2018,494,0.0561363622546196,0.17155203223228455,31.87549591064453,0.787127673625946
2019,477,0.0542045459151268,0.1701265573501587,38.15142059326172,0.739814281463623
2020,328,0.037272728979587555,0.1211460679769516,31.996238708496094,0.7998480200767517
2021,252,0.02863636426627636,0.20621155202388763,37.25270462036133,0.7363470792770386
2022,559,0.06352272629737854,0.12482389062643051,37.70906066894531,0.7370988130569458
2023,473,0.05375000089406967,0.1547260731458664,30.7436466217041,0.8101871609687805
2024,396,0.04500000178813934,0.2675113379955292,37.387611389160156,0.7382916808128357
2025,316,0.03590909019112587,0.13913077116012573,38.49751663208008,0.7346456050872803
2026,343,0.03897727280855179,0.16095398366451263,32.76499557495117,0.7832775712013245
2027,526,0.05977272614836693,0.10902713984251022,34.56805419921875,0.7705976366996765
2028,372,0.04227272793650627,0.17861752212047577,28.906118392944336,0.8297584056854248
2029,282,0.032045453786849976,0.1620427519083023,31.31524658203125,0.8052263855934143
2030,434,0.049318183213472366,0.13582254946231842,37.06022644042969,0.7436133027076721
2031,503,0.05715909227728844,0.15984569489955902,29.75118064880371,0.8116878271102905
2032,444,0.05045454576611519,0.19150660932064056,38.641056060791016,0.7227836847305298
2033,308,0.03500000014901161,0.13146798312664032,37.55794143676758,0.7409511208534241
2034,243,0.02761363610625267,0.1640198528766632,38.991947174072266,0.7185565829277039
2035,572,0.06499999761581421,0.13031814992427826,35.122161865234375,0.7667533159255981
2036,507,0.057613637298345566,0.1923462301492691,32.622196197509766,0.7838085293769836
2037,333,0.037840910255908966,0.17257839441299438,33.982444763183594,0.7830823659896851
2038,346,0.039318181574344635,0.15739642083644867,38.3681755065918,0.7291619181632996
2039,440,0.05000000074505806,0.1483556479215622,30.207670211791992,0.8065593242645264
2040,487,0.05534090846776962,0.13711005449295044,39.601871490478516,0.7131717205047607
2041,319,0.036249998956918716,0.14241604506969452,32.747093200683594,0.7825728058815002
2042,259,0.029431818053126335,0.12414321303367615,31.708101272583008,0.7952783107757568
2043,503,0.05715909227728844,0.1444491446018219,37.16883850097656,0.7440891861915588
2044,485,0.05511363595724106,0.15361382067203522,32.986209869384766,0.7785978317260742
2045,413,0.04693181812763214,0.14048616588115692,37.636898040771484,0.7390264272689819
2046,305,0.034659091383218765,0.13953454792499542,40.063758850097656,0.7150771021842957
2047,293,0.03329545632004738,0.15343119204044342,37.32616424560547,0.7379797101020813
