ray_idx,hit_count,hit_ratio,rmse_hit,angle_mean_deg_hit,cos_mean_hit
0,476,0.05409090965986252,0.2824389338493347,57.705196380615234,0.4950246512889862
1,451,0.051249999552965164,0.26031532883644104,58.17082977294922,0.48850303888320923
2,481,0.05465909093618393,0.3248361051082611,55.342525482177734,0.5223124027252197
3,464,0.05272727087140083,0.3367723822593689,53.317378997802734,0.5534347891807556
4,362,0.04113636538386345,0.2694339156150818,55.88634490966797,0.5189558267593384
5,533,0.0605681836605072,0.29517385363578796,60.85331344604492,0.4529688060283661
6,474,0.053863637149333954,0.2888216972351074,60.610755920410156,0.4568508267402649
7,415,0.047159090638160706,0.30363890528678894,58.3421745300293,0.4898909330368042
8,493,0.056022725999355316,0.29311129450798035,61.08820343017578,0.4534592032432556
9,355,0.040340907871723175,0.23842434585094452,54.82743835449219,0.5331028699874878
10,589,0.0669318214058876,0.29071852564811707,62.59723663330078,0.43136149644851685
11,451,0.051249999552965164,0.3268974721431732,57.075531005859375,0.5055440664291382
12,331,0.0376136377453804,0.2596903443336487,59.22707748413086,0.4723071753978729
13,511,0.058068182319402695,0.28125253319740295,54.238800048828125,0.5413240790367126
14,455,0.05170454457402229,0.2780342698097229,58.101959228515625,0.4919416010379791
15,447,0.050795454531908035,0.28381937742233276,53.12266540527344,0.5617987513542175
16,476,0.05409090965986252,0.30924299359321594,58.134464263916016,0.49384215474128723
17,227,0.025795454159379005,0.3039851188659668,52.348236083984375,0.5660011768341064
18,631,0.07170454412698746,0.25894832611083984,58.57258987426758,0.482244610786438
19,453,0.05147727206349373,0.3141462206840515,62.326637268066406,0.4318130910396576
20,401,0.045568183064460754,0.27696922421455383,58.84524917602539,0.4814344346523285
21,505,0.057386364787817,0.29586261510849,56.93063735961914,0.5087130665779114
22,351,0.039886362850666046,0.2599606215953827,53.659461975097656,0.5415574908256531
23,628,0.07136363536119461,0.26438429951667786,63.02109909057617,0.4241107404232025
24,458,0.05204545333981514,0.38459309935569763,58.005584716796875,0.49145564436912537
25,204,0.023181818425655365,0.39050570130348206,56.56513214111328,0.49931442737579346
26,531,0.06034090742468834,0.27852609753608704,51.85901641845703,0.5720297694206238
27,496,0.05636363476514816,0.3097691833972931,60.74480056762695,0.45713308453559875
28,466,0.052954547107219696,0.26599061489105225,59.57492446899414,0.47245490550994873
29,496,0.05636363476514816,0.3267166316509247,59.629493713378906,0.46709683537483215
30,211,0.02397727221250534,0.2602993845939636,57.61703872680664,0.4892203211784363
31,672,0.07636363804340363,0.2610693871974945,55.681739807128906,0.5274401903152466
32,418,0.04749999940395355,0.3641509711742401,60.553375244140625,0.45317092537879944
33,294,0.03340909257531166,0.2331254780292511,60.95441436767578,0.4419877827167511
34,551,0.06261363625526428,0.27906540036201477,61.50859069824219,0.4431097209453583
35,433,0.049204546958208084,0.28590625524520874,57.675376892089844,0.4984022378921509
36,639,0.07261363416910172,0.2692219614982605,55.7430305480957,0.5224813222885132
37,482,0.05477272719144821,0.34193578362464905,57.48952865600586,0.49281045794487
38,206,0.02340909093618393,0.26040688157081604,60.18846893310547,0.45699504017829895
39,629,0.07147727161645889,0.31285443902015686,58.56052017211914,0.48129719495773315
40,436,0.04954545572400093,0.34961143136024475,59.28282165527344,0.47577300667762756
41,477,0.0542045459151268,0.25668084621429443,58.702239990234375,0.48219215869903564
42,525,0.059659089893102646,0.32986927032470703,56.4464225769043,0.5143733620643616
43,214,0.024318180978298187,0.36794397234916687,57.640220642089844,0.4935503900051117
44,717,0.08147726953029633,0.2868824899196625,59.273170471191406,0.4770244061946869
45,458,0.05204545333981514,0.3851018249988556,55.847591400146484,0.5290536284446716
46,212,0.024090908467769623,0.2713477611541748,54.415321350097656,0.5465971231460571
47,569,0.06465908885002136,0.3104153871536255,56.1477165222168,0.515358567237854
48,471,0.05352272838354111,0.3264467120170593,58.62431716918945,0.4874587953090668
49,597,0.06784091144800186,0.27475234866142273,57.59538650512695,0.4979571998119354
50,497,0.056477271020412445,0.3534134328365326,58.7431755065918,0.48274537920951843
51,212,0.024090908467769623,0.4995332658290863,59.55312728881836,0.4686824083328247
52,722,0.08204545825719833,0.2652653455734253,61.78108215332031,0.44331246614456177
53,400,0.04545454680919647,0.3733154535293579,61.167518615722656,0.4480459690093994
54,387,0.043977271765470505,0.29491525888442993,52.30251693725586,0.5580366253852844
55,563,0.06397727131843567,0.3209519684314728,57.64043045043945,0.4999549984931946
56,227,0.025795454159379005,0.30481603741645813,50.04536819458008,0.594386875629425
57,693,0.07874999940395355,0.2994416058063507,54.6142692565918,0.5346477031707764
58,457,0.05193181708455086,0.30458348989486694,59.288734436035156,0.4745972454547882
59,207,0.02352272719144821,0.20161424577236176,56.952720642089844,0.5063875317573547
60,653,0.07420454174280167,0.3020557761192322,57.364784240722656,0.5002533197402954
61,417,0.04738636314868927,0.34447619318962097,52.87799835205078,0.5582192540168762
62,560,0.06363636255264282,0.2560974657535553,54.56395721435547,0.5414199233055115
63,525,0.059659089893102646,0.272555410861969,58.104896545410156,0.4875698685646057
64,221,0.025113636627793312,0.2993090748786926,60.13626480102539,0.46229684352874756
65,760,0.08636363595724106,0.28687912225723267,57.626583099365234,0.5007092952728271
66,444,0.05045454576611519,0.3857916593551636,58.71602249145508,0.4825887978076935
67,222,0.025227272883057594,0.2737535238265991,54.08232879638672,0.5442770719528198
68,614,0.06977272778749466,0.29910868406295776,56.88486099243164,0.5112531781196594
69,482,0.05477272719144821,0.29865849018096924,54.397972106933594,0.5394878387451172
70,671,0.07625000178813934,0.2675108015537262,54.68498611450195,0.535764753818512
71,489,0.05556818097829819,0.31132158637046814,57.54377746582031,0.4940807521343231
72,216,0.0245454553514719,0.3234389126300812,57.309791564941406,0.49087390303611755
73,674,0.07659091055393219,0.2863771319389343,55.05894088745117,0.5240517258644104
74,410,0.046590909361839294,0.32315778732299805,58.45454788208008,0.48833659291267395
75,470,0.053409092128276825,0.2603895664215088,59.021907806396484,0.47920358180999756
76,556,0.0631818175315857,0.3093596398830414,54.1043586730957,0.5420172214508057
77,225,0.02556818164885044,0.3355104923248291,55.27825164794922,0.5257687568664551
78,777,0.08829545229673386,0.2818607985973358,54.18291473388672,0.5399990677833557
79,460,0.052272725850343704,0.35228902101516724,53.97769546508789,0.5405762195587158
80,224,0.02545454539358616,0.3944838047027588,58.451717376708984,0.48153823614120483
81,636,0.07227272540330887,0.3102906346321106,55.776092529296875,0.5221336483955383
82,459,0.05215908959507942,0.3104177415370941,59.62165451049805,0.47818824648857117
83,675,0.07670454680919647,0.2609413266181946,58.231815338134766,0.48475566506385803
84,561,0.0637499988079071,0.3867916762828827,58.65085983276367,0.48329147696495056
85,231,0.026249999180436134,0.2473675161600113,58.78826904296875,0.4811496436595917
86,808,0.0918181836605072,0.3072827458381653,56.983795166015625,0.5052397847175598
87,427,0.04852272570133209,0.3651999533176422,56.51395034790039,0.5088194608688354
88,237,0.026931818574666977,0.23065300285816193,56.86569595336914,0.5053524971008301
89,605,0.06875000149011612,0.3120117783546448,57.03999710083008,0.5022678375244141
90,443,0.050340909510850906,0.30150020122528076,53.131961822509766,0.549240231513977
91,756,0.08590909093618393,0.3130342960357666,59.882957458496094,0.4719727635383606
92,465,0.052840910851955414,0.35486865043640137,60.258338928222656,0.45984947681427
93,231,0.026249999180436134,0.2138221263885498,56.170833587646484,0.5024909973144531
94,669,0.07602272927761078,0.30074575543403625,61.86378860473633,0.4411141276359558
95,414,0.04704545438289642,0.34918490052223206,57.06338119506836,0.5033443570137024
96,649,0.07374999672174454,0.2551610767841339,58.8764762878418,0.47470030188560486
97,548,0.062272727489471436,0.32283347845077515,57.03464889526367,0.5042856335639954
98,234,0.02659090980887413,0.24203291535377502,57.78696060180664,0.49309200048446655
99,831,0.0944318175315857,0.2975824177265167,59.59153747558594,0.47096195816993713
100,465,0.052840910851955414,0.340481698513031,65.41706848144531,0.3882726728916168
101,240,0.027272727340459824,0.2557305097579956,60.71272659301758,0.4494268298149109
102,578,0.0656818151473999,0.2489975541830063,58.985572814941406,0.475130170583725
103,476,0.05409090965986252,0.29823386669158936,63.53675079345703,0.420929491519928
104,686,0.07795454561710358,0.27379968762397766,53.87102508544922,0.5440363883972168
105,523,0.05943181738257408,0.3424833118915558,55.738075256347656,0.5201241374015808
106,243,0.02761363610625267,0.3989505171775818,59.078857421875,0.4772208333015442
107,728,0.08272727578878403,0.2957821488380432,61.085147857666016,0.44827941060066223
108,442,0.050227273255586624,0.3336537480354309,56.041603088378906,0.5178747177124023
109,541,0.06147727370262146,0.31721994280815125,57.33181381225586,0.49948740005493164
110,595,0.0676136389374733,0.27952563762664795,58.499000549316406,0.4873230457305908
111,246,0.027954544872045517,0.31396785378456116,51.556758880615234,0.5733230113983154
112,799,0.09079545736312866,0.2994093894958496,59.34500503540039,0.4696863293647766
113,487,0.05534090846776962,0.34911245107650757,58.62663650512695,0.4817170202732086
114,243,0.02761363610625267,0.34357476234436035,59.580623626708984,0.47396641969680786
115,653,0.07420454174280167,0.26135969161987305,56.3256950378418,0.5117625594139099
116,434,0.049318183213472366,0.35311320424079895,55.2122917175293,0.5312042832374573
117,727,0.08261363953351974,0.24903833866119385,53.894256591796875,0.5495309829711914
118,560,0.06363636255264282,0.31369510293006897,51.522979736328125,0.5745773911476135
119,246,0.027954544872045517,0.23180095851421356,55.83994674682617,0.5167568922042847
120,795,0.09034091234207153,0.3115828037261963,58.79669189453125,0.4759557843208313
121,461,0.052386362105607986,0.3278976082801819,60.54860305786133,0.4502553939819336
122,248,0.02818181738257408,0.42317017912864685,58.9984245300293,0.4769320785999298
123,540,0.06136363744735718,0.2596799433231354,56.68119430541992,0.5128124952316284
124,490,0.05568181723356247,0.3533458113670349,61.51340103149414,0.4476315379142761
125,704,0.07999999821186066,0.29142531752586365,56.25521469116211,0.5130696892738342
126,501,0.05693181976675987,0.3639375567436218,58.816165924072266,0.47576820850372314
127,247,0.0280681811273098,0.3166990280151367,66.31752014160156,0.3772819936275482
128,701,0.07965908944606781,0.2851404547691345,58.96474838256836,0.47362977266311646
129,420,0.04772727191448212,0.31193357706069946,49.37127685546875,0.6038411259651184
130,719,0.08170454204082489,0.2795703709125519,58.254581451416016,0.49179375171661377
131,579,0.06579545140266418,0.30263927578926086,54.98560333251953,0.5281956195831299
132,246,0.027954544872045517,0.282461941242218,56.0539665222168,0.5191240906715393
133,837,0.09511363506317139,0.3191099464893341,58.285865783691406,0.4901289939880371
134,498,0.05659090727567673,0.3383598029613495,59.39506912231445,0.47589635848999023
135,250,0.028409091755747795,0.23708903789520264,58.08573913574219,0.4915308356285095
136,594,0.06750000268220901,0.2479003369808197,59.464317321777344,0.4717957079410553
137,471,0.05352272838354111,0.2863474190235138,60.41987228393555,0.45954927802085876
138,710,0.08068181574344635,0.27490755915641785,59.735260009765625,0.4649870991706848
139,565,0.06420454382896423,0.3480677902698517,56.495521545410156,0.5139462947845459
140,257,0.02920454554259777,0.2647564113140106,53.172119140625,0.5638779997825623
141,752,0.0854545459151268,0.3235378563404083,56.30927276611328,0.5107386708259583
142,471,0.05352272838354111,0.3395844101905823,58.804141998291016,0.48288923501968384
143,556,0.0631818175315857,0.28584688901901245,57.23772048950195,0.5037763714790344
144,556,0.0631818175315857,0.29969367384910583,63.9610710144043,0.40584754943847656
145,270,0.03068181872367859,0.26962167024612427,60.871063232421875,0.44189631938934326
146,751,0.08534090965986252,0.3124012053012848,59.72746658325195,0.4696647822856903
147,540,0.06136363744735718,0.3367866575717926,57.13645935058594,0.5036507844924927
148,252,0.02863636426627636,0.3170955181121826,53.02412796020508,0.5545791387557983
149,701,0.07965908944606781,0.26027795672416687,56.76072311401367,0.5092463493347168
150,423,0.04806818068027496,0.3296489715576172,58.89636993408203,0.4816683828830719
151,745,0.08465909212827682,0.23283319175243378,55.35405349731445,0.5200673937797546
152,572,0.06499999761581421,0.3285692632198334,53.27046585083008,0.5473929643630981
153,253,0.028750000521540642,0.24717921018600464,55.90007781982422,0.5264112949371338
154,834,0.09477272629737854,0.3071930408477783,52.09574508666992,0.5566535592079163
155,504,0.05727272853255272,0.32900872826576233,54.4719123840332,0.5422576665878296
156,263,0.029886363074183464,0.30340611934661865,60.759674072265625,0.45555928349494934
157,563,0.06397727131843567,0.26494887471199036,59.43498992919922,0.46974438428878784
158,484,0.054999999701976776,0.2958386242389679,61.75012969970703,0.4418606460094452
159,719,0.08170454204082489,0.2696009576320648,59.80636215209961,0.4668501913547516
160,567,0.0644318163394928,0.30280792713165283,55.65464401245117,0.5240315794944763
161,265,0.03011363558471203,0.28719228506088257,53.83796691894531,0.5454813241958618
162,727,0.08261363953351974,0.2968060374259949,56.80406951904297,0.5068743824958801
163,435,0.04943181946873665,0.3061351478099823,57.15950012207031,0.503628134727478
164,699,0.07943181693553925,0.28627607226371765,64.77568054199219,0.39899876713752747
165,604,0.06863636523485184,0.3579384386539459,60.2905158996582,0.4626009166240692
166,268,0.030454546213150024,0.26902177929878235,56.8499755859375,0.501427173614502
167,819,0.0930681824684143,0.30737197399139404,51.46387481689453,0.570053219795227
168,540,0.06136363744735718,0.31891554594039917,59.735511779785156,0.47004806995391846
169,259,0.029431818053126335,0.2613680064678192,56.35689926147461,0.5155931711196899
170,640,0.072727270424366,0.2781430780887604,57.26881790161133,0.5026289820671082
171,454,0.05159090831875801,0.27407652139663696,61.9846076965332,0.4358501434326172
172,736,0.08363636583089828,0.23805491626262665,55.26299285888672,0.530797004699707
173,658,0.07477273046970367,0.35921013355255127,59.001705169677734,0.4757722020149231
174,268,0.030454546213150024,0.27649497985839844,51.03971481323242,0.5901150107383728
175,786,0.0893181785941124,0.3173311948776245,54.167667388916016,0.5385629534721375
176,509,0.05784090980887413,0.3216979205608368,59.441741943359375,0.47069042921066284
177,266,0.03022727183997631,0.22752869129180908,58.06553268432617,0.49086588621139526
178,563,0.06397727131843567,0.2876743972301483,58.348289489746094,0.48492881655693054
179,487,0.05534090846776962,0.290052205324173,61.93857192993164,0.4340319335460663
180,723,0.08215909451246262,0.2809380292892456,54.36955261230469,0.54474937915802
181,578,0.0656818151473999,0.34704145789146423,58.35175323486328,0.4858856201171875
182,266,0.03022727183997631,0.2565421462059021,59.86732482910156,0.46416595578193665
183,693,0.07874999940395355,0.2901637554168701,58.171146392822266,0.4911342263221741
184,462,0.05249999836087227,0.32070040702819824,56.010257720947266,0.5163370370864868
185,723,0.08215909451246262,0.28486278653144836,57.05032730102539,0.49947378039360046
186,621,0.07056818157434464,0.3364980220794678,56.24085235595703,0.5145836472511292
187,270,0.03068181872367859,0.3002595603466034,54.29278564453125,0.5369389653205872
188,847,0.09624999761581421,0.2908540964126587,57.59807205200195,0.49669235944747925
189,550,0.0625,0.30479711294174194,57.929290771484375,0.4867529273033142
190,266,0.03022727183997631,0.2797143757343292,56.93735122680664,0.5051750540733337
191,549,0.06238636374473572,0.29468250274658203,59.947547912597656,0.45965009927749634
192,481,0.05465909093618393,0.3036044239997864,62.81904220581055,0.42689719796180725
193,730,0.08295454829931259,0.2556881904602051,58.78142547607422,0.4766881763935089
194,660,0.07500000298023224,0.3166200816631317,54.1386604309082,0.5357303619384766
195,274,0.031136363744735718,0.28678375482559204,55.255104064941406,0.5286319851875305
196,734,0.08340909332036972,0.2962363660335541,60.23297119140625,0.46137598156929016
197,495,0.05624999850988388,0.28957465291023254,56.0643424987793,0.5188500285148621
198,683,0.07761363685131073,0.2907962203025818,59.002288818359375,0.4790886342525482
199,577,0.06556817889213562,0.3060879409313202,54.262298583984375,0.5412667393684387
200,490,0.05568181723356247,0.304846853017807,53.543678283691406,0.547770082950592
201,751,0.08534090965986252,0.307422399520874,53.59382247924805,0.5496771931648254
202,591,0.06715909391641617,0.3351888358592987,56.37917709350586,0.5114924311637878
203,274,0.031136363744735718,0.26498740911483765,53.825565338134766,0.5472847819328308
204,631,0.07170454412698746,0.2760012745857239,60.361331939697266,0.46325036883354187
205,474,0.053863637149333954,0.33177754282951355,58.68374252319336,0.4848291873931885
206,763,0.0867045447230339,0.2832014262676239,53.055580139160156,0.5531389713287354
207,682,0.07750000059604645,0.3029581904411316,56.242801666259766,0.5160222053527832
208,285,0.03238636255264282,0.2749235928058624,59.83747100830078,0.47282013297080994
209,862,0.09795454889535904,0.2770336866378784,59.44822692871094,0.4666619598865509
210,524,0.059545453637838364,0.3295580744743347,53.46845245361328,0.5513849854469299
211,256,0.02909090928733349,0.22627310454845428,59.37750244140625,0.47498610615730286
212,549,0.06238636374473572,0.2345898151397705,53.23001480102539,0.5525223016738892
213,486,0.05522727221250534,0.3140525817871094,61.759525299072266,0.437491774559021
214,734,0.08340909332036972,0.2724655866622925,59.271121978759766,0.4722011387348175
215,659,0.07488636672496796,0.30692821741104126,57.20477294921875,0.5018247365951538
216,286,0.032499998807907104,0.29481402039527893,53.20205307006836,0.5592750310897827
217,694,0.07886363565921783,0.2771585285663605,58.92373275756836,0.4761112332344055
218,494,0.0561363622546196,0.29508015513420105,56.486297607421875,0.5151901245117188
219,704,0.07999999821186066,0.2938697934150696,57.43797302246094,0.4966531991958618
220,656,0.07454545795917511,0.29970884323120117,58.794254302978516,0.4832613468170166
221,288,0.03272727131843567,0.25200024247169495,59.96216583251953,0.46297815442085266
222,760,0.08636363595724106,0.25662246346473694,51.35588073730469,0.5785648226737976
223,586,0.06659091264009476,0.3252320885658264,56.507286071777344,0.5156933069229126
224,272,0.030909091234207153,0.2778750956058502,58.913082122802734,0.4822307527065277
225,595,0.0676136389374733,0.2234918624162674,56.75783920288086,0.5099600553512573
226,505,0.057386364787817,0.27239251136779785,55.626888275146484,0.5279066562652588
227,710,0.08068181574344635,0.24036438763141632,55.35442352294922,0.5310052037239075
228,715,0.08124999701976776,0.3049570620059967,53.79621887207031,0.5439059734344482
229,313,0.03556818142533302,0.24180468916893005,50.87577819824219,0.583888828754425
230,750,0.08522727340459824,0.28061234951019287,53.72905349731445,0.5466343760490417
231,530,0.06022727116942406,0.3017807602882385,59.44393539428711,0.46484267711639404
232,622,0.07068181782960892,0.3071705400943756,56.37060546875,0.510282039642334
233,600,0.06818182021379471,0.2875699996948242,56.05805969238281,0.5197164416313171
234,490,0.05568181723356247,0.31003132462501526,56.147850036621094,0.5149062871932983
235,692,0.07863636314868927,0.28873902559280396,54.58332443237305,0.5316612124443054
236,656,0.07454545795917511,0.3034334182739258,56.472679138183594,0.5106907486915588
237,289,0.03284090757369995,0.25628235936164856,57.66838073730469,0.5088699460029602
238,646,0.07340908795595169,0.29343125224113464,56.14118194580078,0.5191769003868103
239,519,0.05897727236151695,0.33661121129989624,53.27912521362305,0.5591857433319092
240,743,0.08443181961774826,0.2908869981765747,56.17279052734375,0.5175232291221619
241,666,0.07568182051181793,0.3118186295032501,55.033409118652344,0.5305094122886658
242,306,0.03477272763848305,0.23212504386901855,54.029998779296875,0.5466417670249939
243,821,0.09329545497894287,0.2806294560432434,58.89454650878906,0.48229706287384033
244,567,0.0644318163394928,0.29308661818504333,59.35116958618164,0.4747229516506195
245,264,0.029999999329447746,0.3081132769584656,60.89789962768555,0.4511682987213135
246,560,0.06363636255264282,0.25538375973701477,57.12150955200195,0.4985567331314087
247,498,0.05659090727567673,0.29923081398010254,59.31864929199219,0.47636500000953674
248,708,0.08045454323291779,0.2597014605998993,59.231689453125,0.4716605842113495
249,736,0.08363636583089828,0.32506999373435974,53.303592681884766,0.546680748462677
250,324,0.03681818023324013,0.23659799993038177,61.334598541259766,0.45213186740875244
251,680,0.07727272808551788,0.3019178509712219,61.118553161621094,0.4521760046482086
252,532,0.06045454367995262,0.28087443113327026,55.33124923706055,0.52400803565979
253,634,0.0720454528927803,0.28807154297828674,52.8255500793457,0.5625970959663391
254,615,0.06988636404275894,0.27016425132751465,59.96733474731445,0.46731558442115784
255,507,0.057613637298345566,0.30095216631889343,57.74055099487305,0.4949709475040436
256,664,0.07545454800128937,0.2627083659172058,56.211673736572266,0.5111407041549683
257,648,0.07363636046648026,0.3040251135826111,61.56480407714844,0.4415406584739685
258,281,0.03193181753158569,0.2768558859825134,56.30249786376953,0.5149977207183838
259,648,0.07363636046648026,0.2566990554332733,56.16248321533203,0.5225249528884888
260,530,0.06022727116942406,0.3313095271587372,58.01524353027344,0.49164652824401855
261,729,0.08284091204404831,0.3079308867454529,57.15818405151367,0.4980047941207886
262,725,0.08238636702299118,0.30035218596458435,58.91005325317383,0.4745207726955414
263,323,0.036704543977975845,0.28403791785240173,61.61594009399414,0.43638238310813904
264,794,0.09022727608680725,0.28685370087623596,57.5145263671875,0.5032469034194946
265,563,0.06397727131843567,0.27892911434173584,54.07061767578125,0.542220413684845
266,582,0.06613636016845703,0.304487407207489,53.808040618896484,0.5477051138877869
267,578,0.0656818151473999,0.24009431898593903,58.31132507324219,0.4870937168598175
268,507,0.057613637298345566,0.29709166288375854,60.843631744384766,0.45653069019317627
269,656,0.07454545795917511,0.2678232192993164,59.01544189453125,0.4791378378868103
270,727,0.08261363953351974,0.31797030568122864,58.307491302490234,0.4817381799221039
271,329,0.03738636523485184,0.2706378400325775,59.85654830932617,0.4734904170036316
272,653,0.07420454174280167,0.2625548541545868,57.71346664428711,0.4909268021583557
273,547,0.06215909123420715,0.32122209668159485,58.6082878112793,0.48699983954429626
274,694,0.07886363565921783,0.297386109828949,57.491310119628906,0.49294906854629517
275,589,0.0669318214058876,0.2711337208747864,54.668819427490234,0.5339062213897705
276,525,0.059659089893102646,0.3037467896938324,49.091129302978516,0.5980541706085205
277,675,0.07670454680919647,0.2919469475746155,59.94083786010742,0.46457740664482117
278,609,0.06920454651117325,0.2681628167629242,60.95798110961914,0.44868892431259155
279,273,0.031022727489471436,0.2673169672489166,56.834083557128906,0.5043106079101562
280,612,0.0695454552769661,0.22871793806552887,56.65167999267578,0.5088615417480469
281,544,0.06181818246841431,0.3223162293434143,57.20933151245117,0.49688950181007385
282,711,0.08079545199871063,0.2947201132774353,57.885536193847656,0.48478832840919495
283,801,0.09102272987365723,0.2929806709289551,60.661563873291016,0.45673149824142456
284,338,0.03840909153223038,0.236749067902565,55.87156295776367,0.5224263668060303
285,762,0.08659090846776962,0.305328369140625,55.68454360961914,0.522657573223114
286,568,0.06454545259475708,0.30515217781066895,57.09823226928711,0.5020720958709717
287,629,0.07147727161645889,0.285008043050766,53.5748405456543,0.5444445013999939
288,623,0.0707954540848732,0.2539178431034088,57.05976486206055,0.5036613941192627
289,507,0.057613637298345566,0.2957425117492676,57.203773498535156,0.5060355067253113
290,661,0.07511363923549652,0.2894701659679413,54.522891998291016,0.5399232506752014
291,709,0.08056817948818207,0.2864300310611725,56.43003845214844,0.5135299563407898
292,308,0.03500000014901161,0.2678992748260498,55.23866653442383,0.5316131711006165
293,679,0.0771590918302536,0.233139306306839,57.45900344848633,0.4944785237312317
294,557,0.06329545378684998,0.3059825897216797,56.4906005859375,0.507666289806366
295,723,0.08215909451246262,0.33407485485076904,55.477291107177734,0.5217540264129639
296,676,0.07681818306446075,0.2684175968170166,60.23249816894531,0.46344080567359924
297,342,0.038863636553287506,0.23912584781646729,58.11939239501953,0.48581549525260925
298,727,0.08261363953351974,0.31856563687324524,56.75247573852539,0.507896900177002
299,606,0.0688636377453804,0.2619780898094177,53.32780456542969,0.5496720671653748
300,563,0.06397727131843567,0.3057878911495209,62.84368896484375,0.4241342842578888
301,583,0.06624999642372131,0.2375735491514206,61.955589294433594,0.4369068741798401
302,523,0.05943181738257408,0.3135680556297302,58.527339935302734,0.4838627874851227
303,687,0.07806818187236786,0.26430580019950867,50.677284240722656,0.586859405040741
304,790,0.08977272361516953,0.30826911330223083,57.001522064208984,0.5043545365333557
305,348,0.0395454540848732,0.20771056413650513,55.64719009399414,0.5200877785682678
306,698,0.07931818068027496,0.27658334374427795,56.02674102783203,0.5132440328598022
307,556,0.0631818175315857,0.33678245544433594,63.19187545776367,0.41796058416366577
308,641,0.07284090667963028,0.2703193128108978,53.590457916259766,0.5438413619995117
309,594,0.06750000268220901,0.25032442808151245,57.31287384033203,0.5025519132614136
310,508,0.05772727355360985,0.28573814034461975,60.41857147216797,0.4603510797023773
311,618,0.07022727280855179,0.3036394715309143,57.98529052734375,0.4849909245967865
312,694,0.07886363565921783,0.29480600357055664,59.1086311340332,0.4781414866447449
313,545,0.06193181872367859,0.35571277141571045,55.66594314575195,0.5202776789665222
314,661,0.07511363923549652,0.24238081276416779,54.81285858154297,0.5299822092056274
315,582,0.06613636016845703,0.31851840019226074,59.172794342041016,0.4759903848171234
316,742,0.08431818336248398,0.2840006351470947,56.19816589355469,0.5195456743240356
317,799,0.09079545736312866,0.29291170835494995,56.966651916503906,0.5042545199394226
318,350,0.039772726595401764,0.20604389905929565,53.36501693725586,0.5562360882759094
319,804,0.09136363863945007,0.3192567825317383,54.61357116699219,0.5319247841835022
320,595,0.0676136389374733,0.2766769528388977,58.408843994140625,0.4875936508178711
321,593,0.06738636642694473,0.2979692220687866,53.37468338012695,0.5483863949775696
322,596,0.06772727519273758,0.2702294588088989,62.34878921508789,0.4337235391139984
323,519,0.05897727236151695,0.2949594259262085,58.24784851074219,0.4926213026046753
324,664,0.07545454800128937,0.29534563422203064,53.848426818847656,0.5415171980857849
325,760,0.08636363595724106,0.3281874656677246,58.36239242553711,0.48527586460113525
326,323,0.036704543977975845,0.26831236481666565,58.974815368652344,0.4823763370513916
327,721,0.08193181455135345,0.27742335200309753,57.20001983642578,0.49960193037986755
328,568,0.06454545259475708,0.3315393328666687,60.186248779296875,0.46350693702697754
329,702,0.07977272570133209,0.3243233561515808,50.409759521484375,0.5861648321151733
330,639,0.07261363416910172,0.27150464057922363,58.18590545654297,0.4863099157810211
331,533,0.0605681836605072,0.2657434344291687,55.29511642456055,0.5246267318725586
332,703,0.07988636195659637,0.323192834854126,58.705780029296875,0.4871518909931183
333,661,0.07511363923549652,0.2721438705921173,55.13428497314453,0.5277771949768066
334,560,0.06363636255264282,0.35248228907585144,53.8543815612793,0.5490714311599731
335,602,0.06840909272432327,0.2328047901391983,57.03892135620117,0.5094372630119324
336,550,0.0625,0.32793670892715454,60.39809799194336,0.45515409111976624
337,647,0.07352272421121597,0.28108593821525574,58.7528190612793,0.47932565212249756
338,858,0.09749999642372131,0.29881706833839417,55.277076721191406,0.5190390348434448
339,442,0.050227273255586624,0.3020567297935486,54.453956604003906,0.541140615940094
340,782,0.08886363357305527,0.25235888361930847,55.939002990722656,0.5177331566810608
341,585,0.06647727638483047,0.2869815528392792,60.70364761352539,0.4534622132778168
342,630,0.07159090787172318,0.363095760345459,59.54731369018555,0.470000296831131
343,596,0.06772727519273758,0.2828202247619629,56.79864501953125,0.5102739334106445
344,506,0.057500001043081284,0.25088250637054443,63.20779037475586,0.41897785663604736
345,612,0.0695454552769661,0.3049323856830597,55.51094055175781,0.5228634476661682
346,781,0.08874999731779099,0.3036636412143707,59.35182571411133,0.4735645055770874
347,533,0.0605681836605072,0.3022299110889435,58.88271713256836,0.4764399528503418
348,704,0.07999999821186066,0.23670445382595062,60.86793518066406,0.4512704610824585
349,585,0.06647727638483047,0.3052821159362793,53.30250549316406,0.544509768486023
350,756,0.08590909093618393,0.27931416034698486,57.650917053222656,0.5017280578613281
351,757,0.08602272719144821,0.29081541299819946,59.45569610595703,0.4669257700443268
352,519,0.05897727236151695,0.26173505187034607,62.199729919433594,0.4298096299171448
353,742,0.08431818336248398,0.279838889837265,57.794464111328125,0.4884087145328522
354,628,0.07136363536119461,0.2732420563697815,56.13528060913086,0.5109584927558899
355,566,0.06431818008422852,0.2711856961250305,56.714256286621094,0.5129541158676147
356,610,0.06931818276643753,0.2528366446495056,58.733184814453125,0.48352405428886414
357,525,0.059659089893102646,0.28178954124450684,55.368167877197266,0.5274671912193298
358,631,0.07170454412698746,0.2775043845176697,55.31638717651367,0.5286043882369995
359,808,0.0918181836605072,0.2911511957645416,56.43536376953125,0.5147495269775391
360,523,0.05943181738257408,0.4009082019329071,59.70388412475586,0.46504390239715576
361,749,0.08511363714933395,0.2642626166343689,59.617557525634766,0.4679778218269348
362,586,0.06659091264009476,0.30557382106781006,55.650909423828125,0.5154904127120972
363,645,0.07329545170068741,0.30085667967796326,55.282806396484375,0.5300147533416748
364,628,0.07136363536119461,0.24576880037784576,57.214942932128906,0.4990427792072296
365,524,0.059545453637838364,0.23779086768627167,54.66644287109375,0.5393997430801392
366,625,0.07102272659540176,0.2665403187274933,59.839561462402344,0.46496763825416565
367,730,0.08295454829931259,0.2663470208644867,52.699073791503906,0.5580775141716003
368,535,0.06079545617103577,0.3865430951118469,55.25910949707031,0.5181165933609009
369,656,0.07454545795917511,0.2337971329689026,56.67256546020508,0.5074261426925659
370,574,0.06522727012634277,0.29909658432006836,59.2942008972168,0.4763093888759613
371,648,0.07363636046648026,0.28537717461586,58.28646469116211,0.4870099723339081
372,921,0.10465908795595169,0.3134038746356964,55.645111083984375,0.5202413201332092
373,492,0.055909089744091034,0.31822773814201355,58.460060119628906,0.4816877245903015
374,812,0.09227272868156433,0.2696797847747803,55.82228469848633,0.51860511302948
375,600,0.06818182021379471,0.2936685085296631,52.670692443847656,0.5630564093589783
376,592,0.06727273017168045,0.32866203784942627,56.40892791748047,0.5149141550064087
377,627,0.07124999910593033,0.2425982654094696,54.34926986694336,0.5373799204826355
378,514,0.05840909108519554,0.26221922039985657,54.963104248046875,0.5334842801094055
379,636,0.07227272540330887,0.2629188895225525,55.413841247558594,0.5220146179199219
380,827,0.09397727251052856,0.30624356865882874,55.6881103515625,0.5222795009613037
381,519,0.05897727236151695,0.41944611072540283,52.25582504272461,0.5701271891593933
382,808,0.0918181836605072,0.2544845640659332,58.960811614990234,0.4758775532245636
383,580,0.06590908765792847,0.32642024755477905,58.32695388793945,0.48501771688461304
384,658,0.07477273046970367,0.2874050438404083,55.465538024902344,0.5246066451072693
385,722,0.08204545825719833,0.2802604138851166,53.635929107666016,0.5480652451515198
386,517,0.05874999985098839,0.26062965393066406,63.28472137451172,0.4191906154155731
387,710,0.08068181574344635,0.3014035224914551,60.58793640136719,0.4577849805355072
388,686,0.07795454561710358,0.2934926450252533,55.90599822998047,0.5229722857475281
389,511,0.058068182319402695,0.34647539258003235,58.182559967041016,0.48973348736763
390,610,0.06931818276643753,0.24213342368602753,50.2743034362793,0.5921654105186462
391,546,0.06204545497894287,0.29462888836860657,56.376407623291016,0.5122829675674438
392,640,0.072727270424366,0.2683425545692444,52.56055450439453,0.5588964223861694
393,912,0.10363636165857315,0.30884087085723877,57.47896957397461,0.4979631304740906
394,495,0.05624999850988388,0.30672329664230347,58.06822967529297,0.4870988726615906
395,782,0.08886363357305527,0.24912619590759277,58.85164260864258,0.47966668009757996
396,590,0.06704545766115189,0.30426687002182007,54.044620513916016,0.5466734170913696
397,592,0.06727273017168045,0.35237598419189453,59.61482620239258,0.4721120297908783
398,616,0.07000000029802322,0.2787463366985321,52.94526672363281,0.5518771409988403
399,507,0.057613637298345566,0.27791154384613037,54.670196533203125,0.5314416289329529
400,590,0.06704545766115189,0.2800888419151306,57.51223373413086,0.48960989713668823
401,772,0.08772727102041245,0.2502537667751312,57.794979095458984,0.4933483898639679
402,510,0.05795454606413841,0.32979249954223633,59.576393127441406,0.4717196226119995
403,727,0.08261363953351974,0.21413840353488922,56.86847686767578,0.5056493282318115
404,589,0.0669318214058876,0.2951391041278839,61.32630157470703,0.442770779132843
405,620,0.07045454531908035,0.26717516779899597,62.118385314941406,0.4316290616989136
406,942,0.10704545676708221,0.2828953266143799,55.9632453918457,0.5120437741279602
407,480,0.05454545468091965,0.3208561837673187,60.3525505065918,0.4596106708049774
408,745,0.08465909212827682,0.2946656346321106,53.483646392822266,0.5509666204452515
409,652,0.07409090548753738,0.29137855768203735,55.88522720336914,0.5223585367202759
410,520,0.059090908616781235,0.4002797305583954,58.41117858886719,0.4849729835987091
411,651,0.0739772692322731,0.2646874189376831,53.97113800048828,0.5426108837127686
412,523,0.05943181738257408,0.2519247531890869,62.19097137451172,0.429634690284729
413,630,0.07159090787172318,0.26777926087379456,59.02210998535156,0.4856656491756439
414,866,0.09840909391641617,0.2896495759487152,59.04450607299805,0.47730115056037903
415,495,0.05624999850988388,0.3122839033603668,54.40969467163086,0.5418552160263062
416,871,0.09897727519273758,0.251647412776947,59.138526916503906,0.4789789617061615
417,589,0.0669318214058876,0.2725636959075928,58.36083221435547,0.4870535135269165
418,606,0.0688636377453804,0.3033193349838257,57.284671783447266,0.5003542900085449
419,717,0.08147726953029633,0.2556130588054657,56.52707290649414,0.5086798667907715
420,522,0.0593181811273098,0.3123890161514282,56.238006591796875,0.5102286338806152
421,632,0.07181818038225174,0.27635496854782104,57.46916580200195,0.49875763058662415
422,751,0.08534090965986252,0.2671489715576172,55.47993469238281,0.5249717235565186
423,494,0.0561363622546196,0.2843768894672394,57.379791259765625,0.5032446384429932
424,645,0.07329545170068741,0.2232072502374649,58.59269714355469,0.48848724365234375
425,569,0.06465908885002136,0.2707498371601105,56.89271926879883,0.5089085698127747
426,604,0.06863636523485184,0.26096928119659424,53.457923889160156,0.5520722270011902
427,938,0.10659091174602509,0.27968376874923706,57.672515869140625,0.4941841959953308
428,489,0.05556818097829819,0.28256556391716003,56.099029541015625,0.5162594318389893
429,877,0.09965909272432327,0.2603757977485657,56.07884979248047,0.5165877342224121
430,626,0.07113636285066605,0.26839321851730347,56.12773132324219,0.5167788863182068
431,554,0.06295454502105713,0.3517811596393585,60.38371658325195,0.45652082562446594
432,670,0.07613636553287506,0.2449149489402771,58.62887191772461,0.487088143825531
433,505,0.057386364787817,0.2766628563404083,56.289180755615234,0.5190810561180115
434,624,0.07090909034013748,0.24376577138900757,53.256378173828125,0.5543038249015808
435,833,0.09465909004211426,0.2791264057159424,57.511375427246094,0.4966036081314087
436,497,0.056477271020412445,0.3551957607269287,58.634422302246094,0.47934797406196594
437,900,0.10227272659540176,0.2589927017688751,58.41108322143555,0.4831697940826416
438,577,0.06556817889213562,0.2823024094104767,61.03770065307617,0.4546462297439575
439,561,0.0637499988079071,0.3074987530708313,58.164329528808594,0.49369847774505615
440,852,0.09681817889213562,0.23447281122207642,62.40901184082031,0.4327378273010254
441,503,0.05715909227728844,0.22951266169548035,57.669803619384766,0.4995080828666687
442,725,0.08238636702299118,0.2805848717689514,62.18285369873047,0.4300467371940613
443,684,0.07772727310657501,0.22640974819660187,58.67719268798828,0.4882446229457855
444,499,0.05670454725623131,0.3265784978866577,55.6098747253418,0.5232452154159546
445,657,0.07465909421443939,0.22698400914669037,55.62954330444336,0.5134972929954529
446,537,0.06102272868156433,0.22701199352741241,56.205360412597656,0.5122661590576172
447,623,0.0707954540848732,0.2668014168739319,53.55949020385742,0.5542386770248413
448,899,0.10215909034013748,0.3387855887413025,56.50874328613281,0.5097064971923828
449,494,0.0561363622546196,0.26884323358535767,60.22014617919922,0.461398184299469
450,876,0.09954545646905899,0.24339540302753448,58.58324432373047,0.4860806465148926
451,611,0.06943181902170181,0.3041363060474396,55.431190490722656,0.5229687094688416
452,565,0.06420454382896423,0.3004777133464813,57.579410552978516,0.5017468929290771
453,663,0.07534091174602509,0.23850327730178833,57.872772216796875,0.4906517267227173
454,508,0.05772727355360985,0.26230230927467346,63.22743606567383,0.42373451590538025
455,613,0.06965909153223038,0.26200199127197266,59.32453155517578,0.4733787775039673
456,766,0.08704545348882675,0.2562885582447052,58.28388214111328,0.4851784110069275
457,498,0.05659090727567673,0.3115524351596832,57.60268783569336,0.49839985370635986
458,728,0.08272727578878403,0.18861141800880432,58.76774978637695,0.477507084608078
459,580,0.06590908765792847,0.2867538034915924,61.60035705566406,0.43945518136024475
460,593,0.06738636642694473,0.29378408193588257,56.32466125488281,0.5118957757949829
461,988,0.1122727245092392,0.24355438351631165,59.452728271484375,0.47142186760902405
462,469,0.05329545587301254,0.2784939408302307,53.34183883666992,0.5504429340362549
463,854,0.09704545140266418,0.29185304045677185,54.90032196044922,0.536151111125946
464,652,0.07409090548753738,0.23416027426719666,53.58859634399414,0.5389828085899353
465,503,0.05715909227728844,0.36943286657333374,55.65816116333008,0.5262529253959656
466,703,0.07988636195659637,0.226108118891716,56.30107116699219,0.5080212950706482
467,519,0.05897727236151695,0.24445302784442902,60.18593978881836,0.4618750214576721
468,606,0.0688636377453804,0.2907590866088867,58.72283172607422,0.4798172414302826
469,844,0.09590908885002136,0.2841281294822693,57.762210845947266,0.49143749475479126
470,492,0.055909089744091034,0.2926504909992218,55.68613815307617,0.5245295166969299
471,919,0.10443181544542313,0.2344125658273697,57.36707305908203,0.5005653500556946
472,583,0.06624999642372131,0.2816326916217804,55.091251373291016,0.5282604694366455
473,560,0.06363636255264282,0.27436012029647827,57.26122283935547,0.4989593029022217
474,808,0.0918181836605072,0.2546781599521637,58.14199447631836,0.4908579885959625
475,504,0.05727272853255272,0.2632782459259033,51.745262145996094,0.5700238943099976
476,646,0.07340908795595169,0.24278147518634796,57.993892669677734,0.49343815445899963
477,745,0.08465909212827682,0.24930283427238464,58.81827926635742,0.48213833570480347
478,475,0.053977273404598236,0.29611194133758545,54.076534271240234,0.5454622507095337
479,684,0.07772727310657501,0.2189793586730957,56.21047592163086,0.514226496219635
480,554,0.06295454502105713,0.2357001155614853,58.057777404785156,0.4888896644115448
481,602,0.06840909272432327,0.25777679681777954,59.83247756958008,0.4605257213115692
482,949,0.10784091055393219,0.29309558868408203,58.727012634277344,0.47889411449432373
483,473,0.05375000089406967,0.28219902515411377,61.43799591064453,0.43986013531684875
484,910,0.10340908914804459,0.23327875137329102,52.11906433105469,0.5650196075439453
485,618,0.07022727280855179,0.26617467403411865,54.8263053894043,0.5292863845825195
486,543,0.061704546213150024,0.3424307405948639,54.217166900634766,0.5374686121940613
487,712,0.08090908825397491,0.26650354266166687,57.49336624145508,0.49721527099609375
488,502,0.057045456022024155,0.21339881420135498,59.02180862426758,0.4830525815486908
489,610,0.06931818276643753,0.2643943428993225,58.29894256591797,0.4799557030200958
490,844,0.09590908885002136,0.25885599851608276,57.29127883911133,0.5018506646156311
491,483,0.054886363446712494,0.3624773323535919,55.58454895019531,0.5285147428512573
492,934,0.10613636672496796,0.2690448760986328,61.1944580078125,0.44847145676612854
493,587,0.06670454889535904,0.2690659165382385,60.85549545288086,0.45163145661354065
494,574,0.06522727012634277,0.32029440999031067,57.63132858276367,0.497472882270813
495,1053,0.11965908855199814,0.2593914866447449,55.198795318603516,0.5259925127029419
496,477,0.0542045459151268,0.2619613707065582,58.738861083984375,0.4760807454586029
497,732,0.08318182080984116,0.26391810178756714,55.719482421875,0.5100308656692505
498,688,0.07818181812763214,0.26658955216407776,57.95695877075195,0.497096449136734
499,478,0.05431818217039108,0.3232673108577728,55.22514343261719,0.5323867201805115
500,709,0.08056817948818207,0.23160171508789062,59.395896911621094,0.4745084047317505
501,536,0.06090909242630005,0.2671974301338196,56.82815170288086,0.5085869431495667
502,604,0.06863636523485184,0.2910023629665375,55.013980865478516,0.5279190540313721
503,953,0.10829545557498932,0.27985793352127075,58.32646560668945,0.49264442920684814
504,486,0.05522727221250534,0.3293784260749817,55.52629089355469,0.5287393927574158
505,897,0.10193181782960892,0.2275618314743042,56.05767059326172,0.5185296535491943
506,624,0.07090909034013748,0.3031226098537445,53.196815490722656,0.553857684135437
507,558,0.06340909004211426,0.32982704043388367,63.126869201660156,0.42342323064804077
508,720,0.08181817829608917,0.28952181339263916,52.26194763183594,0.5637025833129883
509,504,0.05727272853255272,0.25118163228034973,56.4345703125,0.51296466588974
510,666,0.07568182051181793,0.26293256878852844,55.70663070678711,0.5191336274147034
511,765,0.08693181723356247,0.24307943880558014,57.11851119995117,0.5029329061508179
512,451,0.051249999552965164,0.30966120958328247,60.458740234375,0.46336090564727783
513,743,0.08443181961774826,0.23790527880191803,53.66022491455078,0.5464258193969727
514,573,0.06511363387107849,0.25562813878059387,60.83169174194336,0.4555436074733734
515,579,0.06579545140266418,0.28203392028808594,55.15007781982422,0.5237770676612854
516,993,0.11284090578556061,0.2773950397968292,57.75406265258789,0.4959122836589813
517,455,0.05170454457402229,0.29702621698379517,52.53003692626953,0.5640209317207336
518,914,0.10386363416910172,0.2799297869205475,58.16176986694336,0.4869357943534851
519,626,0.07113636285066605,0.24759148061275482,54.47163772583008,0.5380338430404663
520,505,0.057386364787817,0.36613354086875916,56.627113342285156,0.5094181299209595
521,711,0.08079545199871063,0.2363586574792862,55.5389404296875,0.5187252163887024
522,500,0.05681818351149559,0.286159873008728,61.003631591796875,0.4506256878376007
523,601,0.06829545646905899,0.2742169499397278,59.02104568481445,0.47712868452072144
524,856,0.09727272391319275,0.28309881687164307,57.61723327636719,0.4987126588821411
525,479,0.054431818425655365,0.31845247745513916,53.93030548095703,0.5441678762435913
526,969,0.11011363565921783,0.2350219190120697,56.8012809753418,0.5056949257850647
527,632,0.07181818038225174,0.25690996646881104,60.37040328979492,0.4524132013320923
528,546,0.06204545497894287,0.2705865800380707,60.21377182006836,0.4572913944721222
529,908,0.10318181663751602,0.2684093415737152,52.59159851074219,0.5632011890411377
530,481,0.05465909093618393,0.2654412090778351,55.78152847290039,0.5154567360877991
531,730,0.08295454829931259,0.2671934962272644,58.99959182739258,0.4781283140182495
532,738,0.08386363834142685,0.2609619200229645,54.27444839477539,0.5373820662498474
533,458,0.05204545333981514,0.31908470392227173,58.58848190307617,0.4827748239040375
534,731,0.08306818455457687,0.21728843450546265,58.27220153808594,0.4877328872680664
535,563,0.06397727131843567,0.23139867186546326,54.270668029785156,0.5428502559661865
536,595,0.0676136389374733,0.2896851599216461,57.777042388916016,0.49795061349868774
537,1002,0.11386363953351974,0.2594032883644104,59.297645568847656,0.47339481115341187
538,463,0.05261363461613655,0.3383828401565552,60.48908233642578,0.4544803500175476
539,960,0.1090909093618393,0.23401400446891785,57.00638198852539,0.5045627355575562
540,635,0.07215908914804459,0.27381569147109985,59.99330139160156,0.4704192876815796
541,555,0.06306818127632141,0.3572976887226105,56.13770294189453,0.5158692598342896
542,726,0.08250000327825546,0.32771819829940796,55.410274505615234,0.5195813775062561
543,491,0.05579545348882675,0.2305484116077423,61.49983215332031,0.44344088435173035
544,631,0.07170454412698746,0.2941403388977051,60.12156295776367,0.47094810009002686
545,797,0.0905681848526001,0.24310818314552307,56.47773361206055,0.5142978429794312
546,448,0.05090909078717232,0.2871091961860657,57.669921875,0.498166561126709
547,856,0.09727272391319275,0.21697238087654114,54.988380432128906,0.5300353169441223
548,587,0.06670454889535904,0.2607247233390808,61.74080276489258,0.44033074378967285
549,574,0.06522727012634277,0.29424312710762024,58.06089401245117,0.48949286341667175
550,1070,0.12159091234207153,0.2510257363319397,54.62567138671875,0.5378239750862122
551,476,0.05409090965986252,0.29804137349128723,59.63173294067383,0.4682619869709015
552,830,0.09431818127632141,0.2992881238460541,60.5088996887207,0.4572228193283081
553,642,0.07295454293489456,0.2589525878429413,55.930850982666016,0.5183340907096863
554,476,0.05409090965986252,0.30968284606933594,59.339725494384766,0.47418123483657837
555,744,0.08454545587301254,0.2815454304218292,58.95293045043945,0.4792117178440094
556,542,0.06159090995788574,0.26279309391975403,59.980892181396484,0.4602985978126526
557,595,0.0676136389374733,0.27766552567481995,52.91294479370117,0.5526964068412781
558,930,0.10568182170391083,0.29079174995422363,57.38264083862305,0.4981548488140106
559,461,0.052386362105607986,0.30158793926239014,54.059654235839844,0.5381353497505188
560,988,0.1122727245092392,0.24108850955963135,56.5828857421875,0.5051155686378479
561,639,0.07261363416910172,0.26540082693099976,60.85610580444336,0.4552677273750305
562,544,0.06181818246841431,0.3063240945339203,62.3936767578125,0.43279290199279785
563,806,0.09159091114997864,0.2706094980239868,55.30063247680664,0.523428201675415
564,498,0.05659090727567673,0.3000890612602234,56.171512603759766,0.5097155570983887
565,706,0.08022727072238922,0.22363410890102386,58.2657585144043,0.48799824714660645
566,755,0.08579545468091965,0.241898775100708,58.746952056884766,0.48163455724716187
567,445,0.05056818202137947,0.4122796058654785,54.29042434692383,0.5400230288505554
568,769,0.0873863622546196,0.2300899475812912,55.15621566772461,0.531954824924469
569,585,0.06647727638483047,0.23018400371074677,61.396942138671875,0.4493168890476227
570,583,0.06624999642372131,0.33695390820503235,55.821868896484375,0.5213401913642883
571,1066,0.1211363673210144,0.28355056047439575,53.244712829589844,0.5544872879981995
572,455,0.05170454457402229,0.2421915978193283,61.68248748779297,0.4431264102458954
573,931,0.10579545795917511,0.21580033004283905,55.568180084228516,0.5241604447364807
574,622,0.07068181782960892,0.2369559407234192,54.865867614746094,0.5296410918235779
575,529,0.060113634914159775,0.2677122950553894,53.59697723388672,0.5453094840049744
576,776,0.08818181604146957,0.2720782160758972,54.9912109375,0.5305399298667908
577,490,0.05568181723356247,0.26369819045066833,62.58316421508789,0.42554327845573425
578,617,0.0701136365532875,0.2745128273963928,59.652748107910156,0.4722203016281128
579,872,0.09909091144800186,0.2781950533390045,57.25981903076172,0.5002673268318176
580,443,0.050340909510850906,0.345668762922287,59.921695709228516,0.4669855833053589
581,1024,0.11636363714933395,0.2105833888053894,58.436073303222656,0.48994266986846924
582,627,0.07124999910593033,0.2379125952720642,57.17770004272461,0.5013432502746582
583,571,0.06488636136054993,0.2972247302532196,57.4473991394043,0.5075758695602417
584,1057,0.12011363357305527,0.26656123995780945,53.10898208618164,0.5524351596832275
585,474,0.053863637149333954,0.3392511308193207,53.11984634399414,0.54854416847229
586,824,0.09363636374473572,0.25891467928886414,58.00224685668945,0.4933696389198303
587,705,0.08011363446712494,0.2652072012424469,54.666263580322266,0.5359521508216858
588,460,0.052272725850343704,0.3469885587692261,59.85139083862305,0.46638381481170654
589,787,0.08943181484937668,0.21615026891231537,58.344181060791016,0.48459815979003906
590,567,0.0644318163394928,0.2591583728790283,57.436275482177734,0.5036060214042664
591,596,0.06772727519273758,0.29419514536857605,59.947391510009766,0.46776410937309265
592,1026,0.11659090965986252,0.23604506254196167,52.75772476196289,0.5590445399284363
593,447,0.050795454531908035,0.3048853278160095,55.9835090637207,0.5046023726463318
594,968,0.10999999940395355,0.23594240844249725,55.46589660644531,0.5294109582901001
595,635,0.07215908914804459,0.2677474915981293,63.53514862060547,0.41694873571395874
596,554,0.06295454502105713,0.33852341771125793,57.31550216674805,0.506989598274231
597,773,0.08784090727567673,0.26618334650993347,55.65264129638672,0.5204201340675354
598,491,0.05579545348882675,0.22886048257350922,57.02387619018555,0.5013048648834229
599,671,0.07625000178813934,0.28521013259887695,58.38597869873047,0.48836997151374817
600,794,0.09022727608680725,0.2579609453678131,54.35127639770508,0.530734121799469
601,441,0.05011363700032234,0.35719066858291626,56.76438903808594,0.5071109533309937
602,861,0.09784091264009476,0.22201184928417206,56.540592193603516,0.5116497278213501
603,594,0.06750000268220901,0.24379341304302216,53.47468185424805,0.5522887706756592
604,563,0.06397727131843567,0.3468058109283447,56.27079391479492,0.5132724642753601
605,1103,0.12534090876579285,0.27847352623939514,55.75209426879883,0.5191383361816406
606,459,0.05215908959507942,0.23032067716121674,57.41731643676758,0.49447500705718994
607,908,0.10318181663751602,0.24279150366783142,58.8770866394043,0.47905805706977844
608,611,0.06943181902170181,0.25456100702285767,58.26050567626953,0.4856918156147003
609,493,0.056022725999355316,0.32913127541542053,58.301265716552734,0.49063944816589355
610,796,0.09045454859733582,0.23552486300468445,57.595645904541016,0.49341103434562683
611,528,0.05999999865889549,0.25504201650619507,51.70022201538086,0.5704629421234131
612,620,0.07045454531908035,0.2530493438243866,61.22222137451172,0.4502215087413788
613,926,0.1052272692322731,0.2529054880142212,59.315738677978516,0.47553157806396484
614,430,0.04886363819241524,0.402553528547287,59.5417594909668,0.47332867980003357
615,1031,0.11715909093618393,0.2224349081516266,55.705078125,0.5141409635543823
616,634,0.0720454528927803,0.24399299919605255,57.74980163574219,0.49792560935020447
617,557,0.06329545378684998,0.2849462330341339,54.96050262451172,0.5312191247940063
618,938,0.10659091174602509,0.27167537808418274,55.62474060058594,0.5173570513725281
619,485,0.05511363595724106,0.2512114644050598,58.193729400634766,0.49508798122406006
620,760,0.08636363595724106,0.2523023784160614,58.70735549926758,0.48483163118362427
621,739,0.08397727459669113,0.2517358362674713,55.43792724609375,0.5289545059204102
622,464,0.05272727087140083,0.2916351556777954,58.92496871948242,0.4770635962486267
623,816,0.09272727370262146,0.22423036396503448,58.768409729003906,0.4818233847618103
624,604,0.06863636523485184,0.23185613751411438,55.38761901855469,0.5246846675872803
625,587,0.06670454889535904,0.31458547711372375,58.037200927734375,0.49240195751190186
626,1144,0.12999999523162842,0.2657244801521301,55.76118469238281,0.5231900811195374
627,438,0.049772728234529495,0.30943676829338074,59.21000671386719,0.48068010807037354
628,997,0.11329545825719833,0.2336001992225647,59.19123458862305,0.47375762462615967
629,630,0.07159090787172318,0.23445017635822296,59.710548400878906,0.4731409549713135
630,530,0.06022727116942406,0.3081052601337433,51.56349563598633,0.5689404606819153
631,787,0.08943181484937668,0.3421977162361145,55.27414321899414,0.526574969291687
632,492,0.055909089744091034,0.2724188566207886,51.446067810058594,0.5758090019226074
633,655,0.07443182170391083,0.2618542015552521,57.42927169799805,0.5008847713470459
634,863,0.09806818515062332,0.2293289452791214,59.756385803222656,0.46535515785217285
635,423,0.04806818068027496,0.32075321674346924,60.03069305419922,0.47033295035362244
636,1057,0.12011363357305527,0.21612590551376343,56.42860794067383,0.5149171948432922
637,647,0.07352272421121597,0.2404865175485611,58.79021453857422,0.4812772870063782
638,577,0.06556817889213562,0.29046687483787537,61.68816375732422,0.44278204441070557
639,1103,0.12534090876579285,0.26460984349250793,57.60313415527344,0.49765902757644653
640,458,0.05204545333981514,0.260837584733963,60.65102767944336,0.4524938464164734
641,897,0.10193181782960892,0.23203222453594208,57.71064758300781,0.4921606183052063
642,651,0.0739772692322731,0.24586942791938782,56.04677963256836,0.5171042084693909
643,466,0.052954547107219696,0.3066480755805969,55.32508087158203,0.5242795348167419
644,834,0.09477272629737854,0.23702172935009003,56.818634033203125,0.5050012469291687
645,558,0.06340909004211426,0.2302076369524002,60.02130889892578,0.4570804536342621
646,609,0.06920454651117325,0.30683431029319763,54.40513229370117,0.5410528182983398
647,1009,0.11465909332036972,0.2631847858428955,53.59568786621094,0.5497929453849792
648,422,0.04795454442501068,0.33716750144958496,57.575321197509766,0.4975450932979584
649,1041,0.11829545348882675,0.22246421873569489,57.35139083862305,0.49978095293045044
650,641,0.07284090667963028,0.2282557487487793,60.55928421020508,0.45826631784439087
651,551,0.06261363625526428,0.2971787750720978,59.0850715637207,0.47567033767700195
652,859,0.0976136326789856,0.2480294555425644,55.44644546508789,0.5285218358039856
653,494,0.0561363622546196,0.25006920099258423,54.98042678833008,0.530188798904419
654,741,0.0842045471072197,0.2750293016433716,58.02742385864258,0.48972201347351074
655,800,0.09090909361839294,0.2564152777194977,57.62165069580078,0.4919622838497162
656,453,0.05147727206349373,0.3497012257575989,59.53813171386719,0.4720044434070587
657,865,0.09829545766115189,0.20170877873897552,57.497222900390625,0.49965909123420715
658,624,0.07090909034013748,0.22315718233585358,59.27613067626953,0.48205459117889404
659,580,0.06590908765792847,0.2955518364906311,59.97174072265625,0.46214282512664795
660,1129,0.12829545140266418,0.28372350335121155,60.22751235961914,0.4603438079357147
661,448,0.05090909078717232,0.28993669152259827,58.2094612121582,0.4880388677120209
662,1015,0.11534091085195541,0.2440921813249588,59.12086486816406,0.47340652346611023
663,620,0.07045454531908035,0.24706697463989258,54.134300231933594,0.5438873171806335
664,497,0.056477271020412445,0.29239189624786377,58.90818786621094,0.4833870828151703
665,849,0.09647727012634277,0.2394457459449768,57.96788787841797,0.4907793700695038
666,528,0.05999999865889549,0.2533431649208069,59.477699279785156,0.47004422545433044
667,658,0.07477273046970367,0.2777368426322937,60.46718978881836,0.45872294902801514
668,939,0.10670454800128937,0.27843713760375977,60.01768112182617,0.46396273374557495
669,409,0.04647727310657501,0.37228235602378845,58.8861083984375,0.4829617142677307
670,1051,0.11943181604146957,0.23072247207164764,57.74250793457031,0.4940849840641022
671,645,0.07329545170068741,0.20325474441051483,56.575828552246094,0.5133975744247437
672,564,0.06409090757369995,0.3319634199142456,58.412662506103516,0.4846639931201935
673,1006,0.11431818455457687,0.2615387439727783,58.2515983581543,0.4920138120651245
674,462,0.05249999836087227,0.26519620418548584,58.41210174560547,0.4882633090019226
675,862,0.09795454889535904,0.24187418818473816,57.2026481628418,0.4993210434913635
676,737,0.08375000208616257,0.28229770064353943,58.68495178222656,0.48391827940940857
677,474,0.053863637149333954,0.30522775650024414,60.75174331665039,0.4516415297985077
678,883,0.10034091025590897,0.23483514785766602,57.52814865112305,0.49995309114456177
679,576,0.06545454263687134,0.2080778181552887,61.09730529785156,0.4557764232158661
680,606,0.0688636377453804,0.29588937759399414,58.21179962158203,0.4884180724620819
681,1090,0.12386363744735718,0.23118536174297333,55.941219329833984,0.5229094624519348
682,435,0.04943181946873665,0.27460378408432007,54.98591613769531,0.5334884524345398
683,1012,0.11500000208616257,0.20120853185653687,57.49341583251953,0.4977185130119324
684,647,0.07352272421121597,0.2277100831270218,59.625267028808594,0.47689440846443176
685,532,0.06045454367995262,0.30762556195259094,54.37094497680664,0.5382217764854431
686,845,0.09602272510528564,0.26187166571617126,58.029178619384766,0.490336537361145
687,486,0.05522727221250534,0.27529647946357727,52.773040771484375,0.553934633731842
688,724,0.0822727307677269,0.24004963040351868,57.298133850097656,0.4985937476158142
689,908,0.10318181663751602,0.2645285427570343,55.85065841674805,0.5220345258712769
690,424,0.048181816935539246,0.2787926495075226,59.783485412597656,0.46237221360206604
691,1023,0.11625000089406967,0.20224055647850037,59.302696228027344,0.475252628326416
692,657,0.07465909421443939,0.23534338176250458,61.0717887878418,0.45282354950904846
693,591,0.06715909391641617,0.30441731214523315,57.058929443359375,0.5059797763824463
694,1118,0.12704545259475708,0.2800484597682953,56.12754440307617,0.5180200934410095
695,444,0.05045454576611519,0.2757405638694763,61.84623718261719,0.4371644854545593
696,936,0.10636363923549652,0.24096868932247162,53.11366653442383,0.5505626797676086
697,633,0.07193181663751602,0.2849138081073761,55.686981201171875,0.5224583148956299
698,485,0.05511363595724106,0.3333146870136261,51.20293045043945,0.5803415179252625
699,895,0.10170454531908035,0.22787055373191833,56.2773551940918,0.5133288502693176
700,547,0.06215909123420715,0.2165990173816681,55.597740173339844,0.5232288837432861
701,659,0.07488636672496796,0.2896040081977844,56.530845642089844,0.5094746351242065
702,962,0.10931818187236786,0.24680888652801514,59.045536041259766,0.48045700788497925
703,409,0.04647727310657501,0.3459790349006653,58.457584381103516,0.47532081604003906
704,1088,0.12363636493682861,0.21549218893051147,55.80257034301758,0.5158904194831848
705,637,0.07238636165857315,0.2169410139322281,58.63779067993164,0.4883963167667389
706,569,0.06465908885002136,0.3275410234928131,59.0623893737793,0.47789669036865234
707,927,0.10534090548753738,0.2734004855155945,54.450111389160156,0.5356295704841614
708,474,0.053863637149333954,0.24494561553001404,60.25608444213867,0.46753278374671936
709,857,0.09738636016845703,0.23552170395851135,57.3658561706543,0.503150463104248
710,795,0.09034091234207153,0.2720406651496887,57.617950439453125,0.4972449839115143
711,459,0.05215908959507942,0.3183593153953552,61.9564323425293,0.43930530548095703
712,879,0.09988636523485184,0.2080162763595581,55.4275016784668,0.5262887477874756
713,618,0.07022727280855179,0.19366300106048584,59.806209564208984,0.47150054574012756
714,606,0.0688636377453804,0.2867729961872101,55.23019027709961,0.5268946290016174
715,1186,0.13477273285388947,0.2785663306713104,60.63022232055664,0.4563479721546173
716,445,0.05056818202137947,0.298942506313324,60.73227310180664,0.45585450530052185
717,1038,0.1179545447230339,0.20875249803066254,51.27614212036133,0.5808523297309875
718,636,0.07227272540330887,0.23133476078510284,56.85735321044922,0.5106689929962158
719,507,0.057613637298345566,0.285447895526886,58.14460754394531,0.4850793182849884
720,853,0.0969318151473999,0.21031753718852997,60.393062591552734,0.4610796868801117
721,514,0.05840909108519554,0.24296881258487701,56.90762710571289,0.5048538446426392
722,710,0.08068181574344635,0.2594888508319855,58.20379638671875,0.4880945682525635
723,959,0.10897727310657501,0.2452148199081421,61.094844818115234,0.45029938220977783
724,399,0.04534091055393219,0.29513105750083923,58.00478744506836,0.494585782289505
725,1065,0.12102272361516953,0.20354458689689636,60.96563720703125,0.4540657103061676
726,664,0.07545454800128937,0.21829017996788025,57.517547607421875,0.5017889738082886
727,572,0.06499999761581421,0.33013325929641724,60.52485275268555,0.45256155729293823
728,1132,0.12863636016845703,0.28660860657691956,54.48743438720703,0.5322127342224121
729,441,0.05011363700032234,0.271442711353302,60.8116569519043,0.4563809037208557
730,910,0.10340908914804459,0.21511037647724152,64.1376953125,0.40991804003715515
731,702,0.07977272570133209,0.27795135974884033,62.284244537353516,0.436678022146225
732,476,0.05409090965986252,0.32653921842575073,53.263465881347656,0.5504870414733887
733,949,0.10784091055393219,0.2569516897201538,57.64937210083008,0.48861438035964966
734,575,0.06534090638160706,0.21248778700828552,59.54465866088867,0.4811263978481293
735,643,0.07306817919015884,0.28328555822372437,55.3762092590332,0.5269280076026917
736,1074,0.12204545736312866,0.23073863983154297,57.08815002441406,0.5013555884361267
737,421,0.0478409081697464,0.3135914206504822,57.04948043823242,0.5084163546562195
738,1067,0.12125000357627869,0.2125823050737381,54.0437126159668,0.5468397736549377
739,642,0.07295454293489456,0.23620463907718658,58.18077087402344,0.48383596539497375
740,557,0.06329545378684998,0.2718771994113922,59.45391845703125,0.4693778157234192
741,907,0.10306818038225174,0.24271054565906525,56.831459045410156,0.5045703649520874
742,472,0.05363636463880539,0.2595553994178772,52.03178024291992,0.5684075951576233
743,804,0.09136363863945007,0.228457510471344,58.27528762817383,0.4867107570171356
744,919,0.10443181544542313,0.3059673011302948,53.89015579223633,0.5413050651550293
745,434,0.049318183213472366,0.3024822771549225,56.47400665283203,0.5111275315284729
746,1001,0.11375000327825546,0.2760717272758484,53.34122085571289,0.5568127036094666
747,628,0.07136363536119461,0.19935660064220428,53.68528747558594,0.5389896035194397
748,604,0.06863636523485184,0.28777673840522766,60.762489318847656,0.45977556705474854
749,1258,0.14295454323291779,0.31858110427856445,55.21410369873047,0.5250650644302368
750,442,0.050227273255586624,0.32450535893440247,56.58262252807617,0.5107778310775757
751,990,0.11249999701976776,0.2144286185503006,57.76811599731445,0.49614349007606506
752,653,0.07420454174280167,0.2674471437931061,59.390838623046875,0.47449254989624023
753,497,0.056477271020412445,0.3156431317329407,57.027645111083984,0.49904298782348633
754,884,0.10045454651117325,0.24694541096687317,55.956565856933594,0.5217524766921997
755,550,0.0625,0.2797549366950989,56.17387771606445,0.5200788378715515
756,732,0.08318182080984116,0.3369967043399811,56.91521453857422,0.5099856853485107
757,1003,0.11397727578878403,0.2694252133369446,53.68064498901367,0.5453179478645325
758,392,0.044545453041791916,0.358022004365921,55.09884262084961,0.5329192280769348
759,1107,0.12579545378684998,0.2431623339653015,55.12779998779297,0.5304409265518188
760,660,0.07500000298023224,0.22054971754550934,55.078514099121094,0.5352529883384705
761,581,0.06602272391319275,0.34537646174430847,56.75578308105469,0.5086941123008728
762,1037,0.11784090846776962,0.3346194624900818,55.83171081542969,0.5205098390579224
763,459,0.05215908959507942,0.27332377433776855,61.154258728027344,0.44525426626205444
764,915,0.103977270424366,0.23219260573387146,57.09669494628906,0.5060198307037354
765,766,0.08704545348882675,0.2842148244380951,56.64110565185547,0.513037919998169
766,468,0.05318181961774826,0.28757229447364807,56.67036437988281,0.5059328079223633
767,988,0.1122727245092392,0.2682991921901703,58.78660202026367,0.4826660454273224
768,599,0.06806818395853043,0.2198556661605835,59.09693145751953,0.4794708490371704
769,640,0.072727270424366,0.2719440758228302,57.13587188720703,0.5018951296806335
770,1242,0.14113636314868927,0.2507503032684326,60.436431884765625,0.4565812051296234
771,426,0.04840908944606781,0.33840182423591614,61.795291900634766,0.4371597170829773
772,1069,0.12147727608680725,0.20829403400421143,57.647438049316406,0.4978055953979492
773,641,0.07284090667963028,0.22198504209518433,57.4210205078125,0.49929752945899963
774,520,0.059090908616781235,0.314062237739563,56.609474182128906,0.511782169342041
775,924,0.10499999672174454,0.2844005525112152,56.11456298828125,0.511486291885376
776,477,0.0542045459151268,0.27543678879737854,56.81593704223633,0.5096149444580078
777,748,0.08500000089406967,0.24690832197666168,58.9272575378418,0.47747689485549927
778,993,0.11284090578556061,0.28552716970443726,57.28607940673828,0.49656474590301514
779,398,0.04522727429866791,0.30220863223075867,57.37615966796875,0.5006815791130066
780,1103,0.12534090876579285,0.2368316948413849,56.310791015625,0.515204131603241
781,639,0.07261363416910172,0.2219502329826355,60.40003967285156,0.4609523117542267
782,598,0.06795454770326614,0.27019935846328735,58.97663497924805,0.48359736800193787
783,1248,0.14181818068027496,0.2851718068122864,58.60227584838867,0.47842901945114136
784,436,0.04954545572400093,0.27156949043273926,56.66400146484375,0.5073636770248413
785,980,0.11136363446712494,0.2625395953655243,58.35974884033203,0.48675093054771423
786,684,0.07772727310657501,0.252651184797287,58.655513763427734,0.47728127241134644
787,481,0.05465909093618393,0.31602543592453003,56.70929718017578,0.5061658620834351
788,961,0.10920454561710358,0.22424228489398956,58.091270446777344,0.48860102891921997
789,563,0.06397727131843567,0.23415280878543854,52.444419860839844,0.551483154296875
790,695,0.07897727191448212,0.286490261554718,61.552303314208984,0.4429961144924164
791,1091,0.12397727370262146,0.2506040036678314,58.558311462402344,0.4805666506290436
792,397,0.045113638043403625,0.3370033800601959,60.966190338134766,0.4462510943412781
793,1121,0.12738636136054993,0.19114243984222412,58.164710998535156,0.48979249596595764
794,648,0.07363636046648026,0.22372323274612427,53.39376449584961,0.5540375709533691
795,574,0.06522727012634277,0.3271113634109497,57.758056640625,0.48887762427330017
796,949,0.10784091055393219,0.2502434253692627,60.01301574707031,0.4650236666202545
797,469,0.05329545587301254,0.24178607761859894,58.51708221435547,0.48489975929260254
798,942,0.10704545676708221,0.25393182039260864,57.89552307128906,0.4945394992828369
799,896,0.10181818157434464,0.3015023171901703,58.79253005981445,0.47956666350364685
800,439,0.04988636448979378,0.26659315824508667,60.25711441040039,0.4581092596054077
801,1056,0.11999999731779099,0.25587567687034607,56.651405334472656,0.5113840103149414
802,612,0.0695454552769661,0.22314447164535522,59.39802169799805,0.4729442596435547
803,626,0.07113636285066605,0.2499152570962906,55.054630279541016,0.5249616503715515
804,1303,0.14806817471981049,0.2587645947933197,55.937721252441406,0.5208207368850708
805,427,0.04852272570133209,0.33786213397979736,55.07338333129883,0.5316644310951233
806,1003,0.11397727578878403,0.19622375071048737,56.09620666503906,0.5161080360412598
807,645,0.07329545170068741,0.2398928701877594,54.1587028503418,0.5381825566291809
808,501,0.05693181976675987,0.3201926648616791,56.71504211425781,0.5087396502494812
809,939,0.10670454800128937,0.2511986792087555,56.29334259033203,0.5151801109313965
810,536,0.06090909242630005,0.26768746972084045,60.46087646484375,0.4623226821422577
811,760,0.08636363595724106,0.2583363652229309,55.91514205932617,0.5174298286437988
812,1042,0.11840908974409103,0.2573704421520233,59.525489807128906,0.4691520631313324
813,379,0.04306818172335625,0.29118937253952026,54.175079345703125,0.537816047668457
814,1154,0.13113635778427124,0.24200059473514557,60.89415740966797,0.45243558287620544
815,652,0.07409090548753738,0.221510112285614,57.171897888183594,0.5035218596458435
816,601,0.06829545646905899,0.28931447863578796,54.55512237548828,0.5322549939155579
817,1266,0.14386363327503204,0.31055304408073425,62.94005584716797,0.42401936650276184
818,444,0.05045454576611519,0.29196035861968994,51.61610412597656,0.5749038457870483
819,985,0.11193181574344635,0.23363719880580902,55.58651351928711,0.5229989886283875
820,770,0.08749999850988388,0.2686905860900879,57.74295425415039,0.49698907136917114
821,468,0.05318181961774826,0.278022825717926,59.130184173583984,0.4774167835712433
822,948,0.10772727429866791,0.24841061234474182,59.522850036621094,0.47357532382011414
823,588,0.06681818515062332,0.2149660736322403,55.60317611694336,0.5207615494728088
824,691,0.07852272689342499,0.2539774775505066,56.350154876708984,0.515053927898407
825,1282,0.14568181335926056,0.2549248933792114,60.341773986816406,0.45523110032081604
826,413,0.04693181812763214,0.3335056006908417,60.72165298461914,0.45759859681129456
827,1087,0.12352272868156433,0.20358914136886597,55.446922302246094,0.5237530469894409
828,641,0.07284090667963028,0.22413450479507446,51.71316909790039,0.571221113204956
829,532,0.06045454367995262,0.27628496289253235,55.19144821166992,0.5288635492324829
830,930,0.10568182170391083,0.2270684540271759,59.79970169067383,0.46352049708366394
831,477,0.0542045459151268,0.27046698331832886,51.11878204345703,0.5849218964576721
832,875,0.09943182021379471,0.2347269058227539,55.934757232666016,0.5236712098121643
833,993,0.11284090578556061,0.2727133631706238,60.46445083618164,0.4541487693786621
834,404,0.0459090918302536,0.2837204933166504,54.68952560424805,0.539901077747345
835,1208,0.13727273046970367,0.2644587755203247,55.52058029174805,0.5223747491836548
836,625,0.07102272659540176,0.23655842244625092,55.26267623901367,0.5213974118232727
837,622,0.07068181782960892,0.255603164434433,56.71219253540039,0.5072034597396851
838,1318,0.1497727334499359,0.2770191431045532,58.0435676574707,0.49204394221305847
839,434,0.049318183213472366,0.36992716789245605,59.05779266357422,0.4847385883331299
840,1020,0.11590909212827682,0.20108014345169067,60.088809967041016,0.46060189604759216
841,689,0.07829545438289642,0.26523610949516296,56.32095718383789,0.5168213844299316
842,489,0.05556818097829819,0.29316598176956177,60.5080680847168,0.4568987786769867
843,937,0.1064772754907608,0.2108055055141449,58.9268684387207,0.47736722230911255
844,560,0.06363636255264282,0.2453363984823227,60.58743667602539,0.45347529649734497
845,746,0.08477272838354111,0.25081056356430054,53.986961364746094,0.547594428062439
846,1129,0.12829545140266418,0.25323110818862915,58.21821212768555,0.48720818758010864
847,386,0.04386363551020622,0.33695951104164124,56.12519073486328,0.5163325071334839
848,1106,0.1256818175315857,0.23288536071777344,59.55025863647461,0.46938949823379517
849,648,0.07363636046648026,0.2452763319015503,62.38706970214844,0.42947348952293396
850,585,0.06647727638483047,0.30741462111473083,59.75698471069336,0.4608075022697449
851,1067,0.12125000357627869,0.2866670787334442,58.788883209228516,0.48101675510406494
852,454,0.05159090831875801,0.2745389938354492,62.51209259033203,0.432256817817688
853,983,0.11170454323291779,0.23556549847126007,55.02544021606445,0.5310046672821045
854,855,0.09715908765792847,0.26511943340301514,54.644962310791016,0.5339123606681824
855,443,0.050340909510850906,0.2965778410434723,57.571327209472656,0.49351394176483154
856,1007,0.11443182080984116,0.22961878776550293,60.955142974853516,0.44800078868865967
857,586,0.06659091264009476,0.2008787989616394,55.005985260009766,0.5278668999671936
858,675,0.07670454680919647,0.285854697227478,55.79274368286133,0.5203470587730408
859,1341,0.1523863673210144,0.26856449246406555,52.476112365722656,0.5611706972122192
860,413,0.04693181812763214,0.28118541836738586,59.61496353149414,0.473075807094574
861,1022,0.11613636463880539,0.20054709911346436,60.788963317871094,0.45665696263313293
862,632,0.07181818038225174,0.25852611660957336,59.34522247314453,0.4654582440853119
863,504,0.05727272853255272,0.285509318113327,58.0102424621582,0.49224478006362915
864,984,0.11181817948818207,0.2328360676765442,58.12069320678711,0.49146413803100586
865,514,0.05840909108519554,0.2112455815076828,56.63850021362305,0.5050841569900513
866,863,0.09806818515062332,0.24575380980968475,58.05807876586914,0.48351460695266724
867,1115,0.12670454382896423,0.2577197253704071,58.75727844238281,0.48065805435180664
868,373,0.042386364191770554,0.3244064748287201,52.9096794128418,0.5604159832000732
869,1199,0.13625000417232513,0.2414255440235138,59.45928955078125,0.469655305147171
870,637,0.07238636165857315,0.24490372836589813,55.87177276611328,0.5213122963905334
871,630,0.07159090787172318,0.29791122674942017,55.86504364013672,0.5199122428894043
872,1313,0.1492045521736145,0.2636319100856781,57.91779327392578,0.48961904644966125
873,431,0.04897727444767952,0.2857813239097595,58.729000091552734,0.4862891137599945
874,1021,0.11602272838354111,0.21248282492160797,56.879844665527344,0.5067745447158813
875,729,0.08284091204404831,0.26947370171546936,58.59238815307617,0.47964489459991455
876,457,0.05193181708455086,0.27509310841560364,59.156341552734375,0.47364020347595215
877,975,0.11079545319080353,0.23496350646018982,56.19459533691406,0.5162234306335449
878,581,0.06602272391319275,0.22893284261226654,58.621360778808594,0.48329558968544006
879,690,0.0784090906381607,0.23550981283187866,57.06931686401367,0.5071061849594116
880,1257,0.1428409069776535,0.22863328456878662,58.06801986694336,0.4899134039878845
881,396,0.04500000178813934,0.33823156356811523,57.25821304321289,0.5030667781829834
882,1111,0.1262499988079071,0.2256503701210022,56.15351867675781,0.5190274715423584
883,630,0.07159090787172318,0.20889773964881897,56.82658767700195,0.5088364481925964
884,561,0.0637499988079071,0.3211005628108978,58.608707427978516,0.4848249852657318
885,995,0.11306817829608917,0.2284100502729416,53.37809753417969,0.5487961173057556
886,466,0.052954547107219696,0.23713615536689758,56.213645935058594,0.5136121511459351
887,938,0.10659091174602509,0.23257911205291748,52.426578521728516,0.5682851076126099
888,963,0.10943181812763214,0.26484349370002747,62.05167007446289,0.4366840720176697
889,408,0.04636363685131073,0.271223783493042,60.27955627441406,0.4630544185638428
890,1150,0.1306818127632141,0.2621021866798401,54.020530700683594,0.540709912776947
891,600,0.06818182021379471,0.21113251149654388,53.52145004272461,0.5531575083732605
892,665,0.07556818425655365,0.267011821269989,59.36139678955078,0.4741305410861969
893,1387,0.1576136350631714,0.2601863145828247,56.564754486083984,0.5172422528266907
894,421,0.0478409081697464,0.28612110018730164,57.52656936645508,0.49678662419319153
895,1068,0.12136363983154297,0.20268693566322327,63.66192626953125,0.4141552150249481
896,666,0.07568182051181793,0.27794548869132996,57.13583755493164,0.5003523230552673
897,477,0.0542045459151268,0.2931378185749054,55.139183044433594,0.526107907295227
898,920,0.10454545170068741,0.20379674434661865,58.23530960083008,0.48680901527404785
899,557,0.06329545378684998,0.2167072594165802,53.11710739135742,0.5555837750434875
900,826,0.09386363625526428,0.26369839906692505,59.07996368408203,0.47415056824684143
901,1182,0.13431818783283234,0.2722548246383667,55.73697280883789,0.5220808386802673
902,383,0.043522726744413376,0.30390623211860657,59.50065612792969,0.4689001142978668
903,1144,0.12999999523162842,0.2317741960287094,56.437984466552734,0.5117560625076294
904,616,0.07000000029802322,0.21254940330982208,61.80684280395508,0.4460926651954651
905,612,0.0695454552769661,0.3457387387752533,58.85048294067383,0.4770548641681671
906,1262,0.14340908825397491,0.2753663659095764,58.08814239501953,0.4886400103569031
907,435,0.04943181946873665,0.29528701305389404,52.18433380126953,0.5519310832023621
908,1045,0.11874999850988388,0.2576906681060791,59.708927154541016,0.46714311838150024
909,833,0.09465909004211426,0.2630833089351654,55.35115051269531,0.5237821936607361
910,427,0.04852272570133209,0.3325938582420349,55.76480484008789,0.5195099115371704
911,1018,0.11568181961774826,0.2436770647764206,54.891414642333984,0.5297462344169617
912,564,0.06409090757369995,0.20002776384353638,63.84272384643555,0.41050004959106445
913,675,0.07670454680919647,0.24808363616466522,55.98988342285156,0.517518162727356
914,1361,0.15465909242630005,0.23174123466014862,55.963600158691406,0.5213279724121094
915,406,0.046136364340782166,0.31103435158729553,54.378780364990234,0.5449495315551758
916,1059,0.12034090608358383,0.20580515265464783,56.33113479614258,0.5161621570587158
917,628,0.07136363536119461,0.2444341778755188,56.570858001708984,0.5071341395378113
918,512,0.05818181857466698,0.2763881981372833,54.319461822509766,0.5414937734603882
919,998,0.11340909451246262,0.23261786997318268,52.373268127441406,0.5601986050605774
920,490,0.05568181723356247,0.2564760148525238,53.79676055908203,0.5438528656959534
921,904,0.10272727161645889,0.24762412905693054,55.53583526611328,0.5257890820503235
922,1093,0.12420454621315002,0.2642692029476166,57.837039947509766,0.4931880831718445
923,391,0.044431816786527634,0.3357885479927063,60.3974494934082,0.459404855966568
924,1218,0.1384090930223465,0.2375427484512329,54.217891693115234,0.542417049407959
925,607,0.06897727400064468,0.26045525074005127,50.71894454956055,0.5910918116569519
926,653,0.07420454174280167,0.2674030661582947,60.11869430541992,0.4610366225242615
927,1350,0.15340909361839294,0.2532743811607361,58.29182434082031,0.48524653911590576
928,422,0.04795454442501068,0.29731684923171997,61.95114517211914,0.4421304762363434
929,1100,0.125,0.22632965445518494,56.20732879638672,0.5171806216239929
930,720,0.08181817829608917,0.2715970575809479,59.629638671875,0.4721550941467285
931,449,0.0510227270424366,0.2995544672012329,58.11723709106445,0.49576056003570557
932,975,0.11079545319080353,0.23088425397872925,56.253692626953125,0.515923023223877
933,583,0.06624999642372131,0.23609864711761475,54.810203552246094,0.525448739528656
934,779,0.08852272480726242,0.25604650378227234,55.75444412231445,0.518596351146698
935,1212,0.1377272754907608,0.24104857444763184,56.56369400024414,0.50876384973526
936,377,0.04284090921282768,0.3220902979373932,53.16694259643555,0.5548707246780396
937,1165,0.13238635659217834,0.21958614885807037,54.21707534790039,0.540520966053009
938,620,0.07045454531908035,0.24121780693531036,51.92924118041992,0.5670170783996582
939,579,0.06579545140266418,0.3059086799621582,60.29559326171875,0.46050825715065
940,1105,0.1255681812763214,0.2486075758934021,55.61075210571289,0.5224039554595947
941,453,0.05147727206349373,0.25575172901153564,58.10921096801758,0.4978353977203369
942,1023,0.11625000089406967,0.21755078434944153,57.478145599365234,0.49371975660324097
943,925,0.10511363297700882,0.28463828563690186,58.3663330078125,0.4841194748878479
944,393,0.0446590892970562,0.3550701141357422,58.19296646118164,0.48817428946495056
945,1054,0.11977272480726242,0.25126582384109497,53.92355728149414,0.5485019087791443
946,565,0.06420454382896423,0.2204631268978119,60.21128845214844,0.4629529118537903
947,678,0.07704545557498932,0.28144943714141846,57.95155334472656,0.4933602809906006
948,1374,0.15613636374473572,0.23973166942596436,57.13880157470703,0.5007624626159668
949,407,0.04625000059604645,0.3125915825366974,60.686424255371094,0.4474327266216278
950,1065,0.12102272361516953,0.20044323801994324,57.773006439208984,0.49083155393600464
951,661,0.07511363923549652,0.2704002857208252,58.46007537841797,0.48625147342681885
952,477,0.0542045459151268,0.28857868909835815,57.01353454589844,0.5063784718513489
953,991,0.11261363327503204,0.22552178800106049,58.35842514038086,0.48726344108581543
954,551,0.06261363625526428,0.22713002562522888,53.066490173339844,0.5613710284233093
955,903,0.10261363536119461,0.23621070384979248,55.99519729614258,0.520073652267456
956,1154,0.13113635778427124,0.2626822888851166,57.037994384765625,0.5010925531387329
957,383,0.043522726744413376,0.3152540922164917,55.533470153808594,0.5219087600708008
958,1178,0.1338636428117752,0.23825684189796448,55.44478988647461,0.5255827307701111
959,610,0.06931818276643753,0.24754932522773743,60.024940490722656,0.47367408871650696
960,647,0.07352272421121597,0.32762643694877625,56.278377532958984,0.5152301788330078
961,1353,0.1537500023841858,0.2799902856349945,57.795291900634766,0.494340181350708
962,421,0.0478409081697464,0.28439441323280334,56.06279754638672,0.5149741768836975
963,1077,0.12238636612892151,0.2052316516637802,55.17756652832031,0.5265251994132996
964,805,0.09147727489471436,0.2719758152961731,58.173885345458984,0.4878295063972473
965,413,0.04693181812763214,0.293148934841156,59.30863952636719,0.4735654890537262
966,1015,0.11534091085195541,0.25922954082489014,57.00867462158203,0.5057641863822937
967,572,0.06499999761581421,0.2299892008304596,56.11240768432617,0.5190485119819641
968,721,0.08193181455135345,0.22268956899642944,55.375823974609375,0.5259264707565308
969,1344,0.15272727608680725,0.2350907027721405,57.57074737548828,0.49643948674201965
970,378,0.042954545468091965,0.3171290159225464,59.13897705078125,0.47988414764404297
971,1112,0.1263636350631714,0.20585905015468597,57.086116790771484,0.5011077523231506
972,616,0.07000000029802322,0.23206667602062225,54.39118194580078,0.5328664183616638
973,534,0.060681819915771484,0.33223915100097656,53.445411682128906,0.5493372082710266
974,1052,0.11954545229673386,0.22749421000480652,55.62503433227539,0.5232489705085754
975,477,0.0542045459151268,0.2903513014316559,58.70747756958008,0.4840552508831024
976,959,0.10897727310657501,0.21120160818099976,54.90702438354492,0.530598521232605
977,1040,0.11818181723356247,0.27177873253822327,57.03969192504883,0.5065992474555969
978,389,0.04420454427599907,0.3193957209587097,53.599281311035156,0.553933322429657
979,1117,0.1269318163394928,0.24705035984516144,55.975582122802734,0.5176181197166443
980,595,0.0676136389374733,0.2264191210269928,60.511783599853516,0.45330584049224854
981,676,0.07681818306446075,0.2535676956176758,58.60440444946289,0.4793902635574341
982,1309,0.14875000715255737,0.23285752534866333,59.07680130004883,0.47607943415641785
983,413,0.04693181812763214,0.32433491945266724,55.71697998046875,0.5206794738769531
984,1118,0.12704545259475708,0.2062874734401703,59.76005554199219,0.4696401357650757
985,702,0.07977272570133209,0.2711268663406372,53.68639373779297,0.5460678935050964
986,441,0.05011363700032234,0.25473731756210327,56.649070739746094,0.5027985572814941
987,946,0.10750000178813934,0.22755736112594604,58.467952728271484,0.48194485902786255
988,575,0.06534090638160706,0.2586233913898468,61.78876876831055,0.443972110748291
989,862,0.09795454889535904,0.25467997789382935,57.3097038269043,0.4970693588256836
990,1190,0.1352272778749466,0.24529288709163666,56.612815856933594,0.5130380392074585
991,371,0.04215909168124199,0.29285770654678345,57.06654357910156,0.496711790561676
992,1198,0.13613636791706085,0.22296106815338135,59.682640075683594,0.4671344459056854
993,606,0.0688636377453804,0.2649531066417694,56.13872528076172,0.520301342010498
994,603,0.06852272897958755,0.2774200737476349,54.243202209472656,0.5415326952934265
995,1179,0.1339772790670395,0.25554800033569336,53.16625213623047,0.5523251891136169
996,413,0.04693181812763214,0.2830628454685211,59.12095260620117,0.475361704826355
997,1073,0.12193182110786438,0.2144073247909546,59.46942901611328,0.4716920554637909
998,865,0.09829545766115189,0.2429022192955017,54.657081604003906,0.5344164967536926
999,398,0.04522727429866791,0.29134601354599,55.36497116088867,0.5224164724349976
1000,1031,0.11715909093618393,0.2633213400840759,57.840091705322266,0.49343231320381165
1001,580,0.06590908765792847,0.25120043754577637,52.65544891357422,0.5594205856323242
1002,714,0.08113636076450348,0.21158143877983093,56.69291687011719,0.5074791312217712
1003,1339,0.15215909481048584,0.22142893075942993,58.55306625366211,0.484608918428421
1004,388,0.04409090802073479,0.29453733563423157,57.85901641845703,0.4954734742641449
1005,1106,0.1256818175315857,0.20173436403274536,54.806949615478516,0.5325193405151367
1006,642,0.07295454293489456,0.2582635283470154,60.933780670166016,0.4551389217376709
1007,474,0.053863637149333954,0.3016526401042938,59.085201263427734,0.4709829092025757
1008,1019,0.11579545587301254,0.24724040925502777,56.79290771484375,0.5057757496833801
1009,499,0.05670454725623131,0.2429758757352829,54.45500564575195,0.5351701378822327
1010,934,0.10613636672496796,0.2523523271083832,59.72705841064453,0.46193578839302063
1011,1115,0.12670454382896423,0.23471829295158386,56.52858352661133,0.5139728784561157
1012,388,0.04409090802073479,0.3641640841960907,57.08387756347656,0.5030255913734436
1013,1187,0.13488636910915375,0.25394192337989807,55.12886047363281,0.5280663371086121
1014,596,0.06772727519273758,0.22689908742904663,53.75236129760742,0.5497011542320251
1015,672,0.07636363804340363,0.293473482131958,59.872650146484375,0.4668705463409424
1016,1316,0.14954546093940735,0.23805439472198486,57.125511169433594,0.5080801248550415
1017,419,0.047613635659217834,0.3051148056983948,57.47332000732422,0.5013129711151123
1018,1106,0.1256818175315857,0.19241733849048615,56.819976806640625,0.5060776472091675
1019,783,0.08897726982831955,0.2380768358707428,60.334529876708984,0.4588204026222229
1020,408,0.04636363685131073,0.28863784670829773,56.057884216308594,0.5156035423278809
1021,1038,0.1179545447230339,0.2044675648212433,54.965301513671875,0.5311719179153442
1022,578,0.0656818151473999,0.2719925343990326,60.94137191772461,0.4521884024143219
1023,769,0.0873863622546196,0.21684570610523224,60.7191047668457,0.4605056643486023
1024,1240,0.1409090906381607,0.22675271332263947,53.89845657348633,0.545468807220459
1025,375,0.04261363670229912,0.33377519249916077,58.79951095581055,0.47259050607681274
1026,1208,0.13727273046970367,0.24161718785762787,53.89968490600586,0.545040488243103
1027,609,0.06920454651117325,0.22022898495197296,56.4023323059082,0.5136814713478088
1028,553,0.06284090876579285,0.3440908193588257,58.50676727294922,0.4859720766544342
1029,1091,0.12397727370262146,0.2388104498386383,58.226829528808594,0.4870636761188507
1030,441,0.05011363700032234,0.23974338173866272,59.59639358520508,0.4712400436401367
1031,1020,0.11590909212827682,0.22750891745090485,55.85731887817383,0.5207051038742065
1032,996,0.11318181455135345,0.2799849212169647,54.60245895385742,0.539335310459137
1033,395,0.04488636180758476,0.3567778468132019,58.13138198852539,0.49338212609291077
1034,1085,0.12329545617103577,0.2636621296405792,55.15744400024414,0.5227826237678528
1035,577,0.06556817889213562,0.20576317608356476,54.33796691894531,0.5466091632843018
1036,705,0.08011363446712494,0.224639430642128,60.32413101196289,0.4614575505256653
1037,1319,0.1498863697052002,0.21061652898788452,58.31940460205078,0.4876153767108917
1038,403,0.04579545557498932,0.3249361515045166,53.9928092956543,0.5434188842773438
1039,1108,0.12590909004211426,0.19466978311538696,58.88801193237305,0.4780217707157135
1040,676,0.07681818306446075,0.26186829805374146,60.367881774902344,0.4633421003818512
1041,440,0.05000000074505806,0.29071223735809326,57.096153259277344,0.5101503729820251
1042,1088,0.12363636493682861,0.21973510086536407,61.91633224487305,0.4366444945335388
1043,561,0.0637499988079071,0.28298845887184143,57.76189422607422,0.4931977391242981
1044,912,0.10363636165857315,0.2556764483451843,58.21665954589844,0.48930954933166504
1045,1184,0.1345454603433609,0.24923989176750183,58.619346618652344,0.48409369587898254
1046,373,0.042386364191770554,0.32490047812461853,57.66392517089844,0.49340882897377014
1047,1188,0.13500000536441803,0.2646297812461853,56.85900115966797,0.5077215433120728
1048,591,0.06715909391641617,0.22178435325622559,55.97503662109375,0.5223042964935303
1049,642,0.07295454293489456,0.33140987157821655,58.53807067871094,0.48246243596076965
1050,1280,0.145454540848732,0.25960755348205566,53.96684646606445,0.5419819355010986
1051,421,0.0478409081697464,0.30259308218955994,50.33176803588867,0.5877602100372314
1052,1100,0.125,0.20537301898002625,59.0338020324707,0.47492170333862305
1053,832,0.09454545378684998,0.267057329416275,60.09606170654297,0.4603217840194702
1054,387,0.043977271765470505,0.2964593172073364,58.26939010620117,0.49392032623291016
1055,1064,0.12090908735990524,0.23286080360412598,56.32856750488281,0.5117618441581726
1056,573,0.06511363387107849,0.23013721406459808,59.01594543457031,0.47911304235458374
1057,730,0.08295454829931259,0.2255997210741043,53.169952392578125,0.5558319687843323
1058,1303,0.14806817471981049,0.22992956638336182,57.898868560791016,0.4910310208797455
1059,368,0.04181818291544914,0.3140394687652588,58.968753814697266,0.46756553649902344
1060,1135,0.12897726893424988,0.20451629161834717,57.1255989074707,0.5017870664596558
1061,623,0.0707954540848732,0.2515360116958618,55.65208053588867,0.5209632515907288
1062,486,0.05522727221250534,0.3366864025592804,54.282352447509766,0.5387244820594788
1063,1053,0.11965908855199814,0.22430820763111115,56.597511291503906,0.5064710378646851
1064,487,0.05534090846776962,0.271932452917099,59.23398208618164,0.4711974263191223
1065,969,0.11011363565921783,0.21960234642028809,55.455142974853516,0.5217217803001404
1066,1088,0.12363636493682861,0.3029220998287201,54.67000198364258,0.5378182530403137
1067,383,0.043522726744413376,0.2697908580303192,53.72029113769531,0.5510078072547913
1068,1126,0.12795454263687134,0.23163768649101257,56.17587661743164,0.5115347504615784
1069,576,0.06545454263687134,0.24561792612075806,54.93208312988281,0.5328942537307739
1070,692,0.07863636314868927,0.2555199861526489,59.32545471191406,0.47365468740463257
1071,1328,0.15090909600257874,0.23415496945381165,58.588783264160156,0.4803256392478943
1072,410,0.046590909361839294,0.36301711201667786,54.117008209228516,0.5368316173553467
1073,1115,0.12670454382896423,0.19075000286102295,56.87089920043945,0.5100150108337402
1074,737,0.08375000208616257,0.2677179276943207,57.614261627197266,0.4886167347431183
1075,411,0.04670454561710358,0.29630786180496216,54.93622589111328,0.5341992974281311
1076,1052,0.11954545229673386,0.21021287143230438,57.913185119628906,0.487101286649704
1077,569,0.06465908885002136,0.23811529576778412,63.881954193115234,0.4116535782814026
1078,860,0.09772727638483047,0.2670043110847473,54.48089599609375,0.5350332856178284
1079,1274,0.1447727233171463,0.24565596878528595,57.372589111328125,0.49430060386657715
1080,374,0.042500000447034836,0.30947285890579224,50.885894775390625,0.5766984820365906
1081,1220,0.13863636553287506,0.24487103521823883,56.57339096069336,0.5063905715942383
1082,612,0.0695454552769661,0.23256906867027283,56.319698333740234,0.511553943157196
1083,587,0.06670454889535904,0.314060240983963,60.41532516479492,0.4550611674785614
1084,1057,0.12011363357305527,0.2514994144439697,56.91613006591797,0.5040838718414307
1085,422,0.04795454442501068,0.28362300992012024,55.749813079833984,0.5225235819816589
1086,1060,0.12045454233884811,0.24040445685386658,56.49551773071289,0.5145508646965027
1087,923,0.10488636046648026,0.26146724820137024,57.090450286865234,0.5018789172172546
1088,387,0.043977271765470505,0.31207168102264404,55.96113967895508,0.5189940929412842
1089,1059,0.12034090608358383,0.23947520554065704,55.60271453857422,0.5200650691986084
1090,574,0.06522727012634277,0.25353819131851196,57.8284797668457,0.4930611252784729
1091,706,0.08022727072238922,0.23522454500198364,55.157936096191406,0.5254992246627808
1092,1306,0.14840908348560333,0.22686101496219635,55.02436447143555,0.5299170017242432
1093,394,0.04477272555232048,0.3375108242034912,59.353851318359375,0.4670148491859436
1094,1131,0.12852272391319275,0.19371989369392395,61.57553482055664,0.44376492500305176
1095,646,0.07340908795595169,0.28668224811553955,61.59267807006836,0.44029220938682556
1096,431,0.04897727444767952,0.25065720081329346,57.05564880371094,0.5032702088356018
1097,1127,0.12806817889213562,0.2241240292787552,58.03889083862305,0.4919128715991974
1098,503,0.05715909227728844,0.24401125311851501,52.924434661865234,0.5571548938751221
1099,940,0.10681818425655365,0.2515503466129303,56.12881088256836,0.5120055079460144
1100,1186,0.13477273285388947,0.25627321004867554,55.92930603027344,0.5224946737289429
1101,373,0.042386364191770554,0.38078293204307556,57.467220306396484,0.5009884834289551
1102,1191,0.13534091413021088,0.23913882672786713,57.89994430541992,0.4887106418609619
1103,595,0.0676136389374733,0.23796561360359192,60.8714485168457,0.45800474286079407
1104,658,0.07477273046970367,0.25609350204467773,56.77781677246094,0.5054227709770203
1105,1286,0.1461363583803177,0.24174754321575165,59.59578323364258,0.4723833501338959
1106,402,0.04568181931972504,0.3773869276046753,61.55161666870117,0.4425933361053467
1107,1120,0.12727272510528564,0.2105269879102707,59.436607360839844,0.46829453110694885
1108,793,0.09011363983154297,0.27232155203819275,55.85405349731445,0.5208860635757446
1109,386,0.04386363551020622,0.27186524868011475,58.20602035522461,0.4859553575515747
1110,1035,0.11761363595724106,0.21885986626148224,55.95397186279297,0.5188161730766296
1111,572,0.06499999761581421,0.23326706886291504,53.72707748413086,0.5441948771476746
1112,774,0.08795454353094101,0.2497396618127823,59.38039016723633,0.4713885486125946
1113,1292,0.14681817591190338,0.24808533489704132,57.44313430786133,0.5027567148208618
1114,375,0.04261363670229912,0.3504408299922943,54.761905670166016,0.5351563692092896
1115,1194,0.13568182289600372,0.2241508513689041,59.163631439208984,0.4718905985355377
1116,618,0.07022727280855179,0.2364075928926468,58.18649673461914,0.48635223507881165
1117,518,0.05886363610625267,0.2660668194293976,54.842533111572266,0.5303252935409546
1118,1046,0.11886363476514816,0.2353372722864151,54.702606201171875,0.5330162644386292
1119,455,0.05170454457402229,0.26847144961357117,56.49784851074219,0.5177679657936096
1120,1018,0.11568181961774826,0.24511416256427765,59.1953125,0.4768894910812378
1121,1035,0.11761363595724106,0.27257421612739563,58.30930709838867,0.486248642206192
1122,379,0.04306818172335625,0.27775153517723083,55.69917297363281,0.519712507724762
1123,1126,0.12795454263687134,0.2094024419784546,58.40024948120117,0.4867813289165497
1124,572,0.06499999761581421,0.2535826563835144,54.755348205566406,0.5349846482276917
1125,699,0.07943181693553925,0.26584574580192566,59.96135711669922,0.4641212821006775
1126,1347,0.1530681848526001,0.2513124644756317,54.9869270324707,0.5323817729949951
1127,399,0.04534091055393219,0.37011492252349854,58.941532135009766,0.47821852564811707
1128,1126,0.12795454263687134,0.1818903088569641,60.427635192871094,0.4589563012123108
1129,691,0.07852272689342499,0.2654932737350464,58.45335006713867,0.49064427614212036
1130,419,0.047613635659217834,0.2635113298892975,56.5205192565918,0.508126974105835
1131,1089,0.1237500011920929,0.2347652018070221,57.59486770629883,0.49563977122306824
1132,553,0.06284090876579285,0.21223588287830353,54.30636978149414,0.5414039492607117
1133,907,0.10306818038225174,0.28486067056655884,58.449588775634766,0.480166494846344
1134,1285,0.1460227221250534,0.22773142158985138,55.66798400878906,0.515153706073761
1135,376,0.0427272729575634,0.35409998893737793,56.42170715332031,0.5062249898910522
1136,1228,0.13954545557498932,0.25161096453666687,56.039005279541016,0.5155964493751526
1137,605,0.06875000149011612,0.25118881464004517,58.552730560302734,0.4879189729690552
1138,608,0.06909091025590897,0.30544355511665344,57.1837158203125,0.49894753098487854
1139,1165,0.13238635659217834,0.2588273286819458,57.77878189086914,0.4936824142932892
1140,413,0.04693181812763214,0.33008313179016113,57.04865646362305,0.5014384984970093
1141,1118,0.12704545259475708,0.25811660289764404,60.578433990478516,0.45985856652259827
1142,858,0.09749999642372131,0.2588076591491699,55.637393951416016,0.5243033170700073
1143,377,0.04284090921282768,0.2743830382823944,53.00898742675781,0.5576432347297668
1144,1082,0.12295454740524292,0.2253185659646988,58.44677734375,0.48898208141326904
1145,580,0.06590908765792847,0.2575274109840393,54.914363861083984,0.5250740051269531
1146,737,0.08375000208616257,0.24289028346538544,56.88254928588867,0.5087064504623413
1147,1257,0.1428409069776535,0.21967190504074097,55.32399368286133,0.5285035371780396
1148,375,0.04261363670229912,0.314201682806015,54.24740219116211,0.5457306504249573
1149,1153,0.13102272152900696,0.2047392725944519,56.232421875,0.5160202980041504
1150,617,0.0701136365532875,0.23358450829982758,57.2732048034668,0.497988224029541
1151,458,0.05204545333981514,0.28947991132736206,56.43429183959961,0.5119773745536804
1152,1161,0.13193181157112122,0.2616434693336487,60.26823425292969,0.4617983400821686
1153,475,0.053977273404598236,0.290084570646286,57.53456497192383,0.4909090995788574
1154,979,0.11124999821186066,0.24897006154060364,55.95068359375,0.5191316604614258
1155,1160,0.13181817531585693,0.27413374185562134,58.64057159423828,0.48321497440338135
1156,377,0.04284090921282768,0.2931332290172577,56.21941375732422,0.5205317139625549
1157,1265,0.14374999701976776,0.24570538103580475,57.96025848388672,0.49532654881477356
1158,582,0.06613636016845703,0.22750507295131683,60.493228912353516,0.45515233278274536
1159,660,0.07500000298023224,0.2617645263671875,58.73383712768555,0.4815322756767273
1160,1325,0.1505681872367859,0.25455278158187866,53.7540168762207,0.5475199222564697
1161,403,0.04579545557498932,0.34258097410202026,58.43905258178711,0.47943955659866333
1162,1154,0.13113635778427124,0.20062804222106934,57.66820526123047,0.4902701675891876
1163,778,0.08840908855199814,0.28767409920692444,54.560150146484375,0.5425871014595032
1164,391,0.044431816786527634,0.2683447599411011,58.92953109741211,0.47838494181632996
1165,1110,0.12613636255264282,0.24180850386619568,57.29951477050781,0.503460168838501
1166,561,0.0637499988079071,0.2307737171649933,53.15158462524414,0.5473120212554932
1167,831,0.0944318175315857,0.28590503334999084,52.186973571777344,0.5597362518310547
1168,1282,0.14568181335926056,0.25309279561042786,53.09455871582031,0.5543414950370789
1169,375,0.04261363670229912,0.3393842577934265,57.169776916503906,0.49651607871055603
1170,1228,0.13954545557498932,0.22788706421852112,54.52981948852539,0.5370650291442871
1171,601,0.06829545646905899,0.2539910078048706,56.96642303466797,0.5029489994049072
1172,551,0.06261363625526428,0.2918767035007477,60.842430114746094,0.4543059170246124
1173,1015,0.11534091085195541,0.27178752422332764,55.723106384277344,0.524323582649231
1174,418,0.04749999940395355,0.2822091579437256,56.4253044128418,0.5124549865722656
1175,1064,0.12090908735990524,0.23967154324054718,60.99705123901367,0.451585590839386
1176,960,0.1090909093618393,0.24457703530788422,57.524539947509766,0.4971502721309662
1177,381,0.04329545423388481,0.3395528793334961,59.08163070678711,0.47727105021476746
1178,1135,0.12897726893424988,0.22523893415927887,59.576438903808594,0.4673273265361786
1179,564,0.06409090757369995,0.22892293334007263,56.39375686645508,0.5120165348052979
1180,709,0.08056817948818207,0.24228084087371826,52.95977020263672,0.5551150441169739
1181,1326,0.15068182349205017,0.23172883689403534,57.04239273071289,0.5006111860275269
1182,387,0.043977271765470505,0.3232223689556122,55.43242645263672,0.5291683673858643
1183,1155,0.13124999403953552,0.18961653113365173,57.274810791015625,0.5005455017089844
1184,667,0.07579545676708221,0.26982900500297546,55.41608810424805,0.5352934002876282
1185,422,0.04795454442501068,0.2595061659812927,57.69219207763672,0.49470874667167664
1186,1191,0.13534091413021088,0.25496920943260193,57.27405548095703,0.503459632396698
1187,503,0.05715909227728844,0.2647290825843811,60.25443649291992,0.4577038884162903
1188,984,0.11181817948818207,0.2950831949710846,57.4722900390625,0.4970274269580841
1189,1225,0.13920454680919647,0.24900378286838531,58.87623596191406,0.47911959886550903
1190,380,0.04318181797862053,0.3182564377784729,53.00663375854492,0.560441255569458
1191,1250,0.14204545319080353,0.24975979328155518,57.1895866394043,0.5011658072471619
1192,600,0.06818182021379471,0.22215434908866882,58.8723030090332,0.47293445467948914
1193,626,0.07113636285066605,0.23973920941352844,58.240352630615234,0.4876452684402466
1194,1224,0.1390909105539322,0.22209210693836212,56.714595794677734,0.5020337700843811
1195,395,0.04488636180758476,0.2862009108066559,60.73661804199219,0.4525885581970215
1196,1152,0.13090908527374268,0.2646598219871521,57.21067428588867,0.5059933066368103
1197,827,0.09397727251052856,0.25344544649124146,55.622249603271484,0.5242396593093872
1198,382,0.043409090489149094,0.27147191762924194,54.75545883178711,0.5378418564796448
1199,1126,0.12795454263687134,0.23163524270057678,58.55136489868164,0.48412588238716125
1200,575,0.06534090638160706,0.253592312335968,53.23396682739258,0.5587064027786255
1201,780,0.0886363610625267,0.26878058910369873,59.301361083984375,0.47096267342567444
1202,1275,0.14488635957241058,0.23329611122608185,59.187583923339844,0.47602424025535583
1203,375,0.04261363670229912,0.33420997858047485,60.51531219482422,0.45793968439102173
1204,1184,0.1345454603433609,0.21351748704910278,58.50920486450195,0.48666325211524963
1205,615,0.06988636404275894,0.2473706603050232,58.884586334228516,0.4769582450389862
1206,492,0.055909089744091034,0.2745221257209778,55.56935119628906,0.5268100500106812
1207,1082,0.12295454740524292,0.24336472153663635,56.38259506225586,0.5089920163154602
1208,454,0.05159090831875801,0.2911788821220398,55.78158187866211,0.5271229147911072
1209,1047,0.11897727102041245,0.2353764921426773,59.85307312011719,0.4668078124523163
1210,1070,0.12159091234207153,0.2693979740142822,59.0534782409668,0.47675251960754395
1211,367,0.04170454666018486,0.34454354643821716,50.73394012451172,0.5826845169067383
1212,1217,0.13829545676708221,0.25729137659072876,56.82897186279297,0.5080836415290833
1213,568,0.06454545259475708,0.21062447130680084,60.558937072753906,0.45647022128105164
1214,674,0.07659091055393219,0.2506306767463684,57.708290100097656,0.5007340908050537
1215,1364,0.1550000011920929,0.2629387080669403,57.012184143066406,0.506646454334259
1216,386,0.04386363551020622,0.35568922758102417,53.893497467041016,0.5436373949050903
1217,1166,0.13249999284744263,0.20620040595531464,54.940120697021484,0.5302273035049438
1218,705,0.08011363446712494,0.2720239758491516,57.47919845581055,0.4985677897930145
1219,385,0.04374999925494194,0.273555189371109,58.95533752441406,0.4780261516571045
1220,1132,0.12863636016845703,0.25781363248825073,57.04634475708008,0.5009412169456482
1221,552,0.06272727251052856,0.24793283641338348,54.805145263671875,0.5394982695579529
1222,927,0.10534090548753738,0.28500887751579285,60.63135528564453,0.45713791251182556
1223,1268,0.1440909057855606,0.22126200795173645,58.6055793762207,0.48032110929489136
1224,374,0.042500000447034836,0.3410615921020508,56.09015655517578,0.5221662521362305
1225,1272,0.14454545080661774,0.23935778439044952,57.56692123413086,0.4959166347980499
1226,592,0.06727273017168045,0.22302067279815674,56.58620071411133,0.5156434774398804
1227,591,0.06715909391641617,0.24388843774795532,60.561920166015625,0.4533594250679016
1228,1065,0.12102272361516953,0.2688969075679779,55.919368743896484,0.5178185701370239
1229,416,0.04727272689342499,0.31498977541923523,57.255332946777344,0.5031982064247131
1230,1120,0.12727272510528564,0.2630380690097809,56.74741744995117,0.505169153213501
1231,896,0.10181818157434464,0.26579129695892334,59.54082107543945,0.4666101634502411
1232,369,0.041931819170713425,0.2681174576282501,57.00327682495117,0.5062716603279114
1233,1188,0.13500000536441803,0.24830830097198486,59.2717399597168,0.47356709837913513
1234,551,0.06261363625526428,0.2389344871044159,56.065589904785156,0.5147311091423035
1235,738,0.08386363834142685,0.25940898060798645,57.66213607788086,0.4888806939125061
1236,1309,0.14875000715255737,0.2336937040090561,58.88260269165039,0.4781979024410248
1237,380,0.04318181797862053,0.3039437532424927,58.57345962524414,0.4845503270626068
1238,1168,0.1327272653579712,0.20738258957862854,59.7222900390625,0.464861661195755
1239,634,0.0720454528927803,0.23642496764659882,59.33906173706055,0.474460244178772
1240,442,0.050227273255586624,0.24266593158245087,56.76356506347656,0.5044010877609253
1241,1163,0.13215908408164978,0.2910359501838684,56.15741729736328,0.5161982774734497
1242,475,0.053977273404598236,0.25887322425842285,58.547821044921875,0.4764293432235718
1243,996,0.11318181455135345,0.29766860604286194,55.3580322265625,0.5235920548439026
1244,1159,0.13170453906059265,0.23745593428611755,58.45896911621094,0.4850355386734009
1245,377,0.04284090921282768,0.258157342672348,57.93490982055664,0.4993892312049866
1246,1288,0.14636363089084625,0.2495378702878952,59.578792572021484,0.4711116552352905
1247,582,0.06613636016845703,0.3325972557067871,57.651424407958984,0.5003611445426941
1248,651,0.0739772692322731,0.2313600331544876,55.12784957885742,0.5275327563285828
1249,1281,0.14556817710399628,0.2772148549556732,54.87098693847656,0.5294081568717957
1250,387,0.043977271765470505,0.2810782194137573,59.89040756225586,0.4706883132457733
1251,1166,0.13249999284744263,0.24614669382572174,57.56620407104492,0.4998810589313507
1252,784,0.08909090608358383,0.27296048402786255,53.546993255615234,0.556230902671814
1253,381,0.04329545423388481,0.24878020584583282,61.03596496582031,0.45206406712532043
1254,1178,0.1338636428117752,0.23892094194889069,59.2104606628418,0.4756639301776886
1255,549,0.06238636374473572,0.2408025711774826,64.40581512451172,0.40392670035362244
1256,820,0.09318181872367859,0.2825945317745209,57.24038314819336,0.5043752193450928
1257,1260,0.14318181574344635,0.22386087477207184,58.612579345703125,0.4845935106277466
1258,375,0.04261363670229912,0.36508625745773315,59.28915786743164,0.4683174192905426
1259,1261,0.14329545199871063,0.23145480453968048,58.27765655517578,0.4890173375606537
1260,600,0.06818182021379471,0.2780610918998718,52.63032150268555,0.5519688129425049
1261,531,0.06034090742468834,0.28242027759552,54.728363037109375,0.5364857912063599
1262,1053,0.11965908855199814,0.2597983181476593,59.274505615234375,0.4766733646392822
1263,430,0.04886363819241524,0.29032230377197266,52.25916290283203,0.5600791573524475
1264,1080,0.12272727489471436,0.2973450720310211,55.029685974121094,0.5273804664611816
1265,999,0.1135227307677269,0.25782158970832825,56.97429275512695,0.5073492527008057
1266,369,0.041931819170713425,0.26086747646331787,54.68547439575195,0.5366832613945007
1267,1237,0.14056818187236786,0.267395943403244,56.350318908691406,0.5089397430419922
1268,561,0.0637499988079071,0.2686418890953064,59.44213104248047,0.46864619851112366
1269,690,0.0784090906381607,0.25347548723220825,57.869319915771484,0.49165546894073486
1270,1323,0.15034091472625732,0.2462671399116516,55.145484924316406,0.5292463302612305
1271,380,0.04318181797862053,0.3015519082546234,56.104827880859375,0.5185160636901855
1272,1169,0.13284091651439667,0.21581143140792847,53.912803649902344,0.5457245707511902
1273,668,0.0759090930223465,0.2720961272716522,55.478153228759766,0.5209596753120422
1274,404,0.0459090918302536,0.2698749899864197,58.04855728149414,0.48426657915115356
1275,1127,0.12806817889213562,0.2509915828704834,59.414485931396484,0.4734250605106354
1276,520,0.059090908616781235,0.2552826404571533,59.760955810546875,0.4588877260684967
1277,942,0.10704545676708221,0.2870754301548004,54.51447296142578,0.5318936109542847
1278,1272,0.14454545080661774,0.23726435005664825,57.901737213134766,0.49391794204711914
1279,369,0.041931819170713425,0.32709914445877075,57.7429084777832,0.4949157238006592
1280,1308,0.1486363708972931,0.2565820813179016,56.95649337768555,0.5066671967506409
1281,589,0.0669318214058876,0.321734219789505,49.593326568603516,0.6009987592697144
1282,636,0.07227272540330887,0.2508748471736908,57.350887298583984,0.5018151998519897
1283,1224,0.1390909105539322,0.2696714699268341,59.02421569824219,0.4778508245944977
1284,403,0.04579545557498932,0.31225043535232544,57.839210510253906,0.4955434799194336
1285,1132,0.12863636016845703,0.27510926127433777,58.24149703979492,0.486831396818161
1286,845,0.09602272510528564,0.26544830203056335,58.34968566894531,0.48658058047294617
1287,370,0.04204545542597771,0.25616541504859924,58.285972595214844,0.49195796251296997
1288,1185,0.13465909659862518,0.25480473041534424,56.3855094909668,0.5140466690063477
1289,540,0.06136363744735718,0.22551076114177704,52.709747314453125,0.5614652633666992
1290,771,0.08761363476514816,0.24745455384254456,58.05005645751953,0.4917953312397003
1291,1275,0.14488635957241058,0.24156691133975983,55.537811279296875,0.5237703323364258
1292,380,0.04318181797862053,0.3298051953315735,63.7041015625,0.41320446133613586
1293,1198,0.13613636791706085,0.20530055463314056,59.5126953125,0.4700711667537689
1294,689,0.07829545438289642,0.2442512810230255,55.8541145324707,0.5216917991638184
1295,492,0.055909089744091034,0.2570664882659912,56.17588806152344,0.5123125910758972
1296,1068,0.12136363983154297,0.22975125908851624,52.45562744140625,0.5632343292236328
1297,459,0.05215908959507942,0.2717834711074829,55.107765197753906,0.5320092439651489
1298,1023,0.11625000089406967,0.277553528547287,57.9506950378418,0.49572914838790894
1299,1069,0.12147727608680725,0.24524228274822235,53.7945556640625,0.5446232557296753
1300,362,0.04113636538386345,0.35587847232818604,53.40455627441406,0.5400697588920593
1301,1349,0.15329545736312866,0.2671773433685303,56.479923248291016,0.5123938322067261
1302,616,0.07000000029802322,0.2667732536792755,57.64461898803711,0.49591752886772156
1303,682,0.07750000059604645,0.23130062222480774,60.138851165771484,0.46641790866851807
1304,1330,0.1511363685131073,0.2722375690937042,56.432090759277344,0.5165994763374329
1305,375,0.04261363670229912,0.29133573174476624,57.089576721191406,0.5122120976448059
1306,1158,0.13159090280532837,0.2286447435617447,55.14054489135742,0.5296465754508972
1307,721,0.08193181455135345,0.2644757032394409,59.41608810424805,0.484560489654541
1308,402,0.04568181931972504,0.23598267138004303,53.42744827270508,0.5499699115753174
1309,1169,0.13284091651439667,0.24725599586963654,57.965576171875,0.4901781976222992
1310,539,0.061250001192092896,0.22769729793071747,50.80678939819336,0.5893404483795166
1311,890,0.10113636404275894,0.2766953706741333,56.90822982788086,0.5046640634536743
1312,1268,0.1440909057855606,0.23727786540985107,56.2814826965332,0.5163775682449341
1313,376,0.0427272729575634,0.33042311668395996,57.89272689819336,0.4952641725540161
1314,1305,0.14829544723033905,0.2517317831516266,55.410484313964844,0.5191159248352051
1315,647,0.07352272421121597,0.24541255831718445,52.54027557373047,0.5588547587394714
1316,602,0.06840909272432327,0.2975078225135803,55.967220306396484,0.5163331627845764
1317,1117,0.1269318163394928,0.3093738555908203,52.719181060791016,0.5628668069839478
1318,421,0.0478409081697464,0.2782996594905853,59.90937805175781,0.47110870480537415
1319,1132,0.12863636016845703,0.29679256677627563,54.39413833618164,0.5394064784049988
1320,927,0.10534090548753738,0.2687729597091675,57.8973503112793,0.49346816539764404
1321,364,0.041363637894392014,0.2655293643474579,61.038414001464844,0.4553574323654175
1322,1235,0.1403409093618393,0.24807271361351013,58.022708892822266,0.48880496621131897
1323,571,0.06488636136054993,0.2294185310602188,55.32539367675781,0.5277173519134521
1324,738,0.08386363834142685,0.24158668518066406,54.23979568481445,0.5389012098312378
1325,1283,0.14579544961452484,0.2651597261428833,55.9235725402832,0.5201233625411987
1326,380,0.04318181797862053,0.3803153336048126,57.554115295410156,0.4989688992500305
1327,1208,0.13727273046970367,0.22990773618221283,56.03306579589844,0.5197557210922241
1328,726,0.08250000327825546,0.2546854615211487,53.34260559082031,0.5539025068283081
1329,437,0.04965909197926521,0.27183693647384644,60.00135040283203,0.461169570684433
1330,1109,0.12602272629737854,0.25548025965690613,57.837677001953125,0.4940706193447113
1331,478,0.05431818217039108,0.31608110666275024,58.77513885498047,0.4858856201171875
1332,944,0.10727272927761078,0.3079931437969208,50.18231964111328,0.5868706703186035
1333,1205,0.13693182170391083,0.23179370164871216,60.445796966552734,0.4578089118003845
1334,359,0.040795452892780304,0.32640349864959717,58.322662353515625,0.4820445775985718
1335,1385,0.15738636255264282,0.28163397312164307,58.079158782958984,0.4902331829071045
1336,628,0.07136363536119461,0.2818810045719147,59.83040237426758,0.4562858045101166
1337,666,0.07568182051181793,0.23383159935474396,56.28936004638672,0.5115383267402649
1338,1263,0.1435227245092392,0.2752678394317627,57.01767349243164,0.505560576915741
1339,405,0.04602272808551788,0.38817298412323,59.41245651245117,0.4713817536830902
1340,1151,0.1307954490184784,0.2632802426815033,59.23259735107422,0.47276660799980164
1341,787,0.08943181484937668,0.25814375281333923,54.59319305419922,0.5396899580955505
1342,383,0.043522726744413376,0.253234326839447,54.37703323364258,0.5420268774032593
1343,1217,0.13829545676708221,0.2639668881893158,58.96514892578125,0.4746657907962799
1344,549,0.06238636374473572,0.25887617468833923,51.99399948120117,0.5659033060073853
1345,795,0.09034091234207153,0.2728346288204193,62.376705169677734,0.4304332733154297
1346,1239,0.14079545438289642,0.22800862789154053,56.10181427001953,0.5147344470024109
1347,376,0.0427272729575634,0.3455304205417633,58.6750373840332,0.48024579882621765
1348,1251,0.1421590894460678,0.22793827950954437,57.017372131347656,0.5045085549354553
1349,678,0.07704545557498932,0.2209920734167099,56.2452507019043,0.5051600337028503
1350,531,0.06034090742468834,0.25450414419174194,54.694480895996094,0.5379056334495544
1351,1099,0.12488636374473572,0.2638508975505829,56.72148513793945,0.5073577165603638
1352,432,0.0490909107029438,0.25311893224716187,57.14222717285156,0.5014199018478394
1353,1057,0.12011363357305527,0.3024069666862488,57.80894470214844,0.4923630952835083
1354,1043,0.11852272599935532,0.2546985447406769,58.614280700683594,0.48571380972862244
1355,348,0.0395454540848732,0.3011259138584137,52.6209602355957,0.5638885498046875
1356,1250,0.14204545319080353,0.25534337759017944,58.14554214477539,0.4882737398147583
1357,582,0.06613636016845703,0.22460626065731049,56.27727508544922,0.5106435418128967
1358,711,0.08079545199871063,0.23742353916168213,54.28932571411133,0.5478106141090393
1359,1300,0.14772726595401764,0.2638271450996399,54.560638427734375,0.537214994430542
1360,374,0.042500000447034836,0.3370656371116638,57.23423385620117,0.49875718355178833
1361,1189,0.1351136416196823,0.24291352927684784,54.87224197387695,0.5320532321929932
1362,711,0.08079545199871063,0.24601395428180695,54.19378662109375,0.542280375957489
1363,422,0.04795454442501068,0.22662825882434845,62.24969482421875,0.4359078109264374
1364,1131,0.12852272391319275,0.2431066781282425,56.472068786621094,0.5102251768112183
1365,542,0.06159090995788574,0.2752355635166168,56.42810821533203,0.5161519050598145
1366,888,0.10090909153223038,0.2911286950111389,59.004154205322266,0.47465768456459045
1367,1260,0.14318181574344635,0.23421050608158112,60.48344421386719,0.4573479890823364
1368,358,0.04068181663751602,0.31527647376060486,58.20408630371094,0.48603740334510803
1369,1337,0.15193182229995728,0.25629928708076477,60.39421463012695,0.45813873410224915
1370,667,0.07579545676708221,0.2505258321762085,59.09062957763672,0.480516254901886
1371,660,0.07500000298023224,0.2522171139717102,58.03395462036133,0.49324432015419006
1372,1099,0.12488636374473572,0.287227988243103,60.78860855102539,0.45481714606285095
1373,410,0.046590909361839294,0.36235547065734863,49.84134292602539,0.5801795125007629
1374,1156,0.1313636302947998,0.28410112857818604,56.08415985107422,0.5099702477455139
1375,868,0.09863636642694473,0.24124200642108917,58.575862884521484,0.47790470719337463
1376,364,0.041363637894392014,0.2339189648628235,53.36188507080078,0.5522238612174988
1377,1155,0.13124999403953552,0.23991164565086365,57.55217742919922,0.49390748143196106
1378,559,0.06352272629737854,0.23546165227890015,56.51358413696289,0.5183925628662109
1379,758,0.0861363634467125,0.23727519810199738,57.91390609741211,0.4897323250770569
1380,1263,0.1435227245092392,0.25318485498428345,55.8128776550293,0.519911527633667
1381,382,0.043409090489149094,0.32528549432754517,57.62624740600586,0.48433202505111694
1382,1233,0.14011363685131073,0.21654921770095825,55.17988204956055,0.5239909291267395
1383,695,0.07897727191448212,0.21667365729808807,53.892486572265625,0.5445879101753235
1384,481,0.05465909093618393,0.25012335181236267,58.92755126953125,0.48000314831733704
1385,1055,0.1198863610625267,0.24747544527053833,56.759883880615234,0.5068426132202148
1386,464,0.05272727087140083,0.30245089530944824,61.360958099365234,0.44603005051612854
1387,972,0.11045454442501068,0.2580581307411194,59.41207504272461,0.4714912176132202
1388,1132,0.12863636016845703,0.2920544743537903,57.3377571105957,0.5009816288948059
1389,336,0.03818181902170181,0.3169342875480652,57.48954391479492,0.4999024569988251
1390,1390,0.15795454382896423,0.2571859359741211,54.249290466308594,0.5382956266403198
1391,613,0.06965909153223038,0.2816910743713379,58.0693359375,0.4897631108760834
1392,722,0.08204545825719833,0.2692393958568573,56.169925689697266,0.5136793255805969
1393,1275,0.14488635957241058,0.28237244486808777,56.628326416015625,0.5120015144348145
1394,403,0.04579545557498932,0.3211069107055664,62.34796142578125,0.43085977435112
1395,1175,0.13352273404598236,0.2566213607788086,56.6505241394043,0.5089272260665894
1396,771,0.08761363476514816,0.26566022634506226,57.44024658203125,0.5028928518295288
1397,420,0.04772727191448212,0.23485416173934937,54.21065902709961,0.537368655204773
1398,1116,0.12681818008422852,0.23845793306827545,57.36317443847656,0.5018696784973145
1399,567,0.0644318163394928,0.25932687520980835,59.27812194824219,0.471091628074646
1400,831,0.0944318175315857,0.31957700848579407,54.75375747680664,0.5391417741775513
1401,1218,0.1384090930223465,0.23302778601646423,54.32307052612305,0.542063295841217
1402,354,0.04022727161645889,0.35274702310562134,56.997314453125,0.5099919438362122
1403,1336,0.151818186044693,0.24363818764686584,55.773319244384766,0.5218572616577148
1404,677,0.07693181931972504,0.21497894823551178,53.5554313659668,0.5505133271217346
1405,595,0.0676136389374733,0.2397518754005432,55.755088806152344,0.5239250659942627
1406,1033,0.1173863634467125,0.25787588953971863,57.832149505615234,0.49038487672805786
1407,429,0.04874999821186066,0.3028525412082672,54.17148208618164,0.5448483824729919
1408,1091,0.12397727370262146,0.2934023141860962,56.587947845458984,0.507901132106781
1409,1010,0.114772729575634,0.2515197694301605,56.11616134643555,0.5183819532394409
1410,349,0.03965909034013748,0.30474647879600525,59.483585357666016,0.4734605848789215
1411,1142,0.12977272272109985,0.2639201581478119,61.344791412353516,0.44656211137771606
1412,567,0.0644318163394928,0.24827030301094055,59.762332916259766,0.46901679039001465
1413,752,0.0854545459151268,0.23378951847553253,55.931522369384766,0.5197790265083313
1414,1253,0.14238636195659637,0.2749258577823639,59.249088287353516,0.47229689359664917
1415,381,0.04329545423388481,0.3330449163913727,57.76691818237305,0.49623990058898926
1416,1212,0.1377272754907608,0.2612245976924896,56.656185150146484,0.5065759420394897
1417,737,0.08375000208616257,0.23677685856819153,58.64413833618164,0.47816526889801025
1418,453,0.05147727206349373,0.22073513269424438,59.0970573425293,0.47304391860961914
1419,1108,0.12590909004211426,0.24220098555088043,56.09625244140625,0.5180259943008423
1420,509,0.05784090980887413,0.2888515591621399,56.24373245239258,0.5123147964477539
1421,893,0.10147727280855179,0.28444311022758484,53.76640701293945,0.5498517751693726
1422,1191,0.13534091413021088,0.2437785565853119,57.38840103149414,0.49706169962882996
1423,341,0.038750000298023224,0.3568275272846222,54.72965621948242,0.5265085101127625
1424,1368,0.15545454621315002,0.26904696226119995,57.7473030090332,0.49622973799705505
1425,666,0.07568182051181793,0.2839624881744385,59.19556427001953,0.4776599407196045
1426,709,0.08056817948818207,0.2595028281211853,51.08643341064453,0.5804329514503479
1427,1162,0.1320454478263855,0.23773349821567535,57.5973014831543,0.49245789647102356
1428,432,0.0490909107029438,0.3165583312511444,57.90325164794922,0.4915792644023895
1429,1144,0.12999999523162842,0.2524647116661072,57.934932708740234,0.4918062388896942
1430,906,0.10295454412698746,0.24503681063652039,54.64301300048828,0.537341296672821
1431,408,0.04636363685131073,0.2392873615026474,59.29975509643555,0.4772104322910309
1432,1113,0.12647727131843567,0.21828344464302063,56.71199417114258,0.5048537254333496
1433,565,0.06420454382896423,0.26094141602516174,60.922019958496094,0.45216214656829834
1434,827,0.09397727251052856,0.3042392432689667,57.39777755737305,0.499341756105423
1435,1259,0.14306817948818207,0.2631949484348297,57.295738220214844,0.4951888918876648
1436,377,0.04284090921282768,0.3637183904647827,60.295650482177734,0.4593425989151001
1437,1267,0.14397726953029633,0.21968258917331696,53.01528549194336,0.5552272796630859
1438,688,0.07818181812763214,0.2693135738372803,59.42965316772461,0.47303280234336853
1439,528,0.05999999865889549,0.24854126572608948,55.541282653808594,0.5264825224876404
1440,1049,0.11920454353094101,0.24457012116909027,54.680850982666016,0.5320324897766113
1441,452,0.051363635808229446,0.29991549253463745,57.7684440612793,0.48914188146591187
1442,983,0.11170454323291779,0.2693527042865753,58.013153076171875,0.4900452792644501
1443,1074,0.12204545736312866,0.2534414827823639,57.19608688354492,0.5036808252334595
1444,341,0.038750000298023224,0.3550625145435333,56.239952087402344,0.5119745135307312
1445,1186,0.13477273285388947,0.24884817004203796,57.2845573425293,0.4982934296131134
1446,576,0.06545454263687134,0.23266898095607758,56.7535400390625,0.5058675408363342
1447,746,0.08477272838354111,0.24820397794246674,58.556827545166016,0.4832068085670471
1448,1194,0.13568182289600372,0.24388982355594635,57.76544189453125,0.49852222204208374
1449,405,0.04602272808551788,0.33085718750953674,61.894351959228516,0.4420154094696045
1450,1165,0.13238635659217834,0.23689137399196625,56.582759857177734,0.5097917914390564
1451,742,0.08431818336248398,0.22489994764328003,59.05705642700195,0.4806500971317291
1452,451,0.051249999552965164,0.24860526621341705,56.76803207397461,0.5107823610305786
1453,1099,0.12488636374473572,0.23513326048851013,57.46990966796875,0.5001117587089539
1454,567,0.0644318163394928,0.2718241214752197,60.37375259399414,0.4576447308063507
1455,852,0.09681817889213562,0.2719215154647827,54.38592529296875,0.5365185737609863
1456,1197,0.13602273166179657,0.26148030161857605,57.494773864746094,0.49546998739242554
1457,350,0.039772726595401764,0.3779939115047455,58.54815673828125,0.4763936400413513
1458,1361,0.15465909242630005,0.27472901344299316,54.92848205566406,0.5317422747612
1459,696,0.0790909081697464,0.23557507991790771,59.300086975097656,0.46196478605270386
1460,643,0.07306817919015884,0.2803453505039215,57.83991622924805,0.4904160499572754
1461,1036,0.11772727221250534,0.22723887860774994,54.401763916015625,0.5342895984649658
1462,430,0.04886363819241524,0.30533480644226074,59.67543029785156,0.4642796218395233
1463,1079,0.12261363863945007,0.2824946641921997,58.04934310913086,0.4907973110675812
1464,959,0.10897727310657501,0.2544322907924652,54.69306945800781,0.5359319448471069
1465,383,0.043522726744413376,0.2578769028186798,57.93592834472656,0.48520007729530334
1466,1075,0.12215909361839294,0.24973101913928986,57.709014892578125,0.49886554479599
1467,556,0.0631818175315857,0.2406022697687149,55.86545944213867,0.521681010723114
1468,807,0.09170454740524292,0.25416696071624756,59.19200134277344,0.47626155614852905
1469,1208,0.13727273046970367,0.26650261878967285,59.314491271972656,0.47472357749938965
1470,373,0.042386364191770554,0.35416287183761597,57.62555694580078,0.4975898861885071
1471,1189,0.1351136416196823,0.22552490234375,58.82916259765625,0.48096007108688354
1472,768,0.08727272599935532,0.24690690636634827,54.46235656738281,0.5342509150505066
1473,510,0.05795454606413841,0.2562284767627716,53.25810241699219,0.5518569350242615
1474,1026,0.11659090965986252,0.24217748641967773,56.66505813598633,0.5085157155990601
1475,495,0.05624999850988388,0.33053451776504517,55.59121322631836,0.5225295424461365
1476,903,0.10261363536119461,0.2667504847049713,52.4625244140625,0.5579262971878052
1477,1123,0.1276136338710785,0.23675821721553802,56.072139739990234,0.5192398428916931
1478,340,0.03863636404275894,0.3016923666000366,60.864437103271484,0.44849643111228943
1479,1293,0.14693181216716766,0.272582471370697,56.11638259887695,0.5143794417381287
1480,652,0.07409090548753738,0.2527296543121338,54.56319046020508,0.5386312007904053
1481,746,0.08477272838354111,0.26395630836486816,53.48898696899414,0.5515528321266174
1482,1131,0.12852272391319275,0.24353483319282532,58.53721237182617,0.4819592833518982
1483,438,0.049772728234529495,0.33267903327941895,54.584537506103516,0.5302081108093262
1484,1124,0.12772727012634277,0.26651716232299805,59.789485931396484,0.4650580883026123
1485,843,0.09579545259475708,0.23873406648635864,58.45479202270508,0.4862866997718811
1486,412,0.04681818187236786,0.22203215956687927,58.81692886352539,0.48074984550476074
1487,1056,0.11999999731779099,0.22620338201522827,54.47871780395508,0.5379488468170166
1488,571,0.06488636136054993,0.2457285374403,53.82642364501953,0.5410725474357605
1489,850,0.09659090638160706,0.24522849917411804,56.140167236328125,0.5163949131965637
1490,1176,0.13363637030124664,0.2378922998905182,58.636199951171875,0.480714350938797
1491,352,0.03999999910593033,0.3285057246685028,55.1496467590332,0.5338329076766968
1492,1333,0.15147727727890015,0.2636997103691101,53.941871643066406,0.5429913997650146
1493,749,0.08511363714933395,0.22739319503307343,55.17564010620117,0.5227782726287842
1494,592,0.06727273017168045,0.22662481665611267,55.89007568359375,0.5182172656059265
1495,976,0.11090908944606781,0.24634836614131927,56.1558952331543,0.5135331153869629
1496,453,0.05147727206349373,0.31405359506607056,61.304290771484375,0.45084476470947266
1497,1000,0.11363636702299118,0.2796526551246643,56.34493637084961,0.5137523412704468
1498,1037,0.11784090846776962,0.240478053689003,58.94590759277344,0.4818112254142761
1499,364,0.041363637894392014,0.24578209221363068,63.06474685668945,0.4260443449020386
1500,1087,0.12352272868156433,0.21886251866817474,59.858760833740234,0.470333993434906
1501,563,0.06397727131843567,0.242034450173378,57.945167541503906,0.49937158823013306
1502,787,0.08943181484937668,0.2708253860473633,56.319732666015625,0.5091055035591125
1503,1116,0.12681818008422852,0.24611957371234894,57.96637725830078,0.48799023032188416
1504,387,0.043977271765470505,0.3291358947753906,54.67506408691406,0.526971161365509
1505,1156,0.1313636302947998,0.2554832398891449,57.60934829711914,0.49419236183166504
1506,787,0.08943181484937668,0.23879024386405945,57.31532287597656,0.4997536242008209
1507,476,0.05409090965986252,0.20601268112659454,54.97890090942383,0.5293870568275452
1508,1021,0.11602272838354111,0.23310208320617676,57.69235610961914,0.4983976483345032
1509,541,0.06147727370262146,0.27105870842933655,57.02716827392578,0.5067748427391052
1510,872,0.09909091144800186,0.2566088140010834,57.03622055053711,0.5051730275154114
1511,1146,0.13022726774215698,0.23749388754367828,57.001243591308594,0.5051286816596985
1512,347,0.03943181782960892,0.36013707518577576,57.167686462402344,0.499127596616745
1513,1383,0.15715909004211426,0.2965018153190613,56.77107620239258,0.5059865713119507
1514,693,0.07874999940395355,0.2547430098056793,60.075740814208984,0.46033498644828796
1515,704,0.07999999821186066,0.2556250989437103,58.70101547241211,0.4825083017349243
1516,1005,0.11420454829931259,0.22679834067821503,56.495513916015625,0.5068274736404419
1517,444,0.05045454576611519,0.3274019658565521,62.61768341064453,0.42265886068344116
1518,1077,0.12238636612892151,0.27004435658454895,54.499427795410156,0.5378021001815796
1519,912,0.10363636165857315,0.23207136988639832,54.73789978027344,0.5375846028327942
1520,402,0.04568181931972504,0.3117676079273224,51.13164138793945,0.5740128755569458
1521,1047,0.11897727102041245,0.23690491914749146,56.20527267456055,0.5163955688476562
1522,563,0.06397727131843567,0.22445441782474518,55.78511428833008,0.5227885246276855
1523,859,0.0976136326789856,0.24887670576572418,55.22297286987305,0.5278538465499878
1524,1174,0.13340909779071808,0.2452944815158844,53.209693908691406,0.5544812679290771
1525,369,0.041931819170713425,0.31924498081207275,56.330787658691406,0.5094207525253296
1526,1251,0.1421590894460678,0.2774437367916107,57.6573600769043,0.49375149607658386
1527,761,0.08647727221250534,0.2596789598464966,54.15386199951172,0.5480695366859436
1528,575,0.06534090638160706,0.24965141713619232,59.60104751586914,0.47041282057762146
1529,978,0.11113636195659637,0.22739529609680176,56.47355270385742,0.515076220035553
1530,486,0.05522727221250534,0.3027680516242981,52.548255920410156,0.556344211101532
1531,894,0.10159090906381607,0.2419731169939041,54.9398193359375,0.5302508473396301
1532,1093,0.12420454621315002,0.24607343971729279,54.628875732421875,0.534872829914093
1533,344,0.03909090906381607,0.27992621064186096,54.38650131225586,0.5414291620254517
1534,1136,0.12909090518951416,0.2948104739189148,58.41104507446289,0.4890574514865875
1535,644,0.07318181544542313,0.25569647550582886,57.74844741821289,0.4947736859321594
1536,812,0.09227272868156433,0.2819362282752991,58.378395080566406,0.48629459738731384
1537,1050,0.11931817978620529,0.2227524369955063,57.915382385253906,0.49325335025787354
1538,442,0.050227273255586624,0.35801076889038086,57.9752311706543,0.49041318893432617
1539,1111,0.1262499988079071,0.253764271736145,55.99256896972656,0.5146088004112244
1540,858,0.09749999642372131,0.24300646781921387,57.93108367919922,0.488672137260437
1541,439,0.04988636448979378,0.30126675963401794,52.74924087524414,0.569340705871582
1542,1030,0.11704545468091965,0.2355165034532547,59.2792854309082,0.47211432456970215
1543,563,0.06397727131843567,0.25810718536376953,59.159080505371094,0.47672039270401
1544,876,0.09954545646905899,0.2715963125228882,62.03435516357422,0.43608272075653076
1545,1139,0.129431813955307,0.23862400650978088,58.76441955566406,0.47681254148483276
1546,355,0.040340907871723175,0.3418416380882263,55.04706573486328,0.5234765410423279
1547,1359,0.15443181991577148,0.2732938230037689,55.426979064941406,0.5289785265922546
1548,751,0.08534090965986252,0.21817553043365479,56.449676513671875,0.5116925239562988
1549,685,0.0778409093618393,0.2702368497848511,54.17544937133789,0.5422224402427673
1550,984,0.11181817948818207,0.21924762427806854,56.297767639160156,0.5149656534194946
1551,468,0.05318181961774826,0.2890247106552124,57.485748291015625,0.5032095909118652
1552,1018,0.11568181961774826,0.2790137231349945,54.662052154541016,0.5349429845809937
1553,988,0.1122727245092392,0.24699965119361877,57.79983901977539,0.4967834949493408
1554,401,0.045568183064460754,0.2116994708776474,58.442195892333984,0.48664015531539917
1555,1050,0.11931817978620529,0.21671698987483978,55.79185104370117,0.5172083377838135
1556,556,0.0631818175315857,0.251066118478775,57.72945785522461,0.4925885498523712
1557,865,0.09829545766115189,0.27457574009895325,58.218875885009766,0.49086591601371765
1558,1099,0.12488636374473572,0.2511672079563141,56.78522491455078,0.5054455995559692
1559,391,0.044431816786527634,0.3541513681411743,58.18739700317383,0.49085143208503723
1560,1138,0.12931817770004272,0.25016894936561584,59.32699966430664,0.47432249784469604
1561,794,0.09022727608680725,0.22421322762966156,57.71272659301758,0.5006254315376282
1562,516,0.058636363595724106,0.25603389739990234,59.07158279418945,0.4789685010910034
1563,1021,0.11602272838354111,0.2404785305261612,54.8353385925293,0.5354950428009033
1564,518,0.05886363610625267,0.2769935429096222,58.49089050292969,0.48128923773765564
1565,888,0.10090909153223038,0.2423439621925354,58.2013053894043,0.489353209733963
1566,1110,0.12613636255264282,0.23802967369556427,55.703189849853516,0.5273443460464478
1567,339,0.03852272778749466,0.31559082865715027,56.521034240722656,0.5103980898857117
1568,1287,0.14624999463558197,0.27298280596733093,59.791236877441406,0.46821361780166626
1569,683,0.07761363685131073,0.22665928304195404,57.78512954711914,0.49872052669525146
1570,810,0.09204545617103577,0.3020971417427063,54.00872802734375,0.5454625487327576
1571,1023,0.11625000089406967,0.23046241700649261,57.54496383666992,0.49967771768569946
1572,474,0.053863637149333954,0.37251558899879456,57.882755279541016,0.4943574070930481
1573,1102,0.12522727251052856,0.28254279494285583,58.650516510009766,0.4830339550971985
1574,925,0.10511363297700882,0.24392536282539368,55.911460876464844,0.5179221630096436
1575,422,0.04795454442501068,0.22562214732170105,57.03706359863281,0.4992448389530182
1576,1060,0.12045454233884811,0.2573609948158264,58.446556091308594,0.4800524115562439
1577,560,0.06363636255264282,0.2684052884578705,57.969825744628906,0.4998796284198761
1578,882,0.10022727400064468,0.29346200823783875,54.09355926513672,0.542829692363739
1579,1123,0.1276136338710785,0.24912677705287933,57.45218276977539,0.49949589371681213
1580,383,0.043522726744413376,0.33506545424461365,54.06294250488281,0.5408602356910706
1581,1248,0.14181818068027496,0.26614490151405334,55.44171142578125,0.5314845442771912
1582,780,0.0886363610625267,0.23137731850147247,56.443115234375,0.5197684168815613
1583,615,0.06988636404275894,0.20605115592479706,58.418704986572266,0.4871929883956909
1584,1001,0.11375000327825546,0.22954963147640228,55.62187957763672,0.5242078900337219
1585,498,0.05659090727567673,0.2800382673740387,60.004798889160156,0.4602639675140381
1586,939,0.10670454800128937,0.2516844868659973,57.87497329711914,0.4880380928516388
1587,1042,0.11840908974409103,0.24701574444770813,56.775569915771484,0.495512992143631
1588,378,0.042954545468091965,0.28085577487945557,58.12750244140625,0.48637473583221436
1589,1037,0.11784090846776962,0.24882934987545013,54.3527946472168,0.5328179597854614
1590,630,0.07159090787172318,0.24928610026836395,59.3144416809082,0.47382399439811707
1591,892,0.1013636365532875,0.2739444077014923,57.036861419677734,0.5050897002220154
1592,1019,0.11579545587301254,0.22583873569965363,56.225677490234375,0.5104422569274902
1593,455,0.05170454457402229,0.30230340361595154,59.974769592285156,0.46195778250694275
1594,1142,0.12977272272109985,0.26355600357055664,61.89683532714844,0.4384143352508545
1595,831,0.0944318175315857,0.19427429139614105,55.42681121826172,0.5296066999435425
1596,471,0.05352272838354111,0.24066904187202454,53.60586166381836,0.5402122139930725
1597,1033,0.1173863634467125,0.213914155960083,59.60541915893555,0.4746032953262329
1598,522,0.0593181811273098,0.28629589080810547,56.89033126831055,0.5164059400558472
1599,890,0.10113636404275894,0.23065361380577087,56.6681022644043,0.5043877363204956
1600,1083,0.1230681836605072,0.22525489330291748,60.331241607666016,0.46032997965812683
1601,358,0.04068181663751602,0.30819395184516907,59.503787994384766,0.47040560841560364
1602,1274,0.1447727233171463,0.26496079564094543,56.177757263183594,0.5176912546157837
1603,746,0.08477272838354111,0.23252378404140472,58.002052307128906,0.49018627405166626
1604,750,0.08522727340459824,0.284649521112442,56.77592086791992,0.5083727240562439
1605,995,0.11306817829608917,0.22155599296092987,56.68052673339844,0.5065740346908569
1606,486,0.05522727221250534,0.30930182337760925,54.393028259277344,0.5465840101242065
1607,1060,0.12045454233884811,0.24864685535430908,57.27414321899414,0.5000884532928467
1608,938,0.10659091174602509,0.23683135211467743,61.04253387451172,0.44671502709388733
1609,416,0.04727272689342499,0.25305643677711487,53.47758483886719,0.5512323975563049
1610,1004,0.11409091204404831,0.24586036801338196,57.778202056884766,0.4950942099094391
1611,573,0.06511363387107849,0.24730508029460907,50.27963638305664,0.5975529551506042
1612,900,0.10227272659540176,0.2572241425514221,54.16737365722656,0.533383846282959
1613,1089,0.1237500011920929,0.2545710802078247,60.428001403808594,0.4577701985836029
1614,410,0.046590909361839294,0.3469076156616211,58.110347747802734,0.4878857731819153
1615,1209,0.13738636672496796,0.2741376757621765,54.59162902832031,0.5348621010780334
1616,818,0.09295454621315002,0.2050684690475464,55.4711799621582,0.5178329944610596
1617,580,0.06590908765792847,0.21374991536140442,58.758201599121094,0.4763476252555847
1618,1003,0.11397727578878403,0.23528344929218292,57.209197998046875,0.5034611225128174
1619,511,0.058068182319402695,0.2687036693096161,58.007415771484375,0.48853692412376404
1620,867,0.09852273017168045,0.24088343977928162,55.20878219604492,0.525459349155426
1621,1032,0.11727272719144821,0.2540735900402069,57.809139251708984,0.4906189739704132
1622,378,0.042954545468091965,0.2555566728115082,56.314292907714844,0.521011233329773
1623,1105,0.1255681812763214,0.3144478499889374,61.89686965942383,0.4361189305782318
1624,669,0.07602272927761078,0.24428626894950867,62.15201187133789,0.433475524187088
1625,911,0.10352272540330887,0.3246555030345917,54.66136932373047,0.5322946310043335
1626,1051,0.11943181604146957,0.22771164774894714,56.93308639526367,0.5053607821464539
1627,495,0.05624999850988388,0.3104126751422882,57.24586486816406,0.5040192604064941
1628,1130,0.12840908765792847,0.2751119136810303,59.18989944458008,0.4805625081062317
1629,893,0.10147727280855179,0.21411100029945374,59.446022033691406,0.46883687376976013
1630,451,0.051249999552965164,0.29262325167655945,60.166587829589844,0.46283212304115295
1631,1006,0.11431818455457687,0.24806281924247742,60.18390655517578,0.457755446434021
1632,542,0.06159090995788574,0.2518399953842163,58.03095626831055,0.49689385294914246
1633,901,0.10238636285066605,0.25123825669288635,54.4691047668457,0.5386469960212708
1634,1075,0.12215909361839294,0.2497120052576065,55.912574768066406,0.5194761157035828
1635,391,0.044431816786527634,0.34794002771377563,57.76863098144531,0.496686190366745
1636,1227,0.13943181931972504,0.268000066280365,59.2789306640625,0.4731881022453308
1637,792,0.09000000357627869,0.23428262770175934,56.248558044433594,0.5115810632705688
1638,676,0.07681818306446075,0.22510838508605957,58.706764221191406,0.47763511538505554
1639,1018,0.11568181961774826,0.2460254579782486,57.8159294128418,0.49709123373031616
1640,515,0.058522727340459824,0.2456820160150528,61.08647155761719,0.44936028122901917
1641,991,0.11261363327503204,0.2801957428455353,57.56196212768555,0.4948248267173767
1642,982,0.1115909069776535,0.24112915992736816,57.03093719482422,0.5059239864349365
1643,397,0.045113638043403625,0.24637679755687714,55.68025207519531,0.5170350670814514
1644,1004,0.11409091204404831,0.25846219062805176,54.78879165649414,0.5376068949699402
1645,631,0.07170454412698746,0.27693843841552734,57.35099411010742,0.49556437134742737
1646,925,0.10511363297700882,0.2798662781715393,55.49006652832031,0.5202547907829285
1647,999,0.1135227307677269,0.2320534586906433,55.72780227661133,0.5210235714912415
1648,482,0.05477272719144821,0.3587506413459778,58.81120300292969,0.4840589165687561
1649,1114,0.12659090757369995,0.26195549964904785,57.342018127441406,0.4968274235725403
1650,850,0.09659090638160706,0.2167256623506546,56.008934020996094,0.5165817737579346
1651,537,0.06102272868156433,0.24356622993946075,55.90190887451172,0.5180152058601379
1652,1009,0.11465909332036972,0.2519463002681732,58.685272216796875,0.48197871446609497
1653,545,0.06193181872367859,0.2521613538265228,54.20481491088867,0.5415379405021667
1654,906,0.10295454412698746,0.2566252648830414,56.03896713256836,0.5134566426277161
1655,1040,0.11818181723356247,0.27826014161109924,55.4797248840332,0.5225375890731812
1656,372,0.04227272793650627,0.41376927495002747,57.3659782409668,0.5019458532333374
1657,1168,0.1327272653579712,0.2346910983324051,55.31972885131836,0.5262055397033691
1658,731,0.08306818455457687,0.2200482189655304,54.12366485595703,0.5379476547241211
1659,840,0.09545454382896423,0.31920352578163147,54.92406463623047,0.5339072942733765
1660,1053,0.11965908855199814,0.23760904371738434,56.87192153930664,0.5050646662712097
1661,524,0.059545453637838364,0.28436994552612305,53.33358383178711,0.5523654222488403
1662,1072,0.1218181848526001,0.2729160785675049,56.75395584106445,0.5043113231658936
1663,936,0.10636363923549652,0.2433517724275589,56.10402297973633,0.5157933831214905
1664,427,0.04852272570133209,0.22849923372268677,63.168426513671875,0.41756466031074524
1665,989,0.11238636076450348,0.21906717121601105,57.98904037475586,0.4970705211162567
1666,568,0.06454545259475708,0.2486446052789688,55.9525146484375,0.5226976871490479
1667,894,0.10159090906381607,0.2658979892730713,54.00371551513672,0.5383402109146118
1668,1034,0.11749999970197678,0.2287956327199936,59.12789535522461,0.47999757528305054
1669,425,0.04829545319080353,0.33992594480514526,59.51810836791992,0.4649200439453125
1670,1159,0.13170453906059265,0.2778184711933136,55.483463287353516,0.5274395942687988
1671,844,0.09590908885002136,0.20896093547344208,58.43500518798828,0.48446810245513916
1672,635,0.07215908914804459,0.25902995467185974,58.23643493652344,0.4886796176433563
1673,984,0.11181817948818207,0.25959694385528564,57.80535888671875,0.4970579147338867
1674,570,0.06477272510528564,0.2812049388885498,56.967926025390625,0.49492406845092773
1675,890,0.10113636404275894,0.23987574875354767,60.613311767578125,0.45312535762786865
1676,985,0.11193181574344635,0.2638815939426422,60.95846176147461,0.45749589800834656
1677,400,0.04545454680919647,0.2900839149951935,59.30796432495117,0.4740276336669922
1678,1070,0.12159091234207153,0.25995975732803345,59.4556770324707,0.4755358099937439
1679,687,0.07806818187236786,0.2453993558883667,59.24702072143555,0.4780477285385132
1680,957,0.10875000059604645,0.33057883381843567,55.783870697021484,0.5216804146766663
1681,971,0.1103409081697464,0.23099344968795776,54.983253479003906,0.5294268727302551
1682,515,0.058522727340459824,0.33627092838287354,58.189361572265625,0.4950306713581085
1683,1080,0.12272727489471436,0.27306556701660156,57.25157165527344,0.500342607498169
1684,891,0.10125000029802322,0.2252584844827652,57.04441833496094,0.5048540830612183
1685,505,0.057386364787817,0.2585790753364563,61.3278923034668,0.4434909224510193
1686,1002,0.11386363953351974,0.24494226276874542,56.34407043457031,0.5195010900497437
1687,568,0.06454545259475708,0.2455589920282364,58.02455139160156,0.4994848668575287
1688,907,0.10306818038225174,0.2708589434623718,58.47043991088867,0.4784797430038452
1689,1039,0.11806818097829819,0.26407426595687866,59.27444839477539,0.4762897789478302
1690,417,0.04738636314868927,0.3351976275444031,58.306278228759766,0.4868603050708771
1691,1149,0.13056817650794983,0.2469601035118103,60.543216705322266,0.4569445550441742
1692,800,0.09090909361839294,0.2547314465045929,56.55257797241211,0.5036632418632507
1693,777,0.08829545229673386,0.29127711057662964,57.58186721801758,0.49541178345680237
1694,1003,0.11397727578878403,0.2842175364494324,59.47525405883789,0.47109538316726685
1695,582,0.06613636016845703,0.26374608278274536,56.711669921875,0.5096344947814941
1696,1004,0.11409091204404831,0.2622045576572418,55.63420104980469,0.525949239730835
1697,947,0.10761363804340363,0.2262560874223709,51.27655029296875,0.5785248279571533
1698,422,0.04795454442501068,0.2684676945209503,52.5335578918457,0.5569182634353638
1699,942,0.10704545676708221,0.2450864166021347,59.15397644042969,0.4796384274959564
1700,641,0.07284090667963028,0.2732345461845398,60.559959411621094,0.4617067277431488
1701,961,0.10920454561710358,0.29997381567955017,55.75252914428711,0.5175960063934326
1702,947,0.10761363804340363,0.2537834644317627,62.56752395629883,0.4290757179260254
1703,502,0.057045456022024155,0.3594997525215149,57.96000289916992,0.4967295229434967
1704,1092,0.12409090995788574,0.28899091482162476,59.50507736206055,0.4724206030368805
1705,856,0.09727272391319275,0.24007055163383484,61.114627838134766,0.45006707310676575
1706,579,0.06579545140266418,0.2847687304019928,59.61751937866211,0.47591662406921387
1707,929,0.10556818544864655,0.23992744088172913,54.33637237548828,0.5385999083518982
1708,582,0.06613636016845703,0.2592453956604004,55.84310531616211,0.5208719968795776
1709,873,0.09920454770326614,0.24090057611465454,56.25632858276367,0.5102887153625488
1710,1003,0.11397727578878403,0.3231104910373688,56.75690841674805,0.5052005648612976
1711,436,0.04954545572400093,0.35155004262924194,54.6400146484375,0.5353367924690247
1712,1110,0.12613636255264282,0.26840996742248535,54.838645935058594,0.5332649350166321
1713,717,0.08147726953029633,0.2478683441877365,55.08933639526367,0.529159426689148
1714,918,0.10431817919015884,0.30221113562583923,51.71774673461914,0.5698454976081848
1715,1013,0.11511363834142685,0.24536709487438202,57.4718017578125,0.4972039461135864
1716,540,0.06136363744735718,0.2873782217502594,53.2540283203125,0.5423614978790283
1717,1040,0.11818181723356247,0.2513373792171478,57.920509338378906,0.49444180727005005
1718,871,0.09897727519273758,0.22946064174175262,53.93850326538086,0.5453135371208191
1719,494,0.0561363622546196,0.2544698417186737,56.80291748046875,0.5069250464439392
1720,982,0.1115909069776535,0.2689138650894165,56.34160614013672,0.5116196274757385
1721,583,0.06624999642372131,0.24097135663032532,61.11935806274414,0.4524964988231659
1722,889,0.10102272778749466,0.26423949003219604,54.9439811706543,0.5285674929618835
1723,978,0.11113636195659637,0.26948031783103943,56.58918762207031,0.5128108859062195
1724,423,0.04806818068027496,0.3245146870613098,56.679317474365234,0.514694094657898
1725,1071,0.12170454859733582,0.225897878408432,56.165611267089844,0.5179812908172607
1726,841,0.09556818008422852,0.22372274100780487,59.65378952026367,0.4672907590866089
1727,692,0.07863636314868927,0.2602624297142029,59.5146369934082,0.4690636396408081
1728,941,0.10693182051181793,0.2629334032535553,61.5836296081543,0.4392545521259308
1729,594,0.06750000268220901,0.25795987248420715,59.67295455932617,0.4701378345489502
1730,928,0.10545454174280167,0.2610228359699249,57.35554122924805,0.4960602819919586
1731,943,0.1071590930223465,0.26876604557037354,56.556827545166016,0.5161353945732117
1732,440,0.05000000074505806,0.286490797996521,57.09095001220703,0.5001464486122131
1733,1005,0.11420454829931259,0.23425771296024323,55.68970489501953,0.5234576463699341
1734,705,0.08011363446712494,0.25065913796424866,56.31058883666992,0.5208334922790527
1735,959,0.10897727310657501,0.3730102777481079,59.77589416503906,0.47058314085006714
1736,941,0.10693182051181793,0.23718510568141937,59.45659255981445,0.469978004693985
1737,518,0.05886363610625267,0.31328868865966797,56.556480407714844,0.5068009495735168
1738,1069,0.12147727608680725,0.26736992597579956,52.85360336303711,0.5562117099761963
1739,843,0.09579545259475708,0.2470988780260086,58.64139938354492,0.4835428297519684
1740,510,0.05795454606413841,0.2845216989517212,54.45710754394531,0.5322594046592712
1741,903,0.10261363536119461,0.22355763614177704,59.623897552490234,0.4624311029911041
1742,609,0.06920454651117325,0.28646621108055115,56.320621490478516,0.5174745321273804
1743,877,0.09965909272432327,0.2689274251461029,56.30461120605469,0.5155656933784485
1744,991,0.11261363327503204,0.26719191670417786,57.38468551635742,0.49980229139328003
1745,430,0.04886363819241524,0.3606651723384857,60.36263656616211,0.4602767527103424
1746,1109,0.12602272629737854,0.2623830735683441,58.3255615234375,0.48727816343307495
1747,785,0.08920454233884811,0.24661201238632202,57.53911209106445,0.49379897117614746
1748,892,0.1013636365532875,0.3504773676395416,61.29056930541992,0.44539836049079895
1749,949,0.10784091055393219,0.27895885705947876,60.93844223022461,0.4535377323627472
1750,582,0.06613636016845703,0.25582757592201233,52.65123748779297,0.5618628263473511
1751,1023,0.11625000089406967,0.27569451928138733,58.36446762084961,0.4867480397224426
1752,887,0.1007954552769661,0.25218966603279114,58.69295120239258,0.4776524007320404
1753,499,0.05670454725623131,0.3443041741847992,59.77970504760742,0.466272234916687
1754,974,0.11068181693553925,0.2422497719526291,57.45901107788086,0.5025247931480408
1755,635,0.07215908914804459,0.2515574097633362,56.57010269165039,0.5161595344543457
1756,940,0.10681818425655365,0.3555821478366852,57.81924819946289,0.48736849427223206
1757,938,0.10659091174602509,0.2501915693283081,59.58210372924805,0.4682745933532715
1758,464,0.05272727087140083,0.3318118453025818,57.983177185058594,0.48826178908348083
1759,1041,0.11829545348882675,0.28950878977775574,56.31949996948242,0.5146961212158203
1760,824,0.09363636374473572,0.2409418374300003,55.08421325683594,0.5281580686569214
1761,616,0.07000000029802322,0.3238074779510498,54.50560760498047,0.5397550463676453
1762,920,0.10454545170068741,0.21772566437721252,55.80763244628906,0.5165235996246338
1763,616,0.07000000029802322,0.28084924817085266,56.391658782958984,0.5114718079566956
1764,931,0.10579545795917511,0.25389713048934937,59.29393005371094,0.47548916935920715
1765,935,0.10625000298023224,0.2697266936302185,57.43678665161133,0.5032814145088196
1766,437,0.04965909197926521,0.3423233926296234,56.70124816894531,0.5073981881141663
1767,1025,0.11647727340459824,0.23968355357646942,54.82541275024414,0.5333778858184814
1768,752,0.0854545459151268,0.2773028016090393,59.078182220458984,0.47767359018325806
1769,950,0.10795454680919647,0.3176986277103424,55.95981216430664,0.5205270051956177
1770,977,0.11102272570133209,0.24543257057666779,59.8742790222168,0.4650549590587616
1771,548,0.062272727489471436,0.29725706577301025,60.65334701538086,0.4529927968978882
1772,1035,0.11761363595724106,0.26830577850341797,58.27909851074219,0.48292776942253113
1773,860,0.09772727638483047,0.2461708039045334,58.519718170166016,0.48113876581192017
1774,510,0.05795454606413841,0.29399949312210083,55.63089370727539,0.5211136341094971
1775,937,0.1064772754907608,0.24378477036952972,53.569725036621094,0.5497477650642395
1776,623,0.0707954540848732,0.25955718755722046,53.99238967895508,0.5476757287979126
1777,898,0.1020454540848732,0.275432288646698,57.26744079589844,0.5022501349449158
1778,982,0.1115909069776535,0.2912675738334656,56.70361328125,0.508952796459198
1779,437,0.04965909197926521,0.44150128960609436,55.96211624145508,0.5258036255836487
1780,1073,0.12193182110786438,0.2669873535633087,55.96329879760742,0.5172626376152039
1781,846,0.09613636136054993,0.2581319510936737,59.895965576171875,0.4656209349632263
1782,757,0.08602272719144821,0.31239020824432373,55.708377838134766,0.5185567736625671
1783,909,0.1032954528927803,0.2935827672481537,56.9749755859375,0.5039079189300537
1784,615,0.06988636404275894,0.29735878109931946,59.64413833618164,0.46926864981651306
1785,972,0.11045454442501068,0.28676819801330566,57.160545349121094,0.5022115707397461
1786,883,0.10034091025590897,0.26393288373947144,50.724891662597656,0.5901983380317688
1787,449,0.0510227270424366,0.28289639949798584,60.79249954223633,0.4515850245952606
1788,966,0.10977272689342499,0.2356337308883667,54.339393615722656,0.541955292224884
1789,696,0.0790909081697464,0.2429908961057663,53.760765075683594,0.5416463017463684
1790,971,0.1103409081697464,0.29045936465263367,56.86472702026367,0.5082535147666931
1791,989,0.11238636076450348,0.262180358171463,57.21428680419922,0.49859556555747986
1792,521,0.05920454487204552,0.2779516577720642,54.795536041259766,0.5297347903251648
1793,1012,0.11500000208616257,0.2680514454841614,54.990821838378906,0.5285274982452393
1794,839,0.09534090757369995,0.26084986329078674,56.576114654541016,0.5113033652305603
1795,561,0.0637499988079071,0.35184556245803833,58.01421356201172,0.49345290660858154
1796,920,0.10454545170068741,0.25226736068725586,59.49163818359375,0.4727013111114502
1797,640,0.072727270424366,0.2725922465324402,60.23889923095703,0.4630548059940338
1798,963,0.10943181812763214,0.2960670590400696,58.52834701538086,0.48640310764312744
1799,966,0.10977272689342499,0.2874462902545929,60.176876068115234,0.46323445439338684
1800,430,0.04886363819241524,0.36534810066223145,52.637123107910156,0.5617300271987915
1801,1000,0.11363636702299118,0.2830946743488312,57.11219024658203,0.5032748579978943
1802,795,0.09034091234207153,0.2550133764743805,53.78940963745117,0.5488247871398926
1803,950,0.10795454680919647,0.30645447969436646,56.59192657470703,0.5146490931510925
1804,891,0.10125000029802322,0.2512626647949219,56.911712646484375,0.506979763507843
1805,607,0.06897727400064468,0.2769308388233185,60.39351272583008,0.456770122051239
1806,1026,0.11659090965986252,0.27351394295692444,56.969451904296875,0.5096110701560974
1807,834,0.09477272629737854,0.2720854878425598,54.37770080566406,0.5355029702186584
1808,533,0.0605681836605072,0.33686578273773193,60.46925735473633,0.4610448479652405
1809,900,0.10227272659540176,0.27561113238334656,57.760154724121094,0.4908219873905182
1810,671,0.07625000178813934,0.28587964177131653,58.43983459472656,0.4873684048652649
1811,952,0.10818181931972504,0.27170947194099426,58.81978225708008,0.47587189078330994
1812,961,0.10920454561710358,0.2570962607860565,58.237220764160156,0.4862753748893738
1813,455,0.05170454457402229,0.35864630341529846,58.66945266723633,0.4763849973678589
1814,995,0.11306817829608917,0.2444191873073578,58.47993087768555,0.48644548654556274
1815,837,0.09511363506317139,0.2754552662372589,57.03914260864258,0.4986836016178131
1816,714,0.08113636076450348,0.30686894059181213,58.38209533691406,0.4838603436946869
1817,893,0.10147727280855179,0.2866598069667816,59.16408157348633,0.47776949405670166
1818,624,0.07090909034013748,0.292698472738266,58.32208251953125,0.4920237958431244
1819,1017,0.11556818336248398,0.2717272937297821,56.156585693359375,0.5145637392997742
1820,921,0.10465908795595169,0.28859850764274597,57.03947448730469,0.5022366046905518
1821,425,0.04829545319080353,0.346384733915329,60.06216049194336,0.4660814702510834
1822,940,0.10681818425655365,0.25117257237434387,58.45923614501953,0.4875946342945099
1823,755,0.08579545468091965,0.28471317887306213,59.82121658325195,0.4604105055332184
1824,970,0.11022727191448212,0.302828848361969,58.482154846191406,0.4889508783817291
1825,932,0.10590909421443939,0.27849891781806946,55.7579345703125,0.5210404396057129
1826,554,0.06295454502105713,0.2931689918041229,57.669620513916016,0.4876902401447296
1827,1009,0.11465909332036972,0.28471440076828003,59.55059051513672,0.4702136814594269
1828,827,0.09397727251052856,0.27205660939216614,57.464698791503906,0.4929463863372803
1829,581,0.06602272391319275,0.30037248134613037,55.599456787109375,0.5276287794113159
1830,866,0.09840909391641617,0.27912622690200806,57.93868637084961,0.4940395653247833
1831,662,0.0752272754907608,0.3083660900592804,57.80088806152344,0.49297598004341125
1832,915,0.103977270424366,0.25632795691490173,54.79277420043945,0.538625180721283
1833,959,0.10897727310657501,0.2809727191925049,58.657894134521484,0.48465681076049805
1834,442,0.050227273255586624,0.32905223965644836,55.58096694946289,0.5200112462043762
1835,875,0.09943182021379471,0.2309575229883194,58.16727066040039,0.48843449354171753
1836,835,0.09488636255264282,0.2893669903278351,59.45418167114258,0.47301292419433594
1837,839,0.09534090757369995,0.30678749084472656,54.21234893798828,0.5305792093276978
1838,845,0.09602272510528564,0.26060765981674194,58.83620071411133,0.4822327494621277
1839,618,0.07022727280855179,0.2957974970340729,59.786502838134766,0.4731196463108063
1840,1099,0.12488636374473572,0.27689698338508606,57.52170944213867,0.5013982057571411
1841,891,0.10125000029802322,0.2715403139591217,57.36810302734375,0.4926469326019287
1842,459,0.05215908959507942,0.35031306743621826,53.688289642333984,0.5492722392082214
1843,854,0.09704545140266418,0.27309608459472656,59.92525100708008,0.4657393991947174
1844,701,0.07965908944606781,0.29116836190223694,63.22248840332031,0.42148932814598083
1845,1011,0.11488636583089828,0.31241995096206665,57.492366790771484,0.48847496509552
1846,1006,0.11431818455457687,0.27187955379486084,55.84859085083008,0.5227447748184204
1847,524,0.059545453637838364,0.3407362401485443,60.56322479248047,0.45725739002227783
1848,981,0.11147727072238922,0.3061363995075226,62.48493576049805,0.43044450879096985
1849,830,0.09431818127632141,0.26010438799858093,60.456756591796875,0.4609661400318146
1850,697,0.07920454442501068,0.3056431710720062,57.51498031616211,0.49766841530799866
1851,801,0.09102272987365723,0.26031479239463806,56.75343704223633,0.5107735395431519
1852,625,0.07102272659540176,0.28560081124305725,55.63776779174805,0.5262249708175659
1853,1033,0.1173863634467125,0.28188687562942505,57.494232177734375,0.4986933171749115
1854,937,0.1064772754907608,0.27606257796287537,60.4231071472168,0.45979616045951843
1855,487,0.05534090846776962,0.3206462264060974,58.528377532958984,0.48205798864364624
1856,913,0.10374999791383743,0.3029147684574127,57.134700775146484,0.5049748420715332
1857,756,0.08590909093618393,0.27475565671920776,53.801639556884766,0.5371593236923218
1858,898,0.1020454540848732,0.3426225483417511,58.88727951049805,0.4865472614765167
1859,836,0.0949999988079071,0.24331721663475037,58.404571533203125,0.4886186122894287
1860,619,0.07034090906381607,0.2814347743988037,56.6640625,0.5007326006889343
1861,1006,0.11431818455457687,0.2696269452571869,59.15237045288086,0.4767722487449646
1862,874,0.09931818395853043,0.27034440636634827,56.883365631103516,0.5025051236152649
1863,487,0.05534090846776962,0.27582255005836487,62.41101837158203,0.4257022440433502
1864,833,0.09465909004211426,0.2972773015499115,56.11186599731445,0.5143842101097107
1865,695,0.07897727191448212,0.2900199890136719,56.06373596191406,0.5175703763961792
1866,936,0.10636363923549652,0.2583838403224945,58.81892776489258,0.4798392951488495
1867,984,0.11181817948818207,0.3139354884624481,58.3895149230957,0.4887808561325073
1868,487,0.05534090846776962,0.3362972140312195,57.674713134765625,0.4936274588108063
1869,950,0.10795454680919647,0.26474812626838684,56.61818313598633,0.5124353766441345
1870,832,0.09454545378684998,0.28717276453971863,59.339515686035156,0.47472113370895386
1871,777,0.08829545229673386,0.3324943780899048,58.0286979675293,0.49311089515686035
1872,767,0.08715908974409103,0.24326662719249725,59.32437515258789,0.47615963220596313
1873,613,0.06965909153223038,0.3333570957183838,55.4234619140625,0.5210000872612
1874,1107,0.12579545378684998,0.28697335720062256,62.54983139038086,0.4295883774757385
1875,916,0.10409090667963028,0.32486653327941895,58.432621002197266,0.4852913022041321
1876,454,0.05159090831875801,0.31372278928756714,54.493656158447266,0.5424269437789917
1877,834,0.09477272629737854,0.2679751515388489,60.52423095703125,0.4538717269897461
1878,758,0.0861363634467125,0.29120221734046936,55.46391677856445,0.5261237025260925
1879,934,0.10613636672496796,0.3013555705547333,54.8742790222168,0.5368766784667969
1880,840,0.09545454382896423,0.2531455457210541,54.67913055419922,0.5318002700805664
1881,576,0.06545454263687134,0.3350745141506195,53.344425201416016,0.5488969087600708
1882,998,0.11340909451246262,0.3070247173309326,55.19666290283203,0.533345639705658
1883,896,0.10181818157434464,0.3247778117656708,53.87146759033203,0.549209713935852
1884,669,0.07602272927761078,0.33471205830574036,57.127784729003906,0.5019038319587708
1885,775,0.08806817978620529,0.2960496246814728,51.73581314086914,0.574126124382019
1886,643,0.07306817919015884,0.2880434989929199,60.273250579833984,0.4628612995147705
1887,971,0.1103409081697464,0.26285845041275024,52.89313507080078,0.5561293959617615
1888,989,0.11238636076450348,0.31042295694351196,56.271331787109375,0.5160467028617859
1889,465,0.052840910851955414,0.33877646923065186,57.135772705078125,0.5028467178344727
1890,821,0.09329545497894287,0.31524425745010376,58.735206604003906,0.4770759344100952
1891,801,0.09102272987365723,0.3216824531555176,55.24199295043945,0.5280196070671082
1892,869,0.09875000268220901,0.35564467310905457,55.14035415649414,0.531385064125061
1893,776,0.08818181604146957,0.28083211183547974,57.66269302368164,0.49384787678718567
1894,600,0.06818182021379471,0.33910542726516724,57.13888168334961,0.5011060833930969
1895,1068,0.12136363983154297,0.2873658537864685,58.44050598144531,0.4752626419067383
1896,929,0.10556818544864655,0.3126370906829834,55.49689865112305,0.5259382128715515
1897,483,0.054886363446712494,0.32046279311180115,58.9371337890625,0.48568660020828247
1898,765,0.08693181723356247,0.32685014605522156,58.192474365234375,0.49006909132003784
1899,741,0.0842045471072197,0.3100394308567047,56.219234466552734,0.5151711702346802
1900,990,0.11249999701976776,0.3184749186038971,59.40862274169922,0.4731141924858093
1901,836,0.0949999988079071,0.29674214124679565,56.2938232421875,0.5100759267807007
1902,535,0.06079545617103577,0.3458763659000397,58.82870864868164,0.4805959463119507
1903,928,0.10545454174280167,0.29331016540527344,60.99991226196289,0.45672041177749634
1904,899,0.10215909034013748,0.3306746780872345,57.266693115234375,0.5004964470863342
1905,762,0.08659090846776962,0.3227963149547577,58.61773681640625,0.4873389005661011
1906,725,0.08238636702299118,0.2730655372142792,58.50761413574219,0.4913993775844574
1907,612,0.0695454552769661,0.2964022159576416,54.42998123168945,0.545633852481842
1908,1085,0.12329545617103577,0.2658138871192932,53.72189712524414,0.546941876411438
1909,978,0.11113636195659637,0.3081704378128052,57.150081634521484,0.5007506608963013
1910,465,0.052840910851955414,0.33651331067085266,57.05416488647461,0.505250096321106
1911,743,0.08443181961774826,0.34372901916503906,57.39520263671875,0.5011296272277832
1912,800,0.09090909361839294,0.32916972041130066,56.475006103515625,0.5154371857643127
1913,881,0.1001136377453804,0.31329286098480225,54.850006103515625,0.5296044945716858
1914,722,0.08204545825719833,0.25785475969314575,57.31111145019531,0.4987697899341583
1915,568,0.06454545259475708,0.3258005976676941,60.664669036865234,0.4570558965206146
1916,952,0.10818181931972504,0.2974452078342438,54.11225128173828,0.539543867111206
1917,933,0.10602273046970367,0.3177456557750702,60.35176467895508,0.4602038264274597
1918,589,0.0669318214058876,0.30901622772216797,54.81996536254883,0.5318936109542847
1919,743,0.08443181961774826,0.27976366877555847,54.041648864746094,0.5413803458213806
1920,644,0.07318181544542313,0.30397704243659973,60.64866256713867,0.45527487993240356
1921,916,0.10409090667963028,0.2649712562561035,54.979766845703125,0.5301180481910706
1922,965,0.1096590906381607,0.314976304769516,61.68898010253906,0.44009408354759216
1923,499,0.05670454725623131,0.3453499674797058,55.56623077392578,0.5222529172897339
1924,831,0.0944318175315857,0.33831867575645447,55.66756820678711,0.5239918828010559
1925,851,0.09670454263687134,0.3079805076122284,58.63845443725586,0.4806820750236511
1926,809,0.09193181991577148,0.3326689600944519,57.85450744628906,0.49359333515167236
1927,714,0.08113636076450348,0.2509027123451233,57.51080322265625,0.49642500281333923
1928,600,0.06818182021379471,0.293638676404953,56.52393341064453,0.5035948753356934
1929,994,0.11295454204082489,0.2801508605480194,60.183685302734375,0.4668525159358978
1930,946,0.10750000178813934,0.2805682122707367,56.861595153808594,0.5091894268989563
1931,488,0.055454544723033905,0.4153790771961212,54.21646499633789,0.5390254259109497
1932,743,0.08443181961774826,0.40249794721603394,59.0590934753418,0.47779330611228943
1933,776,0.08818181604146957,0.3887661099433899,56.62876510620117,0.5071328282356262
1934,912,0.10363636165857315,0.30819496512413025,58.795074462890625,0.4793660342693329
1935,683,0.07761363685131073,0.2740963399410248,54.179847717285156,0.5389742255210876
1936,573,0.06511363387107849,0.3402557671070099,56.138607025146484,0.5191323161125183
1937,823,0.09352272748947144,0.2950386703014374,55.56238555908203,0.5196441411972046
1938,916,0.10409090667963028,0.3297732174396515,56.03540802001953,0.5193102359771729
1939,640,0.072727270424366,0.34595173597335815,54.14751434326172,0.536982536315918
1940,677,0.07693181931972504,0.255074143409729,58.85750961303711,0.4808654189109802
1941,635,0.07215908914804459,0.32938164472579956,51.67134094238281,0.5738852620124817
1942,1040,0.11818181723356247,0.26463237404823303,57.51582717895508,0.49997571110725403
1943,963,0.10943181812763214,0.32283538579940796,59.905113220214844,0.46354958415031433
1944,520,0.059090908616781235,0.36392995715141296,59.975372314453125,0.4607059955596924
1945,755,0.08579545468091965,0.38719478249549866,59.638214111328125,0.4660385847091675
1946,819,0.0930681824684143,0.3224085867404938,56.38258743286133,0.5097865462303162
1947,899,0.10215909034013748,0.3234148621559143,57.92230987548828,0.49931544065475464
1948,657,0.07465909421443939,0.29076263308525085,55.90654754638672,0.5190879106521606
1949,601,0.06829545646905899,0.33333820104599,59.16533660888672,0.4703651964664459
1950,961,0.10920454561710358,0.3007623255252838,61.047142028808594,0.450691282749176
1951,933,0.10602273046970367,0.3315877616405487,59.316017150878906,0.46997544169425964
1952,575,0.06534090638160706,0.3319672644138336,54.355411529541016,0.5429000854492188
1953,708,0.08045454323291779,0.32166317105293274,55.95245361328125,0.5169147253036499
1954,669,0.07602272927761078,0.301573246717453,59.79969024658203,0.46445232629776
1955,957,0.10875000059604645,0.3556494116783142,54.7158203125,0.5405662655830383
1956,624,0.07090909034013748,0.30558767914772034,57.77233123779297,0.4956727623939514
1957,549,0.06238636374473572,0.34583714604377747,52.2801628112793,0.5642039775848389
1958,730,0.08295454829931259,0.2673666179180145,54.878868103027344,0.5283553600311279
1959,867,0.09852273017168045,0.3581515848636627,51.353187561035156,0.5789632797241211
1960,672,0.07636363804340363,0.3292885422706604,57.712703704833984,0.49756598472595215
1961,638,0.07249999791383743,0.3063579499721527,56.69086837768555,0.5106521844863892
1962,628,0.07136363536119461,0.2910148501396179,58.43151092529297,0.4863884747028351
1963,955,0.10852272808551788,0.26694098114967346,56.99020004272461,0.5040515661239624
1964,871,0.09897727519273758,0.3384954333305359,57.96206283569336,0.4929053783416748
1965,511,0.058068182319402695,0.35783031582832336,56.744789123535156,0.5078237056732178
1966,637,0.07238636165857315,0.4209361970424652,60.83880615234375,0.45079824328422546
1967,745,0.08465909212827682,0.3133860230445862,57.07173156738281,0.5020186901092529
1968,803,0.09125000238418579,0.33035093545913696,58.87154769897461,0.4765489399433136
1969,601,0.06829545646905899,0.30809837579727173,53.541465759277344,0.5458197593688965
1970,592,0.06727273017168045,0.343176931142807,58.11374282836914,0.49043264985084534
1971,762,0.08659090846776962,0.3570326864719391,58.52736282348633,0.4790385365486145
1972,912,0.10363636165857315,0.32324424386024475,51.25638198852539,0.5794299840927124
1973,572,0.06499999761581421,0.3320281207561493,56.87448501586914,0.5065788626670837
1974,612,0.0695454552769661,0.31677669286727905,57.334228515625,0.5017722845077515
1975,601,0.06829545646905899,0.31928396224975586,59.676944732666016,0.4680674374103546
1976,913,0.10374999791383743,0.343572735786438,59.343719482421875,0.4758645296096802
1977,647,0.07352272421121597,0.3335716426372528,54.952537536621094,0.5229941606521606
1978,533,0.0605681836605072,0.3244059979915619,56.31100845336914,0.5154567360877991
1979,661,0.07511363923549652,0.3329022526741028,53.5156135559082,0.551300585269928
1980,775,0.08806817978620529,0.2961995601654053,56.773597717285156,0.5084343552589417
1981,595,0.0676136389374733,0.37598806619644165,58.55131149291992,0.48012450337409973
1982,578,0.0656818151473999,0.30663782358169556,56.222042083740234,0.5184241533279419
1983,594,0.06750000268220901,0.32367098331451416,58.154388427734375,0.49047183990478516
1984,777,0.08829545229673386,0.3295062482357025,60.22418975830078,0.46006572246551514
1985,699,0.07943181693553925,0.3059825003147125,58.180152893066406,0.4880918264389038
1986,526,0.05977272614836693,0.36547377705574036,52.251564025878906,0.5674152970314026
1987,648,0.07363636046648026,0.28072863817214966,53.32460021972656,0.5495700240135193
1988,687,0.07806818187236786,0.31227239966392517,57.86656951904297,0.4948072135448456
1989,597,0.06784091144800186,0.32296237349510193,58.286224365234375,0.4893680214881897
1990,563,0.06397727131843567,0.3293461203575134,61.06340026855469,0.4549519419670105
1991,589,0.0669318214058876,0.3488066494464874,58.1097412109375,0.4953979551792145
1992,690,0.0784090906381607,0.296446293592453,58.587432861328125,0.490355908870697
1993,699,0.07943181693553925,0.2952067255973816,60.70824432373047,0.4549327492713928
1994,568,0.06454545259475708,0.3801248073577881,57.5819091796875,0.495045930147171
1995,594,0.06750000268220901,0.27514418959617615,59.99235916137695,0.4669104218482971
1996,617,0.0701136365532875,0.3040013015270233,55.91272735595703,0.5241251587867737
1997,656,0.07454545795917511,0.3443955183029175,54.34716033935547,0.5373747944831848
1998,621,0.07056818157434464,0.2887781858444214,58.05979537963867,0.4842551052570343
1999,519,0.05897727236151695,0.37015753984451294,57.13368606567383,0.5027227401733398
2000,632,0.07181818038225174,0.30036425590515137,61.59211730957031,0.441411554813385
2001,688,0.07818181812763214,0.2823824882507324,58.68551254272461,0.47940072417259216
2002,537,0.06102272868156433,0.3566746711730957,57.73432159423828,0.4982408285140991
2003,573,0.06511363387107849,0.33464810252189636,54.22635269165039,0.5351268649101257
2004,602,0.06840909272432327,0.29500994086265564,58.63535690307617,0.48322030901908875
2005,565,0.06420454382896423,0.33121511340141296,58.07951354980469,0.49392494559288025
2006,655,0.07443182170391083,0.3174435496330261,55.859519958496094,0.5138174295425415
2007,522,0.0593181811273098,0.35931751132011414,53.59540557861328,0.5515252947807312
2008,613,0.06965909153223038,0.3553420901298523,49.434486389160156,0.6045123338699341
2009,641,0.07284090667963028,0.2980889081954956,54.18251037597656,0.5473625659942627
2010,562,0.06386363506317139,0.3320252299308777,56.529457092285156,0.5115159153938293
2011,580,0.06590908765792847,0.32167866826057434,54.43479919433594,0.5435537695884705
2012,554,0.06295454502105713,0.35181012749671936,54.67831039428711,0.5347344279289246
2013,607,0.06897727400064468,0.30740049481391907,57.55610275268555,0.495374858379364
2014,661,0.07511363923549652,0.3072296977043152,56.49622344970703,0.5059577226638794
2015,519,0.05897727236151695,0.38414400815963745,56.38053894042969,0.5125869512557983
2016,572,0.06499999761581421,0.29286375641822815,59.00602340698242,0.4763956665992737
2017,600,0.06818182021379471,0.3130161464214325,57.28093719482422,0.5021448731422424
2018,611,0.06943181902170181,0.35756248235702515,59.151466369628906,0.4766884744167328
2019,604,0.06863636523485184,0.2960728406906128,60.338096618652344,0.463792622089386
2020,508,0.05772727355360985,0.3905884921550751,55.98120880126953,0.5198084712028503
2021,597,0.06784091144800186,0.33753344416618347,52.16310501098633,0.5669910311698914
2022,640,0.072727270424366,0.33053040504455566,51.51890182495117,0.5688505172729492
2023,532,0.06045454367995262,0.34362471103668213,61.58064270019531,0.4445301592350006
2024,570,0.06477272510528564,0.32272079586982727,57.358116149902344,0.5046049356460571
2025,590,0.06704545766115189,0.34277474880218506,53.374942779541016,0.5503966808319092
2026,546,0.06204545497894287,0.30098623037338257,60.84400939941406,0.4547401964664459
2027,594,0.06750000268220901,0.3270304501056671,61.66190719604492,0.439601868391037
2028,482,0.05477272719144821,0.38380780816078186,63.11762619018555,0.42340269684791565
2029,569,0.06465908885002136,0.2998174726963043,57.28853225708008,0.5010727047920227
2030,596,0.06772727519273758,0.29399755597114563,55.56476593017578,0.5221898555755615
2031,584,0.0663636326789856,0.28769537806510925,57.80161666870117,0.4965652525424957
2032,563,0.06397727131843567,0.3044970631599426,64.73217010498047,0.4048742651939392
2033,538,0.06113636493682861,0.37861236929893494,56.27131652832031,0.5167333483695984
2034,570,0.06477272510528564,0.31297290325164795,55.717002868652344,0.5200034976005554
2035,613,0.06965909153223038,0.34930598735809326,57.36063766479492,0.5011947154998779
2036,491,0.05579545348882675,0.3361739218235016,56.828407287597656,0.5078165531158447
2037,556,0.0631818175315857,0.30871906876564026,61.557891845703125,0.4427199363708496
2038,563,0.06397727131843567,0.3811090886592865,55.802398681640625,0.5132670402526855
2039,551,0.06261363625526428,0.3170059323310852,58.85097122192383,0.4802260994911194
2040,562,0.06386363506317139,0.26725462079048157,59.30681610107422,0.4787488579750061
2041,508,0.05772727355360985,0.40489888191223145,57.85163116455078,0.49301397800445557
2042,551,0.06261363625526428,0.2888862192630768,51.89152145385742,0.5725052952766418
2043,547,0.06215909123420715,0.31620854139328003,58.83843994140625,0.4767278730869293
2044,509,0.05784090980887413,0.344037801027298,58.2621955871582,0.4887084364891052
2045,532,0.06045454367995262,0.285919725894928,57.05458450317383,0.4991031289100647
2046,544,0.06181818246841431,0.34480932354927063,56.26919174194336,0.5083227157592773
2047,545,0.06193181872367859,0.2789146900177002,58.041664123535156,0.48741045594215393
