sample_idx,hit_count,hit_ratio,rmse_hit,angle_mean_deg_hit,cos_mean_hit
0,97,0.04736328125,0.3527848422527313,56.23865509033203,0.5107448697090149
1,88,0.04296875,0.3251551687717438,58.02595520019531,0.48790785670280457
2,92,0.044921875,0.3333520293235779,58.2080192565918,0.48661190271377563
3,107,0.05224609375,0.3448891341686249,56.664737701416016,0.5053989887237549
4,118,0.0576171875,0.34201470017433167,55.835052490234375,0.5231819748878479
5,135,0.06591796875,0.37359461188316345,55.49614334106445,0.5199400186538696
6,158,0.0771484375,0.3623269200325012,52.77661895751953,0.5629060864448547
7,147,0.07177734375,0.3484214246273041,58.56865310668945,0.4861864447593689
8,157,0.07666015625,0.3559302091598511,58.59021759033203,0.48627617955207825
9,164,0.080078125,0.36357519030570984,57.09673309326172,0.504505455493927
10,178,0.0869140625,0.35121241211891174,58.534481048583984,0.4860557019710541
11,206,0.1005859375,0.3354659378528595,57.83430099487305,0.4946622848510742
12,185,0.09033203125,0.33477383852005005,56.98006820678711,0.5090832114219666
13,192,0.09375,0.33146724104881287,56.82911682128906,0.5099926590919495
14,261,0.12744140625,0.29057222604751587,58.134742736816406,0.49135416746139526
15,340,0.166015625,0.2656373083591461,56.83202362060547,0.5072242617607117
16,337,0.16455078125,0.25476306676864624,56.995201110839844,0.5045532584190369
17,290,0.1416015625,0.3018391728401184,56.51280975341797,0.5098226070404053
18,262,0.1279296875,0.2795163691043854,57.24848937988281,0.5021077990531921
19,254,0.1240234375,0.26439329981803894,56.722007751464844,0.506937563419342
20,220,0.107421875,0.3008972108364105,56.873416900634766,0.504664421081543
21,227,0.11083984375,0.2581992447376251,55.65047836303711,0.5169642567634583
22,226,0.1103515625,0.2483041137456894,56.332496643066406,0.5085187554359436
23,233,0.11376953125,0.2294338047504425,59.86796569824219,0.4641173481941223
24,249,0.12158203125,0.2240343540906906,57.58033752441406,0.498711496591568
25,241,0.11767578125,0.22704680263996124,57.837162017822266,0.49331024289131165
26,273,0.13330078125,0.2054498791694641,59.54495620727539,0.47187888622283936
27,277,0.13525390625,0.20259703695774078,59.476959228515625,0.4700849950313568
28,349,0.17041015625,0.18566539883613586,58.72252655029297,0.47920656204223633
29,403,0.19677734375,0.19569449126720428,56.62300491333008,0.5058474540710449
30,366,0.1787109375,0.19973020255565643,55.25481414794922,0.5262980461120605
31,329,0.16064453125,0.20050841569900513,53.4830207824707,0.5490658283233643
32,318,0.1552734375,0.21385890245437622,55.16551971435547,0.5289281606674194
33,254,0.1240234375,0.23271997272968292,55.72646713256836,0.5233251452445984
34,273,0.13330078125,0.2570822834968567,56.027610778808594,0.5205711126327515
35,289,0.14111328125,0.22165758907794952,54.36137008666992,0.539324164390564
36,257,0.12548828125,0.24378012120723724,58.83683395385742,0.4810069501399994
37,278,0.1357421875,0.2401687204837799,57.5499382019043,0.49789682030677795
38,259,0.12646484375,0.2345559000968933,58.67668533325195,0.48225143551826477
39,310,0.1513671875,0.22381320595741272,58.6790885925293,0.4814165234565735
40,320,0.15625,0.33318743109703064,55.51716232299805,0.5206663012504578
41,270,0.1318359375,0.351895272731781,56.49351501464844,0.5072699189186096
42,209,0.10205078125,0.36540478467941284,55.384498596191406,0.5241850018501282
43,217,0.10595703125,0.3856690526008606,54.84202575683594,0.5301918387413025
44,210,0.1025390625,0.39457204937934875,57.59015655517578,0.4968186914920807
45,243,0.11865234375,0.4327429234981537,59.98928451538086,0.4614080786705017
46,216,0.10546875,0.43992704153060913,57.38257598876953,0.5021010637283325
47,206,0.1005859375,0.42945393919944763,61.37167739868164,0.44339969754219055
48,198,0.0966796875,0.38601255416870117,57.56576156616211,0.49505171179771423
49,185,0.09033203125,0.3802017271518707,57.63194274902344,0.49231696128845215
50,196,0.095703125,0.3874468207359314,58.792381286621094,0.4777677059173584
51,174,0.0849609375,0.4014911949634552,56.99686813354492,0.5049762725830078
52,205,0.10009765625,0.3514278531074524,58.625762939453125,0.48000234365463257
53,219,0.10693359375,0.32735270261764526,58.952392578125,0.47830331325531006
54,284,0.138671875,0.3097769320011139,58.19916915893555,0.4920726418495178
55,316,0.154296875,0.30234888195991516,57.785587310791016,0.4907233715057373
56,284,0.138671875,0.30687037110328674,58.40123748779297,0.4854251742362976
57,422,0.2060546875,0.27770110964775085,56.676368713378906,0.5058997869491577
58,273,0.13330078125,0.2867565453052521,56.52912521362305,0.5135551691055298
59,358,0.1748046875,0.27471065521240234,54.89949417114258,0.5369213819503784
60,589,0.28759765625,0.2616146504878998,56.20454406738281,0.5183115005493164
61,412,0.201171875,0.2605118453502655,55.86798095703125,0.5230425000190735
62,459,0.22412109375,0.24316930770874023,56.694847106933594,0.5114989280700684
63,387,0.18896484375,0.2631373703479767,56.29864501953125,0.5136079788208008
64,310,0.1513671875,0.2999703884124756,57.37652587890625,0.4956483840942383
65,323,0.15771484375,0.3053496181964874,54.89301300048828,0.5335332155227661
66,258,0.1259765625,0.3457629084587097,54.96010971069336,0.5293872952461243
67,249,0.12158203125,0.3670944273471832,56.223209381103516,0.5098110437393188
68,261,0.12744140625,0.3660765290260315,55.26479721069336,0.5250665545463562
69,279,0.13623046875,0.36266472935676575,55.02821731567383,0.5302626490592957
70,364,0.177734375,0.29303011298179626,54.86117172241211,0.5346307158470154
71,313,0.15283203125,0.3314470052719116,57.064327239990234,0.5024963021278381
72,282,0.1376953125,0.3313920497894287,55.93620300292969,0.5204922556877136
73,248,0.12109375,0.33137792348861694,56.75062561035156,0.5072599053382874
74,263,0.12841796875,0.36068087816238403,55.52184295654297,0.5266215205192566
75,241,0.11767578125,0.36718544363975525,54.620784759521484,0.5321585536003113
76,229,0.11181640625,0.38209080696105957,55.64177703857422,0.5244308114051819
77,226,0.1103515625,0.3815380036830902,55.411190032958984,0.5239868760108948
78,288,0.140625,0.30640918016433716,58.03512954711914,0.49205148220062256
79,279,0.13623046875,0.2993907630443573,57.588600158691406,0.49533703923225403
80,53,0.02587890625,0.47051379084587097,57.45298385620117,0.4973495304584503
81,58,0.0283203125,0.4975048303604126,61.804161071777344,0.44514399766921997
82,56,0.02734375,0.46973350644111633,59.5540885925293,0.4799819588661194
83,52,0.025390625,0.5063582062721252,57.584781646728516,0.4930986166000366
84,58,0.0283203125,0.4902823269367218,59.731536865234375,0.47382548451423645
85,55,0.02685546875,0.4770487844944,60.813602447509766,0.4598645567893982
86,57,0.02783203125,0.5060122013092041,60.12482833862305,0.4646388292312622
87,54,0.0263671875,0.49855053424835205,59.685909271240234,0.46689513325691223
88,45,0.02197265625,0.5200033187866211,58.07794952392578,0.49206650257110596
89,45,0.02197265625,0.4893624186515808,63.217159271240234,0.4281650185585022
90,44,0.021484375,0.49104222655296326,55.8034782409668,0.5251854062080383
91,46,0.0224609375,0.46538084745407104,59.9738883972168,0.47080573439598083
92,48,0.0234375,0.45777735114097595,61.158687591552734,0.4438760280609131
93,48,0.0234375,0.46010276675224304,61.69266891479492,0.4441051781177521
94,48,0.0234375,0.48451757431030273,62.3729248046875,0.4382207691669464
95,39,0.01904296875,0.48057320713996887,61.48522186279297,0.44891074299812317
96,39,0.01904296875,0.47372427582740784,54.069725036621094,0.5480644702911377
97,40,0.01953125,0.4951966404914856,58.013999938964844,0.48567160964012146
98,48,0.0234375,0.4529299736022949,60.19796371459961,0.47105416655540466
99,47,0.02294921875,0.4588228166103363,61.08000564575195,0.45010071992874146
100,43,0.02099609375,0.4871129095554352,60.526878356933594,0.4560372233390808
101,44,0.021484375,0.4792499244213104,60.2086067199707,0.4624829590320587
102,46,0.0224609375,0.4622020721435547,59.74211502075195,0.4706408977508545
103,48,0.0234375,0.4390009641647339,58.54620361328125,0.4894082546234131
104,55,0.02685546875,0.4013129770755768,60.815921783447266,0.4566839635372162
105,49,0.02392578125,0.42295190691947937,59.067283630371094,0.48578375577926636
106,51,0.02490234375,0.40764087438583374,57.01554870605469,0.5056993365287781
107,48,0.0234375,0.4354119300842285,55.710147857666016,0.5223459601402283
108,46,0.0224609375,0.4382684826850891,54.413658142089844,0.5366185307502747
109,52,0.025390625,0.38844776153564453,64.14981842041016,0.40474188327789307
110,47,0.02294921875,0.39412492513656616,64.2524185180664,0.41023752093315125
111,47,0.02294921875,0.42754480242729187,56.39883041381836,0.5119723081588745
112,43,0.02099609375,0.4306667149066925,52.91240310668945,0.5590627193450928
113,43,0.02099609375,0.41236913204193115,58.516239166259766,0.4930994212627411
114,41,0.02001953125,0.4262903928756714,60.458675384521484,0.46451959013938904
115,48,0.0234375,0.4016350507736206,58.74714660644531,0.4779512584209442
116,44,0.021484375,0.36510029435157776,58.098941802978516,0.49218451976776123
117,40,0.01953125,0.38349196314811707,58.7182731628418,0.47716546058654785
118,35,0.01708984375,0.42988118529319763,54.005531311035156,0.5493165254592896
119,47,0.02294921875,0.38399702310562134,57.076473236083984,0.48687079548835754
120,20,0.009765625,0.5467304587364197,60.812591552734375,0.4486137330532074
121,23,0.01123046875,0.5423371195793152,52.482723236083984,0.5538355112075806
122,27,0.01318359375,0.4891616702079773,49.7996826171875,0.5996432304382324
123,27,0.01318359375,0.5298491716384888,53.564361572265625,0.5476334095001221
124,25,0.01220703125,0.44030454754829407,47.288978576660156,0.618705153465271
125,24,0.01171875,0.4713665843009949,47.786041259765625,0.6144408583641052
126,17,0.00830078125,0.377085417509079,53.086769104003906,0.5638419985771179
127,18,0.0087890625,0.4348088204860687,58.69783020019531,0.4744556248188019
128,15,0.00732421875,0.41373157501220703,55.222049713134766,0.5239379405975342
129,15,0.00732421875,0.3967205286026001,45.2135124206543,0.6347874402999878
130,13,0.00634765625,0.44314044713974,65.44635772705078,0.3832467198371887
131,11,0.00537109375,0.4515157639980316,60.017574310302734,0.46733158826828003
132,10,0.0048828125,0.43874457478523254,59.03315353393555,0.4615402817726135
133,14,0.0068359375,0.5056904554367065,60.89151382446289,0.4356882870197296
134,16,0.0078125,0.4246613085269928,50.67378234863281,0.5880985260009766
135,18,0.0087890625,0.4196103513240814,62.16373825073242,0.42135199904441833
136,16,0.0078125,0.43957388401031494,45.081993103027344,0.6789237856864929
137,24,0.01171875,0.3852745592594147,66.05555725097656,0.36554431915283203
138,18,0.0087890625,0.3562496602535248,58.11366271972656,0.4849718511104584
139,21,0.01025390625,0.377285361289978,61.634578704833984,0.4481685757637024
140,13,0.00634765625,0.33595001697540283,54.258487701416016,0.5151940584182739
141,11,0.00537109375,0.3138071894645691,57.7038688659668,0.5013174414634705
142,15,0.00732421875,0.3448847532272339,57.57825469970703,0.5140098929405212
143,17,0.00830078125,0.3657452166080475,65.04581451416016,0.38739636540412903
144,9,0.00439453125,0.3787993788719177,58.34151077270508,0.4509523808956146
145,12,0.005859375,0.38115137815475464,49.00606918334961,0.6206521391868591
146,12,0.005859375,0.3850327432155609,58.43515396118164,0.49255990982055664
147,13,0.00634765625,0.39874905347824097,60.430545806884766,0.45618385076522827
148,15,0.00732421875,0.36272844672203064,56.95535659790039,0.5103800296783447
149,17,0.00830078125,0.4013848602771759,58.38288116455078,0.47668731212615967
150,21,0.01025390625,0.4376122057437897,57.24874496459961,0.4938446581363678
151,23,0.01123046875,0.4285973906517029,66.98567199707031,0.3582893908023834
152,17,0.00830078125,0.43285393714904785,60.281558990478516,0.4544110596179962
153,13,0.00634765625,0.46664220094680786,57.46018600463867,0.47436243295669556
154,13,0.00634765625,0.4728230834007263,66.51648712158203,0.37775930762290955
155,12,0.005859375,0.43168726563453674,56.41090393066406,0.5223907232284546
156,16,0.0078125,0.4131830930709839,58.96247863769531,0.4838515520095825
157,11,0.00537109375,0.46222802996635437,61.10893249511719,0.4572869539260864
158,14,0.0068359375,0.4314480721950531,53.32511520385742,0.5699499845504761
159,17,0.00830078125,0.46678426861763,67.45361328125,0.3574540317058563
160,80,0.0390625,0.4243386685848236,58.596168518066406,0.48285967111587524
161,84,0.041015625,0.45229583978652954,57.25037384033203,0.5069150328636169
162,80,0.0390625,0.4241591989994049,52.6526985168457,0.555753231048584
163,83,0.04052734375,0.4403177797794342,50.59561538696289,0.5860404372215271
164,92,0.044921875,0.4847586452960968,57.33610916137695,0.49535712599754333
165,103,0.05029296875,0.5329516530036926,56.6056022644043,0.5155242085456848
166,93,0.04541015625,0.5265758633613586,55.98060607910156,0.5141736268997192
167,96,0.046875,0.5298054218292236,55.20746994018555,0.5292564630508423
168,95,0.04638671875,0.5360080599784851,54.03367614746094,0.5398673415184021
169,92,0.044921875,0.5447402596473694,54.37856674194336,0.5320281386375427
170,105,0.05126953125,0.5471184253692627,54.34476089477539,0.540492594242096
171,92,0.044921875,0.5278813242912292,56.890342712402344,0.49541422724723816
172,82,0.0400390625,0.4735502302646637,59.95908737182617,0.4624010920524597
173,84,0.041015625,0.4719889461994171,58.06693649291992,0.48802274465560913
174,83,0.04052734375,0.5179839730262756,58.7964973449707,0.4784562587738037
175,87,0.04248046875,0.5191718339920044,56.787071228027344,0.5016999244689941
176,81,0.03955078125,0.5105538964271545,56.86578369140625,0.5040917992591858
177,93,0.04541015625,0.534402072429657,52.91179275512695,0.5607936978340149
178,88,0.04296875,0.5072615146636963,55.6675910949707,0.5258377194404602
179,94,0.0458984375,0.4943374991416931,58.13808059692383,0.4938559830188751
180,96,0.046875,0.49076056480407715,56.27934646606445,0.519795835018158
181,95,0.04638671875,0.5267286896705627,56.59622573852539,0.5039969086647034
182,98,0.0478515625,0.497296005487442,52.04005813598633,0.576777458190918
183,97,0.04736328125,0.5161705017089844,61.12444305419922,0.45733407139778137
184,90,0.0439453125,0.5136324167251587,54.46175765991211,0.5334751605987549
185,102,0.0498046875,0.4946858882904053,56.61479568481445,0.5048980116844177
186,86,0.0419921875,0.48932063579559326,54.070960998535156,0.539301872253418
187,91,0.04443359375,0.5062679648399353,57.474822998046875,0.49519190192222595
188,87,0.04248046875,0.4722977578639984,54.70383834838867,0.5361734628677368
189,82,0.0400390625,0.4861215353012085,55.67864990234375,0.5209899544715881
190,83,0.04052734375,0.4569847881793976,57.85569381713867,0.49428677558898926
191,87,0.04248046875,0.4825586676597595,57.0702018737793,0.49674102663993835
192,88,0.04296875,0.5207070708274841,57.04511642456055,0.5040748715400696
193,87,0.04248046875,0.4884932041168213,57.775203704833984,0.4959489107131958
194,84,0.041015625,0.5071893334388733,54.3094367980957,0.5370153188705444
195,89,0.04345703125,0.520541250705719,57.02785873413086,0.5036656260490417
196,93,0.04541015625,0.5093922019004822,59.26858139038086,0.4780629575252533
197,93,0.04541015625,0.5008397102355957,59.4968376159668,0.4740118980407715
198,85,0.04150390625,0.46778833866119385,52.57183074951172,0.5532781481742859
199,87,0.04248046875,0.492551326751709,57.79801559448242,0.4852749705314636
200,66,0.0322265625,0.4048595428466797,58.41118240356445,0.4778742790222168
201,68,0.033203125,0.40686991810798645,59.44893264770508,0.4710555970668793
202,70,0.0341796875,0.41728097200393677,55.27998733520508,0.5188178420066833
203,75,0.03662109375,0.40967175364494324,55.789512634277344,0.5224254131317139
204,75,0.03662109375,0.40454646944999695,55.45553970336914,0.5231549143791199
205,77,0.03759765625,0.37671396136283875,59.79061508178711,0.4691944718360901
206,75,0.03662109375,0.40471088886260986,56.49070358276367,0.5074065327644348
207,79,0.03857421875,0.39488485455513,58.99016571044922,0.47113272547721863
208,85,0.04150390625,0.41541242599487305,58.065040588378906,0.4882923364639282
209,82,0.0400390625,0.386946439743042,55.85805130004883,0.5190331935882568
210,83,0.04052734375,0.38356029987335205,61.08504867553711,0.45125293731689453
211,81,0.03955078125,0.37613222002983093,63.280338287353516,0.4215548038482666
212,86,0.0419921875,0.3769027292728424,55.30309295654297,0.5282898545265198
213,88,0.04296875,0.36761781573295593,57.52476501464844,0.4995667636394501
214,94,0.0458984375,0.3238479495048523,56.487937927246094,0.5098879933357239
215,97,0.04736328125,0.33642253279685974,55.788734436035156,0.5250691771507263
216,99,0.04833984375,0.29350703954696655,54.10273742675781,0.5422526597976685
217,103,0.05029296875,0.2671191990375519,57.971736907958984,0.48908862471580505
218,109,0.05322265625,0.2770269215106964,54.65799331665039,0.5364669561386108
219,117,0.05712890625,0.2706109881401062,57.13942337036133,0.5088316202163696
220,126,0.0615234375,0.3000662624835968,57.36211013793945,0.5010202527046204
221,141,0.06884765625,0.3026597499847412,57.86170196533203,0.49253049492836
222,139,0.06787109375,0.2951487600803375,56.25448989868164,0.510652482509613
223,127,0.06201171875,0.30947422981262207,58.767452239990234,0.48136287927627563
224,128,0.0625,0.32325977087020874,60.27912139892578,0.45875731110572815
225,141,0.06884765625,0.3455817699432373,59.8323974609375,0.4656093418598175
226,145,0.07080078125,0.3423459827899933,59.69719696044922,0.46947184205055237
227,126,0.0615234375,0.3341676890850067,59.77603530883789,0.4641609787940979
228,117,0.05712890625,0.32495391368865967,57.76887130737305,0.4913676381111145
229,109,0.05322265625,0.3336351811885834,58.6573371887207,0.4827689528465271
230,102,0.0498046875,0.32573750615119934,58.17537307739258,0.4923209846019745
231,97,0.04736328125,0.326656311750412,55.56283187866211,0.5232751369476318
232,101,0.04931640625,0.3180617392063141,57.45962142944336,0.5019157528877258
233,120,0.05859375,0.3496600389480591,59.94221878051758,0.4625506103038788
234,107,0.05224609375,0.336960107088089,56.970802307128906,0.509759783744812
235,99,0.04833984375,0.3227902352809906,58.06032943725586,0.4902600347995758
236,96,0.046875,0.33542364835739136,57.31161117553711,0.49927106499671936
237,100,0.048828125,0.35698288679122925,56.03740310668945,0.5153766870498657
238,84,0.041015625,0.3942018747329712,57.51534652709961,0.4834265410900116
239,93,0.04541015625,0.4090765118598938,57.958492279052734,0.4872896075248718
240,30,0.0146484375,0.4819802939891815,60.60371780395508,0.4402601420879364
241,29,0.01416015625,0.48019903898239136,59.14488983154297,0.482261061668396
242,28,0.013671875,0.45033547282218933,56.476463317871094,0.5139791369438171
243,28,0.013671875,0.38994666934013367,61.38824462890625,0.4491317570209503
244,30,0.0146484375,0.4591696560382843,62.3239860534668,0.4364941418170929
245,32,0.015625,0.39750736951828003,57.98521423339844,0.4806126058101654
246,33,0.01611328125,0.3718969523906708,55.687713623046875,0.5106516480445862
247,37,0.01806640625,0.3612995743751526,56.45819091796875,0.5133395195007324
248,37,0.01806640625,0.37168851494789124,58.856483459472656,0.48763594031333923
249,36,0.017578125,0.34381136298179626,59.48075866699219,0.47107207775115967
250,35,0.01708984375,0.3466045558452606,58.0761833190918,0.4999454915523529
251,34,0.0166015625,0.3471366763114929,56.90866470336914,0.5213369131088257
252,36,0.017578125,0.3728514313697815,56.52825164794922,0.516700804233551
253,35,0.01708984375,0.32087644934654236,56.68513870239258,0.5049113631248474
254,38,0.0185546875,0.3875475823879242,57.207000732421875,0.49695175886154175
255,34,0.0166015625,0.33467188477516174,60.52442932128906,0.44231101870536804
256,34,0.0166015625,0.4331139922142029,58.42341995239258,0.4806514084339142
257,35,0.01708984375,0.44484588503837585,61.5118293762207,0.4482864439487457
258,34,0.0166015625,0.4350775480270386,57.29368591308594,0.4978921115398407
259,33,0.01611328125,0.48504045605659485,61.18846130371094,0.4349552094936371
260,29,0.01416015625,0.4568811058998108,65.4369125366211,0.38110989332199097
261,33,0.01611328125,0.5133306384086609,53.558860778808594,0.5379819869995117
262,35,0.01708984375,0.48143017292022705,58.0986442565918,0.47846680879592896
263,31,0.01513671875,0.5184275507926941,61.27716827392578,0.4401027262210846
264,32,0.015625,0.5044065117835999,59.28668975830078,0.4776372015476227
265,32,0.015625,0.49048084020614624,62.319969177246094,0.4341353476047516
266,30,0.0146484375,0.4538058340549469,60.132633209228516,0.47016382217407227
267,33,0.01611328125,0.4474438726902008,58.82298278808594,0.4765567183494568
268,35,0.01708984375,0.4197165369987488,59.21100616455078,0.4811772406101227
269,31,0.01513671875,0.4633708596229553,57.0174674987793,0.49937936663627625
270,31,0.01513671875,0.42803841829299927,58.501102447509766,0.48639196157455444
271,36,0.017578125,0.43940168619155884,63.57530212402344,0.40616708993911743
272,40,0.01953125,0.4420439600944519,63.40904998779297,0.42362546920776367
273,34,0.0166015625,0.4415273368358612,58.41923904418945,0.48765507340431213
274,36,0.017578125,0.48614782094955444,62.32097625732422,0.4424065947532654
275,32,0.015625,0.4548245668411255,63.31377410888672,0.4226672351360321
276,37,0.01806640625,0.4744141697883606,64.99406433105469,0.39153820276260376
277,35,0.01708984375,0.4949796795845032,62.51338577270508,0.42358294129371643
278,32,0.015625,0.4987523555755615,64.57386779785156,0.3981364667415619
279,34,0.0166015625,0.5114970803260803,63.25010681152344,0.42583751678466797
280,75,0.03662109375,0.3650898039340973,56.75830078125,0.5054885149002075
281,76,0.037109375,0.34446215629577637,56.99132537841797,0.5038202404975891
282,75,0.03662109375,0.36930257081985474,58.169883728027344,0.4930504262447357
283,74,0.0361328125,0.3567713797092438,60.180973052978516,0.4694252908229828
284,73,0.03564453125,0.37807849049568176,59.072975158691406,0.4781204164028168
285,78,0.0380859375,0.37012383341789246,60.80377960205078,0.45493996143341064
286,81,0.03955078125,0.35423344373703003,58.99189758300781,0.4684200882911682
287,86,0.0419921875,0.34731313586235046,60.18544006347656,0.4539780616760254
288,80,0.0390625,0.3230881690979004,59.91679000854492,0.45642828941345215
289,83,0.04052734375,0.3298695385456085,60.30682373046875,0.45437052845954895
290,88,0.04296875,0.30620354413986206,57.353843688964844,0.49660661816596985
291,95,0.04638671875,0.3230912983417511,57.69896697998047,0.49245405197143555
292,92,0.044921875,0.31568384170532227,59.39663314819336,0.47298645973205566
293,83,0.04052734375,0.3479219377040863,59.18638229370117,0.4770597815513611
294,85,0.04150390625,0.32357776165008545,63.39952850341797,0.42255324125289917
295,87,0.04248046875,0.32257258892059326,55.2559700012207,0.5311930775642395
296,87,0.04248046875,0.33768489956855774,55.44978713989258,0.5242233276367188
297,89,0.04345703125,0.3169853091239929,58.28475570678711,0.4862595498561859
298,82,0.0400390625,0.3213861882686615,56.946075439453125,0.4993324279785156
299,88,0.04296875,0.26444390416145325,55.03115463256836,0.5285937190055847
300,83,0.04052734375,0.2694758474826813,55.35441589355469,0.5242017507553101
301,88,0.04296875,0.27653929591178894,53.788597106933594,0.5365334749221802
302,93,0.04541015625,0.2592334449291229,57.86722946166992,0.4922303557395935
303,89,0.04345703125,0.28629618883132935,55.183101654052734,0.5225235223770142
304,96,0.046875,0.2696661949157715,54.36207580566406,0.5320871472358704
305,100,0.048828125,0.28727641701698303,58.456058502197266,0.48236629366874695
306,100,0.048828125,0.2728545069694519,56.36772155761719,0.514966607093811
307,105,0.05126953125,0.28847095370292664,57.9705810546875,0.4902048707008362
308,100,0.048828125,0.3038460910320282,57.32986831665039,0.5005526542663574
309,106,0.0517578125,0.3145414888858795,57.74454116821289,0.4913066029548645
310,108,0.052734375,0.2979539930820465,57.76825714111328,0.48743322491645813
311,113,0.05517578125,0.27800700068473816,58.7701530456543,0.47870489954948425
312,107,0.05224609375,0.24700044095516205,61.82912826538086,0.4400542080402374
313,103,0.05029296875,0.23866644501686096,56.919342041015625,0.5106877684593201
314,116,0.056640625,0.2835840880870819,59.31006622314453,0.47654223442077637
315,106,0.0517578125,0.23698392510414124,59.833370208740234,0.46963930130004883
316,109,0.05322265625,0.23720714449882507,60.519832611083984,0.4606612026691437
317,109,0.05322265625,0.20580582320690155,58.679771423339844,0.4842475354671478
318,117,0.05712890625,0.23662592470645905,56.976924896240234,0.5051138401031494
319,115,0.05615234375,0.20752333104610443,57.83736038208008,0.49286848306655884
320,53,0.02587890625,0.46838271617889404,54.55857849121094,0.5392671823501587
321,56,0.02734375,0.4701909124851227,57.67570114135742,0.5038459897041321
322,57,0.02783203125,0.4621446430683136,57.38500213623047,0.495246946811676
323,55,0.02685546875,0.48353368043899536,54.038944244384766,0.5483967065811157
324,57,0.02783203125,0.48030588030815125,56.07620620727539,0.517743706703186
325,58,0.0283203125,0.47788625955581665,57.90843963623047,0.49866631627082825
326,64,0.03125,0.5012818574905396,53.19856643676758,0.5554378628730774
327,60,0.029296875,0.4781121611595154,56.443824768066406,0.5153484344482422
328,60,0.029296875,0.4224865436553955,58.937965393066406,0.47835519909858704
329,70,0.0341796875,0.40996888279914856,60.92463684082031,0.4428154528141022
330,66,0.0322265625,0.4456065595149994,59.228614807128906,0.47834303975105286
331,61,0.02978515625,0.4278775453567505,57.269046783447266,0.5051466822624207
332,57,0.02783203125,0.40522775053977966,53.91637420654297,0.5510262250900269
333,59,0.02880859375,0.41151300072669983,54.463436126708984,0.5412700176239014
334,60,0.029296875,0.3990961015224457,55.939266204833984,0.512438952922821
335,54,0.0263671875,0.423350989818573,56.03865432739258,0.5241767764091492
336,52,0.025390625,0.4262596368789673,56.53247833251953,0.5109246373176575
337,49,0.02392578125,0.414701372385025,56.81997299194336,0.5047165751457214
338,54,0.0263671875,0.4311121106147766,55.20962905883789,0.5291446447372437
339,56,0.02734375,0.41235896944999695,56.581336975097656,0.515497088432312
340,58,0.0283203125,0.41251519322395325,54.768028259277344,0.5369516015052795
341,58,0.0283203125,0.38605421781539917,49.968894958496094,0.5922218561172485
342,58,0.0283203125,0.40184056758880615,47.615386962890625,0.619703471660614
343,55,0.02685546875,0.4049316644668579,53.254600524902344,0.5442038774490356
344,61,0.02978515625,0.42018136382102966,55.227115631103516,0.5263396501541138
345,66,0.0322265625,0.5143446922302246,53.35054397583008,0.5569703578948975
346,63,0.03076171875,0.4965602159500122,56.22315979003906,0.5158856511116028
347,60,0.029296875,0.5088914036750793,56.16929626464844,0.5112630128860474
348,64,0.03125,0.508061408996582,54.51952362060547,0.5380908250808716
349,56,0.02734375,0.5038272738456726,55.778778076171875,0.5151909589767456
350,58,0.0283203125,0.5219301581382751,56.48365020751953,0.5113041996955872
351,54,0.0263671875,0.5009823441505432,56.05972671508789,0.5211232304573059
352,53,0.02587890625,0.500995397567749,54.67601013183594,0.5355623960494995
353,48,0.0234375,0.4983297884464264,55.1786994934082,0.538667619228363
354,55,0.02685546875,0.5419697165489197,56.6996955871582,0.5128883123397827
355,51,0.02490234375,0.5298177599906921,53.12031936645508,0.5477935671806335
356,47,0.02294921875,0.5322795510292053,55.76589584350586,0.5199607014656067
357,52,0.025390625,0.5395190119743347,54.469810485839844,0.5325067043304443
358,52,0.025390625,0.5454843044281006,51.82225799560547,0.5711907744407654
359,51,0.02490234375,0.4954407215118408,53.25740051269531,0.549387514591217
360,120,0.05859375,0.3859143853187561,58.59944534301758,0.49216172099113464
361,114,0.0556640625,0.3518673777580261,55.94255447387695,0.5272737145423889
362,101,0.04931640625,0.35128211975097656,57.58771514892578,0.49944689869880676
363,108,0.052734375,0.39699995517730713,57.803585052490234,0.4917052090167999
364,113,0.05517578125,0.39294975996017456,56.559688568115234,0.5063521862030029
365,96,0.046875,0.4336552321910858,59.38612365722656,0.4687189757823944
366,95,0.04638671875,0.44144442677497864,58.406639099121094,0.4902738034725189
367,94,0.0458984375,0.4280760586261749,59.82542037963867,0.47095030546188354
368,107,0.05224609375,0.39296767115592957,57.25931930541992,0.4977470934391022
369,110,0.0537109375,0.40526166558265686,59.99202346801758,0.46508193016052246
370,108,0.052734375,0.38395240902900696,57.57273864746094,0.49654126167297363
371,112,0.0546875,0.38413941860198975,59.49380111694336,0.47725433111190796
372,103,0.05029296875,0.38449957966804504,57.160377502441406,0.5016670823097229
373,127,0.06201171875,0.40735670924186707,57.762020111083984,0.49973422288894653
374,135,0.06591796875,0.37277552485466003,59.04937744140625,0.4824199974536896
375,132,0.064453125,0.4011499285697937,57.22214126586914,0.5016317367553711
376,123,0.06005859375,0.37084588408470154,55.47434616088867,0.5274839401245117
377,108,0.052734375,0.3797084093093872,56.525123596191406,0.5055399537086487
378,104,0.05078125,0.4027172923088074,57.534812927246094,0.5014227628707886
379,111,0.05419921875,0.4126437306404114,57.31621170043945,0.49891334772109985
380,119,0.05810546875,0.4037611186504364,59.53644561767578,0.4689493179321289
381,116,0.056640625,0.3788025975227356,57.36723709106445,0.50495845079422
382,114,0.0556640625,0.4049278199672699,57.895912170410156,0.4886617064476013
383,121,0.05908203125,0.3634642958641052,58.422306060791016,0.48148173093795776
384,121,0.05908203125,0.38364338874816895,56.80974197387695,0.500449538230896
385,113,0.05517578125,0.3676101267337799,58.14859390258789,0.48765772581100464
386,130,0.0634765625,0.3615538775920868,57.716651916503906,0.4925047755241394
387,108,0.052734375,0.3519403338432312,57.59142303466797,0.49143311381340027
388,121,0.05908203125,0.33963873982429504,61.54327392578125,0.4441031813621521
389,132,0.064453125,0.3284341096878052,58.058013916015625,0.4875463545322418
390,141,0.06884765625,0.3046741485595703,60.065677642822266,0.4643680155277252
391,155,0.07568359375,0.3032299280166626,60.199703216552734,0.4626012444496155
392,156,0.076171875,0.2895234525203705,58.54317092895508,0.48666802048683167
393,138,0.0673828125,0.2800303101539612,57.74199295043945,0.5014142990112305
394,139,0.06787109375,0.27735811471939087,57.722660064697266,0.49609050154685974
395,116,0.056640625,0.28600171208381653,56.898094177246094,0.5113895535469055
396,122,0.0595703125,0.2997112274169922,58.01755905151367,0.4965346157550812
397,157,0.07666015625,0.2920655906200409,57.82037353515625,0.49214455485343933
398,145,0.07080078125,0.3055669367313385,55.57907485961914,0.524416983127594
399,126,0.0615234375,0.2847723960876465,57.45159149169922,0.5006060600280762
400,735,0.35888671875,0.21220791339874268,57.7924919128418,0.4956078827381134
401,353,0.17236328125,0.22863906621932983,55.7280387878418,0.5215234756469727
402,498,0.2431640625,0.2543676197528839,58.4825439453125,0.48505333065986633
403,618,0.3017578125,0.2398958057165146,57.43914794921875,0.49782925844192505
404,483,0.23583984375,0.23327499628067017,57.09608459472656,0.5011489987373352
405,508,0.248046875,0.22041600942611694,57.40335464477539,0.50005704164505
406,472,0.23046875,0.18723954260349274,57.555850982666016,0.4947918653488159
407,408,0.19921875,0.177662193775177,57.433807373046875,0.498078852891922
408,793,0.38720703125,0.1471230536699295,56.88688278198242,0.5059117674827576
409,866,0.4228515625,0.11810436844825745,57.34217071533203,0.49859344959259033
410,333,0.16259765625,0.14513997733592987,57.74444580078125,0.49135932326316833
411,323,0.15771484375,0.15268434584140778,58.36180114746094,0.4846302568912506
412,312,0.15234375,0.14482088387012482,56.90917205810547,0.506318986415863
413,306,0.1494140625,0.16271235048770905,57.06273651123047,0.5018495917320251
414,683,0.33349609375,0.1077629029750824,57.684226989746094,0.49809378385543823
415,295,0.14404296875,0.15171481668949127,56.61409378051758,0.5119186639785767
416,344,0.16796875,0.15678969025611877,57.83415603637695,0.4954955577850342
417,346,0.1689453125,0.16024567186832428,56.87000274658203,0.5039584636688232
418,667,0.32568359375,0.0951395034790039,57.94078063964844,0.49488401412963867
419,304,0.1484375,0.15544287860393524,55.97642135620117,0.5159183740615845
420,337,0.16455078125,0.1647823601961136,55.847190856933594,0.5163862109184265
421,313,0.15283203125,0.19751489162445068,56.19004440307617,0.5128163695335388
422,759,0.37060546875,0.12464859336614609,56.640472412109375,0.507783055305481
423,434,0.2119140625,0.1704835593700409,56.71611022949219,0.5060012936592102
424,417,0.20361328125,0.18667642772197723,56.923606872558594,0.5055796504020691
425,463,0.22607421875,0.16438893973827362,58.702903747558594,0.4819420278072357
426,690,0.3369140625,0.13307152688503265,58.097023010253906,0.49124667048454285
427,596,0.291015625,0.13204540312290192,58.47758483886719,0.48727479577064514
428,420,0.205078125,0.1795324981212616,60.27813720703125,0.45750343799591064
429,420,0.205078125,0.17820784449577332,59.54542541503906,0.4711194336414337
430,474,0.2314453125,0.16430915892124176,58.372982025146484,0.4857162535190582
431,358,0.1748046875,0.18253262341022491,57.99430465698242,0.48939841985702515
432,477,0.23291015625,0.17854134738445282,59.392574310302734,0.4706871211528778
433,1064,0.51953125,0.14865130186080933,56.49958801269531,0.5119948387145996
434,336,0.1640625,0.19577153027057648,57.343814849853516,0.4992929995059967
435,370,0.1806640625,0.18896962702274323,57.644561767578125,0.49557846784591675
436,344,0.16796875,0.19715367257595062,57.09495544433594,0.5003843903541565
437,727,0.35498046875,0.1443282663822174,57.8546028137207,0.4908602237701416
438,338,0.1650390625,0.20165163278579712,57.24214172363281,0.5013949871063232
439,377,0.18408203125,0.23321710526943207,58.49525833129883,0.48138776421546936
440,45,0.02197265625,0.42901501059532166,57.54066848754883,0.5013106465339661
441,47,0.02294921875,0.43743377923965454,57.61384582519531,0.49907878041267395
442,42,0.0205078125,0.4551960825920105,55.57206344604492,0.5257331132888794
443,42,0.0205078125,0.423537939786911,55.79127883911133,0.5217220783233643
444,52,0.025390625,0.4545777440071106,62.06941223144531,0.43957775831222534
445,48,0.0234375,0.4211110770702362,58.43070602416992,0.49075832962989807
446,52,0.025390625,0.39657407999038696,50.98158645629883,0.5894990563392639
447,44,0.021484375,0.3968968689441681,57.10867691040039,0.49905550479888916
448,49,0.02392578125,0.41047197580337524,52.71826171875,0.5549833178520203
449,58,0.0283203125,0.41014933586120605,59.22964859008789,0.481295645236969
450,47,0.02294921875,0.4380043148994446,57.83757781982422,0.505859911441803
451,46,0.0224609375,0.42209717631340027,58.857059478759766,0.47760605812072754
452,47,0.02294921875,0.4225125312805176,58.69038772583008,0.4818451702594757
453,44,0.021484375,0.44911617040634155,55.282405853271484,0.5281875133514404
454,43,0.02099609375,0.4274942874908447,59.78866958618164,0.4647454619407654
455,42,0.0205078125,0.45074203610420227,57.498878479003906,0.5024960041046143
456,37,0.01806640625,0.4885167181491852,58.304931640625,0.485565185546875
457,33,0.01611328125,0.5340632200241089,61.16716766357422,0.45627644658088684
458,34,0.0166015625,0.5144206285476685,58.67190933227539,0.48667722940444946
459,32,0.015625,0.4885668456554413,58.47352981567383,0.49934643507003784
460,37,0.01806640625,0.4604562819004059,63.3868522644043,0.41968902945518494
461,38,0.0185546875,0.46782028675079346,61.70280456542969,0.4452364146709442
462,33,0.01611328125,0.4541459381580353,60.687110900878906,0.4585033357143402
463,37,0.01806640625,0.46269911527633667,61.44045639038086,0.45560941100120544
464,42,0.0205078125,0.46653956174850464,60.15235137939453,0.4704383313655853
465,39,0.01904296875,0.4709222912788391,48.01350784301758,0.6116795539855957
466,37,0.01806640625,0.46051278710365295,49.85711669921875,0.5961748957633972
467,39,0.01904296875,0.47154203057289124,52.08934783935547,0.570942223072052
468,41,0.02001953125,0.4289264678955078,58.77505874633789,0.4828531742095947
469,46,0.0224609375,0.43712443113327026,61.109127044677734,0.46014225482940674
470,41,0.02001953125,0.42539265751838684,55.9333381652832,0.5130898356437683
471,38,0.0185546875,0.4509024918079376,56.31037521362305,0.5134615898132324
472,41,0.02001953125,0.4731806516647339,60.605735778808594,0.45854443311691284
473,38,0.0185546875,0.42881056666374207,58.69779968261719,0.47273144125938416
474,37,0.01806640625,0.43079257011413574,55.422515869140625,0.5217496752738953
475,34,0.0166015625,0.4365866780281067,56.80060958862305,0.5028621554374695
476,32,0.015625,0.4477957487106323,59.15916442871094,0.4730721712112427
477,36,0.017578125,0.4259870648384094,56.75414276123047,0.49283015727996826
478,32,0.015625,0.44443565607070923,54.952796936035156,0.5374603271484375
479,32,0.015625,0.4901227653026581,57.176292419433594,0.5092973113059998
480,23,0.01123046875,0.5459516048431396,58.157955169677734,0.4806251525878906
481,23,0.01123046875,0.4690745770931244,55.236167907714844,0.5094960927963257
482,16,0.0078125,0.4959840476512909,49.848419189453125,0.6041072010993958
483,17,0.00830078125,0.4886493384838104,44.90664291381836,0.6591618061065674
484,13,0.00634765625,0.5160769820213318,49.45383834838867,0.5990843176841736
485,16,0.0078125,0.5454099178314209,55.53759765625,0.5497031211853027
486,17,0.00830078125,0.4942057728767395,54.6232795715332,0.5456938743591309
487,15,0.00732421875,0.48204609751701355,50.116615295410156,0.5903013348579407
488,11,0.00537109375,0.4656635820865631,61.277286529541016,0.4448864758014679
489,16,0.0078125,0.44346433877944946,55.57798767089844,0.5103126168251038
490,13,0.00634765625,0.47792336344718933,59.54632568359375,0.47032350301742554
491,11,0.00537109375,0.5082853436470032,66.55103302001953,0.38735055923461914
492,8,0.00390625,0.4744691848754883,55.520545959472656,0.548458993434906
493,8,0.00390625,0.5029584765434265,64.64324188232422,0.4115147590637207
494,9,0.00439453125,0.519277811050415,57.35414505004883,0.5124347805976868
495,16,0.0078125,0.501245379447937,59.79142761230469,0.4785226285457611
496,13,0.00634765625,0.4277777373790741,60.94069290161133,0.457713782787323
497,16,0.0078125,0.43751129508018494,55.48433303833008,0.5370008945465088
498,24,0.01171875,0.41073691844940186,56.3989372253418,0.5192437767982483
499,25,0.01220703125,0.37947675585746765,59.875396728515625,0.47412535548210144
500,27,0.01318359375,0.383039653301239,55.364810943603516,0.5362823009490967
501,27,0.01318359375,0.40523356199264526,61.08823776245117,0.45813289284706116
502,23,0.01123046875,0.3662542402744293,55.8974723815918,0.5341482758522034
503,26,0.0126953125,0.39361128211021423,54.96411895751953,0.5394043922424316
504,23,0.01123046875,0.3631685674190521,56.902671813964844,0.5155956149101257
505,26,0.0126953125,0.34611907601356506,57.907470703125,0.5001040697097778
506,28,0.013671875,0.38733693957328796,54.88437271118164,0.528312623500824
507,16,0.0078125,0.3972426950931549,52.956363677978516,0.5664737224578857
508,15,0.00732421875,0.4075806140899658,56.37696075439453,0.5250874757766724
509,20,0.009765625,0.45011118054389954,58.0508918762207,0.4881885051727295
510,22,0.0107421875,0.4437865912914276,62.881839752197266,0.41257762908935547
511,19,0.00927734375,0.4775981605052948,61.18935012817383,0.45654788613319397
512,20,0.009765625,0.44055771827697754,57.0382194519043,0.5199292302131653
513,18,0.0087890625,0.41194772720336914,49.379173278808594,0.590672492980957
514,22,0.0107421875,0.4297190010547638,58.04542541503906,0.48854637145996094
515,22,0.0107421875,0.4623481035232544,62.10782241821289,0.4204426109790802
516,25,0.01220703125,0.42803168296813965,56.72220230102539,0.5103664994239807
517,24,0.01171875,0.4286407232284546,61.83860397338867,0.43030819296836853
518,28,0.013671875,0.40110546350479126,60.0337028503418,0.4601694941520691
519,25,0.01220703125,0.41148728132247925,60.447792053222656,0.45150071382522583
520,182,0.0888671875,0.3423399329185486,55.04881286621094,0.5307055711746216
521,225,0.10986328125,0.2730672061443329,54.46144485473633,0.5385162234306335
522,189,0.09228515625,0.3279050886631012,57.53037643432617,0.49359646439552307
523,173,0.08447265625,0.305574506521225,59.47454071044922,0.47536274790763855
524,181,0.08837890625,0.3131788372993469,57.23664093017578,0.5005934238433838
525,187,0.09130859375,0.26005685329437256,58.58027648925781,0.48398709297180176
526,185,0.09033203125,0.2565153241157532,56.985984802246094,0.5039651393890381
527,193,0.09423828125,0.2469102442264557,58.80488967895508,0.47745996713638306
528,189,0.09228515625,0.24056141078472137,58.042545318603516,0.4936167001724243
529,206,0.1005859375,0.23194245994091034,58.470054626464844,0.48311734199523926
530,200,0.09765625,0.2218918800354004,57.37029266357422,0.49856680631637573
531,210,0.1025390625,0.22024841606616974,58.84723663330078,0.4795147776603699
532,220,0.107421875,0.19561141729354858,55.7474479675293,0.5157938003540039
533,193,0.09423828125,0.2575456202030182,58.95146942138672,0.47750067710876465
534,155,0.07568359375,0.3026852607727051,56.73185348510742,0.5043891668319702
535,136,0.06640625,0.33524784445762634,56.529754638671875,0.5038108229637146
536,134,0.0654296875,0.33562883734703064,55.59801483154297,0.5218449234962463
537,129,0.06298828125,0.3697475790977478,57.28539276123047,0.5042831897735596
538,123,0.06005859375,0.39030468463897705,56.13649368286133,0.5117371082305908
539,110,0.0537109375,0.4308883845806122,54.48401641845703,0.537097156047821
540,113,0.05517578125,0.4019918739795685,58.04931640625,0.4854048788547516
541,107,0.05224609375,0.4228172302246094,55.53440856933594,0.5219604969024658
542,93,0.04541015625,0.4321790933609009,54.26696014404297,0.5410264134407043
543,97,0.04736328125,0.41503050923347473,58.04233932495117,0.4893454313278198
544,77,0.03759765625,0.48969370126724243,59.95796203613281,0.4598563611507416
545,73,0.03564453125,0.4905402958393097,58.910770416259766,0.47879064083099365
546,70,0.0341796875,0.47239938378334045,58.306583404541016,0.4827742874622345
547,60,0.029296875,0.46696266531944275,57.82568359375,0.4991690516471863
548,58,0.0283203125,0.5192739367485046,58.474918365478516,0.49414870142936707
549,58,0.0283203125,0.5002840161323547,60.722415924072266,0.4613806903362274
550,68,0.033203125,0.47891247272491455,55.55883026123047,0.5200314521789551
551,65,0.03173828125,0.5204453468322754,57.54525375366211,0.4992689788341522
552,72,0.03515625,0.4792639911174774,58.45771789550781,0.4832313358783722
553,72,0.03515625,0.4702170789241791,57.23249053955078,0.4976107180118561
554,73,0.03564453125,0.4725295901298523,60.08537673950195,0.44834983348846436
555,76,0.037109375,0.4443669319152832,57.84333801269531,0.4846917688846588
556,78,0.0380859375,0.4179178476333618,58.74966812133789,0.47473233938217163
557,86,0.0419921875,0.4345570206642151,58.638126373291016,0.4778250753879547
558,86,0.0419921875,0.4151187837123871,55.99034881591797,0.5197834968566895
559,92,0.044921875,0.3688082695007324,55.63715744018555,0.5163006782531738
560,69,0.03369140625,0.2995944619178772,54.44208526611328,0.545279324054718
561,64,0.03125,0.3311607539653778,56.82164001464844,0.5106266736984253
562,66,0.0322265625,0.3188173174858093,55.48380661010742,0.527422308921814
563,62,0.0302734375,0.3086523711681366,56.24418640136719,0.5170557498931885
564,55,0.02685546875,0.28741124272346497,56.336124420166016,0.5174263715744019
565,59,0.02880859375,0.2773943543434143,56.13187789916992,0.5167797803878784
566,64,0.03125,0.30074283480644226,56.48866653442383,0.5092208385467529
567,62,0.0302734375,0.32647591829299927,54.950645446777344,0.5345314145088196
568,59,0.02880859375,0.31284379959106445,54.10917282104492,0.5441318154335022
569,56,0.02734375,0.3279329836368561,53.27360153198242,0.5487788319587708
570,59,0.02880859375,0.31239941716194153,57.44035339355469,0.5020188093185425
571,51,0.02490234375,0.33541586995124817,55.87334060668945,0.5119712948799133
572,53,0.02587890625,0.36946120858192444,55.07759094238281,0.5313963890075684
573,53,0.02587890625,0.33187562227249146,55.66562271118164,0.5280576944351196
574,52,0.025390625,0.3353222906589508,57.67869186401367,0.497538685798645
575,57,0.02783203125,0.3348073363304138,57.07160568237305,0.50026535987854
576,53,0.02587890625,0.32420557737350464,59.92678451538086,0.456087589263916
577,51,0.02490234375,0.3364849090576172,55.4228515625,0.5152212381362915
578,56,0.02734375,0.26139727234840393,56.53446578979492,0.5140501856803894
579,60,0.029296875,0.29750871658325195,56.65943908691406,0.5140377283096313
580,50,0.0244140625,0.3046967387199402,53.864017486572266,0.553449809551239
581,51,0.02490234375,0.2554175555706024,58.29258728027344,0.49639442563056946
582,49,0.02392578125,0.2973933219909668,58.25843048095703,0.49870607256889343
583,49,0.02392578125,0.3086444139480591,58.27631378173828,0.48713383078575134
584,45,0.02197265625,0.3851213753223419,56.251712799072266,0.5253669619560242
585,46,0.0224609375,0.44504567980766296,56.147857666015625,0.5200549364089966
586,41,0.02001953125,0.486004501581192,56.26645278930664,0.519885778427124
587,43,0.02099609375,0.4666541516780853,55.49777603149414,0.5302357077598572
588,46,0.0224609375,0.38217321038246155,61.63985061645508,0.449773371219635
589,41,0.02001953125,0.3879587650299072,60.49116897583008,0.4571855962276459
590,49,0.02392578125,0.32829153537750244,59.30025863647461,0.4762701690196991
591,50,0.0244140625,0.3618219792842865,54.77238464355469,0.547141432762146
592,49,0.02392578125,0.3400944471359253,59.64720153808594,0.4815617799758911
593,46,0.0224609375,0.3370518684387207,56.23159408569336,0.5180780291557312
594,53,0.02587890625,0.34339630603790283,56.28919219970703,0.5211445093154907
595,51,0.02490234375,0.4139820635318756,52.857608795166016,0.5672513842582703
596,57,0.02783203125,0.3473483622074127,61.10453414916992,0.4539559483528137
597,57,0.02783203125,0.32409393787384033,52.320377349853516,0.5683857202529907
598,83,0.04052734375,0.29459622502326965,56.31200408935547,0.5114619731903076
599,89,0.04345703125,0.2612221837043762,56.784454345703125,0.5022405385971069
600,72,0.03515625,0.24807582795619965,54.44778823852539,0.5406774282455444
601,69,0.03369140625,0.22008055448532104,56.91901397705078,0.5023391842842102
602,71,0.03466796875,0.21848000586032867,57.31256866455078,0.5061086416244507
603,65,0.03173828125,0.24275672435760498,58.866390228271484,0.4781150817871094
604,69,0.03369140625,0.2707395851612091,54.09048843383789,0.5532107353210449
605,64,0.03125,0.27744537591934204,56.59298324584961,0.5223322510719299
606,59,0.02880859375,0.24205122888088226,57.85512924194336,0.4942372143268585
607,58,0.0283203125,0.27076107263565063,59.02495574951172,0.4722355008125305
608,66,0.0322265625,0.30208274722099304,62.08652877807617,0.4355616271495819
609,59,0.02880859375,0.28186944127082825,57.93104553222656,0.47892236709594727
610,62,0.0302734375,0.27103352546691895,57.75907897949219,0.4963974058628082
611,58,0.0283203125,0.24177761375904083,57.47001266479492,0.508242130279541
612,59,0.02880859375,0.24913732707500458,60.85850143432617,0.4582909345626831
613,59,0.02880859375,0.22429117560386658,59.310848236083984,0.4814692735671997
614,61,0.02978515625,0.23283161222934723,55.91006088256836,0.5198180675506592
615,63,0.03076171875,0.2335350066423416,56.12688064575195,0.5198072791099548
616,60,0.029296875,0.2302253544330597,55.44550323486328,0.5356013178825378
617,64,0.03125,0.2731306850910187,54.017120361328125,0.5372548699378967
618,63,0.03076171875,0.2693703770637512,55.15620040893555,0.5248485803604126
619,64,0.03125,0.3176902234554291,57.388214111328125,0.5008569359779358
620,66,0.0322265625,0.3430270254611969,57.02437210083008,0.5073911547660828
621,66,0.0322265625,0.3078364431858063,53.97785568237305,0.5464586019515991
622,61,0.02978515625,0.3466855585575104,53.22381591796875,0.5528651475906372
623,64,0.03125,0.35298433899879456,53.20307922363281,0.551527738571167
624,61,0.02978515625,0.3125516474246979,56.90517807006836,0.5085924863815308
625,70,0.0341796875,0.32075849175453186,58.40517044067383,0.49387893080711365
626,66,0.0322265625,0.29461991786956787,53.12551498413086,0.5504406094551086
627,70,0.0341796875,0.3315795958042145,52.40049362182617,0.5636846423149109
628,73,0.03564453125,0.3502402901649475,54.24500274658203,0.5340719223022461
629,67,0.03271484375,0.3410041034221649,52.30613708496094,0.5598825812339783
630,71,0.03466796875,0.3659874498844147,53.980926513671875,0.5427272319793701
631,71,0.03466796875,0.3342563807964325,55.151588439941406,0.5352640748023987
632,68,0.033203125,0.31956982612609863,53.421504974365234,0.552606463432312
633,69,0.03369140625,0.3140706419944763,54.48588943481445,0.5419344305992126
634,67,0.03271484375,0.31116676330566406,51.571590423583984,0.5836198925971985
635,75,0.03662109375,0.30296823382377625,56.33463668823242,0.5184559226036072
636,69,0.03369140625,0.2974527180194855,58.67045211791992,0.4824151396751404
637,67,0.03271484375,0.32063978910446167,53.33939743041992,0.5585473775863647
638,70,0.0341796875,0.30884072184562683,54.93812942504883,0.5332787036895752
639,74,0.0361328125,0.29885220527648926,54.48441696166992,0.542556643486023
640,223,0.10888671875,0.16947369277477264,58.3317985534668,0.4892471432685852
641,245,0.11962890625,0.13251960277557373,59.31260681152344,0.4739377796649933
642,272,0.1328125,0.12660154700279236,58.48164749145508,0.4895743131637573
643,313,0.15283203125,0.13963377475738525,57.77859878540039,0.496772825717926
644,604,0.294921875,0.10856666415929794,57.94160079956055,0.4889936149120331
645,484,0.236328125,0.1009160578250885,58.542579650878906,0.48154550790786743
646,751,0.36669921875,0.13095739483833313,56.90879440307617,0.5033254623413086
647,270,0.1318359375,0.14498814940452576,56.16175079345703,0.5157474279403687
648,867,0.42333984375,0.17839109897613525,58.243080139160156,0.48578619956970215
649,556,0.271484375,0.17916704714298248,58.589393615722656,0.48143264651298523
650,551,0.26904296875,0.14601068198680878,58.39946365356445,0.4853380620479584
651,543,0.26513671875,0.16814590990543365,58.29372787475586,0.48603665828704834
652,367,0.17919921875,0.18994452059268951,56.61753463745117,0.508509635925293
653,420,0.205078125,0.20454739034175873,56.47496795654297,0.5078060626983643
654,410,0.2001953125,0.2617247998714447,56.64287185668945,0.510403573513031
655,367,0.17919921875,0.2639169991016388,57.41781997680664,0.49889838695526123
656,330,0.1611328125,0.2543100416660309,57.01382064819336,0.5061594247817993
657,245,0.11962890625,0.31511348485946655,56.74501419067383,0.5090165138244629
658,282,0.1376953125,0.2472943216562271,56.89214324951172,0.5049394965171814
659,302,0.1474609375,0.22547823190689087,54.820194244384766,0.5345639586448669
660,333,0.16259765625,0.17374174296855927,57.65648651123047,0.49261221289634705
661,423,0.20654296875,0.16750778257846832,58.280277252197266,0.48817649483680725
662,650,0.3173828125,0.18206274509429932,56.66337585449219,0.5108524560928345
663,421,0.20556640625,0.15081888437271118,57.74253845214844,0.4944835305213928
664,425,0.20751953125,0.16915948688983917,57.51295471191406,0.49859461188316345
665,340,0.166015625,0.17808698117733002,58.27225875854492,0.48503026366233826
666,403,0.19677734375,0.17460012435913086,57.25081253051758,0.5009405016899109
667,340,0.166015625,0.19277696311473846,58.10224151611328,0.4906928241252899
668,347,0.16943359375,0.20488300919532776,56.67359924316406,0.5051875710487366
669,535,0.26123046875,0.18292692303657532,57.687828063964844,0.4946838915348053
670,556,0.271484375,0.20505845546722412,57.1314582824707,0.5027136206626892
671,487,0.23779296875,0.20185910165309906,55.82906723022461,0.5217732787132263
672,503,0.24560546875,0.20357893407344818,56.47091293334961,0.5130752325057983
673,573,0.27978515625,0.2486545741558075,57.09235763549805,0.5014339089393616
674,489,0.23876953125,0.2644813060760498,55.97270965576172,0.5138177871704102
675,330,0.1611328125,0.282863050699234,57.6908073425293,0.4912141263484955
676,268,0.130859375,0.25735795497894287,57.76444625854492,0.4916425049304962
677,202,0.0986328125,0.3339131474494934,57.72718048095703,0.4910910725593567
678,173,0.08447265625,0.39334145188331604,58.0234260559082,0.49247831106185913
679,153,0.07470703125,0.41003453731536865,55.60834884643555,0.527202844619751
680,452,0.220703125,0.28452643752098083,56.70854949951172,0.508326530456543
681,506,0.2470703125,0.3258274793624878,56.377830505371094,0.5139824151992798
682,569,0.27783203125,0.3100232481956482,55.790103912353516,0.5203079581260681
683,547,0.26708984375,0.2994610667228699,56.24464416503906,0.5119582414627075
684,505,0.24658203125,0.2819322943687439,55.19138717651367,0.5284702777862549
685,350,0.1708984375,0.269117146730423,56.38460922241211,0.5149489045143127
686,286,0.1396484375,0.279518187046051,57.746681213378906,0.4967723488807678
687,275,0.13427734375,0.31209254264831543,56.2943229675293,0.5147659778594971
688,210,0.1025390625,0.34353527426719666,58.31088638305664,0.4823749363422394
689,236,0.115234375,0.36815783381462097,57.15883255004883,0.5024183988571167
690,206,0.1005859375,0.3425995707511902,54.793399810791016,0.5306527614593506
691,194,0.0947265625,0.33079418540000916,56.55534744262695,0.5084835886955261
692,173,0.08447265625,0.3354179561138153,57.33209228515625,0.4975697100162506
693,181,0.08837890625,0.3581956624984741,56.35459899902344,0.5114436149597168
694,208,0.1015625,0.30173030495643616,58.13679885864258,0.49099430441856384
695,210,0.1025390625,0.2953578531742096,58.441646575927734,0.48583701252937317
696,213,0.10400390625,0.2760896682739258,56.975128173828125,0.5019872784614563
697,208,0.1015625,0.2467775195837021,57.40638732910156,0.4979725480079651
698,209,0.10205078125,0.2325780987739563,57.48593521118164,0.4946232736110687
699,207,0.10107421875,0.2286709100008011,55.32109451293945,0.5273513197898865
700,158,0.0771484375,0.2117110937833786,56.080196380615234,0.5083316564559937
701,172,0.083984375,0.25130346417427063,56.567626953125,0.5112773776054382
702,164,0.080078125,0.24459227919578552,56.35148620605469,0.5178704857826233
703,176,0.0859375,0.24138088524341583,55.02652359008789,0.532112181186676
704,185,0.09033203125,0.2586730420589447,55.57009506225586,0.5251638889312744
705,186,0.0908203125,0.2558908462524414,56.46552276611328,0.5150645971298218
706,175,0.08544921875,0.24549399316310883,57.651126861572266,0.49054065346717834
707,183,0.08935546875,0.2229115068912506,56.58903121948242,0.502879798412323
708,174,0.0849609375,0.231338232755661,56.98146057128906,0.49913695454597473
709,169,0.08251953125,0.22950877249240875,54.43611145019531,0.5399153232574463
710,173,0.08447265625,0.209798663854599,54.40282440185547,0.539481520652771
711,173,0.08447265625,0.20765557885169983,54.782203674316406,0.5275257229804993
712,170,0.0830078125,0.20789363980293274,57.36180877685547,0.49728891253471375
713,157,0.07666015625,0.20350730419158936,55.90568923950195,0.5119671821594238
714,155,0.07568359375,0.21522156894207,58.312217712402344,0.4847409129142761
715,202,0.0986328125,0.23095804452896118,58.57358169555664,0.48062658309936523
716,219,0.10693359375,0.22695225477218628,59.02381134033203,0.47735387086868286
717,253,0.12353515625,0.20600877702236176,59.47498321533203,0.46915724873542786
718,222,0.1083984375,0.1991073489189148,58.22882843017578,0.4864353835582733
719,210,0.1025390625,0.19041003286838531,57.45297622680664,0.49903687834739685
720,79,0.03857421875,0.4195173382759094,57.93366241455078,0.49710309505462646
721,89,0.04345703125,0.4023164212703705,60.8183708190918,0.4553770124912262
722,85,0.04150390625,0.4137040972709656,62.15919876098633,0.4365917444229126
723,81,0.03955078125,0.4351012110710144,59.308895111083984,0.48141324520111084
724,98,0.0478515625,0.4356623888015747,56.468013763427734,0.5069827437400818
725,87,0.04248046875,0.4185458719730377,57.34897994995117,0.4998050034046173
726,79,0.03857421875,0.43694400787353516,57.45882797241211,0.49190589785575867
727,79,0.03857421875,0.4427761733531952,58.41881561279297,0.48966753482818604
728,86,0.0419921875,0.43906107544898987,58.09514617919922,0.4939287304878235
729,94,0.0458984375,0.43105942010879517,56.46502685546875,0.508401095867157
730,93,0.04541015625,0.41091835498809814,59.38688659667969,0.46194514632225037
731,86,0.0419921875,0.4091525077819824,59.17409896850586,0.4710443317890167
732,112,0.0546875,0.4062119424343109,59.8984375,0.46018537878990173
733,123,0.06005859375,0.3983069956302643,62.11250686645508,0.4339619278907776
734,140,0.068359375,0.37578025460243225,63.25100326538086,0.4187667965888977
735,127,0.06201171875,0.3462732434272766,60.45531463623047,0.4521379768848419
736,127,0.06201171875,0.3492138981819153,60.16543197631836,0.45528578758239746
737,107,0.05224609375,0.35701701045036316,60.97797775268555,0.45149365067481995
738,104,0.05078125,0.3620719015598297,57.02656555175781,0.5001721382141113
739,99,0.04833984375,0.3499835133552551,55.992156982421875,0.5174878835678101
740,100,0.048828125,0.367798388004303,60.203731536865234,0.46888798475265503
741,110,0.0537109375,0.3516593277454376,56.66838455200195,0.5033873915672302
742,97,0.04736328125,0.3943885266780853,57.10734558105469,0.4905743896961212
743,90,0.0439453125,0.4266153573989868,55.069915771484375,0.5334126949310303
744,95,0.04638671875,0.41432565450668335,51.34534454345703,0.5748738050460815
745,83,0.04052734375,0.42163383960723877,58.75712966918945,0.48358213901519775
746,87,0.04248046875,0.40778490900993347,59.43809509277344,0.471711665391922
747,89,0.04345703125,0.4555129408836365,58.84632873535156,0.477927565574646
748,93,0.04541015625,0.43020808696746826,55.3128776550293,0.5185403227806091
749,89,0.04345703125,0.40539151430130005,54.12443542480469,0.5349722504615784
750,96,0.046875,0.38659465312957764,56.684326171875,0.4959399998188019
751,96,0.046875,0.4035552144050598,55.91214370727539,0.5143133997917175
752,105,0.05126953125,0.4599120616912842,57.183006286621094,0.49631428718566895
753,95,0.04638671875,0.4971033036708832,58.563072204589844,0.48615607619285583
754,98,0.0478515625,0.47580331563949585,58.34962463378906,0.48779770731925964
755,93,0.04541015625,0.49035581946372986,57.6871223449707,0.49927499890327454
756,95,0.04638671875,0.44767603278160095,62.053077697753906,0.43622657656669617
757,90,0.0439453125,0.4679175019264221,58.008907318115234,0.48593229055404663
758,88,0.04296875,0.47231602668762207,59.016483306884766,0.4778802990913391
759,88,0.04296875,0.496290922164917,54.562923431396484,0.5343648791313171
760,122,0.0595703125,0.24729472398757935,58.795692443847656,0.48117852210998535
761,119,0.05810546875,0.24287649989128113,56.245765686035156,0.5196619629859924
762,105,0.05126953125,0.26728639006614685,59.17192077636719,0.48222753405570984
763,91,0.04443359375,0.30757784843444824,54.51596450805664,0.5384669899940491
764,91,0.04443359375,0.3034816384315491,58.32626724243164,0.4900153875350952
765,84,0.041015625,0.3209483027458191,58.32467269897461,0.49411219358444214
766,81,0.03955078125,0.34405383467674255,58.95328903198242,0.4776034951210022
767,90,0.0439453125,0.3303847312927246,56.14611053466797,0.5107386708259583
768,96,0.046875,0.30299848318099976,56.46272659301758,0.5117397308349609
769,170,0.0830078125,0.27728205919265747,57.2660026550293,0.4993715286254883
770,161,0.07861328125,0.2543562054634094,57.85757827758789,0.49480974674224854
771,164,0.080078125,0.2750692069530487,57.52359390258789,0.4954216778278351
772,139,0.06787109375,0.2799542546272278,57.72050094604492,0.49396783113479614
773,173,0.08447265625,0.3057272136211395,61.046653747558594,0.4527796804904938
774,128,0.0625,0.3231450021266937,57.234405517578125,0.502116322517395
775,115,0.05615234375,0.3320467472076416,60.20183181762695,0.4603062868118286
776,171,0.08349609375,0.31944793462753296,56.85713195800781,0.5082849264144897
777,156,0.076171875,0.3131753206253052,56.54353713989258,0.5084955096244812
778,136,0.06640625,0.3527663052082062,57.084136962890625,0.5058198571205139
779,129,0.06298828125,0.34628990292549133,55.40964889526367,0.5258647203445435
780,131,0.06396484375,0.3411397933959961,57.12213134765625,0.5070796608924866
781,110,0.0537109375,0.3392350375652313,55.524784088134766,0.5230823755264282
782,148,0.072265625,0.3529422879219055,54.87370300292969,0.5360338687896729
783,125,0.06103515625,0.3663036525249481,55.5883674621582,0.5322744846343994
784,124,0.060546875,0.3711531460285187,56.353416442871094,0.5193471312522888
785,128,0.0625,0.39649224281311035,56.73471450805664,0.5125703811645508
786,130,0.0634765625,0.3720221221446991,59.91452407836914,0.4672827422618866
787,120,0.05859375,0.36396580934524536,57.93083190917969,0.49132078886032104
788,111,0.05419921875,0.36356574296951294,57.03322982788086,0.5004856586456299
789,126,0.0615234375,0.3412840962409973,58.01715850830078,0.491506427526474
790,156,0.076171875,0.29916971921920776,57.02149200439453,0.5107687711715698
791,114,0.0556640625,0.35725441575050354,56.973941802978516,0.504472017288208
792,110,0.0537109375,0.3791638910770416,59.38419723510742,0.4796263873577118
793,118,0.0576171875,0.383475124835968,57.60805892944336,0.5052021741867065
794,103,0.05029296875,0.40691855549812317,55.42361831665039,0.5299159288406372
795,113,0.05517578125,0.40949273109436035,55.553001403808594,0.5223659873008728
796,144,0.0703125,0.4087381362915039,57.51507568359375,0.4930453300476074
797,168,0.08203125,0.4266979992389679,57.714630126953125,0.49386146664619446
798,135,0.06591796875,0.3794502019882202,58.66788864135742,0.48722049593925476
799,141,0.06884765625,0.42857590317726135,58.26948165893555,0.4833965301513672
800,100,0.048828125,0.3234124779701233,55.27153778076172,0.5210976004600525
801,87,0.04248046875,0.3163778781890869,56.499305725097656,0.5010020136833191
802,98,0.0478515625,0.3152574598789215,57.69183349609375,0.48898494243621826
803,105,0.05126953125,0.26966583728790283,60.50259017944336,0.45608559250831604
804,105,0.05126953125,0.27797555923461914,59.26422119140625,0.4717666506767273
805,104,0.05078125,0.33292314410209656,59.623680114746094,0.46350881457328796
806,113,0.05517578125,0.3396686911582947,57.88532638549805,0.49593403935432434
807,113,0.05517578125,0.3174411952495575,56.43449783325195,0.5039439797401428
808,109,0.05322265625,0.31041136384010315,57.601409912109375,0.4878186285495758
809,121,0.05908203125,0.28884363174438477,54.5267219543457,0.5359891653060913
810,113,0.05517578125,0.3112200200557709,54.46432113647461,0.5457696914672852
811,115,0.05615234375,0.2646600902080536,55.550174713134766,0.5229743123054504
812,136,0.06640625,0.24954012036323547,54.663753509521484,0.5339714884757996
813,130,0.0634765625,0.2609272301197052,55.220516204833984,0.5295926332473755
814,113,0.05517578125,0.2704639732837677,54.9368896484375,0.540615975856781
815,96,0.046875,0.29446157813072205,53.26112747192383,0.5577202439308167
816,91,0.04443359375,0.30261653661727905,53.58999252319336,0.5499213933944702
817,79,0.03857421875,0.3057301938533783,53.05836486816406,0.5477502346038818
818,87,0.04248046875,0.28807753324508667,53.153282165527344,0.5487168431282043
819,88,0.04296875,0.27082404494285583,55.78439712524414,0.5135590434074402
820,94,0.0458984375,0.2633609175682068,56.693599700927734,0.5019335150718689
821,116,0.056640625,0.23877982795238495,56.17897033691406,0.507626473903656
822,118,0.0576171875,0.2544231116771698,54.25675582885742,0.5451079607009888
823,122,0.0595703125,0.2515535354614258,56.56615447998047,0.5112392902374268
824,128,0.0625,0.2733236849308014,58.074073791503906,0.48957765102386475
825,123,0.06005859375,0.3037722706794739,60.189788818359375,0.4618515372276306
826,164,0.080078125,0.24003061652183533,57.885475158691406,0.4844954311847687
827,179,0.08740234375,0.24226002395153046,58.97843933105469,0.476275235414505
828,175,0.08544921875,0.2425706386566162,56.51259994506836,0.5093255639076233
829,221,0.10791015625,0.23063012957572937,56.67503356933594,0.5085135102272034
830,187,0.09130859375,0.21978406608104706,57.478389739990234,0.4960261583328247
831,224,0.109375,0.209584578871727,54.67593002319336,0.533421516418457
832,198,0.0966796875,0.2217475324869156,59.17226791381836,0.4775497615337372
833,163,0.07958984375,0.20496100187301636,55.87983322143555,0.5143402218818665
834,147,0.07177734375,0.21678635478019714,53.673099517822266,0.5428257584571838
835,151,0.07373046875,0.24667435884475708,58.897705078125,0.47713667154312134
836,133,0.06494140625,0.2585342824459076,58.37574768066406,0.48425137996673584
837,206,0.1005859375,0.24948278069496155,57.73345947265625,0.49963313341140747
838,181,0.08837890625,0.2795761227607727,57.30488586425781,0.49444591999053955
839,126,0.0615234375,0.33347827196121216,56.2990837097168,0.508392333984375
840,34,0.0166015625,0.49958813190460205,59.26280975341797,0.46824049949645996
841,27,0.01318359375,0.5052930116653442,56.27434158325195,0.49719101190567017
842,21,0.01025390625,0.5032816529273987,61.11860656738281,0.45630964636802673
843,23,0.01123046875,0.5183544158935547,63.02204513549805,0.4265902042388916
844,33,0.01611328125,0.45830824971199036,56.22116470336914,0.5147460103034973
845,45,0.02197265625,0.5000864863395691,51.56085205078125,0.5736672282218933
846,42,0.0205078125,0.5501850247383118,51.485015869140625,0.5759872794151306
847,36,0.017578125,0.4691450893878937,55.71229553222656,0.5298594236373901
848,43,0.02099609375,0.4528702199459076,55.704986572265625,0.514768123626709
849,43,0.02099609375,0.4527006447315216,56.3359489440918,0.5080787539482117
850,39,0.01904296875,0.4604799449443817,55.88631820678711,0.5131207704544067
851,38,0.0185546875,0.4645591676235199,55.78615188598633,0.5050899386405945
852,41,0.02001953125,0.44314196705818176,55.5629768371582,0.5145545601844788
853,35,0.01708984375,0.45082998275756836,55.5904541015625,0.5208719968795776
854,27,0.01318359375,0.48375871777534485,50.97780990600586,0.5757704973220825
855,24,0.01171875,0.47761470079421997,55.857879638671875,0.5139111876487732
856,23,0.01123046875,0.47989338636398315,57.5343132019043,0.5055417418479919
857,27,0.01318359375,0.5454760789871216,61.31438064575195,0.4459916353225708
858,23,0.01123046875,0.5396434664726257,58.4139404296875,0.4847099184989929
859,23,0.01123046875,0.49069803953170776,57.2829475402832,0.5035069584846497
860,20,0.009765625,0.4368869960308075,65.06449890136719,0.40381914377212524
861,24,0.01171875,0.41357147693634033,44.2562141418457,0.674168050289154
862,25,0.01220703125,0.43355312943458557,57.415225982666016,0.49043652415275574
863,22,0.0107421875,0.4151943027973175,43.95585250854492,0.6649685502052307
864,24,0.01171875,0.4210653603076935,56.36896896362305,0.5300278067588806
865,25,0.01220703125,0.47961604595184326,54.61899948120117,0.5269098877906799
866,19,0.00927734375,0.4125290513038635,63.74367141723633,0.40793856978416443
867,18,0.0087890625,0.4252508580684662,63.17311477661133,0.4247264862060547
868,20,0.009765625,0.4179331064224243,57.560386657714844,0.4982648491859436
869,20,0.009765625,0.3837144076824188,48.595157623291016,0.6076881885528564
870,20,0.009765625,0.3847689628601074,47.51067352294922,0.6137734055519104
871,19,0.00927734375,0.397299200296402,45.09907150268555,0.6534474492073059
872,22,0.0107421875,0.4243758022785187,54.48440933227539,0.5511215329170227
873,27,0.01318359375,0.4487757682800293,55.63357925415039,0.5041685700416565
874,21,0.01025390625,0.4984520971775055,61.94911575317383,0.438957154750824
875,22,0.0107421875,0.4962741434574127,60.104637145996094,0.4586006999015808
876,24,0.01171875,0.40865999460220337,47.76457595825195,0.6280156970024109
877,31,0.01513671875,0.40544813871383667,54.28518295288086,0.5377089381217957
878,35,0.01708984375,0.4314801096916199,53.016597747802734,0.5642598271369934
879,31,0.01513671875,0.4107019603252411,58.175601959228516,0.4872240424156189
880,308,0.150390625,0.15909309685230255,55.95011901855469,0.5217270255088806
881,306,0.1494140625,0.1581011414527893,55.966007232666016,0.522760808467865
882,362,0.1767578125,0.15120510756969452,56.59951400756836,0.5130001306533813
883,331,0.16162109375,0.158689945936203,55.942466735839844,0.5206071138381958
884,290,0.1416015625,0.17340263724327087,56.2671012878418,0.5144004821777344
885,301,0.14697265625,0.1579861044883728,54.02791213989258,0.5454224348068237
886,290,0.1416015625,0.16744695603847504,55.446468353271484,0.5234930515289307
887,277,0.13525390625,0.16677695512771606,55.14165496826172,0.5291368961334229
888,305,0.14892578125,0.1574716567993164,54.28169250488281,0.5420340895652771
889,323,0.15771484375,0.1599522829055786,53.25551986694336,0.5555455088615417
890,314,0.1533203125,0.16897332668304443,53.95870590209961,0.5487005710601807
891,276,0.134765625,0.18151481449604034,55.2900505065918,0.5293357968330383
892,327,0.15966796875,0.16258059442043304,55.112876892089844,0.528964102268219
893,329,0.16064453125,0.16012875735759735,55.036415100097656,0.5279616117477417
894,300,0.146484375,0.15394751727581024,56.37205123901367,0.5138700008392334
895,327,0.15966796875,0.16012249886989594,55.987022399902344,0.5175735354423523
896,404,0.197265625,0.14923633635044098,56.79154586791992,0.5075986981391907
897,579,0.28271484375,0.13847872614860535,57.03008270263672,0.5024867057800293
898,397,0.19384765625,0.15568818151950836,56.47018051147461,0.5116894841194153
899,303,0.14794921875,0.1677103489637375,57.2569694519043,0.49980267882347107
900,346,0.1689453125,0.1457969695329666,56.992713928222656,0.506507158279419
901,449,0.21923828125,0.12503880262374878,56.03936004638672,0.5130284428596497
902,453,0.22119140625,0.13536618649959564,56.10247039794922,0.512532651424408
903,361,0.17626953125,0.1484270542860031,56.0772705078125,0.5126622319221497
904,458,0.2236328125,0.13529910147190094,55.43465805053711,0.5232900977134705
905,577,0.28173828125,0.1460634469985962,55.01115798950195,0.5295344591140747
906,843,0.41162109375,0.14813843369483948,55.918758392333984,0.5158601403236389
907,765,0.37353515625,0.13940982520580292,56.44136428833008,0.5096431374549866
908,570,0.2783203125,0.1329173892736435,56.786773681640625,0.5057398676872253
909,602,0.2939453125,0.14922581613063812,58.48752212524414,0.48693588376045227
910,548,0.267578125,0.14727860689163208,58.076759338378906,0.4926266074180603
911,826,0.4033203125,0.17162448167800903,58.6092529296875,0.48220330476760864
912,466,0.2275390625,0.13179440796375275,58.02833557128906,0.49021074175834656
913,354,0.1728515625,0.15196239948272705,57.37019348144531,0.4959627687931061
914,302,0.1474609375,0.14524728059768677,57.925941467285156,0.4933575391769409
915,361,0.17626953125,0.14302943646907806,56.82719421386719,0.5049113631248474
916,381,0.18603515625,0.1369771957397461,56.42884063720703,0.5112177133560181
917,342,0.1669921875,0.1476006656885147,56.70137023925781,0.5078161358833313
918,339,0.16552734375,0.14866794645786285,56.04648971557617,0.5185809135437012
919,354,0.1728515625,0.1548178493976593,55.90362548828125,0.5181364417076111
920,19,0.00927734375,0.6102198362350464,64.2436294555664,0.40721210837364197
921,17,0.00830078125,0.5945586562156677,58.04190444946289,0.4910953640937805
922,25,0.01220703125,0.577336311340332,52.798160552978516,0.5548068284988403
923,21,0.01025390625,0.5229507088661194,60.689632415771484,0.450991690158844
924,15,0.00732421875,0.6406335830688477,54.760536193847656,0.539171576499939
925,14,0.0068359375,0.5277715921401978,54.04280471801758,0.5435580015182495
926,13,0.00634765625,0.4757454991340637,58.624977111816406,0.4719356298446655
927,10,0.0048828125,0.5281098484992981,63.025787353515625,0.428635835647583
928,8,0.00390625,0.5109670162200928,56.28281021118164,0.527740478515625
929,8,0.00390625,0.5134867429733276,60.30868911743164,0.4610706567764282
930,11,0.00537109375,0.5130955576896667,56.551292419433594,0.5205599069595337
931,8,0.00390625,0.4671042859554291,56.77128601074219,0.49650052189826965
932,9,0.00439453125,0.5394514799118042,59.57300567626953,0.4717189073562622
933,11,0.00537109375,0.626623809337616,59.11428451538086,0.4801965653896332
934,12,0.005859375,0.6482467651367188,56.19865417480469,0.537148654460907
935,10,0.0048828125,0.5784798264503479,53.988861083984375,0.5434838533401489
936,16,0.0078125,0.5684963464736938,57.41177749633789,0.509882926940918
937,15,0.00732421875,0.5384390950202942,50.8553581237793,0.5895208120346069
938,11,0.00537109375,0.4991055130958557,61.381343841552734,0.45512473583221436
939,9,0.00439453125,0.5171898007392883,57.07114791870117,0.5056620240211487
940,6,0.0029296875,0.4333633780479431,60.02883529663086,0.47935760021209717
941,16,0.0078125,0.3900831341743469,54.110748291015625,0.5514735579490662
942,15,0.00732421875,0.42642343044281006,57.13787841796875,0.5120441317558289
943,14,0.0068359375,0.4622019827365875,55.113773345947266,0.5324404835700989
944,12,0.005859375,0.48586180806159973,65.55937957763672,0.38319945335388184
945,9,0.00439453125,0.5131972432136536,61.38663864135742,0.4506894648075104
946,10,0.0048828125,0.5596201419830322,62.046592712402344,0.41556310653686523
947,15,0.00732421875,0.6411441564559937,55.607749938964844,0.533623456954956
948,7,0.00341796875,0.551241397857666,58.11205291748047,0.49379849433898926
949,10,0.0048828125,0.664872407913208,37.48894500732422,0.7545611262321472
950,15,0.00732421875,0.7301368713378906,57.5178337097168,0.5029851794242859
951,7,0.00341796875,0.7219077944755554,62.61775588989258,0.44113367795944214
952,7,0.00341796875,0.699462354183197,50.434207916259766,0.5819624662399292
953,16,0.0078125,0.6751864552497864,61.88319396972656,0.4462830424308777
954,17,0.00830078125,0.6151228547096252,53.5577507019043,0.5563548803329468
955,14,0.0068359375,0.6073270440101624,61.34511947631836,0.4524799883365631
956,21,0.01025390625,0.5155634880065918,58.94325637817383,0.4693365693092346
957,27,0.01318359375,0.5068304538726807,56.569400787353516,0.5023623704910278
958,22,0.0107421875,0.5917257070541382,58.814491271972656,0.4663582742214203
959,28,0.013671875,0.6056448817253113,57.21813201904297,0.4993225932121277
960,114,0.0556640625,0.2546558380126953,55.05818176269531,0.5378926992416382
961,125,0.06103515625,0.2427321821451187,56.97001647949219,0.5101020336151123
962,124,0.060546875,0.24828313291072845,55.52052307128906,0.5217341780662537
963,105,0.05126953125,0.22960567474365234,50.72172546386719,0.5865074992179871
964,120,0.05859375,0.1919308751821518,57.15869140625,0.5085925459861755
965,135,0.06591796875,0.18624351918697357,57.08698272705078,0.5002177953720093
966,144,0.0703125,0.20224882662296295,55.56938552856445,0.5222696661949158
967,125,0.06103515625,0.19102080166339874,54.407962799072266,0.5409923791885376
968,99,0.04833984375,0.22157561779022217,58.094879150390625,0.4908454120159149
969,96,0.046875,0.20518359541893005,56.904117584228516,0.5095852017402649
970,102,0.0498046875,0.21432651579380035,56.01067352294922,0.512596070766449
971,119,0.05810546875,0.2250651717185974,55.86628341674805,0.5249861478805542
972,107,0.05224609375,0.2144470512866974,55.738494873046875,0.5278841257095337
973,105,0.05126953125,0.21784867346286774,55.74443817138672,0.5278072357177734
974,122,0.0595703125,0.21705827116966248,57.68121337890625,0.4975389540195465
975,118,0.0576171875,0.223310649394989,56.520938873291016,0.5175214409828186
976,110,0.0537109375,0.23700368404388428,59.10014724731445,0.48015567660331726
977,98,0.0478515625,0.2615465819835663,55.375362396240234,0.5239130258560181
978,101,0.04931640625,0.27122339606285095,59.784202575683594,0.4725605845451355
979,97,0.04736328125,0.2608618140220642,57.09036636352539,0.5074880719184875
980,88,0.04296875,0.2791752219200134,57.3255729675293,0.49758633971214294
981,81,0.03955078125,0.3176894187927246,54.68658447265625,0.5212679505348206
982,79,0.03857421875,0.3313797116279602,54.044822692871094,0.5358627438545227
983,75,0.03662109375,0.3820880651473999,58.59907531738281,0.4846300780773163
984,74,0.0361328125,0.42237982153892517,59.19417190551758,0.47784948348999023
985,65,0.03173828125,0.4264465570449829,58.95708465576172,0.4789760708808899
986,68,0.033203125,0.4345483183860779,58.12662124633789,0.47986775636672974
987,71,0.03466796875,0.4359983503818512,58.03514099121094,0.4903526306152344
988,68,0.033203125,0.43338802456855774,56.92230224609375,0.4985489547252655
989,63,0.03076171875,0.4514964818954468,59.126930236816406,0.4752107262611389
990,64,0.03125,0.44328755140304565,57.330299377441406,0.49459385871887207
991,64,0.03125,0.4524867534637451,56.66062545776367,0.5055330991744995
992,60,0.029296875,0.44709911942481995,56.79005813598633,0.505071222782135
993,61,0.02978515625,0.4672274589538574,56.04646301269531,0.516410768032074
994,70,0.0341796875,0.44153130054473877,58.953453063964844,0.47562551498413086
995,74,0.0361328125,0.40113896131515503,59.11236572265625,0.4731770157814026
996,69,0.03369140625,0.38639798760414124,57.70821762084961,0.49666815996170044
997,65,0.03173828125,0.4031601846218109,58.823692321777344,0.4802601635456085
998,56,0.02734375,0.4338361620903015,60.03430938720703,0.45779967308044434
999,58,0.0283203125,0.4596239924430847,57.06196212768555,0.5093794465065002
1000,57,0.02783203125,0.4015013873577118,62.26317596435547,0.42499488592147827
1001,59,0.02880859375,0.3840641379356384,59.62945556640625,0.46260663866996765
1002,66,0.0322265625,0.36825668811798096,59.94860076904297,0.4606293737888336
1003,68,0.033203125,0.35560694336891174,55.799285888671875,0.5199882388114929
1004,73,0.03564453125,0.3567211329936981,63.37565612792969,0.41547197103500366
1005,63,0.03076171875,0.3741479218006134,61.763221740722656,0.4359605312347412
1006,59,0.02880859375,0.3579975962638855,60.80876922607422,0.4498157799243927
1007,60,0.029296875,0.3452424705028534,59.68067169189453,0.46855732798576355
1008,54,0.0263671875,0.3776589035987854,57.72388458251953,0.49412786960601807
1009,56,0.02734375,0.3504064679145813,59.01957321166992,0.47384199500083923
1010,66,0.0322265625,0.3643701672554016,60.9384765625,0.45329341292381287
1011,60,0.029296875,0.3471029996871948,56.73615646362305,0.5075960755348206
1012,73,0.03564453125,0.3564322590827942,58.89982986450195,0.478762686252594
1013,68,0.033203125,0.32536599040031433,56.213260650634766,0.5110004544258118
1014,59,0.02880859375,0.374314546585083,54.70969009399414,0.5310804843902588
1015,58,0.0283203125,0.39194777607917786,57.6272087097168,0.49834802746772766
1016,50,0.0244140625,0.41050058603286743,57.53639221191406,0.49741196632385254
1017,47,0.02294921875,0.4047916829586029,56.60924530029297,0.5053234100341797
1018,49,0.02392578125,0.3839545249938965,56.477020263671875,0.510801374912262
1019,41,0.02001953125,0.3774013817310333,61.80565643310547,0.4376785457134247
1020,42,0.0205078125,0.3912259042263031,57.93629837036133,0.4858826994895935
1021,49,0.02392578125,0.40274783968925476,59.58465576171875,0.45891737937927246
1022,50,0.0244140625,0.4348795413970947,55.811466217041016,0.5333459973335266
1023,45,0.02197265625,0.4170277416706085,57.82659912109375,0.4956287741661072
1024,48,0.0234375,0.4116383492946625,59.70962905883789,0.4735982418060303
1025,47,0.02294921875,0.4179670512676239,58.642127990722656,0.48496830463409424
1026,47,0.02294921875,0.4066002070903778,54.69548416137695,0.527899980545044
1027,50,0.0244140625,0.42923739552497864,53.0069580078125,0.5534653663635254
1028,57,0.02783203125,0.4362393617630005,53.990013122558594,0.5593554377555847
1029,61,0.02978515625,0.4274789094924927,54.38853454589844,0.5276053547859192
1030,62,0.0302734375,0.4220789074897766,53.68682098388672,0.5437705516815186
1031,59,0.02880859375,0.385785311460495,51.787933349609375,0.5694230198860168
1032,56,0.02734375,0.410207062959671,53.65023422241211,0.5458865165710449
1033,59,0.02880859375,0.42444831132888794,56.186973571777344,0.5067741870880127
1034,68,0.033203125,0.4182373583316803,61.394432067871094,0.4416056275367737
1035,62,0.0302734375,0.4070166051387787,59.257240295410156,0.4686272144317627
1036,54,0.0263671875,0.4063332974910736,58.08979797363281,0.5012288689613342
1037,54,0.0263671875,0.3913560211658478,58.952091217041016,0.47266581654548645
1038,57,0.02783203125,0.3599380850791931,58.72486877441406,0.4830956757068634
1039,55,0.02685546875,0.32493144273757935,56.85440444946289,0.5143962502479553
1040,241,0.11767578125,0.1536373347043991,59.29081344604492,0.4720218777656555
1041,217,0.10595703125,0.16201575100421906,58.58760070800781,0.484092116355896
1042,172,0.083984375,0.15042896568775177,58.771263122558594,0.4819076359272003
1043,164,0.080078125,0.15574364364147186,56.685970306396484,0.5135903358459473
1044,197,0.09619140625,0.1540742665529251,57.631919860839844,0.49689194560050964
1045,215,0.10498046875,0.1676279604434967,57.79684829711914,0.49308541417121887
1046,261,0.12744140625,0.18105098605155945,58.69297409057617,0.47859057784080505
1047,266,0.1298828125,0.17055192589759827,58.926944732666016,0.47685426473617554
1048,282,0.1376953125,0.17139986157417297,58.339385986328125,0.48729202151298523
1049,291,0.14208984375,0.1628400832414627,57.72120666503906,0.49920034408569336
1050,320,0.15625,0.16563646495342255,58.48432540893555,0.48491811752319336
1051,363,0.17724609375,0.1684063822031021,57.416263580322266,0.500543475151062
1052,344,0.16796875,0.1616946905851364,56.771358489990234,0.5083263516426086
1053,333,0.16259765625,0.16038629412651062,57.06962203979492,0.5063450932502747
1054,337,0.16455078125,0.1700429618358612,56.119876861572266,0.5203705430030823
1055,327,0.15966796875,0.16173797845840454,57.58104705810547,0.4966229498386383
1056,320,0.15625,0.16148534417152405,57.32881546020508,0.49989986419677734
1057,240,0.1171875,0.1448449343442917,58.7752685546875,0.4833865165710449
1058,256,0.125,0.14403940737247467,59.16743850708008,0.4785265326499939
1059,230,0.1123046875,0.14185874164104462,58.867252349853516,0.4812215268611908
1060,257,0.12548828125,0.15176714956760406,58.58042907714844,0.4864248037338257
1061,306,0.1494140625,0.15952102839946747,57.64833068847656,0.4986738860607147
1062,341,0.16650390625,0.1629454344511032,56.65956115722656,0.5073680281639099
1063,272,0.1328125,0.15898244082927704,59.16093826293945,0.47862789034843445
1064,296,0.14453125,0.16412734985351562,57.86378860473633,0.4938720464706421
1065,285,0.13916015625,0.14716440439224243,58.146217346191406,0.49170809984207153
1066,312,0.15234375,0.17171813547611237,56.085811614990234,0.5139908194541931
1067,281,0.13720703125,0.17887642979621887,57.71870422363281,0.4931299686431885
1068,313,0.15283203125,0.17955482006072998,57.4854736328125,0.4970260560512543
1069,276,0.134765625,0.18027165532112122,57.478981018066406,0.5013439655303955
1070,255,0.12451171875,0.17835646867752075,58.34928894042969,0.4856076240539551
1071,245,0.11962890625,0.18040752410888672,56.4802360534668,0.5157977938652039
1072,247,0.12060546875,0.1842292845249176,56.312862396240234,0.5210161805152893
1073,288,0.140625,0.17692424356937408,57.15608215332031,0.5095891356468201
1074,269,0.13134765625,0.17863425612449646,57.24837112426758,0.4988260865211487
1075,269,0.13134765625,0.17774221301078796,57.03615188598633,0.5026909708976746
1076,231,0.11279296875,0.18963481485843658,57.12061309814453,0.5021756291389465
1077,244,0.119140625,0.1864810436964035,56.250919342041016,0.5176928639411926
1078,214,0.1044921875,0.18685175478458405,55.12538146972656,0.5226070284843445
1079,194,0.0947265625,0.17578718066215515,57.144344329833984,0.4962623417377472
1080,51,0.02490234375,0.2998304069042206,60.59357833862305,0.453156441450119
1081,54,0.0263671875,0.27557554841041565,56.483280181884766,0.5040745735168457
1082,62,0.0302734375,0.31209543347358704,58.05937194824219,0.4816889464855194
1083,74,0.0361328125,0.23245258629322052,57.925132751464844,0.4896831512451172
1084,84,0.041015625,0.22321999073028564,53.72052764892578,0.5454053282737732
1085,110,0.0537109375,0.20141568779945374,58.88560485839844,0.4761750102043152
1086,117,0.05712890625,0.20189258456230164,56.165245056152344,0.51468825340271
1087,109,0.05322265625,0.22518011927604675,57.961090087890625,0.48579663038253784
1088,107,0.05224609375,0.2005230039358139,60.036136627197266,0.467680960893631
1089,144,0.0703125,0.16541485488414764,56.70061492919922,0.5149943828582764
1090,208,0.1015625,0.14722639322280884,57.01682662963867,0.5088529586791992
1091,171,0.08349609375,0.15742731094360352,55.89146041870117,0.5201561450958252
1092,179,0.08740234375,0.1602191925048828,56.217647552490234,0.5162435173988342
1093,160,0.078125,0.16473479568958282,53.81525421142578,0.5473257303237915
1094,162,0.0791015625,0.17570772767066956,56.284969329833984,0.5222178101539612
1095,157,0.07666015625,0.17492644488811493,57.211788177490234,0.5100222826004028
1096,135,0.06591796875,0.2547086477279663,59.3549690246582,0.46906307339668274
1097,124,0.060546875,0.24973906576633453,59.497806549072266,0.46635302901268005
1098,142,0.0693359375,0.22310617566108704,59.96294403076172,0.4642835855484009
1099,134,0.0654296875,0.2034778892993927,58.556861877441406,0.48679956793785095
1100,131,0.06396484375,0.1918642669916153,59.104957580566406,0.4788854718208313
1101,142,0.0693359375,0.19561217725276947,53.6252555847168,0.5507211685180664
1102,149,0.07275390625,0.19673745334148407,54.149261474609375,0.5446799993515015
1103,119,0.05810546875,0.20420818030834198,54.347660064697266,0.5373014211654663
1104,127,0.06201171875,0.20111443102359772,55.5848503112793,0.5216974020004272
1105,110,0.0537109375,0.21701505780220032,59.450965881347656,0.47469282150268555
1106,103,0.05029296875,0.19911254942417145,52.95351791381836,0.5567197203636169
1107,105,0.05126953125,0.177695631980896,57.103233337402344,0.5077187418937683
1108,118,0.0576171875,0.18372750282287598,58.01430892944336,0.4945967495441437
1109,182,0.0888671875,0.15590567886829376,57.35649871826172,0.500257670879364
1110,140,0.068359375,0.19163942337036133,56.423240661621094,0.5213086009025574
1111,136,0.06640625,0.19242480397224426,54.64601135253906,0.533387303352356
1112,136,0.06640625,0.20101164281368256,58.595455169677734,0.485347181558609
1113,127,0.06201171875,0.20421715080738068,57.68314743041992,0.5023539066314697
1114,116,0.056640625,0.1826532781124115,58.97641372680664,0.47630947828292847
1115,152,0.07421875,0.20408569276332855,58.28840637207031,0.4899674952030182
1116,212,0.103515625,0.15404711663722992,55.334835052490234,0.528390109539032
1117,286,0.1396484375,0.14882057905197144,58.73359680175781,0.48295965790748596
1118,368,0.1796875,0.16937553882598877,56.637943267822266,0.5063379406929016
1119,256,0.125,0.22642019391059875,58.5999755859375,0.4738323986530304
1120,38,0.0185546875,0.6700383424758911,56.2695426940918,0.5055134892463684
1121,43,0.02099609375,0.6399396061897278,52.799400329589844,0.541935384273529
1122,45,0.02197265625,0.6163172125816345,52.07215881347656,0.5616326928138733
1123,49,0.02392578125,0.48535141348838806,55.2967643737793,0.5187279582023621
1124,50,0.0244140625,0.497433066368103,54.711082458496094,0.523612380027771
1125,49,0.02392578125,0.4709395170211792,50.040618896484375,0.6022072434425354
1126,58,0.0283203125,0.4414193034172058,54.1627311706543,0.5424784421920776
1127,59,0.02880859375,0.43215879797935486,57.815765380859375,0.48776599764823914
1128,60,0.029296875,0.47267499566078186,53.16067886352539,0.5546799898147583
1129,67,0.03271484375,0.4305027723312378,58.272396087646484,0.4910264015197754
1130,62,0.0302734375,0.4706445634365082,57.48186111450195,0.49263277649879456
1131,62,0.0302734375,0.44250714778900146,58.49287033081055,0.4865112900733948
1132,77,0.03759765625,0.41514062881469727,59.2235107421875,0.478207528591156
1133,73,0.03564453125,0.43606165051460266,56.096778869628906,0.5188883543014526
1134,62,0.0302734375,0.45699071884155273,57.6854248046875,0.5047741532325745
1135,61,0.02978515625,0.45131540298461914,53.23992156982422,0.5628987550735474
1136,64,0.03125,0.42543426156044006,60.0089225769043,0.46154388785362244
1137,62,0.0302734375,0.4137016534805298,61.44009780883789,0.44277653098106384
1138,67,0.03271484375,0.3949965238571167,57.795230865478516,0.502217173576355
1139,75,0.03662109375,0.38201603293418884,62.15753936767578,0.43672052025794983
1140,77,0.03759765625,0.37130069732666016,58.921722412109375,0.4822065234184265
1141,74,0.0361328125,0.36520665884017944,57.729156494140625,0.49128714203834534
1142,69,0.03369140625,0.3919493556022644,57.433109283447266,0.4980710446834564
1143,74,0.0361328125,0.38043487071990967,57.9572639465332,0.49926772713661194
1144,78,0.0380859375,0.35716381669044495,60.54608154296875,0.4555244445800781
1145,84,0.041015625,0.3624390661716461,60.00492858886719,0.46637576818466187
1146,83,0.04052734375,0.33613333106040955,57.551212310791016,0.4965043067932129
1147,80,0.0390625,0.3516230285167694,58.844482421875,0.48139578104019165
1148,80,0.0390625,0.35689467191696167,59.599571228027344,0.4695897698402405
1149,83,0.04052734375,0.35586780309677124,61.4326171875,0.4526199400424957
1150,82,0.0400390625,0.36330366134643555,62.11824035644531,0.44436031579971313
1151,88,0.04296875,0.3552119731903076,59.458553314208984,0.46617749333381653
1152,85,0.04150390625,0.37814703583717346,63.56126022338867,0.4199449419975281
1153,91,0.04443359375,0.37653496861457825,58.900142669677734,0.4890631437301636
1154,86,0.0419921875,0.3325290083885193,56.261985778808594,0.5138939023017883
1155,95,0.04638671875,0.3184301257133484,56.11729049682617,0.502785325050354
1156,104,0.05078125,0.31166642904281616,58.0115966796875,0.49471810460090637
1157,113,0.05517578125,0.3168599605560303,57.48108673095703,0.5018115639686584
1158,117,0.05712890625,0.290120929479599,57.575111389160156,0.495064914226532
1159,108,0.052734375,0.31488871574401855,57.33106231689453,0.504859209060669
1160,342,0.1669921875,0.2154027372598648,59.540706634521484,0.46923646330833435
1161,392,0.19140625,0.21194680035114288,59.15170669555664,0.47524362802505493
1162,396,0.193359375,0.19018709659576416,58.95561599731445,0.4775470495223999
1163,384,0.1875,0.1911267787218094,57.5245246887207,0.4964860677719116
1164,410,0.2001953125,0.1861085295677185,57.70234298706055,0.49149593710899353
1165,367,0.17919921875,0.18438079953193665,55.86094665527344,0.5167317390441895
1166,376,0.18359375,0.18472892045974731,56.49058151245117,0.5108641982078552
1167,330,0.1611328125,0.1781969517469406,56.5064697265625,0.5090423822402954
1168,330,0.1611328125,0.16789276897907257,56.220035552978516,0.5107776522636414
1169,248,0.12109375,0.1999228298664093,55.36101150512695,0.5237900614738464
1170,290,0.1416015625,0.16346435248851776,55.8026123046875,0.5157596468925476
1171,366,0.1787109375,0.15082421898841858,56.636653900146484,0.5050365328788757
1172,341,0.16650390625,0.14021115005016327,58.37898635864258,0.48549261689186096
1173,358,0.1748046875,0.14483532309532166,58.86061477661133,0.47499483823776245
1174,308,0.150390625,0.16254673898220062,58.36186218261719,0.48624083399772644
1175,294,0.1435546875,0.16349567472934723,59.451236724853516,0.47263461351394653
1176,309,0.15087890625,0.15886637568473816,58.38811492919922,0.4834012985229492
1177,281,0.13720703125,0.1718023270368576,58.87185287475586,0.4785561263561249
1178,261,0.12744140625,0.17615051567554474,57.24928665161133,0.5013408064842224
1179,255,0.12451171875,0.16588710248470306,58.57813262939453,0.4838913083076477
1180,278,0.1357421875,0.148709237575531,55.98932647705078,0.518526554107666
1181,299,0.14599609375,0.1373862773180008,57.05867385864258,0.5015047788619995
1182,363,0.17724609375,0.1687617003917694,56.83753967285156,0.5042314529418945
1183,333,0.16259765625,0.18852585554122925,57.435909271240234,0.5009241104125977
1184,345,0.16845703125,0.15973827242851257,56.87776184082031,0.5017838478088379
1185,392,0.19140625,0.18748867511749268,57.56953430175781,0.4973249137401581
1186,369,0.18017578125,0.16585958003997803,57.162960052490234,0.5028234720230103
1187,375,0.18310546875,0.18908491730690002,57.258052825927734,0.5027509331703186
1188,409,0.19970703125,0.17951186001300812,57.54597854614258,0.49841487407684326
1189,392,0.19140625,0.1535431146621704,57.88854217529297,0.4928187429904938
1190,453,0.22119140625,0.15086223185062408,58.27790069580078,0.48947787284851074
1191,441,0.21533203125,0.1228260025382042,58.04541778564453,0.4909169673919678
1192,387,0.18896484375,0.12291190773248672,57.9979362487793,0.49222561717033386
1193,306,0.1494140625,0.11406346410512924,58.2020149230957,0.48854315280914307
1194,289,0.14111328125,0.12578144669532776,56.85315704345703,0.5023462772369385
1195,277,0.13525390625,0.11939126998186111,57.888919830322266,0.4924619495868683
1196,223,0.10888671875,0.1390322595834732,58.6204719543457,0.48390066623687744
1197,218,0.1064453125,0.14599362015724182,58.47421646118164,0.4871942400932312
1198,243,0.11865234375,0.13812297582626343,57.406654357910156,0.5014917850494385
1199,290,0.1416015625,0.1313164383172989,57.187957763671875,0.505484402179718
1200,950,0.4638671875,0.14359310269355774,56.79216766357422,0.503356397151947
1201,1216,0.59375,0.14347918331623077,57.53461837768555,0.4972176253795624
1202,446,0.2177734375,0.13774435222148895,56.76942443847656,0.5048640966415405
1203,399,0.19482421875,0.13136424124240875,57.381378173828125,0.4966777265071869
1204,1284,0.626953125,0.1405045986175537,57.67169189453125,0.49655622243881226
1205,1138,0.5556640625,0.13163968920707703,57.380027770996094,0.49990329146385193
1206,851,0.41552734375,0.13120289146900177,57.19622039794922,0.5040218830108643
1207,1045,0.51025390625,0.1302463859319687,57.6802978515625,0.4973437190055847
1208,692,0.337890625,0.13427983224391937,57.88682174682617,0.4914039671421051
1209,702,0.3427734375,0.1347610056400299,57.59333801269531,0.49579063057899475
1210,838,0.4091796875,0.1461915373802185,57.51575469970703,0.4989958107471466
1211,842,0.4111328125,0.1415257602930069,58.33574295043945,0.4876033663749695
1212,882,0.4306640625,0.14308565855026245,58.15009689331055,0.4912246763706207
1213,364,0.177734375,0.13491404056549072,57.69048309326172,0.49370017647743225
1214,347,0.16943359375,0.14742258191108704,57.08393478393555,0.502167284488678
1215,381,0.18603515625,0.14650006592273712,58.30352020263672,0.48804086446762085
1216,405,0.19775390625,0.15247803926467896,58.376708984375,0.4854702353477478
1217,414,0.2021484375,0.1416936218738556,57.52365493774414,0.4954530596733093
1218,411,0.20068359375,0.14153799414634705,56.267982482910156,0.5152035355567932
1219,412,0.201171875,0.14908157289028168,57.39616775512695,0.5006287097930908
1220,357,0.17431640625,0.15567396581172943,57.186317443847656,0.5017160773277283
1221,729,0.35595703125,0.14662276208400726,56.909996032714844,0.505525529384613
1222,615,0.30029296875,0.160842627286911,57.21756362915039,0.5033798813819885
1223,766,0.3740234375,0.14959397912025452,57.58773422241211,0.49721789360046387
1224,742,0.3623046875,0.1348847597837448,57.99701690673828,0.4915044605731964
1225,805,0.39306640625,0.1252203732728958,57.35469055175781,0.4999848008155823
1226,759,0.37060546875,0.15207818150520325,57.130271911621094,0.5036997199058533
1227,889,0.43408203125,0.15066540241241455,57.81455993652344,0.4952262341976166
1228,961,0.46923828125,0.16356146335601807,57.413272857666016,0.4978409707546234
1229,922,0.4501953125,0.17397339642047882,58.10097122192383,0.4897276759147644
1230,978,0.4775390625,0.18271595239639282,57.96730422973633,0.4921318292617798
1231,552,0.26953125,0.226044699549675,57.981990814208984,0.489359050989151
1232,1100,0.537109375,0.19164779782295227,58.282325744628906,0.48786211013793945
1233,864,0.421875,0.19662845134735107,58.210693359375,0.48700693249702454
1234,734,0.3583984375,0.2271331548690796,58.264713287353516,0.4876372516155243
1235,775,0.37841796875,0.22413866221904755,58.129051208496094,0.4891561269760132
1236,704,0.34375,0.23038426041603088,58.62057113647461,0.4821889102458954
1237,703,0.34326171875,0.22683238983154297,58.67381286621094,0.4840497374534607
1238,642,0.3134765625,0.25003042817115784,57.86920166015625,0.49301761388778687
1239,685,0.33447265625,0.24314144253730774,57.372161865234375,0.4990962743759155
1240,44,0.021484375,0.33429500460624695,60.431339263916016,0.45078936219215393
1241,46,0.0224609375,0.38431036472320557,59.997928619384766,0.4630773067474365
1242,49,0.02392578125,0.3719850778579712,59.60505676269531,0.46605291962623596
1243,49,0.02392578125,0.37712717056274414,58.97365951538086,0.4691951870918274
1244,44,0.021484375,0.34853535890579224,62.720703125,0.43373915553092957
1245,44,0.021484375,0.3415678143501282,59.34212875366211,0.47675493359565735
1246,45,0.02197265625,0.3402262330055237,62.30362319946289,0.4200051724910736
1247,46,0.0224609375,0.33144375681877136,55.99909210205078,0.515441358089447
1248,51,0.02490234375,0.3696655333042145,61.95832443237305,0.44508644938468933
1249,44,0.021484375,0.36244845390319824,55.8455810546875,0.511460542678833
1250,41,0.02001953125,0.3727909326553345,57.401397705078125,0.504260241985321
1251,44,0.021484375,0.38657453656196594,58.363182067871094,0.4832223057746887
1252,47,0.02294921875,0.34329599142074585,54.2321662902832,0.5357598662376404
1253,46,0.0224609375,0.31955358386039734,55.601966857910156,0.5115292072296143
1254,48,0.0234375,0.2860596477985382,54.99565124511719,0.5391273498535156
1255,43,0.02099609375,0.33493146300315857,57.161827087402344,0.5040027499198914
1256,37,0.01806640625,0.3443787395954132,59.318397521972656,0.47360965609550476
1257,37,0.01806640625,0.3487931191921234,58.569129943847656,0.48186054825782776
1258,40,0.01953125,0.3872899115085602,57.26646041870117,0.503383994102478
1259,39,0.01904296875,0.38405728340148926,60.92866134643555,0.4445977210998535
1260,35,0.01708984375,0.3676697909832001,58.60347366333008,0.49014952778816223
1261,33,0.01611328125,0.3794284760951996,65.3232192993164,0.38722124695777893
1262,31,0.01513671875,0.37321630120277405,60.086910247802734,0.46051907539367676
1263,30,0.0146484375,0.391989529132843,59.18069076538086,0.47040030360221863
1264,26,0.0126953125,0.4157891869544983,58.42259216308594,0.49318987131118774
1265,26,0.0126953125,0.4063105583190918,55.695106506347656,0.5317865014076233
1266,23,0.01123046875,0.4617209732532501,53.82630920410156,0.5520965456962585
1267,20,0.009765625,0.4671473801136017,58.81541061401367,0.49294084310531616
1268,23,0.01123046875,0.4020802974700928,57.57286071777344,0.5119502544403076
1269,20,0.009765625,0.4331279993057251,57.797454833984375,0.5112943649291992
1270,14,0.0068359375,0.451637864112854,58.885650634765625,0.479214608669281
1271,8,0.00390625,0.42318469285964966,43.086334228515625,0.6866100430488586
1272,7,0.00341796875,0.436885803937912,51.231327056884766,0.5960527658462524
1273,4,0.001953125,0.6183069944381714,63.02718734741211,0.4172014594078064
1274,10,0.0048828125,0.4713854491710663,53.17498016357422,0.5451736450195312
1275,8,0.00390625,0.4683571755886078,58.34413528442383,0.48354437947273254
1276,9,0.00439453125,0.4904586672782898,60.36266326904297,0.4344397187232971
1277,4,0.001953125,0.5173322558403015,46.7217903137207,0.6700111031532288
1278,3,0.00146484375,0.5212188363075256,62.36454391479492,0.399476557970047
1279,8,0.00390625,0.46459314227104187,62.52092742919922,0.3894236087799072
1280,46,0.0224609375,0.2835582494735718,54.31753158569336,0.5448997020721436
1281,49,0.02392578125,0.32128116488456726,54.33522033691406,0.5342320203781128
1282,49,0.02392578125,0.3004261553287506,53.465171813964844,0.5488805174827576
1283,42,0.0205078125,0.31337156891822815,52.9557991027832,0.5470257997512817
1284,47,0.02294921875,0.3175084888935089,55.87666702270508,0.5102489590644836
1285,43,0.02099609375,0.307146281003952,56.08087158203125,0.5088440775871277
1286,39,0.01904296875,0.32647770643234253,56.71062469482422,0.5107261538505554
1287,41,0.02001953125,0.2953021824359894,55.99756622314453,0.5121552348136902
1288,43,0.02099609375,0.3037448823451996,59.45640182495117,0.46664392948150635
1289,43,0.02099609375,0.2807205319404602,54.1301155090332,0.5296765565872192
1290,47,0.02294921875,0.2865282893180847,60.06123733520508,0.46358928084373474
1291,45,0.02197265625,0.2952423691749573,52.71487808227539,0.558845043182373
1292,40,0.01953125,0.2806693911552429,55.60175704956055,0.5229676961898804
1293,41,0.02001953125,0.29307690262794495,53.53740692138672,0.5507751107215881
1294,42,0.0205078125,0.2960691750049591,51.849063873291016,0.5681174397468567
1295,39,0.01904296875,0.25456658005714417,57.06196212768555,0.5122480392456055
1296,30,0.0146484375,0.24949413537979126,51.72684097290039,0.5827445983886719
1297,28,0.013671875,0.2959986627101898,55.95653533935547,0.5168853402137756
1298,26,0.0126953125,0.28932473063468933,58.240882873535156,0.4877716302871704
1299,31,0.01513671875,0.24142909049987793,56.694732666015625,0.5010371804237366
1300,35,0.01708984375,0.22477753460407257,55.21580123901367,0.5211769938468933
1301,36,0.017578125,0.255819708108902,54.091670989990234,0.5575457215309143
1302,44,0.021484375,0.2628883421421051,52.446468353271484,0.5494303107261658
1303,55,0.02685546875,0.25619345903396606,54.922367095947266,0.5376901626586914
1304,48,0.0234375,0.23776398599147797,51.78947448730469,0.5757643580436707
1305,50,0.0244140625,0.2690587043762207,53.96295928955078,0.5409892201423645
1306,60,0.029296875,0.2719864249229431,58.78443145751953,0.4690365493297577
1307,59,0.02880859375,0.23945753276348114,60.066986083984375,0.4680521488189697
1308,61,0.02978515625,0.23494787514209747,58.329837799072266,0.4725800156593323
1309,78,0.0380859375,0.2576727271080017,56.58839797973633,0.49559202790260315
1310,69,0.03369140625,0.2350209355354309,56.71062088012695,0.5125334858894348
1311,79,0.03857421875,0.25680187344551086,60.42767333984375,0.4596324861049652
1312,68,0.033203125,0.20431864261627197,55.7617301940918,0.5172225832939148
1313,71,0.03466796875,0.19677439332008362,54.230037689208984,0.5347306132316589
1314,73,0.03564453125,0.1908116638660431,51.921417236328125,0.5653935074806213
1315,64,0.03125,0.20349536836147308,61.726654052734375,0.4369368255138397
1316,59,0.02880859375,0.21351298689842224,55.306339263916016,0.5201329588890076
1317,66,0.0322265625,0.21710802614688873,57.69021987915039,0.4995187819004059
1318,66,0.0322265625,0.29189807176589966,52.678836822509766,0.5656202435493469
1319,69,0.03369140625,0.29792317748069763,53.5674934387207,0.5541530847549438
1320,219,0.10693359375,0.26385295391082764,57.67290496826172,0.49733689427375793
1321,247,0.12060546875,0.25739094614982605,56.68199157714844,0.5045245289802551
1322,224,0.109375,0.2552447021007538,57.41070556640625,0.4969494640827179
1323,210,0.1025390625,0.2190793752670288,56.14273452758789,0.5165376663208008
1324,174,0.0849609375,0.2565556764602661,58.39375686645508,0.4851175546646118
1325,168,0.08203125,0.2724590003490448,58.268489837646484,0.48749464750289917
1326,174,0.0849609375,0.27930736541748047,57.52777099609375,0.49982526898384094
1327,174,0.0849609375,0.26063719391822815,58.52354431152344,0.4848610460758209
1328,180,0.087890625,0.24343501031398773,57.59819412231445,0.496947318315506
1329,197,0.09619140625,0.2000318318605423,56.67223358154297,0.5071625113487244
1330,212,0.103515625,0.18134483695030212,55.14906311035156,0.5274385213851929
1331,220,0.107421875,0.1834358125925064,56.36853790283203,0.5133679509162903
1332,255,0.12451171875,0.16764959692955017,56.65962600708008,0.5083826184272766
1333,231,0.11279296875,0.20964212715625763,57.13897705078125,0.504804790019989
1334,249,0.12158203125,0.1732550412416458,56.673805236816406,0.5079169273376465
1335,280,0.13671875,0.16223198175430298,56.529720306396484,0.5091468691825867
1336,325,0.15869140625,0.14264225959777832,55.931819915771484,0.5220419764518738
1337,400,0.1953125,0.12866419553756714,58.27812576293945,0.48936545848846436
1338,392,0.19140625,0.13741028308868408,56.725135803222656,0.5079887509346008
1339,344,0.16796875,0.155939519405365,56.17404556274414,0.5133402943611145
1340,285,0.13916015625,0.16181588172912598,56.19809341430664,0.516635000705719
1341,286,0.1396484375,0.19231955707073212,56.37028884887695,0.5135111808776855
1342,330,0.1611328125,0.16774094104766846,56.00701904296875,0.5177033543586731
1343,406,0.1982421875,0.14765296876430511,56.793121337890625,0.5081050395965576
1344,440,0.21484375,0.14414481818675995,55.47612762451172,0.5264133214950562
1345,498,0.2431640625,0.123773492872715,56.317344665527344,0.5104601979255676
1346,726,0.3544921875,0.12180130928754807,56.794830322265625,0.5051286220550537
1347,694,0.3388671875,0.12727099657058716,58.614295959472656,0.4843878448009491
1348,777,0.37939453125,0.12994149327278137,58.076416015625,0.49034011363983154
1349,418,0.2041015625,0.15144911408424377,56.503536224365234,0.5094605088233948
1350,568,0.27734375,0.12207542359828949,58.1998176574707,0.48828306794166565
1351,489,0.23876953125,0.1081622913479805,58.00965118408203,0.4890221655368805
1352,708,0.345703125,0.1586431860923767,56.867801666259766,0.5067819952964783
1353,836,0.408203125,0.1565382182598114,56.32858657836914,0.5108557343482971
1354,488,0.23828125,0.20138166844844818,57.62188720703125,0.49857091903686523
1355,411,0.20068359375,0.20394974946975708,56.33675003051758,0.5105862021446228
1356,538,0.2626953125,0.15869073569774628,57.52942657470703,0.4988183379173279
1357,530,0.2587890625,0.13676224648952484,59.163814544677734,0.4773668944835663
1358,347,0.16943359375,0.1169545128941536,57.16337966918945,0.5019957423210144
1359,265,0.12939453125,0.15179452300071716,56.85206985473633,0.5084148049354553
1360,444,0.216796875,0.18833290040493011,55.31254959106445,0.5253143310546875
1361,750,0.3662109375,0.16040736436843872,57.20627975463867,0.5038291811943054
1362,517,0.25244140625,0.15728046000003815,56.70748519897461,0.5090939402580261
1363,553,0.27001953125,0.14539650082588196,55.99980926513672,0.5189515948295593
1364,701,0.34228515625,0.14533233642578125,56.97264099121094,0.50494784116745
1365,812,0.396484375,0.16011014580726624,56.69252395629883,0.509319543838501
1366,772,0.376953125,0.1466226577758789,57.012413024902344,0.507005512714386
1367,546,0.2666015625,0.1552499681711197,58.50569534301758,0.48442721366882324
1368,377,0.18408203125,0.1699923276901245,57.10247039794922,0.4990822374820709
1369,587,0.28662109375,0.15401805937290192,58.43929672241211,0.48503780364990234
1370,569,0.27783203125,0.17486172914505005,56.67832565307617,0.5085892081260681
1371,524,0.255859375,0.20438747107982635,57.3255615234375,0.49826112389564514
1372,445,0.21728515625,0.1973584145307541,59.019203186035156,0.4795026183128357
1373,736,0.359375,0.16806882619857788,57.834468841552734,0.4934077858924866
1374,474,0.2314453125,0.16768470406532288,57.71967315673828,0.4959830939769745
1375,487,0.23779296875,0.15901365876197815,58.1732063293457,0.48633304238319397
1376,511,0.24951171875,0.15483427047729492,58.675167083740234,0.48528698086738586
1377,388,0.189453125,0.16787655651569366,58.10358428955078,0.4923194348812103
1378,398,0.1943359375,0.17497433722019196,58.182594299316406,0.4905093014240265
1379,500,0.244140625,0.1595362424850464,58.49143981933594,0.4843467175960541
1380,368,0.1796875,0.19317685067653656,58.79835510253906,0.4764465391635895
1381,402,0.1962890625,0.17141208052635193,59.546730041503906,0.46964558959007263
1382,512,0.25,0.15405401587486267,58.970375061035156,0.4797423779964447
1383,468,0.228515625,0.16598853468894958,58.556034088134766,0.4857240319252014
1384,418,0.2041015625,0.16619651019573212,58.04056167602539,0.4894234240055084
1385,350,0.1708984375,0.17259031534194946,58.864261627197266,0.48267149925231934
1386,281,0.13720703125,0.1864946335554123,60.3266716003418,0.460918128490448
1387,342,0.1669921875,0.16716201603412628,58.52777862548828,0.48472094535827637
1388,362,0.1767578125,0.1752060204744339,58.30160140991211,0.4905034601688385
1389,350,0.1708984375,0.1825859546661377,58.28269577026367,0.4917234182357788
1390,269,0.13134765625,0.1951896995306015,57.14353561401367,0.5022553205490112
1391,214,0.1044921875,0.2298790067434311,57.33284378051758,0.4948074221611023
1392,257,0.12548828125,0.21652357280254364,58.07304763793945,0.48845672607421875
1393,221,0.10791015625,0.22100596129894257,59.27330017089844,0.47396939992904663
1394,248,0.12109375,0.2031736522912979,58.409934997558594,0.4902455806732178
1395,165,0.08056640625,0.22362278401851654,58.267662048339844,0.4857998788356781
1396,147,0.07177734375,0.2562675476074219,58.558738708496094,0.48450079560279846
1397,148,0.072265625,0.22480250895023346,56.68749237060547,0.505291223526001
1398,135,0.06591796875,0.21968531608581543,55.26432800292969,0.5274456143379211
1399,152,0.07421875,0.198367640376091,57.136051177978516,0.5085727572441101
1400,130,0.0634765625,0.347812294960022,57.34101867675781,0.5025342702865601
1401,126,0.0615234375,0.31540969014167786,58.03293228149414,0.49248775839805603
1402,121,0.05908203125,0.32500767707824707,60.403751373291016,0.46014630794525146
1403,117,0.05712890625,0.3148883283138275,59.48884963989258,0.47141700983047485
1404,108,0.052734375,0.3390182852745056,58.654151916503906,0.4843762218952179
1405,121,0.05908203125,0.33160531520843506,54.2047233581543,0.5384887456893921
1406,115,0.05615234375,0.3216352164745331,59.45296096801758,0.46988946199417114
1407,132,0.064453125,0.33585554361343384,59.575645446777344,0.471145361661911
1408,132,0.064453125,0.3378678560256958,57.143924713134766,0.5042887926101685
1409,121,0.05908203125,0.3412174582481384,56.393943786621094,0.5067994594573975
1410,111,0.05419921875,0.3366379737854004,59.47845458984375,0.4719092547893524
1411,101,0.04931640625,0.36684492230415344,58.617591857910156,0.48079511523246765
1412,93,0.04541015625,0.3660305440425873,58.99390411376953,0.47574877738952637
1413,95,0.04638671875,0.39937883615493774,59.66444778442383,0.47220221161842346
1414,96,0.046875,0.3854023516178131,61.07461929321289,0.44656261801719666
1415,103,0.05029296875,0.38253283500671387,59.238338470458984,0.4763219952583313
1416,105,0.05126953125,0.39941543340682983,57.35912322998047,0.49507936835289
1417,95,0.04638671875,0.36619943380355835,60.70043182373047,0.4506097137928009
1418,99,0.04833984375,0.3364981710910797,60.2674446105957,0.4522269368171692
1419,102,0.0498046875,0.331259548664093,60.277687072753906,0.4590439796447754
1420,117,0.05712890625,0.3099503815174103,60.37467575073242,0.460385799407959
1421,117,0.05712890625,0.32554301619529724,59.776248931884766,0.4594600200653076
1422,110,0.0537109375,0.3249813914299011,60.05176544189453,0.46300652623176575
1423,104,0.05078125,0.30959728360176086,56.834590911865234,0.5037251710891724
1424,103,0.05029296875,0.3198251724243164,56.668399810791016,0.5084936618804932
1425,116,0.056640625,0.3367609679698944,57.998939514160156,0.4894396662712097
1426,102,0.0498046875,0.34172338247299194,59.78459548950195,0.4561070203781128
1427,85,0.04150390625,0.3709411025047302,60.98331069946289,0.44507384300231934
1428,76,0.037109375,0.3727118670940399,57.227088928222656,0.4923807382583618
1429,82,0.0400390625,0.3651772737503052,59.85848617553711,0.46514976024627686
1430,83,0.04052734375,0.36545220017433167,57.693275451660156,0.49657973647117615
1431,71,0.03466796875,0.3665532171726227,57.517295837402344,0.4923202097415924
1432,70,0.0341796875,0.36670568585395813,50.8604621887207,0.5766282081604004
1433,74,0.0361328125,0.3551408350467682,54.989707946777344,0.5171419978141785
1434,75,0.03662109375,0.33284297585487366,52.851036071777344,0.5530776381492615
1435,78,0.0380859375,0.3425496816635132,54.24235153198242,0.5365723371505737
1436,91,0.04443359375,0.32683953642845154,59.69920349121094,0.4662615954875946
1437,97,0.04736328125,0.3194087743759155,55.227203369140625,0.5250414609909058
1438,91,0.04443359375,0.321139931678772,57.849369049072266,0.4903644025325775
1439,83,0.04052734375,0.3133523464202881,59.963260650634766,0.46408402919769287
1440,99,0.04833984375,0.477317214012146,57.87272644042969,0.4971503019332886
1441,129,0.06298828125,0.46155738830566406,54.234397888183594,0.5452362298965454
1442,144,0.0703125,0.4719546437263489,58.54563522338867,0.4854249954223633
1443,136,0.06640625,0.4757222533226013,59.70280075073242,0.4724714756011963
1444,130,0.0634765625,0.4757865369319916,57.422000885009766,0.5034206509590149
1445,127,0.06201171875,0.44349443912506104,58.7224006652832,0.48113179206848145
1446,144,0.0703125,0.3928385078907013,59.01333999633789,0.4815356433391571
1447,165,0.08056640625,0.3675142526626587,58.47551345825195,0.48652005195617676
1448,157,0.07666015625,0.34875038266181946,58.63485336303711,0.48523926734924316
1449,168,0.08203125,0.30674439668655396,57.553565979003906,0.5003405809402466
1450,154,0.0751953125,0.302913099527359,55.918399810791016,0.516791820526123
1451,145,0.07080078125,0.3270789682865143,57.83537292480469,0.4969308376312256
1452,121,0.05908203125,0.38126257061958313,58.32544708251953,0.4883352816104889
1453,126,0.0615234375,0.36126652359962463,57.95936584472656,0.4859361946582794
1454,137,0.06689453125,0.3246768116950989,56.32646179199219,0.5145693421363831
1455,158,0.0771484375,0.29549673199653625,56.659400939941406,0.5108286142349243
1456,159,0.07763671875,0.3082905113697052,58.16730499267578,0.4846470057964325
1457,178,0.0869140625,0.280682235956192,58.98257064819336,0.4796764850616455
1458,162,0.0791015625,0.2832518219947815,57.091129302978516,0.503552258014679
1459,171,0.08349609375,0.27648478746414185,56.036739349365234,0.514707088470459
1460,142,0.0693359375,0.3121036887168884,58.44532012939453,0.48693251609802246
1461,154,0.0751953125,0.3141849935054779,56.849945068359375,0.5065693259239197
1462,151,0.07373046875,0.29837000370025635,57.869606018066406,0.49400627613067627
1463,160,0.078125,0.26436349749565125,57.72936248779297,0.4969756007194519
1464,163,0.07958984375,0.2777988314628601,60.12141036987305,0.4624764919281006
1465,144,0.0703125,0.3092004358768463,58.40150451660156,0.4827578365802765
1466,135,0.06591796875,0.3264668881893158,59.09406280517578,0.4737764596939087
1467,170,0.0830078125,0.2861090898513794,58.1331787109375,0.4912652373313904
1468,164,0.080078125,0.2729990780353546,57.37071228027344,0.4992374777793884
1469,151,0.07373046875,0.2873381972312927,57.48589324951172,0.5002460479736328
1470,131,0.06396484375,0.2826831638813019,59.246124267578125,0.4848470091819763
1471,148,0.072265625,0.2792298495769501,58.333187103271484,0.4879646301269531
1472,170,0.0830078125,0.2659038007259369,58.8310432434082,0.4838758111000061
1473,179,0.08740234375,0.26502397656440735,56.75602340698242,0.5152063369750977
1474,163,0.07958984375,0.289593905210495,58.322078704833984,0.48709535598754883
1475,142,0.0693359375,0.3054150938987732,58.988494873046875,0.4798773229122162
1476,153,0.07470703125,0.28576555848121643,59.94738006591797,0.46655866503715515
1477,149,0.07275390625,0.29703643918037415,56.753421783447266,0.5086382627487183
1478,149,0.07275390625,0.2945209741592407,58.1293830871582,0.49093571305274963
1479,116,0.056640625,0.3558414876461029,56.894683837890625,0.5038692951202393
1480,98,0.0478515625,0.2779141962528229,54.28155517578125,0.5391941070556641
1481,105,0.05126953125,0.30105072259902954,56.9385871887207,0.5041217803955078
1482,116,0.056640625,0.2812189757823944,58.550193786621094,0.4863874614238739
1483,110,0.0537109375,0.26686587929725647,57.139095306396484,0.4988085627555847
1484,139,0.06787109375,0.2600702941417694,57.6785888671875,0.4987395107746124
1485,143,0.06982421875,0.22599545121192932,55.8032341003418,0.5177463889122009
1486,151,0.07373046875,0.20610351860523224,56.26405334472656,0.5120840072631836
1487,161,0.07861328125,0.18590399622917175,57.007545471191406,0.5041800141334534
1488,184,0.08984375,0.19464729726314545,58.633384704589844,0.4859902858734131
1489,165,0.08056640625,0.2038324922323227,56.795047760009766,0.509066104888916
1490,190,0.0927734375,0.15675607323646545,58.65808868408203,0.4863697588443756
1491,145,0.07080078125,0.20206499099731445,59.174285888671875,0.4769302308559418
1492,157,0.07666015625,0.19719523191452026,57.455806732177734,0.4998159110546112
1493,149,0.07275390625,0.19152553379535675,57.800071716308594,0.49249011278152466
1494,147,0.07177734375,0.19612473249435425,57.53633117675781,0.4969789683818817
1495,135,0.06591796875,0.18012452125549316,57.570716857910156,0.5007479190826416
1496,142,0.0693359375,0.19923417270183563,58.529544830322266,0.4828740060329437
1497,160,0.078125,0.1972276121377945,59.05162811279297,0.4764358401298523
1498,173,0.08447265625,0.18152892589569092,58.9619026184082,0.47515425086021423
1499,186,0.0908203125,0.18516221642494202,58.62127685546875,0.4770246148109436
1500,166,0.0810546875,0.20873184502124786,57.069881439208984,0.4976828098297119
1501,174,0.0849609375,0.21567291021347046,59.66061019897461,0.4697931706905365
1502,150,0.0732421875,0.2104922980070114,58.30083465576172,0.49374014139175415
1503,134,0.0654296875,0.20968009531497955,56.58791732788086,0.5083803534507751
1504,133,0.06494140625,0.2352176308631897,57.96029281616211,0.4954015910625458
1505,121,0.05908203125,0.2848593592643738,57.68122100830078,0.49919450283050537
1506,136,0.06640625,0.2804083526134491,58.12398910522461,0.49782249331474304
1507,147,0.07177734375,0.3250698447227478,56.883296966552734,0.5097572207450867
1508,154,0.0751953125,0.3037339150905609,58.757545471191406,0.484045147895813
1509,125,0.06103515625,0.3007792830467224,59.408199310302734,0.4722314774990082
1510,135,0.06591796875,0.2808743119239807,60.39345169067383,0.46199503540992737
1511,125,0.06103515625,0.32319292426109314,59.25956344604492,0.4763670563697815
1512,131,0.06396484375,0.33704665303230286,58.571956634521484,0.4868638813495636
1513,114,0.0556640625,0.347565233707428,58.250160217285156,0.49371469020843506
1514,103,0.05029296875,0.37003543972969055,57.036312103271484,0.505949854850769
1515,115,0.05615234375,0.3635242283344269,56.75035095214844,0.5132688879966736
1516,129,0.06298828125,0.3535459339618683,58.01591491699219,0.494155615568161
1517,117,0.05712890625,0.3633156418800354,57.204891204833984,0.5015994906425476
1518,136,0.06640625,0.3653443455696106,58.6326789855957,0.48276978731155396
1519,129,0.06298828125,0.3606167733669281,57.96830749511719,0.49595823884010315
1520,145,0.07080078125,0.35876235365867615,54.41120529174805,0.5356611609458923
1521,138,0.0673828125,0.35141482949256897,49.35530090332031,0.5974723696708679
1522,160,0.078125,0.3495998978614807,55.09143829345703,0.5265879034996033
1523,158,0.0771484375,0.3300705552101135,53.16510009765625,0.5498446822166443
1524,171,0.08349609375,0.364168643951416,54.99870300292969,0.5302514433860779
1525,144,0.0703125,0.3321530520915985,51.22572708129883,0.570833683013916
1526,127,0.06201171875,0.3508453965187073,54.277889251708984,0.5332874655723572
1527,127,0.06201171875,0.3441186249256134,56.52040100097656,0.5044429898262024
1528,113,0.05517578125,0.35851889848709106,55.979366302490234,0.5215567946434021
1529,110,0.0537109375,0.35914692282676697,58.310279846191406,0.49189797043800354
1530,109,0.05322265625,0.3538833558559418,56.90974044799805,0.5080094933509827
1531,124,0.060546875,0.3233952820301056,56.68817901611328,0.5081958174705505
1532,132,0.064453125,0.32455822825431824,58.53765869140625,0.47989559173583984
1533,151,0.07373046875,0.3220229148864746,57.14791488647461,0.5040306448936462
1534,147,0.07177734375,0.31644102931022644,55.57931900024414,0.5313699841499329
1535,163,0.07958984375,0.3194551169872284,56.959835052490234,0.5059135556221008
1536,149,0.07275390625,0.3475891649723053,55.51345443725586,0.5273043513298035
1537,138,0.0673828125,0.3512890338897705,54.750083923339844,0.5329469442367554
1538,138,0.0673828125,0.3599439859390259,53.607154846191406,0.5443699359893799
1539,144,0.0703125,0.35495513677597046,55.61398696899414,0.5217083096504211
1540,140,0.068359375,0.3495672941207886,55.45589065551758,0.5209952592849731
1541,139,0.06787109375,0.3526741564273834,54.27539825439453,0.5379030108451843
1542,137,0.06689453125,0.3487077057361603,55.66324234008789,0.5134795308113098
1543,132,0.064453125,0.34788212180137634,55.80332946777344,0.5170921683311462
1544,148,0.072265625,0.34704411029815674,55.819427490234375,0.5168527364730835
1545,129,0.06298828125,0.36910510063171387,58.51358413696289,0.4832162857055664
1546,141,0.06884765625,0.3832273483276367,56.67747497558594,0.5112440586090088
1547,137,0.06689453125,0.3836958408355713,56.21255874633789,0.5164079070091248
1548,137,0.06689453125,0.3575989007949829,58.35443878173828,0.4818962812423706
1549,135,0.06591796875,0.36097919940948486,56.35257339477539,0.5078803300857544
1550,135,0.06591796875,0.3593331277370453,55.525970458984375,0.5257309675216675
1551,125,0.06103515625,0.33947232365608215,55.58525848388672,0.5202076435089111
1552,126,0.0615234375,0.3159046769142151,55.735374450683594,0.5168755650520325
1553,107,0.05224609375,0.2976381778717041,57.01652908325195,0.5024300217628479
1554,117,0.05712890625,0.3123927116394043,56.9987907409668,0.5055973529815674
1555,123,0.06005859375,0.3254653215408325,55.158363342285156,0.5328802466392517
1556,127,0.06201171875,0.3300189971923828,54.505218505859375,0.5357791781425476
1557,138,0.0673828125,0.3547295928001404,53.652286529541016,0.5470305681228638
1558,144,0.0703125,0.3527926206588745,55.50251388549805,0.5204105973243713
1559,159,0.07763671875,0.3722248375415802,54.36111831665039,0.5359160900115967
1560,617,0.30126953125,0.13394169509410858,57.857330322265625,0.4922216236591339
1561,611,0.29833984375,0.16111452877521515,58.112266540527344,0.4876154661178589
1562,547,0.26708984375,0.1791210025548935,57.834564208984375,0.49316635727882385
1563,678,0.3310546875,0.14678047597408295,57.56023025512695,0.496289998292923
1564,557,0.27197265625,0.1532665193080902,57.6866340637207,0.49430328607559204
1565,615,0.30029296875,0.13623419404029846,58.490150451660156,0.4819806218147278
1566,595,0.29052734375,0.12790994346141815,58.735897064208984,0.4828210175037384
1567,565,0.27587890625,0.14068147540092468,58.70211410522461,0.48446783423423767
1568,776,0.37890625,0.14000378549098969,57.3714599609375,0.5005509853363037
1569,1081,0.52783203125,0.13891500234603882,58.07927703857422,0.49122071266174316
1570,760,0.37109375,0.14242900907993317,57.334529876708984,0.5001066327095032
1571,1162,0.5673828125,0.1236160397529602,59.304298400878906,0.4746188819408417
1572,153,0.07470703125,0.2938569486141205,58.73490524291992,0.4803255498409271
1573,158,0.0771484375,0.2976280152797699,59.2002067565918,0.4760015606880188
1574,163,0.07958984375,0.32861247658729553,58.78937911987305,0.4757016897201538
1575,975,0.47607421875,0.14007844030857086,56.4029541015625,0.5129808783531189
1576,154,0.0751953125,0.3082890510559082,59.10739517211914,0.47112175822257996
1577,962,0.4697265625,0.14205606281757355,56.914302825927734,0.5065228343009949
1578,165,0.08056640625,0.35247477889060974,59.040470123291016,0.4759286046028137
1579,469,0.22900390625,0.21875226497650146,56.480072021484375,0.5094059705734253
1580,947,0.46240234375,0.18461231887340546,58.78829574584961,0.4767962098121643
1581,637,0.31103515625,0.2085181325674057,58.21624755859375,0.4870559573173523
1582,562,0.2744140625,0.21230661869049072,58.82534408569336,0.4809339940547943
1583,559,0.27294921875,0.206166610121727,58.45360565185547,0.4854290187358856
1584,553,0.27001953125,0.2190241664648056,59.1681022644043,0.47476688027381897
1585,531,0.25927734375,0.21393384039402008,58.171836853027344,0.4902394413948059
1586,641,0.31298828125,0.1931104063987732,57.215518951416016,0.5026162266731262
1587,437,0.21337890625,0.1978469043970108,57.538963317871094,0.49899357557296753
1588,495,0.24169921875,0.18824046850204468,57.63426208496094,0.497589647769928
1589,374,0.1826171875,0.20538142323493958,57.76200485229492,0.49578216671943665
1590,372,0.181640625,0.1964411735534668,57.440093994140625,0.5002881288528442
1591,322,0.1572265625,0.22565169632434845,57.20529556274414,0.4998522102832794
1592,306,0.1494140625,0.2088278979063034,55.079833984375,0.5278868079185486
1593,307,0.14990234375,0.2121185064315796,56.644691467285156,0.5070706605911255
1594,314,0.1533203125,0.21752037107944489,56.5804557800293,0.5119890570640564
1595,305,0.14892578125,0.25920790433883667,57.75146484375,0.4929839074611664
1596,346,0.1689453125,0.2482236623764038,57.72464370727539,0.4919341802597046
1597,328,0.16015625,0.2691017985343933,58.39512252807617,0.4838942587375641
1598,280,0.13671875,0.3007054030895233,57.87134552001953,0.4904835820198059
1599,320,0.15625,0.2630007266998291,57.6773567199707,0.4945431351661682
1600,78,0.0380859375,0.5074824094772339,53.08688735961914,0.5506013631820679
1601,84,0.041015625,0.4213889241218567,58.528297424316406,0.4790005385875702
1602,80,0.0390625,0.36413779854774475,58.96428298950195,0.48237210512161255
1603,74,0.0361328125,0.3870926797389984,58.06449890136719,0.4904276728630066
1604,75,0.03662109375,0.38126710057258606,57.18171691894531,0.5077894330024719
1605,82,0.0400390625,0.35876667499542236,62.438507080078125,0.42498779296875
1606,77,0.03759765625,0.3730066418647766,58.27164840698242,0.49277952313423157
1607,87,0.04248046875,0.3611241281032562,57.14362716674805,0.5121306777000427
1608,83,0.04052734375,0.3703936040401459,58.899085998535156,0.48520246148109436
1609,85,0.04150390625,0.3652878701686859,60.36897277832031,0.45618483424186707
1610,82,0.0400390625,0.35996153950691223,59.43879699707031,0.47152969241142273
1611,76,0.037109375,0.39017876982688904,55.98002624511719,0.5200298428535461
1612,85,0.04150390625,0.39216911792755127,58.15916061401367,0.4847663342952728
1613,73,0.03564453125,0.3871273100376129,56.124671936035156,0.5207663774490356
1614,80,0.0390625,0.403229296207428,56.3897819519043,0.5074816942214966
1615,94,0.0458984375,0.38837942481040955,57.906219482421875,0.49472373723983765
1616,89,0.04345703125,0.49273166060447693,61.433502197265625,0.4404386878013611
1617,88,0.04296875,0.4442864656448364,56.6191520690918,0.5077621340751648
1618,85,0.04150390625,0.40423494577407837,55.62995910644531,0.5180467963218689
1619,88,0.04296875,0.3641926646232605,59.033164978027344,0.47779580950737
1620,86,0.0419921875,0.3565381169319153,53.225868225097656,0.5422316193580627
1621,84,0.041015625,0.35165169835090637,58.9810791015625,0.457609623670578
1622,86,0.0419921875,0.3423611521720886,51.28287887573242,0.5781556963920593
1623,90,0.0439453125,0.31921327114105225,54.25607681274414,0.5435623526573181
1624,102,0.0498046875,0.30590856075286865,57.72444152832031,0.485598087310791
1625,141,0.06884765625,0.3208370506763458,59.39459991455078,0.4700835645198822
1626,147,0.07177734375,0.31196466088294983,59.11870193481445,0.46991589665412903
1627,142,0.0693359375,0.34370821714401245,57.76714324951172,0.4898633360862732
1628,142,0.0693359375,0.5093199014663696,57.17356491088867,0.5010381937026978
1629,126,0.0615234375,0.37270498275756836,58.051361083984375,0.4848431646823883
1630,141,0.06884765625,0.3461300730705261,61.33574295043945,0.4492008090019226
1631,128,0.0625,0.35572549700737,61.626319885253906,0.44217801094055176
1632,134,0.0654296875,0.3541553318500519,60.82822799682617,0.4537814259529114
1633,154,0.0751953125,0.3322812616825104,58.08885955810547,0.4920544922351837
1634,139,0.06787109375,0.3623448312282562,60.21331787109375,0.4610021114349365
1635,135,0.06591796875,0.354868620634079,59.91605758666992,0.46507400274276733
1636,134,0.0654296875,0.35637760162353516,56.687686920166016,0.5090388059616089
1637,132,0.064453125,0.34985676407814026,56.000186920166016,0.5168058276176453
1638,123,0.06005859375,0.33358094096183777,56.436336517333984,0.509648323059082
1639,116,0.056640625,0.31095990538597107,58.429630279541016,0.48120713233947754
1640,106,0.0517578125,0.3671821653842926,56.42051315307617,0.5136426687240601
1641,96,0.046875,0.3954152464866638,54.83205032348633,0.5236791968345642
1642,113,0.05517578125,0.36002644896507263,55.509117126464844,0.5247848629951477
1643,109,0.05322265625,0.33414170145988464,56.24346923828125,0.5049630403518677
1644,108,0.052734375,0.3013324737548828,60.07042694091797,0.4599062502384186
1645,114,0.0556640625,0.28840649127960205,60.00223922729492,0.4681698679924011
1646,140,0.068359375,0.2661859393119812,57.817012786865234,0.49574771523475647
1647,139,0.06787109375,0.2956230938434601,57.95377731323242,0.4906189739704132
1648,115,0.05615234375,0.3217943012714386,55.033294677734375,0.5248556137084961
1649,112,0.0546875,0.3096296787261963,57.43710708618164,0.48874631524086
1650,124,0.060546875,0.2731618881225586,53.94440841674805,0.5470095872879028
1651,117,0.05712890625,0.26914557814598083,57.84336471557617,0.4907791316509247
1652,104,0.05078125,0.2967771887779236,58.93728256225586,0.47546160221099854
1653,99,0.04833984375,0.2834487855434418,58.35481262207031,0.4868386685848236
1654,100,0.048828125,0.3157576024532318,60.101226806640625,0.46433404088020325
1655,90,0.0439453125,0.30472204089164734,59.12616729736328,0.47465211153030396
1656,83,0.04052734375,0.32744482159614563,59.99346923828125,0.46072250604629517
1657,90,0.0439453125,0.34306806325912476,58.2018928527832,0.4856787323951721
1658,96,0.046875,0.33312222361564636,58.84990310668945,0.4770923852920532
1659,100,0.048828125,0.31292271614074707,55.61204528808594,0.5218372344970703
1660,85,0.04150390625,0.3319808840751648,55.96713638305664,0.5184345245361328
1661,83,0.04052734375,0.3438352048397064,55.199520111083984,0.5200557708740234
1662,82,0.0400390625,0.3547459840774536,56.52722930908203,0.5061936974525452
1663,80,0.0390625,0.33127978444099426,55.7424201965332,0.5207257270812988
1664,92,0.044921875,0.3290909230709076,53.76528549194336,0.5480033159255981
1665,97,0.04736328125,0.3481786549091339,53.445457458496094,0.5480223894119263
1666,86,0.0419921875,0.35748690366744995,54.78403854370117,0.5276432037353516
1667,82,0.0400390625,0.3506776988506317,55.17745590209961,0.531594455242157
1668,92,0.044921875,0.3584706485271454,57.341861724853516,0.49689534306526184
1669,86,0.0419921875,0.3573935925960541,56.77369689941406,0.5109099745750427
1670,92,0.044921875,0.34827420115470886,57.010807037353516,0.506099283695221
1671,85,0.04150390625,0.36845341324806213,56.6136589050293,0.509579598903656
1672,85,0.04150390625,0.3564249575138092,58.376827239990234,0.48968505859375
1673,81,0.03955078125,0.35645991563796997,55.468597412109375,0.5241460204124451
1674,82,0.0400390625,0.368869811296463,57.11611557006836,0.5074304342269897
1675,88,0.04296875,0.352291077375412,59.73847579956055,0.4685652554035187
1676,76,0.037109375,0.35464876890182495,60.00764465332031,0.4673512578010559
1677,88,0.04296875,0.35082969069480896,55.9937744140625,0.5215973258018494
1678,76,0.037109375,0.3882347345352173,56.64628601074219,0.5180384516716003
1679,80,0.0390625,0.37111610174179077,58.793914794921875,0.4799233376979828
1680,277,0.13525390625,0.29852724075317383,56.074337005615234,0.5112082958221436
1681,234,0.1142578125,0.3215346038341522,57.78012466430664,0.4962228536605835
1682,250,0.1220703125,0.3163108825683594,56.22245407104492,0.5158909559249878
1683,246,0.1201171875,0.320797324180603,56.997745513916016,0.5009365677833557
1684,233,0.11376953125,0.3131922781467438,56.04508972167969,0.5100640058517456
1685,200,0.09765625,0.3453640639781952,57.68321228027344,0.49722135066986084
1686,194,0.0947265625,0.3512911796569824,56.67515563964844,0.5143417119979858
1687,178,0.0869140625,0.3458438217639923,56.22213363647461,0.5135282278060913
1688,186,0.0908203125,0.3673865497112274,57.023101806640625,0.5023651123046875
1689,186,0.0908203125,0.36013999581336975,56.60062789916992,0.5049331188201904
1690,181,0.08837890625,0.33989107608795166,58.00609588623047,0.48578116297721863
1691,155,0.07568359375,0.3175574839115143,59.334556579589844,0.4682025909423828
1692,166,0.0810546875,0.3126561939716339,61.1939811706543,0.4439231753349304
1693,188,0.091796875,0.2804844081401825,60.91667175292969,0.44289901852607727
1694,222,0.1083984375,0.2534463405609131,58.7518196105957,0.4828292429447174
1695,196,0.095703125,0.2625930607318878,58.364898681640625,0.4793032705783844
1696,196,0.095703125,0.2220078706741333,58.92565155029297,0.47563210129737854
1697,193,0.09423828125,0.24005655944347382,59.305320739746094,0.4700728952884674
1698,174,0.0849609375,0.27210235595703125,59.06657409667969,0.47326233983039856
1699,177,0.08642578125,0.2555651068687439,56.74956512451172,0.5083447098731995
1700,176,0.0859375,0.2666691541671753,57.12983322143555,0.5018112659454346
1701,160,0.078125,0.2724126875400543,56.71937942504883,0.5040415525436401
1702,193,0.09423828125,0.27432116866111755,57.680633544921875,0.49655619263648987
1703,214,0.1044921875,0.24710823595523834,58.28994369506836,0.4903466999530792
1704,204,0.099609375,0.25197428464889526,57.571746826171875,0.5012534856796265
1705,232,0.11328125,0.24738676846027374,57.26626205444336,0.5061798095703125
1706,232,0.11328125,0.2574332654476166,57.83470153808594,0.49687111377716064
1707,255,0.12451171875,0.26699283719062805,60.38969802856445,0.4607274532318115
1708,252,0.123046875,0.24760863184928894,58.537105560302734,0.48444664478302
1709,317,0.15478515625,0.22065797448158264,58.629066467285156,0.48357582092285156
1710,391,0.19091796875,0.20973549783229828,58.91415786743164,0.4806769788265228
1711,488,0.23828125,0.20920631289482117,56.73733901977539,0.5062771439552307
1712,549,0.26806640625,0.20061208307743073,56.131568908691406,0.519433856010437
1713,734,0.3583984375,0.20477645099163055,57.14225387573242,0.5037170052528381
1714,547,0.26708984375,0.22201323509216309,58.69557189941406,0.47923532128334045
1715,829,0.40478515625,0.19034583866596222,57.22578430175781,0.5005160570144653
1716,800,0.390625,0.1813303679227829,57.59535598754883,0.4975302219390869
1717,1131,0.55224609375,0.17966298758983612,57.455345153808594,0.49782517552375793
1718,1136,0.5546875,0.1787663996219635,57.04881286621094,0.5029341578483582
1719,618,0.3017578125,0.17553067207336426,57.27214050292969,0.5003536939620972
1720,96,0.046875,0.35537898540496826,58.79439926147461,0.48083868622779846
1721,92,0.044921875,0.3350094258785248,57.557533264160156,0.500818133354187
1722,89,0.04345703125,0.3174704909324646,58.304603576660156,0.49262571334838867
1723,92,0.044921875,0.3284987509250641,58.757747650146484,0.48372212052345276
1724,97,0.04736328125,0.32023632526397705,60.475399017333984,0.45945554971694946
1725,88,0.04296875,0.31042158603668213,56.332618713378906,0.5137712359428406
1726,97,0.04736328125,0.31891611218452454,57.54111099243164,0.4964311420917511
1727,90,0.0439453125,0.3581741750240326,54.00994873046875,0.5426987409591675
1728,87,0.04248046875,0.3883509635925293,53.24433517456055,0.5526776313781738
1729,89,0.04345703125,0.38783708214759827,57.88587951660156,0.4894335865974426
1730,93,0.04541015625,0.38777539134025574,58.18507385253906,0.48295503854751587
1731,78,0.0380859375,0.39300116896629333,58.19185256958008,0.48926618695259094
1732,80,0.0390625,0.40774592757225037,55.49271774291992,0.5151649713516235
1733,70,0.0341796875,0.4168776273727417,56.78106689453125,0.5022963881492615
1734,77,0.03759765625,0.42671340703964233,57.90076446533203,0.48642459511756897
1735,71,0.03466796875,0.4160802960395813,51.04479217529297,0.5808979868888855
1736,64,0.03125,0.37807589769363403,60.87132263183594,0.44623497128486633
1737,59,0.02880859375,0.3814697265625,55.978057861328125,0.519159734249115
1738,61,0.02978515625,0.3978980779647827,56.272193908691406,0.517928957939148
1739,66,0.0322265625,0.39339983463287354,56.25004196166992,0.5104286074638367
1740,59,0.02880859375,0.4237139821052551,54.500938415527344,0.5461170673370361
1741,60,0.029296875,0.43769529461860657,53.585514068603516,0.5527771711349487
1742,69,0.03369140625,0.4310621917247772,55.09235382080078,0.5239393711090088
1743,73,0.03564453125,0.3952445387840271,57.63372802734375,0.5000260472297668
1744,72,0.03515625,0.42893439531326294,54.62171936035156,0.5336726307868958
1745,72,0.03515625,0.4330805838108063,55.07420349121094,0.532085657119751
1746,69,0.03369140625,0.39929473400115967,57.86846160888672,0.4989168345928192
1747,67,0.03271484375,0.38923436403274536,58.361289978027344,0.48647597432136536
1748,75,0.03662109375,0.37413328886032104,58.87611389160156,0.4788518249988556
1749,69,0.03369140625,0.3704680800437927,56.283748626708984,0.5167695879936218
1750,71,0.03466796875,0.39329609274864197,57.95781707763672,0.49414971470832825
1751,60,0.029296875,0.383259654045105,57.253639221191406,0.5019137859344482
1752,59,0.02880859375,0.36116448044776917,55.56996154785156,0.527998685836792
1753,61,0.02978515625,0.326401948928833,54.275081634521484,0.5375533699989319
1754,65,0.03173828125,0.33862343430519104,57.57402801513672,0.49341583251953125
1755,69,0.03369140625,0.2999727129936218,56.7259521484375,0.5100564360618591
1756,68,0.033203125,0.3163815140724182,58.162384033203125,0.48976102471351624
1757,64,0.03125,0.30986493825912476,55.94087600708008,0.5215806365013123
1758,60,0.029296875,0.31578028202056885,56.30408477783203,0.5180693864822388
1759,67,0.03271484375,0.2968834638595581,59.556007385253906,0.46532130241394043
1760,174,0.0849609375,0.16167286038398743,58.46098327636719,0.48785579204559326
1761,160,0.078125,0.1543179154396057,58.55773162841797,0.4871087968349457
1762,148,0.072265625,0.18331676721572876,56.9310188293457,0.5063178539276123
1763,153,0.07470703125,0.16302937269210815,56.18009567260742,0.5150030851364136
1764,145,0.07080078125,0.1623738706111908,55.75162124633789,0.5220086574554443
1765,148,0.072265625,0.17230428755283356,56.27254104614258,0.512923538684845
1766,146,0.0712890625,0.18417327105998993,59.75723648071289,0.47110533714294434
1767,163,0.07958984375,0.15663212537765503,54.81795883178711,0.5371823310852051
1768,169,0.08251953125,0.16913670301437378,56.707523345947266,0.5106818079948425
1769,165,0.08056640625,0.17470130324363708,55.437435150146484,0.5162626504898071
1770,158,0.0771484375,0.21697810292243958,60.11387634277344,0.4650202989578247
1771,172,0.083984375,0.18518781661987305,60.22828674316406,0.46185022592544556
1772,166,0.0810546875,0.1735830157995224,57.44922637939453,0.49452513456344604
1773,156,0.076171875,0.1748231202363968,57.29280090332031,0.49983513355255127
1774,183,0.08935546875,0.1808544546365738,57.02446746826172,0.5031322240829468
1775,157,0.07666015625,0.19829052686691284,56.04681396484375,0.5134342312812805
1776,153,0.07470703125,0.1970924288034439,56.177223205566406,0.5192728042602539
1777,190,0.0927734375,0.18169865012168884,57.65401840209961,0.4936085343360901
1778,231,0.11279296875,0.16283325850963593,59.102813720703125,0.47775906324386597
1779,224,0.109375,0.16820698976516724,57.39291000366211,0.5012058615684509
1780,194,0.0947265625,0.20401020348072052,57.47099685668945,0.49573197960853577
1781,197,0.09619140625,0.21117518842220306,56.50354766845703,0.5133548974990845
1782,276,0.134765625,0.1919095814228058,59.66068649291992,0.47099077701568604
1783,335,0.16357421875,0.16602763533592224,57.76041793823242,0.4973091185092926
1784,514,0.2509765625,0.17972704768180847,56.64976501464844,0.5063085556030273
1785,373,0.18212890625,0.17497403919696808,58.9777717590332,0.47533851861953735
1786,401,0.19580078125,0.1535942405462265,58.106788635253906,0.4916508197784424
1787,296,0.14453125,0.15703192353248596,59.13135528564453,0.4757813513278961
1788,279,0.13623046875,0.13979662954807281,58.460880279541016,0.4872901439666748
1789,256,0.125,0.13253723084926605,60.523048400878906,0.4647774398326874
1790,282,0.1376953125,0.12242098152637482,57.101871490478516,0.5043245553970337
1791,298,0.1455078125,0.1241617351770401,57.95374298095703,0.49380627274513245
1792,293,0.14306640625,0.1289885938167572,57.1651611328125,0.5048288106918335
1793,258,0.1259765625,0.1487160176038742,55.80119705200195,0.5229657292366028
1794,284,0.138671875,0.13536691665649414,56.18549728393555,0.5176723003387451
1795,279,0.13623046875,0.13033811748027802,56.42620086669922,0.5113152265548706
1796,306,0.1494140625,0.13935212790966034,56.43157196044922,0.5122073292732239
1797,299,0.14599609375,0.15955866873264313,56.169490814208984,0.5232772827148438
1798,314,0.1533203125,0.14514775574207306,59.363075256347656,0.47230786085128784
1799,306,0.1494140625,0.15260274708271027,59.30717849731445,0.46850112080574036
1800,276,0.134765625,0.2990220785140991,57.687137603759766,0.4931209981441498
1801,668,0.326171875,0.17792661488056183,56.996524810791016,0.503508985042572
1802,696,0.33984375,0.1909717172384262,56.91656494140625,0.5060982704162598
1803,734,0.3583984375,0.19196896255016327,57.2234001159668,0.5014650821685791
1804,680,0.33203125,0.18835489451885223,56.69603729248047,0.5073328614234924
1805,652,0.318359375,0.18494653701782227,57.156494140625,0.502943754196167
1806,505,0.24658203125,0.21683821082115173,57.548614501953125,0.4975331425666809
1807,592,0.2890625,0.2047419548034668,57.30127716064453,0.5001860857009888
1808,462,0.2255859375,0.23802313208580017,58.27503204345703,0.48941925168037415
1809,472,0.23046875,0.21376344561576843,57.040000915527344,0.506283700466156
1810,535,0.26123046875,0.22446727752685547,58.25511169433594,0.48783421516418457
1811,589,0.28759765625,0.17717419564723969,58.07141876220703,0.49024298787117004
1812,774,0.3779296875,0.16000840067863464,58.86119842529297,0.4799414277076721
1813,594,0.2900390625,0.20246179401874542,57.349884033203125,0.49788138270378113
1814,611,0.29833984375,0.19429850578308105,57.4440803527832,0.5009371042251587
1815,719,0.35107421875,0.18735790252685547,57.899471282958984,0.49533969163894653
1816,480,0.234375,0.21226078271865845,58.23828125,0.48986783623695374
1817,464,0.2265625,0.21792729198932648,58.01959991455078,0.4951986074447632
1818,462,0.2255859375,0.22817184031009674,57.54729080200195,0.4989122748374939
1819,492,0.240234375,0.24849484860897064,57.93749237060547,0.49267229437828064
1820,367,0.17919921875,0.2761644721031189,57.764591217041016,0.4979596734046936
1821,318,0.1552734375,0.29621854424476624,60.04103469848633,0.46765923500061035
1822,265,0.12939453125,0.30507034063339233,59.2780876159668,0.47615447640419006
1823,340,0.166015625,0.2893325984477997,57.72408676147461,0.49686527252197266
1824,341,0.16650390625,0.2949742078781128,57.291812896728516,0.5013390779495239
1825,390,0.1904296875,0.277779757976532,57.23101043701172,0.5037713646888733
1826,401,0.19580078125,0.26230180263519287,56.753662109375,0.5134736895561218
1827,412,0.201171875,0.27132898569107056,56.713687896728516,0.5104846358299255
1828,361,0.17626953125,0.30322033166885376,56.295597076416016,0.5146304965019226
1829,470,0.2294921875,0.2613832950592041,56.545047760009766,0.5115673542022705
1830,372,0.181640625,0.2978455722332001,56.065921783447266,0.5203589200973511
1831,343,0.16748046875,0.3015303611755371,57.464115142822266,0.4994058907032013
1832,320,0.15625,0.3082202672958374,58.75201416015625,0.48244398832321167
1833,290,0.1416015625,0.30199068784713745,57.93656539916992,0.4936821162700653
1834,401,0.19580078125,0.2789834141731262,58.404273986816406,0.4844631254673004
1835,447,0.21826171875,0.2591564953327179,58.478668212890625,0.4834916591644287
1836,621,0.30322265625,0.21818406879901886,57.80989074707031,0.4946898818016052
1837,604,0.294921875,0.22617889940738678,57.76826858520508,0.49410638213157654
1838,592,0.2890625,0.21290791034698486,56.979888916015625,0.5059937238693237
1839,464,0.2265625,0.24319103360176086,56.4405632019043,0.5101990699768066
1840,33,0.01611328125,0.34587883949279785,50.194976806640625,0.5942316055297852
1841,40,0.01953125,0.3661876916885376,56.0771369934082,0.5092947483062744
1842,35,0.01708984375,0.38058149814605713,58.704429626464844,0.4924290180206299
1843,29,0.01416015625,0.3610212206840515,63.40900802612305,0.42936235666275024
1844,37,0.01806640625,0.4000040292739868,60.93208312988281,0.4633350372314453
1845,36,0.017578125,0.3906829059123993,59.29465103149414,0.4779975116252899
1846,32,0.015625,0.40168991684913635,57.15175247192383,0.5095719695091248
1847,21,0.01025390625,0.39263609051704407,49.025699615478516,0.6278363466262817
1848,23,0.01123046875,0.3373194932937622,47.95537185668945,0.6233450174331665
1849,31,0.01513671875,0.35853421688079834,59.85751724243164,0.4758332669734955
1850,27,0.01318359375,0.35650691390037537,54.239349365234375,0.5515202283859253
1851,22,0.0107421875,0.3441413938999176,47.751182556152344,0.6402158737182617
1852,24,0.01171875,0.3361373245716095,50.42698287963867,0.6010788083076477
1853,24,0.01171875,0.33552274107933044,50.62693405151367,0.5964823961257935
1854,24,0.01171875,0.34670135378837585,53.484222412109375,0.5681084990501404
1855,31,0.01513671875,0.3664095997810364,56.34520721435547,0.5136257410049438
1856,36,0.017578125,0.36868464946746826,56.09465026855469,0.5149290561676025
1857,31,0.01513671875,0.3514997959136963,53.20112228393555,0.5538370609283447
1858,39,0.01904296875,0.37545245885849,58.69017791748047,0.4772084057331085
1859,43,0.02099609375,0.38032254576683044,57.73725891113281,0.49385231733322144
1860,41,0.02001953125,0.37055718898773193,57.620784759521484,0.4906790256500244
1861,42,0.0205078125,0.38560107350349426,55.94921112060547,0.5064170360565186
1862,46,0.0224609375,0.38427263498306274,58.04039001464844,0.48405128717422485
1863,47,0.02294921875,0.3703848123550415,54.99442672729492,0.5384413003921509
1864,54,0.0263671875,0.3665641248226166,56.96487808227539,0.5086247324943542
1865,51,0.02490234375,0.37133893370628357,56.68050003051758,0.4851912558078766
1866,48,0.0234375,0.3872372508049011,59.00602722167969,0.47962966561317444
1867,48,0.0234375,0.3733826279640198,60.59368896484375,0.4537562429904938
1868,43,0.02099609375,0.36003923416137695,56.94505310058594,0.5067299008369446
1869,50,0.0244140625,0.3689793646335602,51.513572692871094,0.5784170031547546
1870,44,0.021484375,0.36111825704574585,57.88229751586914,0.489948570728302
1871,44,0.021484375,0.3751866817474365,60.285011291503906,0.46847257018089294
1872,47,0.02294921875,0.37978288531303406,58.8143424987793,0.47575512528419495
1873,54,0.0263671875,0.3677065074443817,52.86066818237305,0.5633735060691833
1874,50,0.0244140625,0.37981030344963074,58.802467346191406,0.48221147060394287
1875,49,0.02392578125,0.3940465748310089,59.17695236206055,0.4813002347946167
1876,52,0.025390625,0.39785462617874146,59.37769317626953,0.47315236926078796
1877,53,0.02587890625,0.41066163778305054,61.90077590942383,0.44356998801231384
1878,55,0.02685546875,0.3933907747268677,60.62877655029297,0.46827080845832825
1879,52,0.025390625,0.39923664927482605,59.84165573120117,0.4729917347431183
1880,188,0.091796875,0.22805069386959076,53.12291717529297,0.5539369583129883
1881,227,0.11083984375,0.22526633739471436,56.37866973876953,0.514940619468689
1882,182,0.0888671875,0.2528938055038452,54.812408447265625,0.5242229104042053
1883,160,0.078125,0.23963379859924316,57.2827033996582,0.4927152097225189
1884,152,0.07421875,0.22368888556957245,56.084266662597656,0.51300448179245
1885,156,0.076171875,0.22063373029232025,58.30623245239258,0.48554113507270813
1886,152,0.07421875,0.21810749173164368,59.253814697265625,0.4650784134864807
1887,163,0.07958984375,0.22723881900310516,55.987579345703125,0.5142455101013184
1888,163,0.07958984375,0.2293681502342224,55.49660873413086,0.518896758556366
1889,168,0.08203125,0.22576574981212616,55.86007308959961,0.5140702128410339
1890,196,0.095703125,0.2511817216873169,55.4791145324707,0.5199581980705261
1891,234,0.1142578125,0.21843883395195007,56.516822814941406,0.5091621279716492
1892,220,0.107421875,0.2396298199892044,55.88039779663086,0.5158486366271973
1893,199,0.09716796875,0.22883564233779907,55.17741394042969,0.5217225551605225
1894,202,0.0986328125,0.22293241322040558,54.98981475830078,0.524213433265686
1895,202,0.0986328125,0.21886073052883148,56.06181716918945,0.512548565864563
1896,248,0.12109375,0.22159616649150848,56.84492492675781,0.5081978440284729
1897,241,0.11767578125,0.21041953563690186,57.44590377807617,0.5004875063896179
1898,277,0.13525390625,0.19320084154605865,56.22846221923828,0.511699914932251
1899,239,0.11669921875,0.1986132264137268,53.99690628051758,0.5435668230056763
1900,225,0.10986328125,0.20818576216697693,55.221431732177734,0.5312641859054565
1901,231,0.11279296875,0.22782792150974274,56.2320671081543,0.519757091999054
1902,244,0.119140625,0.2808104157447815,56.89253234863281,0.5109968185424805
1903,234,0.1142578125,0.29698318243026733,57.35164260864258,0.5050721764564514
1904,236,0.115234375,0.24432975053787231,55.092201232910156,0.5306047201156616
1905,230,0.1123046875,0.2319801300764084,55.73635482788086,0.5231844782829285
1906,224,0.109375,0.22347943484783173,54.56855392456055,0.5381420850753784
1907,253,0.12353515625,0.26330333948135376,54.97772216796875,0.5325666666030884
1908,240,0.1171875,0.25960180163383484,55.641963958740234,0.5250995755195618
1909,219,0.10693359375,0.2933332920074463,55.69540023803711,0.5217896103858948
1910,206,0.1005859375,0.2787055969238281,56.107303619384766,0.5145261883735657
1911,210,0.1025390625,0.2749433219432831,57.19257736206055,0.5008528828620911
1912,221,0.10791015625,0.29213812947273254,56.590057373046875,0.5122184157371521
1913,182,0.0888671875,0.2760075032711029,55.49906539916992,0.5279697775840759
1914,206,0.1005859375,0.2876587212085724,55.33882141113281,0.5248370170593262
1915,191,0.09326171875,0.24856463074684143,56.22891616821289,0.5142635703086853
1916,193,0.09423828125,0.27911704778671265,55.204689025878906,0.5293887853622437
1917,242,0.1181640625,0.27189427614212036,54.33819580078125,0.5424005389213562
1918,228,0.111328125,0.27686864137649536,56.5850715637207,0.5116978883743286
1919,206,0.1005859375,0.2838324308395386,56.675209045410156,0.5138448476791382
1920,57,0.02783203125,0.5852095484733582,55.6186637878418,0.5091762542724609
1921,63,0.03076171875,0.580213189125061,56.0415153503418,0.5211309194564819
1922,61,0.02978515625,0.5861895084381104,52.00302505493164,0.5721015930175781
1923,71,0.03466796875,0.5134758949279785,55.21662139892578,0.5272944569587708
1924,74,0.0361328125,0.5137555003166199,56.65792465209961,0.5096045732498169
1925,77,0.03759765625,0.46873486042022705,53.531578063964844,0.5482604503631592
1926,80,0.0390625,0.42015740275382996,53.55290603637695,0.5499675273895264
1927,78,0.0380859375,0.387790322303772,55.49052047729492,0.5214830040931702
1928,72,0.03515625,0.44364988803863525,56.56285095214844,0.5072692632675171
1929,76,0.037109375,0.43621617555618286,55.30687713623047,0.5319480299949646
1930,69,0.03369140625,0.45564979314804077,54.85896682739258,0.5384458899497986
1931,69,0.03369140625,0.43617236614227295,56.367279052734375,0.5188990831375122
1932,75,0.03662109375,0.39234381914138794,55.30679702758789,0.526611864566803
1933,69,0.03369140625,0.36996057629585266,57.98129653930664,0.4938768148422241
1934,73,0.03564453125,0.36487457156181335,53.04954147338867,0.5597027540206909
1935,67,0.03271484375,0.39149683713912964,56.63862228393555,0.5076571702957153
1936,68,0.033203125,0.42405039072036743,52.14344787597656,0.5830979347229004
1937,69,0.03369140625,0.4525980055332184,51.41990661621094,0.5738192200660706
1938,80,0.0390625,0.39844968914985657,52.23677444458008,0.573768138885498
1939,87,0.04248046875,0.3799095153808594,54.44132614135742,0.5340036153793335
1940,80,0.0390625,0.38085296750068665,54.05382537841797,0.5515063405036926
1941,77,0.03759765625,0.3897381126880646,56.382266998291016,0.5131859183311462
1942,76,0.037109375,0.4106540381908417,56.76124954223633,0.5120297074317932
1943,83,0.04052734375,0.3520771563053131,55.51709747314453,0.5241005420684814
1944,81,0.03955078125,0.34701570868492126,54.85390090942383,0.5330849289894104
1945,82,0.0400390625,0.375698447227478,60.793670654296875,0.45843902230262756
1946,75,0.03662109375,0.35665059089660645,53.75434494018555,0.5462429523468018
1947,73,0.03564453125,0.3652122914791107,50.225467681884766,0.5876814723014832
1948,91,0.04443359375,0.37939774990081787,58.30545425415039,0.48489630222320557
1949,76,0.037109375,0.3923439681529999,55.28644943237305,0.5330985188484192
1950,72,0.03515625,0.39443206787109375,53.860164642333984,0.5485190749168396
1951,64,0.03125,0.4032609760761261,55.81922149658203,0.5241175293922424
1952,63,0.03076171875,0.42284727096557617,60.507301330566406,0.4582231640815735
1953,66,0.0322265625,0.40350523591041565,59.56172180175781,0.478890061378479
1954,58,0.0283203125,0.41666489839553833,53.0916633605957,0.5465267896652222
1955,64,0.03125,0.43475574254989624,57.067874908447266,0.49488189816474915
1956,76,0.037109375,0.3709198534488678,56.5599479675293,0.5147465467453003
1957,69,0.03369140625,0.45304155349731445,59.152923583984375,0.4785841107368469
1958,76,0.037109375,0.45156005024909973,57.91608810424805,0.4937496781349182
1959,84,0.041015625,0.4206814765930176,55.92810821533203,0.5236250162124634
1960,94,0.0458984375,0.34842175245285034,61.115882873535156,0.4506480097770691
1961,90,0.0439453125,0.3421732783317566,61.128211975097656,0.4453836679458618
1962,93,0.04541015625,0.35791638493537903,52.82853317260742,0.5631318688392639
1963,108,0.052734375,0.3268086314201355,56.796260833740234,0.5044949054718018
1964,108,0.052734375,0.3310692012310028,57.57432174682617,0.4977457821369171
1965,89,0.04345703125,0.33629074692726135,58.402305603027344,0.48216769099235535
1966,88,0.04296875,0.3571570813655853,56.429996490478516,0.5108992457389832
1967,86,0.0419921875,0.3643045723438263,60.105831146240234,0.46291372179985046
1968,76,0.037109375,0.39195579290390015,56.65158462524414,0.5150473117828369
1969,76,0.037109375,0.4188673794269562,55.692665100097656,0.5290203094482422
1970,74,0.0361328125,0.3979019224643707,53.8901481628418,0.5486521124839783
1971,73,0.03564453125,0.37082961201667786,61.33512878417969,0.44072607159614563
1972,78,0.0380859375,0.3795626759529114,58.06755828857422,0.48789453506469727
1973,67,0.03271484375,0.4001759886741638,59.994773864746094,0.4600493609905243
1974,73,0.03564453125,0.3644523620605469,60.13358688354492,0.45250293612480164
1975,72,0.03515625,0.3761765956878662,62.47528839111328,0.41836419701576233
1976,76,0.037109375,0.3702777028083801,53.655029296875,0.5479021668434143
1977,69,0.03369140625,0.3736080527305603,61.49073028564453,0.44391658902168274
1978,65,0.03173828125,0.3652745485305786,60.69470977783203,0.4485522508621216
1979,73,0.03564453125,0.3557806611061096,55.4626579284668,0.529473066329956
1980,65,0.03173828125,0.3735960125923157,58.24700164794922,0.49350011348724365
1981,60,0.029296875,0.3863793909549713,60.486202239990234,0.44698378443717957
1982,57,0.02783203125,0.35814571380615234,57.14643478393555,0.5047891139984131
1983,61,0.02978515625,0.35748153924942017,60.71177673339844,0.4521355628967285
1984,62,0.0302734375,0.34513628482818604,58.21519470214844,0.4819002151489258
1985,62,0.0302734375,0.36951228976249695,60.34288024902344,0.4651899039745331
1986,63,0.03076171875,0.390397846698761,58.53106689453125,0.48543253540992737
1987,66,0.0322265625,0.40730220079421997,57.22217559814453,0.5045839548110962
1988,61,0.02978515625,0.4015878140926361,53.31844711303711,0.5450294613838196
1989,64,0.03125,0.3715493381023407,55.03921127319336,0.5292704105377197
1990,58,0.0283203125,0.3865034878253937,55.239925384521484,0.5280947685241699
1991,59,0.02880859375,0.43647301197052,58.61323165893555,0.48306241631507874
1992,52,0.025390625,0.42535796761512756,55.721641540527344,0.5238896012306213
1993,52,0.025390625,0.4009550213813782,59.28638458251953,0.48040705919265747
1994,61,0.02978515625,0.3783476650714874,57.643863677978516,0.5008260607719421
1995,63,0.03076171875,0.4130248725414276,57.2088508605957,0.508065402507782
1996,57,0.02783203125,0.3951101005077362,55.913475036621094,0.5172654986381531
1997,57,0.02783203125,0.39343154430389404,55.700828552246094,0.5116250514984131
1998,65,0.03173828125,0.3928241431713104,54.408390045166016,0.5396633148193359
1999,60,0.029296875,0.36759939789772034,56.75200653076172,0.5015072226524353
2000,645,0.31494140625,0.18797223269939423,56.225276947021484,0.5155068635940552
2001,589,0.28759765625,0.17446370422840118,56.58045196533203,0.5105233192443848
2002,557,0.27197265625,0.14467880129814148,56.89593505859375,0.5049556493759155
2003,498,0.2431640625,0.13107120990753174,57.185821533203125,0.497359037399292
2004,460,0.224609375,0.128156840801239,56.43234634399414,0.514687716960907
2005,371,0.18115234375,0.13843414187431335,57.22963333129883,0.49994611740112305
2006,375,0.18310546875,0.1345416158437729,57.84128189086914,0.49353018403053284
2007,326,0.1591796875,0.12781088054180145,57.80555725097656,0.49559006094932556
2008,292,0.142578125,0.14908120036125183,56.084686279296875,0.5175367593765259
2009,284,0.138671875,0.15256309509277344,58.36565399169922,0.487581342458725
2010,282,0.1376953125,0.15779414772987366,58.407081604003906,0.4848957359790802
2011,298,0.1455078125,0.1634923666715622,57.88441848754883,0.49503976106643677
2012,404,0.197265625,0.1468338668346405,58.01698684692383,0.4938553273677826
2013,340,0.166015625,0.15928588807582855,58.784942626953125,0.482307106256485
2014,247,0.12060546875,0.16062474250793457,57.25102233886719,0.5019300580024719
2015,334,0.1630859375,0.13369488716125488,56.905479431152344,0.5111028552055359
2016,310,0.1513671875,0.13548581302165985,57.61418151855469,0.5021722316741943
2017,295,0.14404296875,0.15370285511016846,58.788692474365234,0.48300114274024963
2018,296,0.14453125,0.15512026846408844,57.86152648925781,0.4930765926837921
2019,284,0.138671875,0.1751161813735962,56.763214111328125,0.508129894733429
2020,207,0.10107421875,0.20252062380313873,58.72069549560547,0.48287323117256165
2021,179,0.08740234375,0.2358492910861969,59.460594177246094,0.47237563133239746
2022,155,0.07568359375,0.24586033821105957,59.97380447387695,0.4642043709754944
2023,157,0.07666015625,0.24694697558879852,58.8808708190918,0.4840867221355438
2024,189,0.09228515625,0.20933911204338074,59.3588981628418,0.47498857975006104
2025,177,0.08642578125,0.21458517014980316,59.410091400146484,0.47362902760505676
2026,212,0.103515625,0.207844540476799,59.16405487060547,0.47787272930145264
2027,194,0.0947265625,0.19080960750579834,58.62411880493164,0.4848259687423706
2028,208,0.1015625,0.16106323897838593,58.516605377197266,0.48629623651504517
2029,264,0.12890625,0.1474064439535141,58.027587890625,0.4928126335144043
2030,312,0.15234375,0.12922979891300201,58.587589263916016,0.483986496925354
2031,312,0.15234375,0.11312848329544067,57.58402633666992,0.4979274570941925
2032,336,0.1640625,0.13963468372821808,58.26188278198242,0.48614898324012756
2033,297,0.14501953125,0.16027526557445526,57.27884292602539,0.5011656880378723
2034,280,0.13671875,0.14763112366199493,57.998477935791016,0.4882877767086029
2035,312,0.15234375,0.1546163260936737,57.459659576416016,0.50196772813797
2036,270,0.1318359375,0.12281866371631622,57.2650146484375,0.49965694546699524
2037,388,0.189453125,0.143278568983078,56.67348098754883,0.5126008987426758
2038,366,0.1787109375,0.1670449674129486,57.61233139038086,0.496086448431015
2039,323,0.15771484375,0.17693181335926056,57.40927505493164,0.49697965383529663
2040,84,0.041015625,0.40639469027519226,58.19170379638672,0.4882187247276306
2041,95,0.04638671875,0.3877086043357849,55.94949722290039,0.5178094506263733
2042,92,0.044921875,0.36373230814933777,57.645782470703125,0.4902845025062561
2043,90,0.0439453125,0.3554871082305908,56.2998046875,0.5132691860198975
2044,88,0.04296875,0.3388235569000244,54.57887268066406,0.5404078960418701
2045,82,0.0400390625,0.3086870610713959,55.41230773925781,0.5200219750404358
2046,80,0.0390625,0.3236171007156372,54.4212532043457,0.5407301187515259
2047,79,0.03857421875,0.31485459208488464,51.711402893066406,0.5762279629707336
2048,79,0.03857421875,0.3010157644748688,52.7968864440918,0.5518085360527039
2049,80,0.0390625,0.316156804561615,55.225669860839844,0.5249161124229431
2050,74,0.0361328125,0.30741193890571594,56.658851623535156,0.5081503391265869
2051,73,0.03564453125,0.33169838786125183,53.86106491088867,0.5402107834815979
2052,69,0.03369140625,0.3474414348602295,56.838401794433594,0.5101281404495239
2053,76,0.037109375,0.3614780306816101,53.66107177734375,0.5466877222061157
2054,80,0.0390625,0.3847895860671997,60.9503059387207,0.4411384165287018
2055,75,0.03662109375,0.3667583465576172,59.1585807800293,0.4701971411705017
2056,64,0.03125,0.3672534227371216,51.281822204589844,0.5759035348892212
2057,66,0.0322265625,0.3925056755542755,60.587127685546875,0.4569946229457855
2058,64,0.03125,0.4088952839374542,55.23622512817383,0.5215938091278076
2059,60,0.029296875,0.40687814354896545,58.07828903198242,0.48519518971443176
2060,58,0.0283203125,0.4063251316547394,56.5126953125,0.5113944411277771
2061,56,0.02734375,0.39914754033088684,56.536659240722656,0.5189259052276611
2062,54,0.0263671875,0.40823882818222046,61.04561996459961,0.4501601457595825
2063,65,0.03173828125,0.3922904431819916,58.13315200805664,0.4856754243373871
2064,63,0.03076171875,0.38182738423347473,51.37386703491211,0.5771712064743042
2065,67,0.03271484375,0.4256220757961273,57.33435821533203,0.4992353022098541
2066,53,0.02587890625,0.45173904299736023,56.031822204589844,0.5137907266616821
2067,55,0.02685546875,0.46753257513046265,54.51044845581055,0.5351932644844055
2068,57,0.02783203125,0.4950256943702698,53.38364028930664,0.5548564195632935
2069,51,0.02490234375,0.4589344263076782,55.83382034301758,0.5216320157051086
2070,47,0.02294921875,0.4434071481227875,57.77234649658203,0.48392337560653687
2071,48,0.0234375,0.47380802035331726,56.46237564086914,0.5116361975669861
2072,47,0.02294921875,0.4751954972743988,54.079071044921875,0.5400274991989136
2073,46,0.0224609375,0.4630352258682251,51.890464782714844,0.5804570913314819
2074,50,0.0244140625,0.47435498237609863,53.43931198120117,0.5478729009628296
2075,50,0.0244140625,0.4861401319503784,54.359798431396484,0.5408138036727905
2076,56,0.02734375,0.48321640491485596,58.37677001953125,0.490077406167984
2077,56,0.02734375,0.46342891454696655,56.95791244506836,0.5015365481376648
2078,52,0.025390625,0.4485642910003662,54.53008270263672,0.5451223850250244
2079,57,0.02783203125,0.4658510088920593,59.51796340942383,0.4832662045955658
2080,160,0.078125,0.272259920835495,57.15849685668945,0.5001373291015625
2081,164,0.080078125,0.2913363575935364,57.67488098144531,0.4927763044834137
2082,170,0.0830078125,0.2573221027851105,58.24077606201172,0.481253057718277
2083,194,0.0947265625,0.25980886816978455,58.1406364440918,0.4827529788017273
2084,172,0.083984375,0.2684274911880493,59.2228889465332,0.47386106848716736
2085,214,0.1044921875,0.2208733707666397,57.81484603881836,0.4921500086784363
2086,226,0.1103515625,0.2378624975681305,57.135276794433594,0.49750247597694397
2087,246,0.1201171875,0.22851979732513428,58.78481674194336,0.4763258695602417
2088,329,0.16064453125,0.19812223315238953,55.77995681762695,0.5123833417892456
2089,366,0.1787109375,0.1907133311033249,55.53807067871094,0.5183258652687073
2090,338,0.1650390625,0.2117902934551239,54.830562591552734,0.5288493633270264
2091,418,0.2041015625,0.1652250736951828,56.80331802368164,0.5025659799575806
2092,469,0.22900390625,0.16794520616531372,56.360137939453125,0.5120312571525574
2093,494,0.2412109375,0.1862511932849884,56.14619827270508,0.513179361820221
2094,707,0.34521484375,0.15863890945911407,57.04693603515625,0.503218948841095
2095,365,0.17822265625,0.18249674141407013,59.784080505371094,0.46885642409324646
2096,722,0.3525390625,0.13356280326843262,56.67988204956055,0.507140040397644
2097,800,0.390625,0.12103677541017532,55.878692626953125,0.5190606117248535
2098,804,0.392578125,0.12560321390628815,55.98017120361328,0.5185450911521912
2099,613,0.29931640625,0.14610408246517181,57.00639724731445,0.5022650957107544
2100,606,0.2958984375,0.1584918200969696,57.43435287475586,0.49844762682914734
2101,661,0.32275390625,0.15509068965911865,57.801429748535156,0.49297815561294556
2102,345,0.16845703125,0.20631134510040283,57.059906005859375,0.49856942892074585
2103,428,0.208984375,0.18810181319713593,56.185462951660156,0.5146343111991882
2104,410,0.2001953125,0.19390885531902313,57.195919036865234,0.5015873908996582
2105,319,0.15576171875,0.1962137371301651,58.763694763183594,0.4811550974845886
2106,403,0.19677734375,0.18824651837348938,57.100032806396484,0.5034166574478149
2107,491,0.23974609375,0.17262688279151917,57.28512191772461,0.5001922845840454
2108,477,0.23291015625,0.17246292531490326,57.46150207519531,0.4967081844806671
2109,562,0.2744140625,0.15830320119857788,56.890052795410156,0.5056552886962891
2110,527,0.25732421875,0.1644844114780426,57.599342346191406,0.4967040419578552
2111,497,0.24267578125,0.17142818868160248,57.254234313964844,0.50301593542099
2112,421,0.20556640625,0.18874606490135193,55.67013168334961,0.5228185653686523
2113,454,0.2216796875,0.1889043152332306,55.65981674194336,0.5219282507896423
2114,387,0.18896484375,0.20841610431671143,57.323463439941406,0.5010197758674622
2115,326,0.1591796875,0.2370927631855011,58.65402603149414,0.4856894910335541
2116,353,0.17236328125,0.21407324075698853,57.14539337158203,0.5018633604049683
2117,519,0.25341796875,0.21382233500480652,56.02603530883789,0.51737380027771
2118,463,0.22607421875,0.22624872624874115,55.954288482666016,0.5168547034263611
2119,335,0.16357421875,0.23895323276519775,58.342559814453125,0.48942744731903076
2120,895,0.43701171875,0.2132348120212555,58.00626754760742,0.49096086621284485
2121,788,0.384765625,0.20402637124061584,57.97182846069336,0.4897922873497009
2122,877,0.42822265625,0.19983431696891785,58.43511962890625,0.4861668646335602
2123,1116,0.544921875,0.18580418825149536,58.092193603515625,0.490536093711853
2124,915,0.44677734375,0.17986725270748138,58.816368103027344,0.4805523455142975
2125,564,0.275390625,0.17853666841983795,56.61042022705078,0.5084355473518372
2126,635,0.31005859375,0.18335884809494019,56.948997497558594,0.5079671740531921
2127,483,0.23583984375,0.1782694160938263,57.17402267456055,0.5017197728157043
2128,401,0.19580078125,0.16851164400577545,58.876251220703125,0.4774020314216614
2129,506,0.2470703125,0.15503671765327454,56.97651290893555,0.5061684250831604
2130,683,0.33349609375,0.12273173779249191,56.00542068481445,0.5189256072044373
2131,592,0.2890625,0.14355981349945068,57.292152404785156,0.5004204511642456
2132,547,0.26708984375,0.10567805171012878,55.804813385009766,0.5226855278015137
2133,699,0.34130859375,0.10139133781194687,56.65779113769531,0.5114759802818298
2134,570,0.2783203125,0.11948021501302719,57.28097915649414,0.5058844685554504
2135,600,0.29296875,0.1189633160829544,56.82698059082031,0.510265588760376
2136,984,0.48046875,0.13160251080989838,57.60167694091797,0.49527615308761597
2137,1008,0.4921875,0.14922302961349487,56.56438446044922,0.510387122631073
2138,845,0.41259765625,0.1400509923696518,55.698890686035156,0.5208484530448914
2139,175,0.08544921875,0.10281212627887726,60.610252380371094,0.4575853645801544
2140,178,0.0869140625,0.09936433285474777,59.714088439941406,0.4704091250896454
2141,646,0.3154296875,0.10446016490459442,57.29212188720703,0.5003244280815125
2142,904,0.44140625,0.10811872035264969,56.79316329956055,0.5066888928413391
2143,476,0.232421875,0.08933188766241074,57.30084228515625,0.49790966510772705
2144,169,0.08251953125,0.11688271164894104,57.01583480834961,0.502315104007721
2145,615,0.30029296875,0.09797346591949463,56.91616439819336,0.5027881264686584
2146,583,0.28466796875,0.1038639098405838,57.86461639404297,0.49215933680534363
2147,618,0.3017578125,0.10198983550071716,57.25878143310547,0.49952125549316406
2148,739,0.36083984375,0.09944793581962585,58.345062255859375,0.48795175552368164
2149,898,0.4384765625,0.1515999585390091,57.019248962402344,0.502881646156311
2150,895,0.43701171875,0.15734292566776276,57.02494430541992,0.501372754573822
2151,729,0.35595703125,0.1697651743888855,57.180870056152344,0.5000238418579102
2152,788,0.384765625,0.16377663612365723,57.248077392578125,0.499653160572052
2153,918,0.4482421875,0.1701137274503708,57.91579818725586,0.49389392137527466
2154,898,0.4384765625,0.282516747713089,57.353572845458984,0.497489869594574
2155,743,0.36279296875,0.20067696273326874,56.58534240722656,0.5070680379867554
2156,1130,0.5517578125,0.22185231745243073,57.65938949584961,0.49463561177253723
2157,1066,0.5205078125,0.1819300800561905,56.47100830078125,0.5083276629447937
2158,791,0.38623046875,0.17111924290657043,57.48836898803711,0.4943571090698242
2159,1303,0.63623046875,0.23871372640132904,57.55360794067383,0.496626615524292
2160,75,0.03662109375,0.3384092450141907,58.87458801269531,0.47266119718551636
2161,69,0.03369140625,0.30168119072914124,53.82670211791992,0.541756808757782
2162,67,0.03271484375,0.30692237615585327,55.346153259277344,0.5195545554161072
2163,65,0.03173828125,0.29883092641830444,58.08155059814453,0.49563029408454895
2164,78,0.0380859375,0.2982027530670166,59.54248809814453,0.47630637884140015
2165,72,0.03515625,0.301016628742218,61.62229919433594,0.45071151852607727
2166,72,0.03515625,0.2834927439689636,59.19130325317383,0.482129842042923
2167,64,0.03125,0.30616724491119385,58.84645080566406,0.48830926418304443
2168,64,0.03125,0.2661668360233307,60.8444709777832,0.4587762951850891
2169,64,0.03125,0.26409655809402466,57.32133865356445,0.5053934454917908
2170,54,0.0263671875,0.24943359196186066,58.910858154296875,0.4813072979450226
2171,56,0.02734375,0.24582475423812866,59.542293548583984,0.4803345799446106
2172,61,0.02978515625,0.2852259576320648,54.74395751953125,0.5353293418884277
2173,60,0.029296875,0.267075777053833,57.148799896240234,0.5101431608200073
2174,61,0.02978515625,0.2713247835636139,57.202796936035156,0.5068932175636292
2175,58,0.0283203125,0.21822868287563324,56.52831268310547,0.504264235496521
2176,73,0.03564453125,0.2119356244802475,59.024131774902344,0.478727251291275
2177,77,0.03759765625,0.1926051527261734,57.15340805053711,0.4953848123550415
2178,80,0.0390625,0.19583801925182343,57.39339065551758,0.4977380633354187
2179,89,0.04345703125,0.1757909059524536,59.017791748046875,0.47602149844169617
2180,106,0.0517578125,0.1689431518316269,57.36509323120117,0.49380698800086975
2181,106,0.0517578125,0.15917855501174927,58.04030990600586,0.4895861744880676
2182,121,0.05908203125,0.17724035680294037,56.94761276245117,0.5039262175559998
2183,130,0.0634765625,0.16954077780246735,59.93244552612305,0.4670794606208801
2184,147,0.07177734375,0.17137715220451355,57.7519416809082,0.4945524036884308
2185,127,0.06201171875,0.15005049109458923,56.97776412963867,0.5021186470985413
2186,113,0.05517578125,0.16418689489364624,56.153724670410156,0.5138985514640808
2187,115,0.05615234375,0.13831153512001038,54.196800231933594,0.5425607562065125
2188,116,0.056640625,0.16138331592082977,57.08185577392578,0.5053489208221436
2189,120,0.05859375,0.1724189966917038,52.029605865478516,0.5745558142662048
2190,125,0.06103515625,0.15085425972938538,53.8663330078125,0.5418168306350708
2191,133,0.06494140625,0.16620002686977386,54.58244323730469,0.5361766219139099
2192,129,0.06298828125,0.18920162320137024,56.468379974365234,0.5093210339546204
2193,145,0.07080078125,0.18251772224903107,56.17400360107422,0.517048180103302
2194,140,0.068359375,0.19895443320274353,54.99456787109375,0.527482271194458
2195,148,0.072265625,0.17494232952594757,56.19279098510742,0.5115467309951782
2196,166,0.0810546875,0.16265401244163513,55.174468994140625,0.5289638638496399
2197,164,0.080078125,0.12057860195636749,55.06591796875,0.534448504447937
2198,174,0.0849609375,0.11473783105611801,53.78752899169922,0.5437870025634766
2199,138,0.0673828125,0.1746445745229721,55.906944274902344,0.5247383713722229
2200,70,0.0341796875,0.2631283402442932,57.87188720703125,0.49390771985054016
2201,69,0.03369140625,0.29029521346092224,54.04622268676758,0.5499882698059082
2202,71,0.03466796875,0.2909179627895355,54.482643127441406,0.5409303307533264
2203,84,0.041015625,0.28672242164611816,58.24812316894531,0.487621933221817
2204,81,0.03955078125,0.28941991925239563,59.189720153808594,0.4793701767921448
2205,77,0.03759765625,0.2654840648174286,56.68135452270508,0.5087807178497314
2206,78,0.0380859375,0.28946393728256226,53.22947311401367,0.5566231608390808
2207,76,0.037109375,0.3257518410682678,55.374942779541016,0.5251659154891968
2208,73,0.03564453125,0.35383573174476624,55.79148483276367,0.523847222328186
2209,71,0.03466796875,0.3470275104045868,57.517879486083984,0.5033011436462402
2210,82,0.0400390625,0.36755672097206116,58.88896942138672,0.4797475337982178
2211,73,0.03564453125,0.3967510461807251,59.60089874267578,0.4725707173347473
2212,76,0.037109375,0.382968544960022,60.8735466003418,0.45161619782447815
2213,70,0.0341796875,0.3843131959438324,54.64984893798828,0.538590133190155
2214,73,0.03564453125,0.38451361656188965,56.24562072753906,0.5175954103469849
2215,71,0.03466796875,0.37941792607307434,58.0391845703125,0.49053680896759033
2216,79,0.03857421875,0.3801816999912262,58.894371032714844,0.4845830202102661
2217,77,0.03759765625,0.3742579519748688,61.36573028564453,0.4507773816585541
2218,80,0.0390625,0.3966309428215027,58.68860626220703,0.4885629117488861
2219,83,0.04052734375,0.40176936984062195,57.99318313598633,0.49358561635017395
2220,77,0.03759765625,0.42953941226005554,60.591758728027344,0.45840492844581604
2221,87,0.04248046875,0.43730130791664124,58.68500900268555,0.47710877656936646
2222,90,0.0439453125,0.4313579499721527,58.60142517089844,0.4803968667984009
2223,86,0.0419921875,0.37511804699897766,61.16151428222656,0.44239434599876404
2224,87,0.04248046875,0.38746094703674316,58.73301696777344,0.4837140142917633
2225,86,0.0419921875,0.41236889362335205,59.79817581176758,0.468555748462677
2226,87,0.04248046875,0.37302061915397644,58.38676452636719,0.48278307914733887
2227,89,0.04345703125,0.39964309334754944,58.240020751953125,0.4959222078323364
2228,91,0.04443359375,0.4124656021595001,59.75105285644531,0.47404780983924866
2229,86,0.0419921875,0.4342415928840637,55.44490432739258,0.5208618640899658
2230,79,0.03857421875,0.4058190584182739,56.54220962524414,0.5045579075813293
2231,76,0.037109375,0.4039829671382904,61.58889389038086,0.44312819838523865
2232,76,0.037109375,0.39379504323005676,60.42567825317383,0.45913541316986084
2233,78,0.0380859375,0.37848737835884094,57.516876220703125,0.5062164068222046
2234,75,0.03662109375,0.36089953780174255,57.74222183227539,0.4992606043815613
2235,81,0.03955078125,0.3695501387119293,56.541744232177734,0.515271008014679
2236,69,0.03369140625,0.3594862222671509,58.40021896362305,0.49434855580329895
2237,66,0.0322265625,0.32850831747055054,58.00581359863281,0.4959225058555603
2238,75,0.03662109375,0.3501569330692291,60.69511795043945,0.46514222025871277
2239,74,0.0361328125,0.3517254590988159,60.29063415527344,0.458324134349823
2240,24,0.01171875,0.3274657130241394,60.74123001098633,0.45268920063972473
2241,33,0.01611328125,0.3969186246395111,58.36188888549805,0.4928385317325592
2242,37,0.01806640625,0.40355613827705383,57.139068603515625,0.5129349231719971
2243,42,0.0205078125,0.4383959472179413,52.32731246948242,0.5670232772827148
2244,43,0.02099609375,0.40853872895240784,55.639976501464844,0.5239220261573792
2245,42,0.0205078125,0.3513152301311493,59.624908447265625,0.4651307165622711
2246,41,0.02001953125,0.415968120098114,58.76106262207031,0.4839848279953003
2247,44,0.021484375,0.4173774719238281,57.25371170043945,0.4984338581562042
2248,43,0.02099609375,0.45742088556289673,54.75554275512695,0.5362452864646912
2249,42,0.0205078125,0.5038899779319763,52.1922721862793,0.5571372509002686
2250,34,0.0166015625,0.4740068316459656,58.38111114501953,0.4789421558380127
2251,35,0.01708984375,0.4367568790912628,54.8962287902832,0.5375484228134155
2252,35,0.01708984375,0.43494895100593567,55.000030517578125,0.5484154224395752
2253,36,0.017578125,0.40652695298194885,56.384971618652344,0.5276930332183838
2254,32,0.015625,0.425176739692688,59.391082763671875,0.47885262966156006
2255,33,0.01611328125,0.46114322543144226,59.70866775512695,0.46678051352500916
2256,25,0.01220703125,0.4435368776321411,62.18635177612305,0.44293153285980225
2257,29,0.01416015625,0.4667785167694092,59.00206756591797,0.47816240787506104
2258,25,0.01220703125,0.4656866192817688,58.24822235107422,0.4938383996486664
2259,27,0.01318359375,0.4668521583080292,54.006805419921875,0.5485455989837646
2260,23,0.01123046875,0.4531445801258087,66.64613342285156,0.3763557970523834
2261,25,0.01220703125,0.42228296399116516,61.99333190917969,0.43666911125183105
2262,28,0.013671875,0.4021703898906708,58.8428840637207,0.4833121597766876
2263,31,0.01513671875,0.4618664085865021,58.96607971191406,0.47721296548843384
2264,33,0.01611328125,0.42708104848861694,59.14462661743164,0.4640519618988037
2265,37,0.01806640625,0.4049847722053528,53.81113815307617,0.5657466650009155
2266,35,0.01708984375,0.4441624879837036,57.81745910644531,0.4873214662075043
2267,40,0.01953125,0.462022602558136,58.31772994995117,0.48400935530662537
2268,42,0.0205078125,0.44721293449401855,55.31543731689453,0.5284979939460754
2269,33,0.01611328125,0.42619162797927856,55.439579010009766,0.5239894986152649
2270,38,0.0185546875,0.4263648986816406,54.29130935668945,0.5466545224189758
2271,44,0.021484375,0.46885979175567627,60.863563537597656,0.4467795491218567
2272,46,0.0224609375,0.4637015163898468,57.50944900512695,0.5028420090675354
2273,48,0.0234375,0.4707390069961548,57.20353698730469,0.5114564895629883
2274,50,0.0244140625,0.44612786173820496,53.74720764160156,0.5367557406425476
2275,51,0.02490234375,0.45536139607429504,52.241580963134766,0.5691972970962524
2276,49,0.02392578125,0.46744826436042786,58.38957977294922,0.48786547780036926
2277,52,0.025390625,0.4402625560760498,54.07603454589844,0.5357420444488525
2278,58,0.0283203125,0.3992907702922821,55.35221862792969,0.5306578278541565
2279,61,0.02978515625,0.3539998531341553,56.39235305786133,0.5146489143371582
2280,869,0.42431640625,0.11793115735054016,55.73398971557617,0.5178622603416443
2281,700,0.341796875,0.12096375972032547,55.63319778442383,0.5197972059249878
2282,1149,0.56103515625,0.12933392822742462,56.54057312011719,0.5114670395851135
2283,773,0.37744140625,0.12020538002252579,56.191349029541016,0.5142874717712402
2284,913,0.44580078125,0.1187739446759224,56.99837112426758,0.5043146014213562
2285,777,0.37939453125,0.1213856190443039,55.96866989135742,0.5192027688026428
2286,856,0.41796875,0.11251947283744812,56.39836502075195,0.512532651424408
2287,692,0.337890625,0.10293174535036087,56.36442565917969,0.5090583562850952
2288,462,0.2255859375,0.1212550476193428,57.00996017456055,0.5036454796791077
2289,518,0.2529296875,0.1188986524939537,56.88961410522461,0.5009855031967163
2290,887,0.43310546875,0.11467032879590988,56.949737548828125,0.5041375756263733
2291,506,0.2470703125,0.1397077888250351,55.77848815917969,0.5186563730239868
2292,730,0.3564453125,0.17660972476005554,57.11566925048828,0.5028055906295776
2293,694,0.3388671875,0.20200076699256897,57.164283752441406,0.5021636486053467
2294,1032,0.50390625,0.18516938388347626,57.72267150878906,0.494952529668808
2295,1093,0.53369140625,0.1914941370487213,57.73819351196289,0.49777984619140625
2296,818,0.3994140625,0.20159976184368134,57.916664123535156,0.492617666721344
2297,616,0.30078125,0.23049694299697876,56.647335052490234,0.5090291500091553
2298,604,0.294921875,0.24404574930667877,57.0966682434082,0.5028691291809082
2299,562,0.2744140625,0.21925656497478485,57.902137756347656,0.49491116404533386
2300,719,0.35107421875,0.20277416706085205,57.19146728515625,0.500376284122467
2301,678,0.3310546875,0.22299470007419586,56.275054931640625,0.5131908655166626
2302,651,0.31787109375,0.23324158787727356,55.6207160949707,0.5214493274688721
2303,470,0.2294921875,0.21769794821739197,54.47415542602539,0.5370814800262451
2304,472,0.23046875,0.21679680049419403,55.92885208129883,0.5137327909469604
2305,441,0.21533203125,0.24201907217502594,56.448814392089844,0.5099896192550659
2306,507,0.24755859375,0.223664328455925,57.93366241455078,0.489359050989151
2307,541,0.26416015625,0.2161509096622467,57.9897346496582,0.4895061254501343
2308,585,0.28564453125,0.21719104051589966,57.07646179199219,0.5024027228355408
2309,581,0.28369140625,0.23195500671863556,56.63019561767578,0.5107700228691101
2310,756,0.369140625,0.24653077125549316,56.570735931396484,0.5101096630096436
2311,654,0.3193359375,0.2591485381126404,55.45663833618164,0.5229671597480774
2312,689,0.33642578125,0.24193905293941498,55.73125076293945,0.5189530849456787
2313,631,0.30810546875,0.2358723282814026,55.889732360839844,0.5180665850639343
2314,586,0.2861328125,0.2412816882133484,56.62074661254883,0.5056992173194885
2315,542,0.2646484375,0.25182363390922546,56.72534942626953,0.5085865259170532
2316,436,0.212890625,0.2723625600337982,55.8104248046875,0.5207570195198059
2317,508,0.248046875,0.26311126351356506,58.30865478515625,0.4912140965461731
2318,476,0.232421875,0.2527710497379303,57.002933502197266,0.5018116235733032
2319,519,0.25341796875,0.24973933398723602,56.636905670166016,0.5057289004325867
2320,73,0.03564453125,0.5172159671783447,58.06401062011719,0.48662781715393066
2321,83,0.04052734375,0.49978670477867126,57.199337005615234,0.49513015151023865
2322,71,0.03466796875,0.4909668564796448,59.86052322387695,0.45716792345046997
2323,75,0.03662109375,0.4755808115005493,58.60527420043945,0.47594234347343445
2324,79,0.03857421875,0.47281375527381897,59.58712387084961,0.469117671251297
2325,88,0.04296875,0.4239092171192169,58.651676177978516,0.47667360305786133
2326,101,0.04931640625,0.40739530324935913,58.52217102050781,0.4818209409713745
2327,105,0.05126953125,0.3882407546043396,56.7127685546875,0.5046007633209229
2328,93,0.04541015625,0.40951499342918396,56.41801071166992,0.5203048586845398
2329,95,0.04638671875,0.40449658036231995,59.79446792602539,0.46953481435775757
2330,106,0.0517578125,0.4061534106731415,59.57465362548828,0.46508631110191345
2331,113,0.05517578125,0.36152201890945435,57.429988861083984,0.4992240369319916
2332,135,0.06591796875,0.3356444537639618,60.81309127807617,0.45400699973106384
2333,136,0.06640625,0.34177151322364807,59.193946838378906,0.4728567600250244
2334,136,0.06640625,0.3520541787147522,60.76021194458008,0.4518754482269287
2335,149,0.07275390625,0.345525860786438,60.4140739440918,0.46225205063819885
2336,142,0.0693359375,0.3322448134422302,60.7442626953125,0.4556760787963867
2337,188,0.091796875,0.3100508749485016,57.56391143798828,0.49807775020599365
2338,225,0.10986328125,0.2910463511943817,56.881507873535156,0.5080974698066711
2339,171,0.08349609375,0.28437840938568115,55.460914611816406,0.5228219032287598
2340,150,0.0732421875,0.299881249666214,60.22160720825195,0.45891714096069336
2341,179,0.08740234375,0.33873432874679565,57.44260787963867,0.4983612895011902
2342,153,0.07470703125,0.2796958386898041,57.090450286865234,0.5083975195884705
2343,152,0.07421875,0.31398335099220276,59.2004508972168,0.4727935791015625
2344,160,0.078125,0.29268187284469604,59.53734588623047,0.46929803490638733
2345,153,0.07470703125,0.30021199584007263,60.0669059753418,0.46103325486183167
2346,145,0.07080078125,0.30715182423591614,57.829715728759766,0.4897245168685913
2347,165,0.08056640625,0.2808803915977478,58.72136688232422,0.47486650943756104
2348,200,0.09765625,0.2225392907857895,55.433799743652344,0.5194020867347717
2349,202,0.0986328125,0.24374355375766754,57.03123092651367,0.5007387399673462
2350,221,0.10791015625,0.24229516088962555,57.80219268798828,0.49307647347450256
2351,211,0.10302734375,0.23540464043617249,57.44453048706055,0.4939020574092865
2352,225,0.10986328125,0.21990437805652618,56.6489372253418,0.5108574032783508
2353,251,0.12255859375,0.21334144473075867,55.66404724121094,0.520593523979187
2354,302,0.1474609375,0.2349976748228073,57.55771255493164,0.4994271993637085
2355,281,0.13720703125,0.23838265240192413,59.18971633911133,0.47539469599723816
2356,206,0.1005859375,0.2818411588668823,59.08061981201172,0.4787759482860565
2357,203,0.09912109375,0.28713539242744446,59.72464370727539,0.4665020704269409
2358,299,0.14599609375,0.29235321283340454,59.44816207885742,0.4706804156303406
2359,310,0.1513671875,0.306569904088974,55.89387512207031,0.5204989910125732
2360,85,0.04150390625,0.28161898255348206,56.88666534423828,0.5078445076942444
2361,81,0.03955078125,0.2782062292098999,61.64238357543945,0.4419458508491516
2362,71,0.03466796875,0.29656848311424255,58.19091033935547,0.48776406049728394
2363,75,0.03662109375,0.30915379524230957,61.424617767333984,0.4510256350040436
2364,72,0.03515625,0.28579649329185486,54.81061553955078,0.5454013347625732
2365,63,0.03076171875,0.3247425854206085,57.28736114501953,0.5026411414146423
2366,78,0.0380859375,0.21220727264881134,56.61473846435547,0.5088348388671875
2367,71,0.03466796875,0.22409068048000336,58.6423454284668,0.4923829734325409
2368,72,0.03515625,0.22977980971336365,56.08617401123047,0.5158942341804504
2369,73,0.03564453125,0.2471868097782135,55.49219512939453,0.5270376801490784
2370,65,0.03173828125,0.2771441638469696,60.14836883544922,0.46530893445014954
2371,63,0.03076171875,0.2625894248485565,56.60728073120117,0.5074506998062134
2372,64,0.03125,0.2505720257759094,57.454078674316406,0.49303728342056274
2373,71,0.03466796875,0.25919219851493835,57.695613861083984,0.49904122948646545
2374,76,0.037109375,0.2331613004207611,55.316246032714844,0.5273159146308899
2375,85,0.04150390625,0.2533875107765198,57.05819320678711,0.5064667463302612
2376,112,0.0546875,0.24404048919677734,57.11973190307617,0.5060428977012634
2377,123,0.06005859375,0.26280641555786133,57.69582748413086,0.501463770866394
2378,117,0.05712890625,0.2188200056552887,57.551368713378906,0.4950442612171173
2379,97,0.04736328125,0.2148863524198532,52.82470703125,0.5578093528747559
2380,95,0.04638671875,0.22788719832897186,58.20738220214844,0.4966485798358917
2381,102,0.0498046875,0.24328447878360748,54.21648025512695,0.538386344909668
2382,99,0.04833984375,0.26161226630210876,59.52030944824219,0.4674323499202728
2383,108,0.052734375,0.2078120857477188,58.79273986816406,0.48309358954429626
2384,124,0.060546875,0.22987543046474457,57.36643981933594,0.4936891496181488
2385,124,0.060546875,0.25149038434028625,57.5445556640625,0.4967848062515259
2386,141,0.06884765625,0.2509644031524658,58.37240982055664,0.48520201444625854
2387,140,0.068359375,0.2545585334300995,57.68058395385742,0.4967590272426605
2388,239,0.11669921875,0.264871209859848,56.56900405883789,0.5070920586585999
2389,184,0.08984375,0.2323450744152069,54.160240173339844,0.5390411615371704
2390,117,0.05712890625,0.29591330885887146,56.13637924194336,0.5205212235450745
2391,138,0.0673828125,0.28113558888435364,57.494590759277344,0.5055572986602783
2392,123,0.06005859375,0.29033827781677246,59.24627685546875,0.48017778992652893
2393,127,0.06201171875,0.27377575635910034,56.62283706665039,0.5056772232055664
2394,101,0.04931640625,0.29844987392425537,55.7951545715332,0.5225837826728821
2395,99,0.04833984375,0.28396734595298767,53.93793487548828,0.5392801761627197
2396,96,0.046875,0.25431564450263977,57.8023796081543,0.4920930862426758
2397,91,0.04443359375,0.3006252944469452,53.32329559326172,0.550409734249115
2398,87,0.04248046875,0.28767699003219604,54.52077102661133,0.5366622805595398
2399,102,0.0498046875,0.24435020983219147,54.52044677734375,0.5300155878067017
2400,61,0.02978515625,0.37464338541030884,59.026588439941406,0.4839022755622864
2401,63,0.03076171875,0.39181122183799744,55.72993850708008,0.5303711891174316
2402,61,0.02978515625,0.3620615601539612,52.86723327636719,0.5649780035018921
2403,62,0.0302734375,0.4117523729801178,60.1502799987793,0.461772620677948
2404,62,0.0302734375,0.40678924322128296,56.26529312133789,0.5133478045463562
2405,56,0.02734375,0.3971119821071625,57.05105209350586,0.5021690130233765
2406,59,0.02880859375,0.398019403219223,58.63705825805664,0.48915740847587585
2407,57,0.02783203125,0.3820129632949829,53.6171989440918,0.5380328297615051
2408,60,0.029296875,0.3600074052810669,58.3524284362793,0.4791949689388275
2409,61,0.02978515625,0.3689931631088257,58.31031036376953,0.4920859932899475
2410,59,0.02880859375,0.38659822940826416,55.071712493896484,0.530121922492981
2411,57,0.02783203125,0.3907782733440399,56.52616500854492,0.5128827095031738
2412,62,0.0302734375,0.4068083167076111,58.345603942871094,0.4881928563117981
2413,65,0.03173828125,0.4114052355289459,59.07415008544922,0.478082537651062
2414,61,0.02978515625,0.39992383122444153,59.52143859863281,0.46361005306243896
2415,62,0.0302734375,0.40744563937187195,59.209835052490234,0.47083497047424316
2416,69,0.03369140625,0.3847735524177551,58.92134475708008,0.48150479793548584
2417,68,0.033203125,0.3839183449745178,58.206443786621094,0.48488783836364746
2418,68,0.033203125,0.3972182869911194,58.67951965332031,0.48904868960380554
2419,76,0.037109375,0.3832223415374756,56.535221099853516,0.5039631724357605
2420,71,0.03466796875,0.4242790937423706,59.03671646118164,0.48244261741638184
2421,73,0.03564453125,0.41441336274147034,57.074485778808594,0.5089075565338135
2422,73,0.03564453125,0.38330018520355225,58.6024169921875,0.47849729657173157
2423,67,0.03271484375,0.3872773349285126,61.33549880981445,0.44254931807518005
2424,67,0.03271484375,0.41277220845222473,61.47593688964844,0.4430773854255676
2425,63,0.03076171875,0.3988170027732849,61.03251647949219,0.4494182765483856
2426,61,0.02978515625,0.3911101222038269,63.93320083618164,0.4127176105976105
2427,59,0.02880859375,0.39098289608955383,64.66517639160156,0.4048340618610382
2428,62,0.0302734375,0.3881151080131531,59.294612884521484,0.47639432549476624
2429,59,0.02880859375,0.39147377014160156,63.31753921508789,0.418753445148468
2430,59,0.02880859375,0.39456209540367126,64.9318618774414,0.39709317684173584
2431,59,0.02880859375,0.39296719431877136,65.39396667480469,0.389516681432724
2432,59,0.02880859375,0.41802218556404114,63.15214538574219,0.4162113666534424
2433,61,0.02978515625,0.3833457827568054,59.44478988647461,0.47382351756095886
2434,67,0.03271484375,0.3948897421360016,60.42725372314453,0.46089133620262146
2435,68,0.033203125,0.4132066071033478,57.079193115234375,0.5075646042823792
2436,71,0.03466796875,0.41566190123558044,59.43169403076172,0.4708177149295807
2437,81,0.03955078125,0.42376941442489624,57.36591720581055,0.5069689154624939
2438,80,0.0390625,0.3908509314060211,56.73344802856445,0.49128827452659607
2439,83,0.04052734375,0.37943679094314575,52.168251037597656,0.5634597539901733
2440,335,0.16357421875,0.19102934002876282,56.49713897705078,0.5065482258796692
2441,379,0.18505859375,0.18400608003139496,55.425968170166016,0.5210601687431335
2442,362,0.1767578125,0.1643621325492859,56.33192443847656,0.5133883953094482
2443,355,0.17333984375,0.17126262187957764,58.58183288574219,0.484203964471817
2444,347,0.16943359375,0.18084588646888733,57.53102493286133,0.49516746401786804
2445,337,0.16455078125,0.17074693739414215,57.652591705322266,0.49454355239868164
2446,381,0.18603515625,0.1635776162147522,57.26317596435547,0.5001731514930725
2447,321,0.15673828125,0.18209823966026306,56.750694274902344,0.5066524744033813
2448,321,0.15673828125,0.1796633005142212,57.33184814453125,0.49750155210494995
2449,281,0.13720703125,0.17644003033638,58.17573547363281,0.48326554894447327
2450,230,0.1123046875,0.18845322728157043,58.390804290771484,0.48297303915023804
2451,227,0.11083984375,0.17841728031635284,57.55272674560547,0.49280282855033875
2452,267,0.13037109375,0.17208954691886902,57.44725036621094,0.49774283170700073
2453,345,0.16845703125,0.17009934782981873,59.34590148925781,0.4745028614997864
2454,423,0.20654296875,0.17010018229484558,57.139404296875,0.5007694959640503
2455,365,0.17822265625,0.16619199514389038,57.138614654541016,0.5028250217437744
2456,361,0.17626953125,0.17279300093650818,57.34867477416992,0.499379962682724
2457,215,0.10498046875,0.20889607071876526,57.66425704956055,0.49402448534965515
2458,217,0.10595703125,0.22500364482402802,56.2867317199707,0.5176897644996643
2459,228,0.111328125,0.22910907864570618,57.166690826416016,0.5025672316551208
2460,226,0.1103515625,0.2257356494665146,57.543067932128906,0.4952481687068939
2461,240,0.1171875,0.21882393956184387,55.91819381713867,0.5137269496917725
2462,209,0.10205078125,0.244309201836586,57.85060501098633,0.49280476570129395
2463,233,0.11376953125,0.2410603165626526,57.598201751708984,0.497254341840744
2464,199,0.09716796875,0.25177112221717834,56.37173843383789,0.5092318654060364
2465,192,0.09375,0.30723023414611816,58.24578857421875,0.48554638028144836
2466,200,0.09765625,0.28211966156959534,57.0967903137207,0.5022332072257996
2467,208,0.1015625,0.2766973078250885,55.20471954345703,0.5290833711624146
2468,208,0.1015625,0.2948959469795227,55.07564163208008,0.5326448678970337
2469,198,0.0966796875,0.2982463240623474,56.16465759277344,0.5191901922225952
2470,204,0.099609375,0.2532587945461273,56.26908493041992,0.5195282101631165
2471,153,0.07470703125,0.31452471017837524,57.33026885986328,0.49507030844688416
2472,140,0.068359375,0.36611467599868774,57.18474578857422,0.4972267746925354
2473,141,0.06884765625,0.37460535764694214,58.187278747558594,0.488004595041275
2474,171,0.08349609375,0.3162863254547119,55.24407196044922,0.5272091031074524
2475,199,0.09716796875,0.2906772494316101,56.18622970581055,0.5126813650131226
2476,161,0.07861328125,0.3749079704284668,57.282554626464844,0.4988939166069031
2477,142,0.0693359375,0.3370131552219391,55.87826156616211,0.5221266150474548
2478,162,0.0791015625,0.33291929960250854,56.69709777832031,0.5041441321372986
2479,157,0.07666015625,0.36012765765190125,57.34457778930664,0.49892109632492065
2480,145,0.07080078125,0.2149975597858429,55.88568878173828,0.5222363471984863
2481,137,0.06689453125,0.20525184273719788,55.31072235107422,0.5213579535484314
2482,172,0.083984375,0.18389084935188293,56.31868362426758,0.5156892538070679
2483,277,0.13525390625,0.199086993932724,57.0219841003418,0.5019903182983398
2484,186,0.0908203125,0.18760241568088531,56.5599365234375,0.5132267475128174
2485,142,0.0693359375,0.23411554098129272,55.7633056640625,0.5174952149391174
2486,151,0.07373046875,0.19031895697116852,55.87605285644531,0.5248364806175232
2487,148,0.072265625,0.19673699140548706,58.970054626464844,0.48697081208229065
2488,195,0.09521484375,0.18029473721981049,57.85725784301758,0.4877747893333435
2489,257,0.12548828125,0.1794324368238449,59.88372039794922,0.46636271476745605
2490,262,0.1279296875,0.21514452993869781,57.325565338134766,0.49581047892570496
2491,249,0.12158203125,0.18776127696037292,57.79605484008789,0.49673882126808167
2492,280,0.13671875,0.1592477709054947,57.20999526977539,0.5011004209518433
2493,253,0.12353515625,0.20928256213665009,57.25557327270508,0.5029435157775879
2494,394,0.1923828125,0.21709413826465607,57.167755126953125,0.5032248497009277
2495,326,0.1591796875,0.24991384148597717,56.76316833496094,0.5013939142227173
2496,357,0.17431640625,0.23445278406143188,54.764957427978516,0.530092179775238
2497,222,0.1083984375,0.2583816349506378,55.617855072021484,0.5177320241928101
2498,186,0.0908203125,0.2740597426891327,58.018428802490234,0.4905490279197693
2499,226,0.1103515625,0.24635086953639984,58.39863204956055,0.4875566065311432
2500,224,0.109375,0.2456989586353302,54.297119140625,0.5410226583480835
2501,386,0.1884765625,0.18399564921855927,56.44172668457031,0.514786958694458
2502,277,0.13525390625,0.21638864278793335,55.562992095947266,0.5229230523109436
2503,546,0.2666015625,0.1851765662431717,57.86257553100586,0.49375060200691223
2504,439,0.21435546875,0.15009824931621552,57.520565032958984,0.49693673849105835
2505,377,0.18408203125,0.1698773056268692,55.65291976928711,0.522863507270813
2506,446,0.2177734375,0.205649271607399,56.144256591796875,0.516109049320221
2507,290,0.1416015625,0.16431711614131927,55.23176193237305,0.5281726121902466
2508,226,0.1103515625,0.19430892169475555,56.16684341430664,0.5164704322814941
2509,170,0.0830078125,0.21285630762577057,57.91646194458008,0.48867174983024597
2510,187,0.09130859375,0.20462262630462646,54.93263626098633,0.5359262228012085
2511,157,0.07666015625,0.23909975588321686,57.56953430175781,0.4981916844844818
2512,109,0.05322265625,0.3492601215839386,55.79876708984375,0.5279263257980347
2513,82,0.0400390625,0.3712742030620575,57.022483825683594,0.5029950737953186
2514,77,0.03759765625,0.3840835690498352,57.611454010009766,0.49926838278770447
2515,71,0.03466796875,0.38536298274993896,55.64141845703125,0.5178292393684387
2516,72,0.03515625,0.3974447548389435,57.11941146850586,0.5049270987510681
2517,93,0.04541015625,0.34878623485565186,55.89744567871094,0.5211513638496399
2518,122,0.0595703125,0.3094659149646759,58.41992950439453,0.48986002802848816
2519,113,0.05517578125,0.3252745270729065,56.91798782348633,0.5118061900138855
2520,76,0.037109375,0.4393353760242462,56.923828125,0.5072209239006042
2521,78,0.0380859375,0.43716660141944885,53.61051940917969,0.5468704104423523
2522,87,0.04248046875,0.4330427944660187,51.772403717041016,0.5672518610954285
2523,84,0.041015625,0.4393700063228607,56.61046600341797,0.5093072056770325
2524,80,0.0390625,0.4410977065563202,55.556114196777344,0.5225406885147095
2525,80,0.0390625,0.4299982786178589,55.861549377441406,0.5176769495010376
2526,85,0.04150390625,0.4520355463027954,55.98306655883789,0.5145434737205505
2527,80,0.0390625,0.4546408951282501,54.16389846801758,0.5440900921821594
2528,81,0.03955078125,0.47204023599624634,57.13935852050781,0.4978984296321869
2529,80,0.0390625,0.4624707102775574,53.8647575378418,0.5469977259635925
2530,88,0.04296875,0.4372594952583313,55.804344177246094,0.5206053853034973
2531,87,0.04248046875,0.4362455904483795,61.115440368652344,0.4405215084552765
2532,91,0.04443359375,0.41863033175468445,59.546199798583984,0.46704772114753723
2533,91,0.04443359375,0.4549197852611542,56.512638092041016,0.5101813673973083
2534,84,0.041015625,0.46094292402267456,58.958194732666016,0.4810633957386017
2535,78,0.0380859375,0.4682028889656067,59.54085159301758,0.4679497480392456
2536,82,0.0400390625,0.47584423422813416,52.74995803833008,0.5603851675987244
2537,83,0.04052734375,0.4792065918445587,53.93466567993164,0.5477002859115601
2538,83,0.04052734375,0.4795711934566498,57.6186637878418,0.4959939122200012
2539,85,0.04150390625,0.4209511876106262,58.28677749633789,0.4910229444503784
2540,82,0.0400390625,0.43242546916007996,57.92407989501953,0.48858121037483215
2541,86,0.0419921875,0.43949756026268005,58.382774353027344,0.48011454939842224
2542,73,0.03564453125,0.43771418929100037,54.10917282104492,0.5384871959686279
2543,84,0.041015625,0.4456420838832855,55.19744110107422,0.5223284959793091
2544,84,0.041015625,0.44565168023109436,54.869815826416016,0.5283990502357483
2545,93,0.04541015625,0.4250907599925995,59.84971618652344,0.46378421783447266
2546,91,0.04443359375,0.44626137614250183,56.68532180786133,0.5078884959220886
2547,80,0.0390625,0.4617164731025696,54.73374557495117,0.530112087726593
2548,95,0.04638671875,0.41966480016708374,59.86122512817383,0.4664027690887451
2549,98,0.0478515625,0.4293186068534851,60.56401062011719,0.4587118923664093
2550,105,0.05126953125,0.4310815930366516,62.672237396240234,0.4325839579105377
2551,105,0.05126953125,0.4414978325366974,57.525638580322266,0.4878545105457306
2552,110,0.0537109375,0.4089388847351074,56.533443450927734,0.511803388595581
2553,102,0.0498046875,0.4106873571872711,58.53038024902344,0.48550236225128174
2554,114,0.0556640625,0.4419066905975342,57.28681564331055,0.4970988631248474
2555,109,0.05322265625,0.45771700143814087,55.66950988769531,0.5118034482002258
2556,104,0.05078125,0.45429039001464844,57.19512939453125,0.49994122982025146
2557,104,0.05078125,0.4315471351146698,56.752586364746094,0.4992315173149109
2558,115,0.05615234375,0.4197162687778473,54.67794418334961,0.5334321856498718
2559,106,0.0517578125,0.4171700179576874,55.78666687011719,0.523875892162323
2560,256,0.125,0.23216316103935242,56.790748596191406,0.5110955834388733
2561,349,0.17041015625,0.2224268615245819,55.594383239746094,0.524034321308136
2562,355,0.17333984375,0.21519532799720764,56.61971664428711,0.5085588693618774
2563,385,0.18798828125,0.22684958577156067,56.67279815673828,0.5052488446235657
2564,346,0.1689453125,0.22355270385742188,57.48229217529297,0.4946860074996948
2565,371,0.18115234375,0.22552210092544556,57.792354583740234,0.4934373199939728
2566,262,0.1279296875,0.22168944776058197,56.76381301879883,0.5017277598381042
2567,209,0.10205078125,0.20960131287574768,57.73606491088867,0.4870012700557709
2568,254,0.1240234375,0.23058578372001648,56.1607551574707,0.5171040296554565
2569,187,0.09130859375,0.2209167331457138,57.33924865722656,0.49731266498565674
2570,237,0.11572265625,0.22636009752750397,59.126216888427734,0.47850775718688965
2571,306,0.1494140625,0.24183768033981323,58.714786529541016,0.4830560088157654
2572,288,0.140625,0.23888225853443146,57.86616897583008,0.4896479845046997
2573,304,0.1484375,0.21212457120418549,57.8028678894043,0.4896216094493866
2574,308,0.150390625,0.22309426963329315,56.959930419921875,0.5057214498519897
2575,420,0.205078125,0.21546871960163116,56.940216064453125,0.507216215133667
2576,439,0.21435546875,0.223847895860672,56.906494140625,0.5052123069763184
2577,465,0.22705078125,0.24068108201026917,56.835147857666016,0.5043197274208069
2578,425,0.20751953125,0.24243690073490143,57.37388610839844,0.4988143742084503
2579,437,0.21337890625,0.2480485588312149,58.125003814697266,0.49161410331726074
2580,553,0.27001953125,0.259370356798172,57.44581604003906,0.4985344409942627
2581,560,0.2734375,0.22996370494365692,57.48345947265625,0.49889931082725525
2582,667,0.32568359375,0.2099907100200653,57.27231216430664,0.5019364953041077
2583,519,0.25341796875,0.22898989915847778,56.63274002075195,0.5103451609611511
2584,568,0.27734375,0.21290679275989532,57.65733337402344,0.4939011037349701
2585,640,0.3125,0.23354925215244293,56.34037399291992,0.5157477855682373
2586,704,0.34375,0.20561569929122925,57.69660568237305,0.49786919355392456
2587,628,0.306640625,0.2057536244392395,58.06834030151367,0.4911492168903351
2588,626,0.3056640625,0.2164558470249176,57.51215744018555,0.4975590705871582
2589,493,0.24072265625,0.20822100341320038,57.27672576904297,0.4997572600841522
2590,499,0.24365234375,0.20269949734210968,57.71583938598633,0.49363604187965393
2591,446,0.2177734375,0.21261245012283325,58.732975006103516,0.47862210869789124
2592,448,0.21875,0.22486631572246552,57.688560485839844,0.49625879526138306
2593,372,0.181640625,0.23521368205547333,57.409915924072266,0.49784138798713684
2594,414,0.2021484375,0.21586166322231293,58.36772155761719,0.4832697808742523
2595,562,0.2744140625,0.19392870366573334,57.88730239868164,0.49117639660835266
2596,824,0.40234375,0.19055528938770294,57.750736236572266,0.49331387877464294
2597,652,0.318359375,0.2098616510629654,56.24116897583008,0.5143035054206848
2598,480,0.234375,0.20787018537521362,57.57890701293945,0.496073454618454
2599,427,0.20849609375,0.22499825060367584,58.395225524902344,0.4857030510902405
2600,112,0.0546875,0.1517331600189209,59.79647445678711,0.46089377999305725
2601,106,0.0517578125,0.16303633153438568,58.477989196777344,0.47784116864204407
2602,114,0.0556640625,0.17856277525424957,59.50017166137695,0.47150835394859314
2603,134,0.0654296875,0.1769295185804367,60.49922180175781,0.45655161142349243
2604,129,0.06298828125,0.17878982424736023,59.714752197265625,0.4699581265449524
2605,127,0.06201171875,0.1705203652381897,62.162410736083984,0.43540114164352417
2606,121,0.05908203125,0.17453159391880035,62.381290435791016,0.4314022660255432
2607,124,0.060546875,0.1893712729215622,59.4099235534668,0.47223854064941406
2608,121,0.05908203125,0.1970330774784088,58.308624267578125,0.48347631096839905
2609,122,0.0595703125,0.2066209465265274,58.24795150756836,0.48748505115509033
2610,111,0.05419921875,0.21695148944854736,58.275901794433594,0.4865592122077942
2611,118,0.0576171875,0.21949228644371033,60.69667053222656,0.4595862329006195
2612,106,0.0517578125,0.22794510424137115,60.20192337036133,0.460936576128006
2613,98,0.0478515625,0.19378431141376495,59.22541809082031,0.4731290340423584
2614,103,0.05029296875,0.18497225642204285,59.521873474121094,0.4687434732913971
2615,107,0.05224609375,0.17812077701091766,59.60972213745117,0.46727532148361206
2616,108,0.052734375,0.18532903492450714,54.88811492919922,0.5315086841583252
2617,114,0.0556640625,0.16165465116500854,59.92527770996094,0.4646036922931671
2618,136,0.06640625,0.1597328931093216,60.456878662109375,0.4593682587146759
2619,133,0.06494140625,0.15236611664295197,60.62472915649414,0.4539303481578827
2620,140,0.068359375,0.1838931292295456,58.10117721557617,0.48765090107917786
2621,119,0.05810546875,0.19902938604354858,56.16984558105469,0.5148842334747314
2622,123,0.06005859375,0.1986212134361267,56.316444396972656,0.513615071773529
2623,118,0.0576171875,0.20719486474990845,54.25640869140625,0.535862386226654
2624,123,0.06005859375,0.20155200362205505,56.269840240478516,0.5085466504096985
2625,116,0.056640625,0.20860843360424042,56.229156494140625,0.5114951729774475
2626,122,0.0595703125,0.21452951431274414,57.700740814208984,0.49587270617485046
2627,129,0.06298828125,0.19360321760177612,55.71359634399414,0.5194752216339111
2628,126,0.0615234375,0.1921045184135437,56.70291519165039,0.5036020278930664
2629,119,0.05810546875,0.2069290727376938,58.8989143371582,0.4798014760017395
2630,135,0.06591796875,0.21431532502174377,55.83280944824219,0.5174892544746399
2631,139,0.06787109375,0.24492241442203522,60.58683776855469,0.45754387974739075
2632,137,0.06689453125,0.25043216347694397,57.65436553955078,0.4913734793663025
2633,122,0.0595703125,0.24532827734947205,57.38382339477539,0.4951871931552887
2634,149,0.07275390625,0.2427465170621872,58.135494232177734,0.49112507700920105
2635,137,0.06689453125,0.24543435871601105,57.386634826660156,0.49636757373809814
2636,137,0.06689453125,0.25422075390815735,58.34920883178711,0.48639819025993347
2637,130,0.0634765625,0.24728333950042725,57.43982696533203,0.4995059072971344
2638,126,0.0615234375,0.22138696908950806,59.485748291015625,0.46607375144958496
2639,118,0.0576171875,0.2282620370388031,57.274009704589844,0.4944200813770294
2640,61,0.02978515625,0.3262404501438141,59.795570373535156,0.46715301275253296
2641,63,0.03076171875,0.3090674877166748,57.37580108642578,0.493790864944458
2642,67,0.03271484375,0.3220888376235962,55.7542839050293,0.5231330990791321
2643,73,0.03564453125,0.32047393918037415,55.24824905395508,0.5255604386329651
2644,72,0.03515625,0.2992342412471771,58.18730163574219,0.48261791467666626
2645,73,0.03564453125,0.3120504319667816,57.237117767333984,0.4983906149864197
2646,66,0.0322265625,0.31862524151802063,50.939414978027344,0.5895044207572937
2647,69,0.03369140625,0.3218781054019928,52.347900390625,0.56251060962677
2648,70,0.0341796875,0.31728294491767883,52.75684356689453,0.5579285025596619
2649,70,0.0341796875,0.3010162115097046,56.82074737548828,0.5016905665397644
2650,63,0.03076171875,0.32240864634513855,57.50028991699219,0.48702165484428406
2651,61,0.02978515625,0.31288713216781616,53.40618133544922,0.5407336950302124
2652,63,0.03076171875,0.31051942706108093,53.03304672241211,0.5513865351676941
2653,62,0.0302734375,0.29907169938087463,55.00560760498047,0.5285507440567017
2654,65,0.03173828125,0.2851002812385559,55.56196212768555,0.5192115902900696
2655,71,0.03466796875,0.31038036942481995,60.090614318847656,0.45774200558662415
2656,79,0.03857421875,0.3197062909603119,59.343780517578125,0.47955694794654846
2657,78,0.0380859375,0.34207600355148315,58.13148498535156,0.4952775537967682
2658,79,0.03857421875,0.3457941710948944,58.23140335083008,0.49013862013816833
2659,81,0.03955078125,0.36281323432922363,57.64915466308594,0.4955999553203583
2660,84,0.041015625,0.3582679331302643,58.11747741699219,0.48784083127975464
2661,88,0.04296875,0.39444130659103394,60.6515007019043,0.45643359422683716
2662,91,0.04443359375,0.3955857455730438,59.61379623413086,0.46732890605926514
2663,91,0.04443359375,0.378818541765213,60.629051208496094,0.4558733403682709
2664,90,0.0439453125,0.33561971783638,59.93968200683594,0.46859318017959595
2665,92,0.044921875,0.32376763224601746,59.984310150146484,0.46575459837913513
2666,94,0.0458984375,0.3376446068286896,55.564353942871094,0.5321466326713562
2667,94,0.0458984375,0.3943493366241455,62.33903503417969,0.4299878478050232
2668,87,0.04248046875,0.3758004605770111,61.226322174072266,0.4439876973628998
2669,99,0.04833984375,0.39355725049972534,58.98311233520508,0.47404372692108154
2670,98,0.0478515625,0.3847191035747528,57.00661849975586,0.4950213134288788
2671,107,0.05224609375,0.3769078850746155,55.8099250793457,0.5127905011177063
2672,98,0.0478515625,0.34060215950012207,57.5307731628418,0.49853071570396423
2673,100,0.048828125,0.34795042872428894,53.8466911315918,0.5458183884620667
2674,94,0.0458984375,0.3980651795864105,55.056297302246094,0.5274426937103271
2675,96,0.046875,0.41803860664367676,54.170196533203125,0.5450486540794373
2676,94,0.0458984375,0.43135711550712585,56.49380111694336,0.5123233199119568
2677,100,0.048828125,0.43004271388053894,57.34587097167969,0.5048410892486572
2678,89,0.04345703125,0.4243355691432953,55.61030197143555,0.5233514308929443
2679,92,0.044921875,0.4152694642543793,54.73933792114258,0.5413039922714233
2680,138,0.0673828125,0.3882593810558319,56.56898880004883,0.5095260739326477
2681,122,0.0595703125,0.39113426208496094,55.71345901489258,0.5213735103607178
2682,122,0.0595703125,0.4203678071498871,55.66935729980469,0.5112481713294983
2683,130,0.0634765625,0.37505248188972473,59.22050094604492,0.4732271730899811
2684,141,0.06884765625,0.36621856689453125,59.464019775390625,0.46844470500946045
2685,133,0.06494140625,0.34373220801353455,53.282535552978516,0.5503283739089966
2686,123,0.06005859375,0.37539586424827576,53.10496520996094,0.5520887970924377
2687,120,0.05859375,0.39155900478363037,57.75869369506836,0.4958919584751129
2688,119,0.05810546875,0.39939671754837036,52.09617233276367,0.5625596642494202
2689,127,0.06201171875,0.3855591118335724,54.545799255371094,0.544579803943634
2690,123,0.06005859375,0.3971557319164276,53.673030853271484,0.5512222051620483
2691,121,0.05908203125,0.4224221110343933,56.4868049621582,0.5056619048118591
2692,125,0.06103515625,0.4218575358390808,57.827659606933594,0.4924300014972687
2693,140,0.068359375,0.41319647431373596,57.33683395385742,0.49863025546073914
2694,139,0.06787109375,0.42144694924354553,57.008567810058594,0.5045408010482788
2695,128,0.0625,0.4089850187301636,56.53635025024414,0.5067626237869263
2696,130,0.0634765625,0.40314528346061707,55.976192474365234,0.5197881460189819
2697,125,0.06103515625,0.4052109718322754,55.82667541503906,0.514553427696228
2698,132,0.064453125,0.40659400820732117,55.094600677490234,0.5284175276756287
2699,139,0.06787109375,0.4218560755252838,53.78004837036133,0.5459471344947815
2700,166,0.0810546875,0.3970344662666321,55.99710464477539,0.5148063898086548
2701,176,0.0859375,0.40628960728645325,59.838626861572266,0.4670488238334656
2702,171,0.08349609375,0.38107830286026,54.730010986328125,0.5349855422973633
2703,151,0.07373046875,0.3641355335712433,56.609458923339844,0.5116950273513794
2704,158,0.0771484375,0.3171621561050415,57.55293273925781,0.5030171275138855
2705,160,0.078125,0.34135523438453674,54.329322814941406,0.5352071523666382
2706,161,0.07861328125,0.31613093614578247,57.003517150878906,0.5028560757637024
2707,143,0.06982421875,0.33092543482780457,59.92993927001953,0.4641909897327423
2708,141,0.06884765625,0.34026920795440674,58.17543411254883,0.4846833646297455
2709,166,0.0810546875,0.3131168484687805,57.32364273071289,0.5019723773002625
2710,153,0.07470703125,0.2938205897808075,59.3192138671875,0.47526514530181885
2711,145,0.07080078125,0.3122449517250061,59.88218688964844,0.46952468156814575
2712,168,0.08203125,0.3066670000553131,57.61179733276367,0.4976750314235687
2713,172,0.083984375,0.32992425560951233,56.44742965698242,0.5076459646224976
2714,172,0.083984375,0.32377344369888306,56.259056091308594,0.5186033248901367
2715,161,0.07861328125,0.334969699382782,58.018863677978516,0.4929371774196625
2716,175,0.08544921875,0.3460334539413452,57.26754379272461,0.5053791999816895
2717,264,0.12890625,0.343892365694046,57.306419372558594,0.5003197193145752
2718,248,0.12109375,0.3081202208995819,55.20902633666992,0.5230297446250916
2719,234,0.1142578125,0.34425657987594604,57.31887435913086,0.501229465007782
2720,43,0.02099609375,0.4916481077671051,49.691593170166016,0.5993724465370178
2721,46,0.0224609375,0.47347602248191833,56.370365142822266,0.5088233351707458
2722,52,0.025390625,0.549605667591095,56.890384674072266,0.49476706981658936
2723,55,0.02685546875,0.5113657116889954,55.87397003173828,0.5156502723693848
2724,54,0.0263671875,0.4397401511669159,57.862945556640625,0.4888216555118561
2725,49,0.02392578125,0.40063899755477905,55.425899505615234,0.5255023837089539
2726,52,0.025390625,0.45788994431495667,56.90098190307617,0.5055970549583435
2727,59,0.02880859375,0.4213794767856598,58.16245651245117,0.4857490360736847
2728,54,0.0263671875,0.4110671281814575,52.8662109375,0.5493334531784058
2729,65,0.03173828125,0.33801406621932983,62.121299743652344,0.4307716488838196
2730,66,0.0322265625,0.32481423020362854,62.73414611816406,0.42170020937919617
2731,66,0.0322265625,0.33530890941619873,58.53129577636719,0.473380446434021
2732,80,0.0390625,0.2768684923648834,62.40642166137695,0.42802780866622925
2733,76,0.037109375,0.2678905129432678,61.874549865722656,0.4450305998325348
2734,83,0.04052734375,0.26657834649086,61.81787872314453,0.44440868496894836
2735,71,0.03466796875,0.29209405183792114,61.380096435546875,0.43700048327445984
2736,77,0.03759765625,0.2504652738571167,59.23000717163086,0.4713294804096222
2737,85,0.04150390625,0.22558483481407166,62.45645523071289,0.42887482047080994
2738,84,0.041015625,0.2331741750240326,60.29502487182617,0.46323591470718384
2739,94,0.0458984375,0.22462470829486847,61.37517166137695,0.447810560464859
2740,93,0.04541015625,0.23361900448799133,59.96961212158203,0.4685427248477936
2741,123,0.06005859375,0.21775224804878235,58.65811538696289,0.4830513000488281
2742,146,0.0712890625,0.2207300364971161,56.1695671081543,0.5178758502006531
2743,271,0.13232421875,0.2097308337688446,55.786407470703125,0.5179762840270996
2744,204,0.099609375,0.20537438988685608,55.664119720458984,0.5215333104133606
2745,199,0.09716796875,0.17667953670024872,58.631858825683594,0.4875016212463379
2746,167,0.08154296875,0.2031022012233734,55.9357795715332,0.5215193033218384
2747,141,0.06884765625,0.22920508682727814,58.45612335205078,0.4857155978679657
2748,136,0.06640625,0.22636990249156952,58.320430755615234,0.48304444551467896
2749,146,0.0712890625,0.22051391005516052,54.59048843383789,0.5299203991889954
2750,127,0.06201171875,0.22392424941062927,58.53245162963867,0.4804542362689972
2751,142,0.0693359375,0.2617162764072418,58.2469482421875,0.48393571376800537
2752,214,0.1044921875,0.21553035080432892,55.988426208496094,0.5154415965080261
2753,174,0.0849609375,0.19846396148204803,57.381649017333984,0.49862003326416016
2754,149,0.07275390625,0.22997960448265076,56.479801177978516,0.5127129554748535
2755,106,0.0517578125,0.22749213874340057,60.180171966552734,0.461765319108963
2756,115,0.05615234375,0.20292608439922333,58.992610931396484,0.4807503819465637
2757,104,0.05078125,0.20554932951927185,61.34641647338867,0.44580772519111633
2758,91,0.04443359375,0.2047579288482666,58.399269104003906,0.4873831272125244
2759,81,0.03955078125,0.21298563480377197,61.33174133300781,0.4495275616645813
2760,186,0.0908203125,0.20142880082130432,56.14903259277344,0.5139685273170471
2761,188,0.091796875,0.17575468122959137,59.533634185791016,0.4701301157474518
2762,185,0.09033203125,0.20726631581783295,56.78537368774414,0.5102647542953491
2763,171,0.08349609375,0.22449512779712677,56.718563079833984,0.511258602142334
2764,176,0.0859375,0.2313714176416397,56.26333236694336,0.5144051313400269
2765,178,0.0869140625,0.21017375588417053,57.1538200378418,0.5048427581787109
2766,158,0.0771484375,0.24268729984760284,58.76591110229492,0.4829520285129547
2767,139,0.06787109375,0.2892857491970062,58.88347244262695,0.4771732985973358
2768,172,0.083984375,0.24183034896850586,56.97209930419922,0.5057814717292786
2769,192,0.09375,0.188938170671463,55.446590423583984,0.5271949172019958
2770,178,0.0869140625,0.19143731892108917,56.30997085571289,0.5088822245597839
2771,205,0.10009765625,0.1889423429965973,55.41753387451172,0.5247013568878174
2772,200,0.09765625,0.20434197783470154,55.016727447509766,0.5308513045310974
2773,180,0.087890625,0.232833132147789,55.486915588378906,0.5294304490089417
2774,145,0.07080078125,0.2629004120826721,55.70328140258789,0.516707718372345
2775,134,0.0654296875,0.27453985810279846,53.5859489440918,0.5415744781494141
2776,135,0.06591796875,0.26937440037727356,56.09903335571289,0.5077159404754639
2777,145,0.07080078125,0.23768150806427002,55.07664108276367,0.5307394862174988
2778,128,0.0625,0.2634677588939667,58.641563415527344,0.47332292795181274
2779,116,0.056640625,0.2999771535396576,58.67805480957031,0.4838658273220062
2780,124,0.060546875,0.2555226683616638,57.529666900634766,0.4960399568080902
2781,140,0.068359375,0.23484815657138824,57.9637336730957,0.4929148554801941
2782,168,0.08203125,0.20502783358097076,56.7180061340332,0.5118346214294434
2783,157,0.07666015625,0.2614021301269531,57.78394317626953,0.49141475558280945
2784,156,0.076171875,0.28269901871681213,59.40920639038086,0.470408171415329
2785,161,0.07861328125,0.29424068331718445,57.01361846923828,0.5057116150856018
2786,142,0.0693359375,0.3201602101325989,59.820533752441406,0.4674523174762726
2787,184,0.08984375,0.27676212787628174,53.612693786621094,0.5523085594177246
2788,218,0.1064453125,0.24976176023483276,54.84545135498047,0.539610743522644
2789,238,0.1162109375,0.23767684400081635,56.02923583984375,0.5193905830383301
2790,267,0.13037109375,0.2544814646244049,57.548954010009766,0.499767005443573
2791,336,0.1640625,0.2319447100162506,56.46959686279297,0.5108283758163452
2792,355,0.17333984375,0.23052489757537842,56.641483306884766,0.5121251344680786
2793,277,0.13525390625,0.21028976142406464,56.41144561767578,0.5093567371368408
2794,215,0.10498046875,0.23676997423171997,55.013893127441406,0.5348809361457825
2795,237,0.11572265625,0.23306162655353546,56.67240524291992,0.5124277472496033
2796,226,0.1103515625,0.25023210048675537,56.879425048828125,0.5059688687324524
2797,241,0.11767578125,0.22885821759700775,55.8701171875,0.517733633518219
2798,293,0.14306640625,0.22627046704292297,56.37742614746094,0.5092751383781433
2799,302,0.1474609375,0.2239678055047989,56.217803955078125,0.5147956609725952
2800,141,0.06884765625,0.28326284885406494,56.47868347167969,0.5149543881416321
2801,132,0.064453125,0.32021433115005493,54.398380279541016,0.5414385199546814
2802,143,0.06982421875,0.34003788232803345,54.88180160522461,0.532899796962738
2803,132,0.064453125,0.351656973361969,53.45871353149414,0.5451098680496216
2804,123,0.06005859375,0.3376493752002716,54.150970458984375,0.537758469581604
2805,117,0.05712890625,0.3148609399795532,58.77925491333008,0.48217424750328064
2806,106,0.0517578125,0.28798335790634155,58.381622314453125,0.48809170722961426
2807,117,0.05712890625,0.26701080799102783,58.74528884887695,0.4786413908004761
2808,123,0.06005859375,0.2732921838760376,56.8422966003418,0.5048367381095886
2809,132,0.064453125,0.2615289092063904,54.30146408081055,0.535405158996582
2810,133,0.06494140625,0.2557402551174164,55.588741302490234,0.5142685770988464
2811,126,0.0615234375,0.24635960161685944,56.39109802246094,0.5101529359817505
2812,139,0.06787109375,0.2619977593421936,57.83401107788086,0.4905334711074829
2813,126,0.0615234375,0.27001529932022095,53.48971176147461,0.5501199960708618
2814,127,0.06201171875,0.28447797894477844,52.34891891479492,0.568939745426178
2815,125,0.06103515625,0.28275254368782043,50.43229675292969,0.5937023758888245
2816,133,0.06494140625,0.2888471484184265,51.781673431396484,0.5759708881378174
2817,124,0.060546875,0.263142853975296,52.53471755981445,0.5628314018249512
2818,126,0.0615234375,0.2738352417945862,55.93800735473633,0.5149779319763184
2819,118,0.0576171875,0.29645463824272156,56.37522888183594,0.5156342387199402
2820,114,0.0556640625,0.2988491952419281,54.34049606323242,0.5436937212944031
2821,127,0.06201171875,0.3151433765888214,58.01872253417969,0.4913087785243988
2822,124,0.060546875,0.3042459189891815,55.49830627441406,0.5225005149841309
2823,122,0.0595703125,0.30678805708885193,57.9399528503418,0.4930524230003357
2824,119,0.05810546875,0.3139932453632355,58.725372314453125,0.47993436455726624
2825,121,0.05908203125,0.31197553873062134,57.18975830078125,0.5032166838645935
2826,108,0.052734375,0.3223448395729065,56.60330581665039,0.511947751045227
2827,106,0.0517578125,0.312472403049469,57.55963134765625,0.49300235509872437
2828,107,0.05224609375,0.3303096890449524,58.89604568481445,0.47368693351745605
2829,100,0.048828125,0.30242687463760376,59.229331970214844,0.47309884428977966
2830,100,0.048828125,0.29500260949134827,61.58890151977539,0.44607940316200256
2831,102,0.0498046875,0.2651812732219696,62.60172653198242,0.4286348819732666
2832,100,0.048828125,0.2744051516056061,57.2277946472168,0.4976186454296112
2833,100,0.048828125,0.2597537338733673,57.59806823730469,0.4940934479236603
2834,95,0.04638671875,0.27055269479751587,57.073673248291016,0.4984072744846344
2835,89,0.04345703125,0.3005415201187134,55.63835525512695,0.5146011114120483
2836,87,0.04248046875,0.2954130172729492,58.983421325683594,0.46761593222618103
2837,83,0.04052734375,0.2767864763736725,57.931434631347656,0.4920060932636261
2838,85,0.04150390625,0.2711237370967865,59.383811950683594,0.47347909212112427
2839,93,0.04541015625,0.29490822553634644,55.90317153930664,0.5204132795333862
2840,120,0.05859375,0.248404398560524,57.31422424316406,0.5051729083061218
2841,121,0.05908203125,0.23858173191547394,55.29404067993164,0.5319338440895081
2842,121,0.05908203125,0.22745105624198914,55.612342834472656,0.5265712141990662
2843,124,0.060546875,0.21520711481571198,58.204837799072266,0.4921518862247467
2844,158,0.0771484375,0.18626073002815247,58.744171142578125,0.4855138063430786
2845,189,0.09228515625,0.1640954166650772,58.373077392578125,0.48645535111427307
2846,224,0.109375,0.13140320777893066,57.30912399291992,0.5041084885597229
2847,298,0.1455078125,0.14903321862220764,58.17072296142578,0.49209800362586975
2848,308,0.150390625,0.1422462910413742,58.47392272949219,0.48257648944854736
2849,268,0.130859375,0.1407434642314911,58.25727844238281,0.49005797505378723
2850,260,0.126953125,0.14042241871356964,58.259925842285156,0.491348534822464
2851,256,0.125,0.14136749505996704,57.99136734008789,0.4906674027442932
2852,196,0.095703125,0.1537402719259262,57.85211944580078,0.4961784780025482
2853,266,0.1298828125,0.14818252623081207,56.53277587890625,0.5131729245185852
2854,211,0.10302734375,0.152323916554451,57.148040771484375,0.5040945410728455
2855,309,0.15087890625,0.15708042681217194,58.618003845214844,0.48028284311294556
2856,270,0.1318359375,0.1576423943042755,58.39520263671875,0.4874125123023987
2857,304,0.1484375,0.15790104866027832,58.550594329833984,0.4828068017959595
2858,346,0.1689453125,0.1703392118215561,58.16181564331055,0.4829949140548706
2859,216,0.10546875,0.160273939371109,56.760231018066406,0.5022903084754944
2860,182,0.0888671875,0.18458324670791626,54.922088623046875,0.5266130566596985
2861,139,0.06787109375,0.20608402788639069,57.14118576049805,0.5039090514183044
2862,146,0.0712890625,0.19163256883621216,56.16435623168945,0.5187726020812988
2863,138,0.0673828125,0.1878640055656433,55.68321990966797,0.5191674828529358
2864,161,0.07861328125,0.18079428374767303,57.57902908325195,0.4970262348651886
2865,151,0.07373046875,0.1890181452035904,57.101253509521484,0.5006135106086731
2866,188,0.091796875,0.17657695710659027,56.879234313964844,0.5091779828071594
2867,186,0.0908203125,0.19147376716136932,55.59126663208008,0.5275264382362366
2868,177,0.08642578125,0.1822328269481659,55.80357360839844,0.5261831283569336
2869,202,0.0986328125,0.16688711941242218,57.036598205566406,0.5066754221916199
2870,204,0.099609375,0.14947731792926788,56.9483528137207,0.5047850608825684
2871,194,0.0947265625,0.16374053061008453,59.141380310058594,0.47167375683784485
2872,221,0.10791015625,0.15028199553489685,59.638980865478516,0.4679032862186432
2873,285,0.13916015625,0.1304280161857605,57.06113815307617,0.50180983543396
2874,206,0.1005859375,0.15394523739814758,57.200260162353516,0.49830693006515503
2875,244,0.119140625,0.13411997258663177,57.365718841552734,0.4984031021595001
2876,329,0.16064453125,0.12304538488388062,59.05082702636719,0.47529709339141846
2877,262,0.1279296875,0.13208134472370148,59.3627815246582,0.4702014625072479
2878,239,0.11669921875,0.1488250344991684,59.510406494140625,0.47031348943710327
2879,209,0.10205078125,0.14356450736522675,60.48054504394531,0.4549044370651245
2880,54,0.0263671875,0.392548143863678,60.9114990234375,0.457156777381897
2881,57,0.02783203125,0.42472416162490845,58.133872985839844,0.49720582365989685
2882,53,0.02587890625,0.40541163086891174,58.33681869506836,0.49248257279396057
2883,50,0.0244140625,0.43565768003463745,60.794708251953125,0.4463338851928711
2884,45,0.02197265625,0.4118245542049408,55.58751678466797,0.5219526886940002
2885,45,0.02197265625,0.4562707841396332,55.559322357177734,0.5154836177825928
2886,40,0.01953125,0.455984890460968,54.69847869873047,0.5404177904129028
2887,39,0.01904296875,0.39581298828125,53.280967712402344,0.5592575073242188
2888,36,0.017578125,0.40705618262290955,55.142738342285156,0.5320700407028198
2889,34,0.0166015625,0.45664480328559875,53.29844665527344,0.5549116730690002
2890,32,0.015625,0.44380316138267517,54.21987533569336,0.5412631630897522
2891,35,0.01708984375,0.43120285868644714,54.98184585571289,0.5088987350463867
2892,38,0.0185546875,0.3914296329021454,55.1235466003418,0.5288011431694031
2893,39,0.01904296875,0.3725372850894928,54.93586730957031,0.5482643246650696
2894,35,0.01708984375,0.4300343692302704,54.23234176635742,0.5337273478507996
2895,29,0.01416015625,0.47214484214782715,52.26852035522461,0.582082986831665
2896,27,0.01318359375,0.4601697027683258,50.022216796875,0.6128377318382263
2897,26,0.0126953125,0.4928532540798187,56.63426971435547,0.5204951167106628
2898,21,0.01025390625,0.5506389141082764,49.514949798583984,0.6226437091827393
2899,19,0.00927734375,0.47192925214767456,51.01576614379883,0.5899174213409424
2900,18,0.0087890625,0.3727373480796814,53.063114166259766,0.5489895939826965
2901,17,0.00830078125,0.41845500469207764,51.64442443847656,0.5882716774940491
2902,19,0.00927734375,0.36880266666412354,56.636077880859375,0.4969455897808075
2903,16,0.0078125,0.3032742142677307,46.20835876464844,0.6469839811325073
2904,23,0.01123046875,0.38729962706565857,54.25177764892578,0.5404611825942993
2905,34,0.0166015625,0.46661484241485596,51.38377380371094,0.5692835450172424
2906,28,0.013671875,0.46148839592933655,52.00208282470703,0.5649823546409607
2907,35,0.01708984375,0.39767104387283325,47.367034912109375,0.635200023651123
2908,31,0.01513671875,0.4090663194656372,53.31138610839844,0.5513756275177002
2909,37,0.01806640625,0.4141668379306793,55.02541732788086,0.5332419872283936
2910,35,0.01708984375,0.3840828239917755,53.76559829711914,0.544020414352417
2911,33,0.01611328125,0.41851988434791565,53.31460952758789,0.553295373916626
2912,32,0.015625,0.42130282521247864,55.44196319580078,0.5184890031814575
2913,34,0.0166015625,0.41197192668914795,54.936553955078125,0.5329817533493042
2914,37,0.01806640625,0.3844733238220215,53.98811721801758,0.5464776158332825
2915,37,0.01806640625,0.4063508212566376,59.266998291015625,0.47060054540634155
2916,39,0.01904296875,0.3789178431034088,55.22340774536133,0.5252457857131958
2917,36,0.017578125,0.38780641555786133,56.853759765625,0.5066349506378174
2918,34,0.0166015625,0.3933259844779968,55.27338409423828,0.5337671637535095
2919,34,0.0166015625,0.39690911769866943,55.087345123291016,0.541499674320221
2920,176,0.0859375,0.25864729285240173,54.200931549072266,0.5428063869476318
2921,172,0.083984375,0.2557889521121979,55.416255950927734,0.5274441838264465
2922,179,0.08740234375,0.24419626593589783,56.730533599853516,0.5102148652076721
2923,169,0.08251953125,0.2541344463825226,54.970375061035156,0.5315848588943481
2924,215,0.10498046875,0.21486924588680267,57.21632385253906,0.5022281408309937
2925,230,0.1123046875,0.20678269863128662,59.15958786010742,0.4766952097415924
2926,210,0.1025390625,0.19279484450817108,59.047237396240234,0.47690290212631226
2927,207,0.10107421875,0.20640091598033905,59.08550262451172,0.47488901019096375
2928,214,0.1044921875,0.19515720009803772,58.90018844604492,0.4774344861507416
2929,201,0.09814453125,0.19381701946258545,56.75519943237305,0.50732421875
2930,189,0.09228515625,0.17634359002113342,56.88737106323242,0.5005126595497131
2931,189,0.09228515625,0.18037134408950806,58.526275634765625,0.48125866055488586
2932,161,0.07861328125,0.2239820510149002,59.24052429199219,0.4760962128639221
2933,130,0.0634765625,0.1889793872833252,57.17626190185547,0.5005546808242798
2934,110,0.0537109375,0.19323614239692688,54.1142463684082,0.5393981337547302
2935,124,0.060546875,0.18257732689380646,56.29503631591797,0.5084055662155151
2936,131,0.06396484375,0.18302804231643677,57.536659240722656,0.49360790848731995
2937,139,0.06787109375,0.17230816185474396,56.56826400756836,0.5105286836624146
2938,122,0.0595703125,0.21571135520935059,57.25107955932617,0.5037323832511902
2939,125,0.06103515625,0.2058848887681961,57.36367416381836,0.5007557272911072
2940,105,0.05126953125,0.20231153070926666,54.41736602783203,0.5371220707893372
2941,101,0.04931640625,0.20956303179264069,56.807212829589844,0.509222149848938
2942,107,0.05224609375,0.2326493114233017,54.933467864990234,0.5292195081710815
2943,104,0.05078125,0.2233104407787323,53.783504486083984,0.5402235388755798
2944,95,0.04638671875,0.22176876664161682,56.86081314086914,0.5082737803459167
2945,95,0.04638671875,0.23105663061141968,55.836971282958984,0.5165742039680481
2946,94,0.0458984375,0.1874333769083023,56.440879821777344,0.5103719234466553
2947,106,0.0517578125,0.18252383172512054,56.177974700927734,0.5171658992767334
2948,102,0.0498046875,0.16834121942520142,55.08600997924805,0.5248832106590271
2949,113,0.05517578125,0.19911521673202515,57.00428771972656,0.5021767616271973
2950,108,0.052734375,0.19305138289928436,54.69337463378906,0.5317063927650452
2951,124,0.060546875,0.18459239602088928,58.426937103271484,0.48613011837005615
2952,118,0.0576171875,0.1893390268087387,57.98150634765625,0.49232834577560425
2953,130,0.0634765625,0.20273759961128235,56.75334930419922,0.5060681700706482
2954,152,0.07421875,0.19114206731319427,59.32239532470703,0.4773237705230713
2955,147,0.07177734375,0.20190086960792542,59.8647575378418,0.4699278473854065
2956,154,0.0751953125,0.19921396672725677,59.34744644165039,0.4728893041610718
2957,123,0.06005859375,0.23070009052753448,57.795921325683594,0.4977110028266907
2958,140,0.068359375,0.2187761664390564,55.72996520996094,0.5251069068908691
2959,131,0.06396484375,0.19455091655254364,55.314002990722656,0.5275150537490845
2960,173,0.08447265625,0.38343048095703125,58.816768646240234,0.48019516468048096
2961,200,0.09765625,0.3694727122783661,57.3510856628418,0.49555203318595886
2962,182,0.0888671875,0.36033400893211365,58.41735076904297,0.48383137583732605
2963,204,0.099609375,0.35901185870170593,57.93810272216797,0.49047523736953735
2964,194,0.0947265625,0.3369238078594208,56.697513580322266,0.507289469242096
2965,201,0.09814453125,0.3376651406288147,59.10307312011719,0.4721468687057495
2966,171,0.08349609375,0.36768242716789246,56.19892120361328,0.5141478776931763
2967,174,0.0849609375,0.35115623474121094,54.987117767333984,0.5340760946273804
2968,188,0.091796875,0.35506489872932434,54.43519973754883,0.542062520980835
2969,183,0.08935546875,0.36384597420692444,54.845191955566406,0.5335580110549927
2970,191,0.09326171875,0.3536052107810974,56.36356735229492,0.505737841129303
2971,187,0.09130859375,0.347168505191803,58.079097747802734,0.4886723458766937
2972,188,0.091796875,0.3418976664543152,57.82108688354492,0.49027401208877563
2973,184,0.08984375,0.3095027506351471,57.924476623535156,0.48964691162109375
2974,192,0.09375,0.3369487226009369,58.84128189086914,0.4754987061023712
2975,206,0.1005859375,0.338548481464386,59.30344009399414,0.4747541844844818
2976,200,0.09765625,0.3025839626789093,58.785972595214844,0.4820834994316101
2977,221,0.10791015625,0.301913321018219,58.20307159423828,0.49212273955345154
2978,213,0.10400390625,0.3032558262348175,58.26031494140625,0.4882432222366333
2979,205,0.10009765625,0.32353976368904114,60.40732955932617,0.4474565386772156
2980,220,0.107421875,0.32885047793388367,59.24891662597656,0.4743840992450714
2981,245,0.11962890625,0.3250841498374939,57.67495346069336,0.4937911629676819
2982,220,0.107421875,0.3230503499507904,57.36717987060547,0.4967074394226074
2983,213,0.10400390625,0.33688539266586304,58.178672790527344,0.48757824301719666
2984,198,0.0966796875,0.33875516057014465,58.23949432373047,0.49058055877685547
2985,215,0.10498046875,0.3224523067474365,57.6579475402832,0.49542373418807983
2986,211,0.10302734375,0.298782080411911,57.35545349121094,0.4918071925640106
2987,227,0.11083984375,0.2860904633998871,57.632469177246094,0.4968636929988861
2988,204,0.099609375,0.26910755038261414,58.732566833496094,0.47994264960289
2989,187,0.09130859375,0.2833472788333893,57.68033981323242,0.4876653552055359
2990,177,0.08642578125,0.31114259362220764,58.479408264160156,0.48865267634391785
2991,195,0.09521484375,0.2911469638347626,59.092262268066406,0.47887104749679565
2992,207,0.10107421875,0.29328933358192444,59.56064987182617,0.4701484739780426
2993,211,0.10302734375,0.32437968254089355,57.670074462890625,0.49583789706230164
2994,214,0.1044921875,0.32572388648986816,56.627952575683594,0.507560670375824
2995,202,0.0986328125,0.31534507870674133,57.51640319824219,0.4991846978664398
2996,193,0.09423828125,0.32075628638267517,59.683349609375,0.46675148606300354
2997,174,0.0849609375,0.3080880343914032,59.3033332824707,0.47171977162361145
2998,211,0.10302734375,0.3160552680492401,58.717952728271484,0.48098278045654297
2999,169,0.08251953125,0.33202606439590454,57.17983627319336,0.49547988176345825
3000,245,0.11962890625,0.28569334745407104,57.283103942871094,0.4989462196826935
3001,298,0.1455078125,0.2594238817691803,57.23194885253906,0.5038814544677734
3002,328,0.16015625,0.22724756598472595,57.40756607055664,0.500486433506012
3003,380,0.185546875,0.19669032096862793,56.50978469848633,0.5089782476425171
3004,387,0.18896484375,0.20710094273090363,55.50281524658203,0.5237991213798523
3005,379,0.18505859375,0.21225565671920776,56.328857421875,0.5127029418945312
3006,317,0.15478515625,0.22748449444770813,58.20195007324219,0.4900854527950287
3007,298,0.1455078125,0.22062738239765167,58.3467903137207,0.4880230724811554
3008,301,0.14697265625,0.21358315646648407,58.225406646728516,0.48913732171058655
3009,308,0.150390625,0.21680016815662384,56.911705017089844,0.5037779211997986
3010,298,0.1455078125,0.21363313496112823,56.93202209472656,0.5048385858535767
3011,270,0.1318359375,0.2222464382648468,55.870052337646484,0.5237941741943359
3012,239,0.11669921875,0.23153485357761383,56.23549270629883,0.5182074904441833
3013,275,0.13427734375,0.23142829537391663,58.45836639404297,0.48256081342697144
3014,300,0.146484375,0.23309369385242462,57.15643310546875,0.5041278004646301
3015,276,0.134765625,0.22577860951423645,57.037254333496094,0.508426308631897
3016,316,0.154296875,0.21570385992527008,56.8211669921875,0.5126876831054688
3017,336,0.1640625,0.22065573930740356,58.55303192138672,0.4870799481868744
3018,285,0.13916015625,0.20711657404899597,56.88728713989258,0.5058440566062927
3019,261,0.12744140625,0.2215358316898346,56.42965316772461,0.5154948234558105
3020,253,0.12353515625,0.22402940690517426,55.82101821899414,0.5209542512893677
3021,289,0.14111328125,0.2026691436767578,56.578704833984375,0.5051852464675903
3022,268,0.130859375,0.21693971753120422,57.0130500793457,0.5021872520446777
3023,294,0.1435546875,0.20666247606277466,57.2943115234375,0.49506497383117676
3024,313,0.15283203125,0.20595750212669373,56.17117691040039,0.5154528617858887
3025,369,0.18017578125,0.20094862580299377,57.07421875,0.49834105372428894
3026,430,0.2099609375,0.19831721484661102,56.5025634765625,0.5080379247665405
3027,385,0.18798828125,0.19350756704807281,56.82194137573242,0.5032101273536682
3028,303,0.14794921875,0.24059118330478668,56.254085540771484,0.5155652165412903
3029,273,0.13330078125,0.24382272362709045,57.06122970581055,0.4960858225822449
3030,260,0.126953125,0.2492038607597351,58.095726013183594,0.4863077998161316
3031,234,0.1142578125,0.24853743612766266,57.58045959472656,0.49562209844589233
3032,250,0.1220703125,0.2360488474369049,58.257476806640625,0.48504889011383057
3033,259,0.12646484375,0.2221607118844986,57.91386032104492,0.491441935300827
3034,314,0.1533203125,0.22752466797828674,57.91136169433594,0.49271464347839355
3035,355,0.17333984375,0.20460431277751923,57.343231201171875,0.49990466237068176
3036,336,0.1640625,0.21334341168403625,57.0775260925293,0.5031181573867798
3037,345,0.16845703125,0.2084505409002304,56.638824462890625,0.5028496980667114
3038,384,0.1875,0.19946666061878204,57.25639724731445,0.49732646346092224
3039,344,0.16796875,0.2372850924730301,56.92949295043945,0.5052319169044495
3040,309,0.15087890625,0.30637919902801514,58.00965118408203,0.49040839076042175
3041,298,0.1455078125,0.30555886030197144,57.32048416137695,0.4964507520198822
3042,374,0.1826171875,0.2990161180496216,58.926700592041016,0.476436585187912
3043,319,0.15576171875,0.3101421594619751,57.585975646972656,0.4956958293914795
3044,247,0.12060546875,0.36003005504608154,58.100852966308594,0.4890126883983612
3045,257,0.12548828125,0.3477374315261841,57.83662033081055,0.4898218512535095
3046,240,0.1171875,0.3467521071434021,57.24195861816406,0.5010643005371094
3047,298,0.1455078125,0.3250916004180908,58.24533462524414,0.4859206974506378
3048,416,0.203125,0.27441683411598206,58.05211639404297,0.49165502190589905
3049,464,0.2265625,0.26991504430770874,58.421878814697266,0.48321402072906494
3050,514,0.2509765625,0.2700362205505371,58.5072021484375,0.4836137890815735
3051,429,0.20947265625,0.28812023997306824,58.683319091796875,0.4780348241329193
3052,462,0.2255859375,0.27786892652511597,58.192527770996094,0.4871790111064911
3053,392,0.19140625,0.28399658203125,58.52886962890625,0.4855949580669403
3054,379,0.18505859375,0.29582011699676514,57.8436279296875,0.49405422806739807
3055,386,0.1884765625,0.2768101096153259,56.56228256225586,0.5127204656600952
3056,399,0.19482421875,0.2753700613975525,57.172698974609375,0.5016721487045288
3057,526,0.2568359375,0.2778361439704895,58.245601654052734,0.4894074499607086
3058,655,0.31982421875,0.2684212028980255,58.485843658447266,0.4873015582561493
3059,480,0.234375,0.2772749364376068,57.81747055053711,0.497729629278183
3060,361,0.17626953125,0.3001049757003784,59.44755172729492,0.4750489294528961
3061,312,0.15234375,0.3044879138469696,58.42210006713867,0.4860411286354065
3062,300,0.146484375,0.30857977271080017,57.67117691040039,0.4987098276615143
3063,293,0.14306640625,0.29734671115875244,58.11017608642578,0.49100518226623535
3064,228,0.111328125,0.3061417043209076,56.28680419921875,0.5105688571929932
3065,217,0.10595703125,0.2946249544620514,55.89569091796875,0.5200140476226807
3066,258,0.1259765625,0.28144365549087524,58.5134391784668,0.48439812660217285
3067,286,0.1396484375,0.24832312762737274,57.408668518066406,0.4992603659629822
3068,262,0.1279296875,0.25757405161857605,56.420875549316406,0.5093047022819519
3069,232,0.11328125,0.26451587677001953,56.07038116455078,0.5162854790687561
3070,226,0.1103515625,0.26847031712532043,55.147159576416016,0.526127278804779
3071,240,0.1171875,0.2580830454826355,57.00767517089844,0.50348299741745
3072,237,0.11572265625,0.2646767795085907,56.392677307128906,0.509228527545929
3073,249,0.12158203125,0.2589948773384094,57.186031341552734,0.5025652050971985
3074,261,0.12744140625,0.28185147047042847,56.085628509521484,0.5179034471511841
3075,251,0.12255859375,0.29033008217811584,55.29838562011719,0.5254732966423035
3076,217,0.10595703125,0.2649793326854706,57.961219787597656,0.49057361483573914
3077,238,0.1162109375,0.2659866511821747,56.229007720947266,0.5142297744750977
3078,222,0.1083984375,0.2574041783809662,56.593814849853516,0.507352352142334
3079,208,0.1015625,0.24883520603179932,56.202674865722656,0.5146207213401794
3080,248,0.12109375,0.14598001539707184,60.07771682739258,0.4621046483516693
3081,406,0.1982421875,0.17242595553398132,57.707881927490234,0.4942232072353363
3082,403,0.19677734375,0.15564066171646118,57.86539840698242,0.4957903027534485
3083,572,0.279296875,0.1976095288991928,58.21668243408203,0.489253431558609
3084,472,0.23046875,0.1726839542388916,56.0493278503418,0.5189488530158997
3085,361,0.17626953125,0.15536868572235107,58.312618255615234,0.48920756578445435
3086,434,0.2119140625,0.1649944931268692,57.88846206665039,0.4896240830421448
3087,567,0.27685546875,0.2027268409729004,57.987545013427734,0.4911983013153076
3088,743,0.36279296875,0.20599056780338287,57.394840240478516,0.4992310106754303
3089,694,0.3388671875,0.23631659150123596,58.256980895996094,0.483275830745697
3090,664,0.32421875,0.1907217800617218,57.77889633178711,0.4947858154773712
3091,480,0.234375,0.19799329340457916,57.81748962402344,0.4915958046913147
3092,266,0.1298828125,0.17789597809314728,57.20334243774414,0.5017953515052795
3093,213,0.10400390625,0.17318856716156006,54.5763053894043,0.5360283255577087
3094,265,0.12939453125,0.164987713098526,56.831787109375,0.5070813894271851
3095,269,0.13134765625,0.16825911402702332,58.440956115722656,0.4863404929637909
3096,203,0.09912109375,0.21180519461631775,57.83484649658203,0.4894513785839081
3097,200,0.09765625,0.20508016645908356,58.81715393066406,0.4792594909667969
3098,193,0.09423828125,0.2333844006061554,60.2436408996582,0.4589952826499939
3099,235,0.11474609375,0.2654728591442108,54.99372100830078,0.5337111353874207
3100,259,0.12646484375,0.31182757019996643,59.25144958496094,0.47383129596710205
3101,230,0.1123046875,0.31209373474121094,56.2360725402832,0.5137535929679871
3102,247,0.12060546875,0.3278118371963501,59.067604064941406,0.47504734992980957
3103,228,0.111328125,0.3023895025253296,58.73872756958008,0.4806012213230133
3104,228,0.111328125,0.2803347706794739,58.162784576416016,0.4899214804172516
3105,209,0.10205078125,0.2926662266254425,57.89774703979492,0.48994481563568115
3106,208,0.1015625,0.28288471698760986,56.959781646728516,0.5055634379386902
3107,185,0.09033203125,0.2655925154685974,57.55241775512695,0.49206259846687317
3108,178,0.0869140625,0.26433923840522766,57.495182037353516,0.49642613530158997
3109,178,0.0869140625,0.23353710770606995,58.50216293334961,0.4845244884490967
3110,173,0.08447265625,0.2617782652378082,55.397369384765625,0.5259742736816406
3111,162,0.0791015625,0.30291250348091125,57.55419921875,0.49254995584487915
3112,139,0.06787109375,0.3092152774333954,57.31601333618164,0.5056601166725159
3113,123,0.06005859375,0.33919551968574524,58.43132781982422,0.48597392439842224
3114,133,0.06494140625,0.33449071645736694,58.087127685546875,0.49607953429222107
3115,138,0.0673828125,0.30780571699142456,54.75926971435547,0.5376918911933899
3116,150,0.0732421875,0.29943421483039856,55.39503860473633,0.5287410020828247
3117,146,0.0712890625,0.295945405960083,55.587493896484375,0.5211973786354065
3118,146,0.0712890625,0.34951871633529663,60.03563690185547,0.46152037382125854
3119,141,0.06884765625,0.33552947640419006,59.88130187988281,0.468164324760437
3120,419,0.20458984375,0.29071637988090515,54.693172454833984,0.533768892288208
3121,351,0.17138671875,0.2927553951740265,55.733497619628906,0.5147939324378967
3122,404,0.197265625,0.31104132533073425,54.63106155395508,0.5354044437408447
3123,409,0.19970703125,0.31126669049263,55.01472854614258,0.5311724543571472
3124,405,0.19775390625,0.27049651741981506,56.468658447265625,0.5136217474937439
3125,442,0.2158203125,0.26032549142837524,56.468727111816406,0.5076068043708801
3126,455,0.22216796875,0.2708060145378113,55.148155212402344,0.5246789455413818
3127,501,0.24462890625,0.25135013461112976,56.25511932373047,0.515380322933197
3128,515,0.25146484375,0.234896719455719,56.799293518066406,0.5080563426017761
3129,507,0.24755859375,0.24747148156166077,56.6124267578125,0.507500946521759
3130,488,0.23828125,0.2407745122909546,57.027103424072266,0.5006643533706665
3131,420,0.205078125,0.24466145038604736,58.989952087402344,0.47554343938827515
3132,482,0.2353515625,0.23963217437267303,57.265403747558594,0.5005267858505249
3133,565,0.27587890625,0.21459658443927765,56.59504318237305,0.507652223110199
3134,761,0.37158203125,0.22027231752872467,57.33357620239258,0.49923205375671387
3135,630,0.3076171875,0.21536991000175476,56.66674041748047,0.5074895620346069
3136,739,0.36083984375,0.2062300592660904,56.60674285888672,0.507440984249115
3137,682,0.3330078125,0.18553902208805084,57.49996566772461,0.4951881468296051
3138,604,0.294921875,0.19639989733695984,55.75056076049805,0.518543541431427
3139,717,0.35009765625,0.18889151513576508,57.09568405151367,0.5008932948112488
3140,501,0.24462890625,0.19666090607643127,58.89925765991211,0.4805959463119507
3141,587,0.28662109375,0.18676917254924774,57.32585525512695,0.499457448720932
3142,900,0.439453125,0.19013577699661255,57.36613464355469,0.501422643661499
3143,1119,0.54638671875,0.17665980756282806,56.957977294921875,0.5048779845237732
3144,473,0.23095703125,0.23977208137512207,58.00016403198242,0.488474041223526
3145,726,0.3544921875,0.15695206820964813,58.10091781616211,0.4911310374736786
3146,787,0.38427734375,0.18445806205272675,56.54839324951172,0.5089064836502075
3147,212,0.103515625,0.28316769003868103,56.76043701171875,0.5083783268928528
3148,240,0.1171875,0.2818460762500763,56.78167724609375,0.5100839138031006
3149,488,0.23828125,0.23181135952472687,56.90030288696289,0.5033077597618103
3150,1044,0.509765625,0.1714952290058136,57.444454193115234,0.5012800693511963
3151,477,0.23291015625,0.19969730079174042,59.090087890625,0.4769311845302582
3152,332,0.162109375,0.23788024485111237,59.11198043823242,0.4785144627094269
3153,284,0.138671875,0.24492059648036957,58.130645751953125,0.49149289727211
3154,312,0.15234375,0.23788681626319885,57.36122131347656,0.5008267164230347
3155,343,0.16748046875,0.23339398205280304,56.7691535949707,0.5099075436592102
3156,532,0.259765625,0.21702006459236145,57.99478530883789,0.49294573068618774
3157,357,0.17431640625,0.24327009916305542,56.90304946899414,0.503330409526825
3158,324,0.158203125,0.27308720350265503,56.56840896606445,0.5130980014801025
3159,239,0.11669921875,0.2753186821937561,57.328548431396484,0.49721893668174744
3160,180,0.087890625,0.19081923365592957,56.15925979614258,0.5120461583137512
3161,186,0.0908203125,0.18292798101902008,55.60459899902344,0.5191072225570679
3162,215,0.10498046875,0.1845930814743042,55.48640823364258,0.5220291614532471
3163,158,0.0771484375,0.18351739645004272,56.52999496459961,0.5076167583465576
3164,147,0.07177734375,0.1871415227651596,54.80690383911133,0.5312055349349976
3165,139,0.06787109375,0.1849578469991684,54.163246154785156,0.5463343858718872
3166,142,0.0693359375,0.17986543476581573,55.38093185424805,0.5308982133865356
3167,126,0.0615234375,0.17938902974128723,54.77436447143555,0.5367563962936401
3168,123,0.06005859375,0.16063685715198517,55.57136154174805,0.5255683064460754
3169,141,0.06884765625,0.15195144712924957,56.630001068115234,0.509353756904602
3170,158,0.0771484375,0.1522187739610672,56.98102569580078,0.5011429190635681
3171,163,0.07958984375,0.1372871696949005,57.698326110839844,0.4937177896499634
3172,149,0.07275390625,0.13356412947177887,58.490299224853516,0.47698548436164856
3173,135,0.06591796875,0.12620268762111664,58.957725524902344,0.46997374296188354
3174,133,0.06494140625,0.13127875328063965,55.930885314941406,0.5178349614143372
3175,135,0.06591796875,0.14203214645385742,56.6804084777832,0.5102129578590393
3176,134,0.0654296875,0.13490760326385498,58.994869232177734,0.4833624064922333
3177,119,0.05810546875,0.12709204852581024,58.71709060668945,0.48405084013938904
3178,130,0.0634765625,0.1446887105703354,58.20827865600586,0.4880412817001343
3179,135,0.06591796875,0.16880406439304352,53.602359771728516,0.5472001433372498
3180,135,0.06591796875,0.1542811542749405,58.21437454223633,0.4822256565093994
3181,141,0.06884765625,0.15536987781524658,60.028743743896484,0.45901429653167725
3182,143,0.06982421875,0.161240816116333,57.22563934326172,0.4985741972923279
3183,133,0.06494140625,0.16467632353305817,56.8787727355957,0.507580041885376
3184,139,0.06787109375,0.1559038907289505,57.06218338012695,0.5037255883216858
3185,149,0.07275390625,0.14981846511363983,57.31843948364258,0.49656185507774353
3186,147,0.07177734375,0.14922478795051575,57.90109634399414,0.49009424448013306
3187,161,0.07861328125,0.16096661984920502,57.93876266479492,0.4902660846710205
3188,168,0.08203125,0.15069517493247986,58.78962707519531,0.47957688570022583
3189,163,0.07958984375,0.1556498259305954,57.27425765991211,0.5055114030838013
3190,151,0.07373046875,0.1608898639678955,57.69984436035156,0.49432116746902466
3191,143,0.06982421875,0.16646046936511993,58.03038787841797,0.4858846664428711
3192,158,0.0771484375,0.1805071085691452,58.79457473754883,0.4735373854637146
3193,141,0.06884765625,0.19218620657920837,59.26962661743164,0.474682092666626
3194,134,0.0654296875,0.1878775954246521,58.58915710449219,0.48401424288749695
3195,154,0.0751953125,0.19377368688583374,58.76026153564453,0.48294126987457275
3196,161,0.07861328125,0.18916766345500946,57.616058349609375,0.49543264508247375
3197,170,0.0830078125,0.1929449886083603,58.38983154296875,0.4862116575241089
3198,160,0.078125,0.2080356925725937,59.85810470581055,0.4611259400844574
3199,174,0.0849609375,0.18748368322849274,58.46453094482422,0.4848320186138153
3200,44,0.021484375,0.5167969465255737,57.622928619384766,0.49401673674583435
3201,45,0.02197265625,0.5363994836807251,60.0976448059082,0.4631092846393585
3202,41,0.02001953125,0.5377967953681946,60.216583251953125,0.45301270484924316
3203,44,0.021484375,0.5225991606712341,64.03936004638672,0.4049896001815796
3204,45,0.02197265625,0.48165464401245117,53.567344665527344,0.5544241666793823
3205,51,0.02490234375,0.4462578296661377,56.76556396484375,0.5114268660545349
3206,53,0.02587890625,0.44035717844963074,58.71513748168945,0.4750569462776184
3207,59,0.02880859375,0.4370685815811157,57.14170837402344,0.5082058310508728
3208,56,0.02734375,0.4281888008117676,57.46306228637695,0.4959089457988739
3209,56,0.02734375,0.42046478390693665,58.43489456176758,0.4928504526615143
3210,56,0.02734375,0.4324967861175537,55.647666931152344,0.5208166837692261
3211,52,0.025390625,0.4073728322982788,58.88840103149414,0.47114670276641846
3212,50,0.0244140625,0.4345508813858032,58.29579162597656,0.49473822116851807
3213,49,0.02392578125,0.3688000440597534,59.43196487426758,0.4737035930156708
3214,46,0.0224609375,0.39572465419769287,58.518775939941406,0.4855306148529053
3215,49,0.02392578125,0.40354982018470764,56.88010787963867,0.5186877250671387
3216,51,0.02490234375,0.40225130319595337,54.58366012573242,0.5529330968856812
3217,49,0.02392578125,0.43940478563308716,61.713409423828125,0.4414413273334503
3218,45,0.02197265625,0.4331790506839752,60.78546905517578,0.4492282569408417
3219,49,0.02392578125,0.4602227509021759,58.508914947509766,0.48242032527923584
3220,52,0.025390625,0.45259732007980347,57.90092468261719,0.48838692903518677
3221,56,0.02734375,0.4064475893974304,55.81886672973633,0.5090485215187073
3222,54,0.0263671875,0.39574068784713745,54.758209228515625,0.5270921587944031
3223,48,0.0234375,0.4135771691799164,52.99617004394531,0.5481821298599243
3224,48,0.0234375,0.401534765958786,56.19807815551758,0.5071298480033875
3225,47,0.02294921875,0.41839468479156494,56.07724380493164,0.5194039940834045
3226,52,0.025390625,0.43970856070518494,57.626708984375,0.499664306640625
3227,54,0.0263671875,0.41443973779678345,55.81547164916992,0.5215809941291809
3228,61,0.02978515625,0.399432510137558,57.88547897338867,0.4841477572917938
3229,69,0.03369140625,0.42131295800209045,56.081871032714844,0.5164759755134583
3230,60,0.029296875,0.46242794394493103,53.372501373291016,0.5504938364028931
3231,65,0.03173828125,0.4225994944572449,52.57601547241211,0.572491466999054
3232,58,0.0283203125,0.40552666783332825,58.43089294433594,0.49015143513679504
3233,44,0.021484375,0.4692729115486145,56.436954498291016,0.49936869740486145
3234,42,0.0205078125,0.45537251234054565,56.13151550292969,0.49421656131744385
3235,39,0.01904296875,0.49759453535079956,55.202693939208984,0.532271683216095
3236,33,0.01611328125,0.48628512024879456,54.13096618652344,0.5445924997329712
3237,36,0.017578125,0.5148995518684387,49.14979553222656,0.6151594519615173
3238,34,0.0166015625,0.5196871161460876,47.27444839477539,0.6208885908126831
3239,29,0.01416015625,0.5123673677444458,55.96895980834961,0.5109637379646301
3240,119,0.05810546875,0.20571723580360413,58.29358673095703,0.4844464659690857
3241,131,0.06396484375,0.21141833066940308,56.882911682128906,0.5006975531578064
3242,129,0.06298828125,0.20118452608585358,56.78487014770508,0.5059230327606201
3243,130,0.0634765625,0.20216330885887146,57.670562744140625,0.4887900650501251
3244,137,0.06689453125,0.20555096864700317,57.691986083984375,0.49451157450675964
3245,131,0.06396484375,0.22197797894477844,56.9573974609375,0.5080270171165466
3246,126,0.0615234375,0.22729647159576416,60.02886962890625,0.46418890357017517
3247,131,0.06396484375,0.2271658480167389,57.38008499145508,0.502568244934082
3248,138,0.0673828125,0.2071242332458496,56.505393981933594,0.5155933499336243
3249,128,0.0625,0.22379522025585175,58.031951904296875,0.4885639250278473
3250,137,0.06689453125,0.20952169597148895,56.08525848388672,0.5188546776771545
3251,147,0.07177734375,0.21226094663143158,55.39363479614258,0.5281584858894348
3252,168,0.08203125,0.19400358200073242,55.10567092895508,0.5295748710632324
3253,188,0.091796875,0.1631377637386322,55.94792938232422,0.5181509256362915
3254,190,0.0927734375,0.15994784235954285,55.93424987792969,0.5179572701454163
3255,176,0.0859375,0.17903220653533936,57.580501556396484,0.4981835186481476
3256,156,0.076171875,0.180123433470726,56.17355728149414,0.5188537240028381
3257,151,0.07373046875,0.1924668401479721,58.11817169189453,0.4914111793041229
3258,159,0.07763671875,0.20008030533790588,56.947776794433594,0.5068695545196533
3259,147,0.07177734375,0.1902797520160675,58.51020431518555,0.4826947748661041
3260,135,0.06591796875,0.22087730467319489,56.355567932128906,0.5087265968322754
3261,131,0.06396484375,0.22560712695121765,56.108070373535156,0.51760333776474
3262,135,0.06591796875,0.2146102488040924,55.664588928222656,0.5221334099769592
3263,129,0.06298828125,0.22102274000644684,58.7069091796875,0.4847766160964966
3264,118,0.0576171875,0.249002143740654,58.285064697265625,0.49200889468193054
3265,105,0.05126953125,0.2653149366378784,60.249061584472656,0.4619763195514679
3266,113,0.05517578125,0.2559472918510437,57.64290237426758,0.49664875864982605
3267,111,0.05419921875,0.27213457226753235,58.32194137573242,0.4833257794380188
3268,109,0.05322265625,0.2834658622741699,58.61674880981445,0.48563000559806824
3269,100,0.048828125,0.283144474029541,60.049293518066406,0.46568137407302856
3270,98,0.0478515625,0.3170490562915802,53.72983932495117,0.5333306789398193
3271,85,0.04150390625,0.32686832547187805,55.88953399658203,0.5162039995193481
3272,79,0.03857421875,0.3137762248516083,54.837928771972656,0.5380313992500305
3273,74,0.0361328125,0.3387254774570465,56.23977279663086,0.5208079218864441
3274,78,0.0380859375,0.3297358751296997,56.67068099975586,0.5115473866462708
3275,78,0.0380859375,0.32480621337890625,53.831756591796875,0.5468847751617432
3276,76,0.037109375,0.351759672164917,53.3916130065918,0.5513567328453064
3277,69,0.03369140625,0.3524003326892853,53.76821517944336,0.5485530495643616
3278,77,0.03759765625,0.33515000343322754,59.39913558959961,0.47461020946502686
3279,86,0.0419921875,0.32274624705314636,57.03045654296875,0.5037879943847656
3280,33,0.01611328125,0.5581432580947876,59.770931243896484,0.45812878012657166
3281,39,0.01904296875,0.5841993689537048,63.069366455078125,0.42922499775886536
3282,41,0.02001953125,0.42606785893440247,61.12362289428711,0.45743152499198914
3283,46,0.0224609375,0.404701828956604,58.248958587646484,0.49909719824790955
3284,46,0.0224609375,0.339164674282074,52.39438247680664,0.5712409019470215
3285,52,0.025390625,0.4014047086238861,56.364402770996094,0.5217867493629456
3286,50,0.0244140625,0.4243585169315338,54.54689025878906,0.5342134237289429
3287,46,0.0224609375,0.401724249124527,57.26197814941406,0.5093316435813904
3288,45,0.02197265625,0.4414384961128235,52.95463180541992,0.5502238869667053
3289,42,0.0205078125,0.4212566614151001,58.27927780151367,0.4782300591468811
3290,42,0.0205078125,0.4494088292121887,55.243309020996094,0.5167937278747559
3291,50,0.0244140625,0.4160096347332001,58.86166000366211,0.47977936267852783
3292,47,0.02294921875,0.40934741497039795,54.54632568359375,0.5208153128623962
3293,50,0.0244140625,0.4444909691810608,58.224830627441406,0.47913438081741333
3294,53,0.02587890625,0.4651672840118408,58.73334884643555,0.4847414493560791
3295,51,0.02490234375,0.49349015951156616,61.910667419433594,0.4481252431869507
3296,55,0.02685546875,0.4574158489704132,59.49308395385742,0.4637340307235718
3297,48,0.0234375,0.49391263723373413,61.60498046875,0.4424346387386322
3298,47,0.02294921875,0.5168783068656921,55.76417541503906,0.5222692489624023
3299,52,0.025390625,0.5389007925987244,58.39704895019531,0.4861220121383667
3300,49,0.02392578125,0.5199985504150391,57.088478088378906,0.5021005272865295
3301,50,0.0244140625,0.5017597079277039,59.135292053222656,0.47795966267585754
3302,52,0.025390625,0.505744457244873,60.136573791503906,0.4538593292236328
3303,52,0.025390625,0.533382773399353,55.172977447509766,0.5178144574165344
3304,49,0.02392578125,0.4833185374736786,57.202144622802734,0.49684545397758484
3305,52,0.025390625,0.5081594586372375,56.65453338623047,0.510636568069458
3306,52,0.025390625,0.48496875166893005,53.546634674072266,0.5425177812576294
3307,48,0.0234375,0.4666290879249573,56.81797409057617,0.499917596578598
3308,50,0.0244140625,0.485943078994751,56.8481330871582,0.502837061882019
3309,51,0.02490234375,0.5029526352882385,55.698089599609375,0.5298449993133545
3310,53,0.02587890625,0.48731929063796997,57.49082946777344,0.5030496120452881
3311,54,0.0263671875,0.5112970471382141,56.541561126708984,0.5064008235931396
3312,53,0.02587890625,0.46260806918144226,57.6280632019043,0.4997301697731018
3313,50,0.0244140625,0.48290786147117615,58.37372970581055,0.4819885492324829
3314,47,0.02294921875,0.5055396556854248,56.4101676940918,0.5125795602798462
3315,47,0.02294921875,0.4941149055957794,58.48058319091797,0.48092395067214966
3316,51,0.02490234375,0.5187210440635681,52.88102722167969,0.5510970950126648
3317,54,0.0263671875,0.5475531220436096,55.25630187988281,0.5254153609275818
3318,56,0.02734375,0.5315067172050476,63.20717239379883,0.42252567410469055
3319,53,0.02587890625,0.5084294080734253,62.19400405883789,0.4397430717945099
3320,118,0.0576171875,0.2814785838127136,55.948490142822266,0.5194385647773743
3321,134,0.0654296875,0.21596083045005798,57.201080322265625,0.49929916858673096
3322,139,0.06787109375,0.235137477517128,54.45562744140625,0.5352581739425659
3323,125,0.06103515625,0.24607686698436737,57.0174674987793,0.5033711194992065
3324,150,0.0732421875,0.21505355834960938,56.848819732666016,0.500572919845581
3325,126,0.0615234375,0.23366183042526245,52.835304260253906,0.553105354309082
3326,138,0.0673828125,0.255037397146225,53.54483413696289,0.544282078742981
3327,127,0.06201171875,0.2400260865688324,55.677364349365234,0.5224245190620422
3328,98,0.0478515625,0.29131728410720825,54.484214782714844,0.5304117202758789
3329,97,0.04736328125,0.26992014050483704,56.13438415527344,0.5204191207885742
3330,96,0.046875,0.25113821029663086,56.329410552978516,0.5165289044380188
3331,91,0.04443359375,0.2761208415031433,56.62561798095703,0.5031453371047974
3332,77,0.03759765625,0.29026731848716736,55.33692169189453,0.5202042460441589
3333,78,0.0380859375,0.28619977831840515,54.3921012878418,0.5337353348731995
3334,79,0.03857421875,0.3071814477443695,58.07728576660156,0.489428848028183
3335,78,0.0380859375,0.2949175238609314,58.92121124267578,0.47578588128089905
3336,90,0.0439453125,0.29628580808639526,56.104713439941406,0.515984296798706
3337,93,0.04541015625,0.32142186164855957,58.375526428222656,0.48479214310646057
3338,83,0.04052734375,0.32965970039367676,59.01445388793945,0.4833222031593323
3339,80,0.0390625,0.3334336578845978,60.882225036621094,0.4530356526374817
3340,75,0.03662109375,0.32898208498954773,56.54297637939453,0.5115901827812195
3341,80,0.0390625,0.3490859568119049,59.9182243347168,0.4661518931388855
3342,94,0.0458984375,0.31905820965766907,57.63594055175781,0.49354520440101624
3343,108,0.052734375,0.2654283046722412,55.362159729003906,0.5267983078956604
3344,109,0.05322265625,0.2431199848651886,55.60969161987305,0.5228803753852844
3345,136,0.06640625,0.18499687314033508,54.36962890625,0.5454475283622742
3346,163,0.07958984375,0.18047021329402924,56.00380325317383,0.5232135653495789
3347,151,0.07373046875,0.1739213913679123,55.65526580810547,0.5227967500686646
3348,154,0.0751953125,0.19312840700149536,58.490596771240234,0.4899510443210602
3349,153,0.07470703125,0.18817001581192017,59.074039459228516,0.4782772660255432
3350,212,0.103515625,0.21314898133277893,58.86662673950195,0.47562146186828613
3351,175,0.08544921875,0.19870255887508392,59.29726028442383,0.47507354617118835
3352,144,0.0703125,0.18202543258666992,58.73539352416992,0.4849141538143158
3353,203,0.09912109375,0.20866024494171143,59.01307678222656,0.47590118646621704
3354,212,0.103515625,0.21290430426597595,59.44908905029297,0.47455984354019165
3355,167,0.08154296875,0.20288905501365662,59.21272277832031,0.475700706243515
3356,119,0.05810546875,0.23844413459300995,58.88401794433594,0.4831516146659851
3357,108,0.052734375,0.24271047115325928,58.28290939331055,0.494506299495697
3358,107,0.05224609375,0.24626314640045166,57.68040084838867,0.4981607496738434
3359,86,0.0419921875,0.22783462703227997,56.56338119506836,0.5099876523017883
3360,165,0.08056640625,0.26496759057044983,56.35959243774414,0.5115553140640259
3361,149,0.07275390625,0.25385230779647827,57.68706130981445,0.4977496266365051
3362,152,0.07421875,0.22874312102794647,60.315364837646484,0.4599684178829193
3363,183,0.08935546875,0.17500318586826324,59.595096588134766,0.47083598375320435
3364,181,0.08837890625,0.1830240786075592,58.898597717285156,0.47923025488853455
3365,237,0.11572265625,0.14548613131046295,58.73737335205078,0.4801766574382782
3366,150,0.0732421875,0.1449609100818634,57.46012496948242,0.49655619263648987
3367,142,0.0693359375,0.13286760449409485,57.02840805053711,0.5041322112083435
3368,165,0.08056640625,0.10287973284721375,57.2760009765625,0.4972965121269226
3369,231,0.11279296875,0.12479133158922195,56.628116607666016,0.5104259848594666
3370,172,0.083984375,0.12006832659244537,58.533050537109375,0.48343631625175476
3371,255,0.12451171875,0.15378114581108093,58.97673797607422,0.4739305078983307
3372,213,0.10400390625,0.1421741098165512,57.47108840942383,0.4939000606536865
3373,319,0.15576171875,0.1464448720216751,58.64112091064453,0.4812135100364685
3374,256,0.125,0.13363483548164368,57.82090377807617,0.4967227280139923
3375,221,0.10791015625,0.15892517566680908,57.876930236816406,0.49149060249328613
3376,209,0.10205078125,0.13059578835964203,57.01930236816406,0.5049281716346741
3377,183,0.08935546875,0.12326774001121521,57.5433464050293,0.4904049038887024
3378,119,0.05810546875,0.17424069344997406,56.62184143066406,0.5009289979934692
3379,131,0.06396484375,0.15137703716754913,59.61122512817383,0.47370681166648865
3380,109,0.05322265625,0.18477606773376465,58.23271179199219,0.4906376600265503
3381,72,0.03515625,0.1777537316083908,59.11458969116211,0.477904736995697
3382,72,0.03515625,0.21344588696956635,55.385501861572266,0.5179277658462524
3383,75,0.03662109375,0.19872228801250458,55.91218185424805,0.5112996101379395
3384,66,0.0322265625,0.2290140688419342,56.820560455322266,0.510828971862793
3385,72,0.03515625,0.21565605700016022,57.12791442871094,0.5045291781425476
3386,74,0.0361328125,0.21752922236919403,57.320247650146484,0.4945733845233917
3387,98,0.0478515625,0.1545749008655548,57.980289459228516,0.49020472168922424
3388,91,0.04443359375,0.1615229845046997,57.550174713134766,0.4951654076576233
3389,81,0.03955078125,0.16872873902320862,56.447357177734375,0.5109589695930481
3390,83,0.04052734375,0.17109274864196777,55.464324951171875,0.5182701349258423
3391,85,0.04150390625,0.1462862342596054,56.26791763305664,0.5147902369499207
3392,86,0.0419921875,0.18506279587745667,56.65913009643555,0.5077406167984009
3393,83,0.04052734375,0.1980159878730774,55.2133903503418,0.525587260723114
3394,70,0.0341796875,0.26079806685447693,56.87689208984375,0.5031479597091675
3395,59,0.02880859375,0.25416532158851624,56.53989791870117,0.5082387924194336
3396,63,0.03076171875,0.28092917799949646,56.111480712890625,0.5123571157455444
3397,56,0.02734375,0.2541123628616333,59.82130813598633,0.4705846607685089
3398,55,0.02685546875,0.2631347179412842,56.896583557128906,0.5030894875526428
3399,66,0.0322265625,0.27038171887397766,55.026206970214844,0.5348904132843018
3400,100,0.048828125,0.3390515148639679,58.416046142578125,0.49153122305870056
3401,82,0.0400390625,0.37340623140335083,56.19544982910156,0.5243061184883118
3402,103,0.05029296875,0.37790489196777344,55.227291107177734,0.533180296421051
3403,88,0.04296875,0.38506177067756653,57.3357048034668,0.4985836148262024
3404,98,0.0478515625,0.38521236181259155,61.942989349365234,0.43055105209350586
3405,86,0.0419921875,0.4063734710216522,58.50710678100586,0.48885565996170044
3406,102,0.0498046875,0.38081634044647217,56.9032096862793,0.511272132396698
3407,111,0.05419921875,0.3940449059009552,53.53218078613281,0.5464770197868347
3408,122,0.0595703125,0.379142165184021,59.21905517578125,0.47768452763557434
3409,126,0.0615234375,0.3753645718097687,58.482627868652344,0.48515579104423523
3410,116,0.056640625,0.36139965057373047,59.48335647583008,0.473762184381485
3411,130,0.0634765625,0.35642021894454956,60.387081146240234,0.4644218683242798
3412,124,0.060546875,0.3606920540332794,58.797401428222656,0.4810885190963745
3413,121,0.05908203125,0.3798983097076416,59.31843948364258,0.47083500027656555
3414,119,0.05810546875,0.36804619431495667,54.583351135253906,0.5328028202056885
3415,123,0.06005859375,0.3679255247116089,53.54765701293945,0.5461037158966064
3416,138,0.0673828125,0.37018606066703796,57.98944091796875,0.4950738847255707
3417,124,0.060546875,0.38364166021347046,57.13515853881836,0.5008472800254822
3418,118,0.0576171875,0.3854150176048279,57.96562957763672,0.4892813563346863
3419,123,0.06005859375,0.3810238242149353,58.866756439208984,0.4777739942073822
3420,130,0.0634765625,0.3609510064125061,59.417659759521484,0.46886366605758667
3421,126,0.0615234375,0.36827078461647034,59.196842193603516,0.4730236232280731
3422,121,0.05908203125,0.3774111568927765,60.69473648071289,0.4510430693626404
3423,124,0.060546875,0.3642691671848297,58.2736701965332,0.48424825072288513
3424,164,0.080078125,0.3291012942790985,56.60223388671875,0.5136964321136475
3425,178,0.0869140625,0.3217720091342926,60.391849517822266,0.45515453815460205
3426,188,0.091796875,0.2931317985057831,56.78880310058594,0.5081827640533447
3427,162,0.0791015625,0.30823734402656555,59.160282135009766,0.47025224566459656
3428,176,0.0859375,0.3068833351135254,57.108455657958984,0.5038225650787354
3429,165,0.08056640625,0.349973201751709,57.44449996948242,0.4984953999519348
3430,150,0.0732421875,0.3768298327922821,58.612083435058594,0.47652703523635864
3431,139,0.06787109375,0.41230568289756775,57.791439056396484,0.4985731244087219
3432,146,0.0712890625,0.409763902425766,57.532493591308594,0.5031813383102417
3433,142,0.0693359375,0.414510577917099,56.77846145629883,0.5068516135215759
3434,143,0.06982421875,0.38598009943962097,58.32349395751953,0.4875114858150482
3435,124,0.060546875,0.44676288962364197,55.34770202636719,0.524332582950592
3436,121,0.05908203125,0.4573163092136383,56.525142669677734,0.5082499384880066
3437,123,0.06005859375,0.4410158693790436,56.185325622558594,0.5179168581962585
3438,121,0.05908203125,0.45199036598205566,58.98991775512695,0.4816221296787262
3439,127,0.06201171875,0.43749287724494934,57.75746154785156,0.493738055229187
3440,58,0.0283203125,0.40108320116996765,54.993499755859375,0.5209672451019287
3441,54,0.0263671875,0.3859173655509949,56.05747985839844,0.5157459378242493
3442,51,0.02490234375,0.41797903180122375,54.9901237487793,0.5296525955200195
3443,54,0.0263671875,0.3546113669872284,53.61445617675781,0.5426440834999084
3444,52,0.025390625,0.4151449203491211,57.29405212402344,0.5004964470863342
3445,51,0.02490234375,0.42619386315345764,56.4336051940918,0.5046800374984741
3446,44,0.021484375,0.39348194003105164,55.998924255371094,0.5276785492897034
3447,36,0.017578125,0.42311662435531616,57.27614212036133,0.4868992567062378
3448,31,0.01513671875,0.4986360967159271,63.397216796875,0.41534197330474854
3449,29,0.01416015625,0.5133262872695923,62.413002014160156,0.43396151065826416
3450,32,0.015625,0.545520007610321,59.58916473388672,0.4740109443664551
3451,32,0.015625,0.5631625652313232,62.46904373168945,0.4423787593841553
3452,32,0.015625,0.5547906756401062,62.98804473876953,0.42621278762817383
3453,37,0.01806640625,0.51948082447052,59.50810241699219,0.4803295135498047
3454,38,0.0185546875,0.5027989149093628,59.86098098754883,0.4669359624385834
3455,33,0.01611328125,0.5062822699546814,54.122989654541016,0.5509265065193176
3456,34,0.0166015625,0.5229226350784302,58.93827438354492,0.46424922347068787
3457,37,0.01806640625,0.5153679847717285,60.07933807373047,0.46117541193962097
3458,34,0.0166015625,0.5387651324272156,57.28200149536133,0.5066367983818054
3459,33,0.01611328125,0.5530892014503479,62.499786376953125,0.41090232133865356
3460,36,0.017578125,0.5497690439224243,58.25246047973633,0.48262056708335876
3461,45,0.02197265625,0.5324710011482239,56.80767822265625,0.4998762905597687
3462,45,0.02197265625,0.5503727197647095,57.15998077392578,0.5002958178520203
3463,43,0.02099609375,0.5639675259590149,57.26020431518555,0.49691444635391235
3464,41,0.02001953125,0.5625562071800232,56.09747314453125,0.5194097757339478
3465,39,0.01904296875,0.5700452923774719,58.74258804321289,0.4807301163673401
3466,49,0.02392578125,0.5409799814224243,60.47755432128906,0.446772038936615
3467,59,0.02880859375,0.49782800674438477,59.769832611083984,0.46452707052230835
3468,65,0.03173828125,0.4507307708263397,56.1762809753418,0.5161098837852478
3469,56,0.02734375,0.4560321569442749,57.12937545776367,0.49859991669654846
3470,40,0.01953125,0.5223891139030457,56.188690185546875,0.5222018957138062
3471,34,0.0166015625,0.5295462608337402,59.303951263427734,0.470902681350708
3472,34,0.0166015625,0.5737631320953369,53.178062438964844,0.5722761750221252
3473,30,0.0146484375,0.5551122426986694,53.31616973876953,0.5432144403457642
3474,28,0.013671875,0.5601633191108704,56.23847198486328,0.5196341276168823
3475,29,0.01416015625,0.530988335609436,50.40726852416992,0.5999303460121155
3476,37,0.01806640625,0.5056774020195007,52.123470306396484,0.5786566734313965
3477,37,0.01806640625,0.5340417623519897,53.00022506713867,0.5602370500564575
3478,33,0.01611328125,0.5938729643821716,56.87166213989258,0.509142279624939
3479,37,0.01806640625,0.5306810140609741,54.630523681640625,0.5528097152709961
3480,337,0.16455078125,0.17251111567020416,58.009765625,0.4908577799797058
3481,526,0.2568359375,0.19362877309322357,58.251220703125,0.48830851912498474
3482,300,0.146484375,0.20273585617542267,55.967063903808594,0.5139277577400208
3483,387,0.18896484375,0.18736548721790314,57.987640380859375,0.4923696517944336
3484,631,0.30810546875,0.1597345471382141,57.4300651550293,0.4967416226863861
3485,410,0.2001953125,0.1513780802488327,57.534027099609375,0.49634596705436707
3486,712,0.34765625,0.15768149495124817,56.95090866088867,0.5062011480331421
3487,368,0.1796875,0.1830492615699768,57.629512786865234,0.4968548119068146
3488,492,0.240234375,0.16142703592777252,57.31052017211914,0.49752479791641235
3489,521,0.25439453125,0.2043067365884781,57.42162322998047,0.4976502060890198
3490,522,0.2548828125,0.14768102765083313,57.544342041015625,0.49684709310531616
3491,905,0.44189453125,0.14759229123592377,57.72371292114258,0.4917422831058502
3492,1128,0.55078125,0.1443093866109848,57.08612823486328,0.5021756291389465
3493,1028,0.501953125,0.14236681163311005,56.828407287597656,0.5072702765464783
3494,1014,0.4951171875,0.1427229940891266,56.94478225708008,0.5037676095962524
3495,622,0.3037109375,0.13466651737689972,55.86998748779297,0.5192911624908447
3496,519,0.25341796875,0.13634102046489716,56.4883918762207,0.5088962912559509
3497,868,0.423828125,0.16689877212047577,57.455528259277344,0.4974840581417084
3498,436,0.212890625,0.18162666261196136,58.01768493652344,0.4901173412799835
3499,788,0.384765625,0.1700620800256729,56.996437072753906,0.5065018534660339
3500,814,0.3974609375,0.16577067971229553,56.94192886352539,0.5062160491943359
3501,638,0.3115234375,0.17739035189151764,57.97709655761719,0.4926939010620117
3502,656,0.3203125,0.1890711784362793,57.36880874633789,0.4985310137271881
3503,362,0.1767578125,0.2009716033935547,58.04451370239258,0.4915052354335785
3504,454,0.2216796875,0.19595149159431458,59.62934875488281,0.46965426206588745
3505,1160,0.56640625,0.18238243460655212,57.49214553833008,0.4954901933670044
3506,457,0.22314453125,0.21665248274803162,56.70050811767578,0.5100708603858948
3507,662,0.3232421875,0.1798073649406433,58.40675735473633,0.48405221104621887
3508,740,0.361328125,0.16018126904964447,56.96950912475586,0.5027406215667725
3509,834,0.4072265625,0.16203640401363373,56.46887969970703,0.511987566947937
3510,833,0.40673828125,0.1569005846977234,55.777767181396484,0.5176510214805603
3511,563,0.27490234375,0.15262703597545624,57.20433044433594,0.5040783882141113
3512,437,0.21337890625,0.15344664454460144,56.1149787902832,0.5181698203086853
3513,380,0.185546875,0.16285890340805054,57.21024703979492,0.5043525099754333
3514,593,0.28955078125,0.15342561900615692,56.759071350097656,0.5090018510818481
3515,720,0.3515625,0.14272961020469666,56.353607177734375,0.5178146362304688
3516,956,0.466796875,0.14520816504955292,56.1856689453125,0.5202252268791199
3517,894,0.4365234375,0.15745915472507477,57.22981262207031,0.49944475293159485
3518,393,0.19189453125,0.1837729662656784,56.97230911254883,0.5094603300094604
3519,776,0.37890625,0.1631617397069931,56.606990814208984,0.5086312890052795
3520,31,0.01513671875,0.49561554193496704,50.961883544921875,0.5785125494003296
3521,30,0.0146484375,0.5200701951980591,61.88373565673828,0.43255001306533813
3522,33,0.01611328125,0.4985855221748352,58.01545333862305,0.48770302534103394
3523,33,0.01611328125,0.5107013583183289,53.97760009765625,0.5424533486366272
3524,34,0.0166015625,0.5403263568878174,57.45128631591797,0.49185293912887573
3525,33,0.01611328125,0.5428280234336853,57.15802764892578,0.5112206339836121
3526,33,0.01611328125,0.4981490671634674,53.032470703125,0.5648078918457031
3527,35,0.01708984375,0.5013969540596008,63.586669921875,0.419940710067749
3528,34,0.0166015625,0.46937209367752075,58.87398147583008,0.4668635129928589
3529,33,0.01611328125,0.4355933368206024,60.887474060058594,0.45229771733283997
3530,37,0.01806640625,0.5123624205589294,55.931556701660156,0.5102124214172363
3531,38,0.0185546875,0.4990250766277313,58.21630859375,0.47781381011009216
3532,42,0.0205078125,0.5857974886894226,56.36922073364258,0.510604977607727
3533,36,0.017578125,0.49038562178611755,59.25175094604492,0.48297256231307983
3534,36,0.017578125,0.5388877987861633,62.34400177001953,0.4371727406978607
3535,34,0.0166015625,0.5031574964523315,57.20286560058594,0.5074995756149292
3536,32,0.015625,0.4218384027481079,58.74241256713867,0.47772687673568726
3537,34,0.0166015625,0.40025368332862854,58.29645919799805,0.48374056816101074
3538,35,0.01708984375,0.41548988223075867,60.16725540161133,0.46145978569984436
3539,34,0.0166015625,0.3637927770614624,57.483062744140625,0.4950093626976013
3540,39,0.01904296875,0.42312106490135193,60.82223892211914,0.44573235511779785
3541,38,0.0185546875,0.38868144154548645,60.49416732788086,0.4604482054710388
3542,37,0.01806640625,0.40194255113601685,58.85761260986328,0.4814370274543762
3543,29,0.01416015625,0.363452285528183,58.479312896728516,0.4912954270839691
3544,33,0.01611328125,0.3923044800758362,53.85472869873047,0.5298041701316833
3545,35,0.01708984375,0.3680678904056549,56.66845703125,0.5162951350212097
3546,39,0.01904296875,0.4425850510597229,58.16757583618164,0.4916837513446808
3547,36,0.017578125,0.3988726735115051,55.337364196777344,0.5229049921035767
3548,35,0.01708984375,0.42555081844329834,57.71604537963867,0.49531233310699463
3549,37,0.01806640625,0.46047645807266235,52.7601203918457,0.5595679879188538
3550,41,0.02001953125,0.5115479230880737,53.2297477722168,0.555533766746521
3551,36,0.017578125,0.4690037667751312,58.00407028198242,0.4904612898826599
3552,37,0.01806640625,0.46677520871162415,61.02661895751953,0.44903019070625305
3553,36,0.017578125,0.442404180765152,60.86660385131836,0.4515499472618103
3554,38,0.0185546875,0.4297478497028351,62.192203521728516,0.43687212467193604
3555,39,0.01904296875,0.43502140045166016,61.02484130859375,0.45712560415267944
3556,43,0.02099609375,0.48424333333969116,57.22972106933594,0.4941490888595581
3557,37,0.01806640625,0.4492226243019104,58.37059783935547,0.4767184257507324
3558,35,0.01708984375,0.4327947795391083,53.22674560546875,0.5655496716499329
3559,35,0.01708984375,0.439354807138443,52.37710952758789,0.5757169723510742
3560,118,0.0576171875,0.3779067099094391,55.05717849731445,0.5244104266166687
3561,111,0.05419921875,0.35736918449401855,56.504066467285156,0.5103120803833008
3562,106,0.0517578125,0.3666853904724121,58.547142028808594,0.4854395389556885
3563,89,0.04345703125,0.3609510064125061,53.34834671020508,0.5552662014961243
3564,95,0.04638671875,0.3338388502597809,56.28016662597656,0.5103666186332703
3565,99,0.04833984375,0.3406889736652374,55.58798599243164,0.5240388512611389
3566,101,0.04931640625,0.3482646048069,55.89026641845703,0.5167626142501831
3567,108,0.052734375,0.3308325409889221,59.25883102416992,0.4689333736896515
3568,107,0.05224609375,0.33078238368034363,54.8853645324707,0.5302741527557373
3569,125,0.06103515625,0.32092195749282837,56.91688537597656,0.5023934841156006
3570,108,0.052734375,0.2950119376182556,56.465118408203125,0.5102555751800537
3571,106,0.0517578125,0.31858211755752563,61.791439056396484,0.4311089515686035
3572,99,0.04833984375,0.32567349076271057,56.56802749633789,0.5080190896987915
3573,98,0.0478515625,0.3224846422672272,54.923240661621094,0.5373625755310059
3574,99,0.04833984375,0.2881776690483093,56.8101806640625,0.503994345664978
3575,110,0.0537109375,0.28612256050109863,54.95079803466797,0.5337111353874207
3576,97,0.04736328125,0.3106793761253357,55.69559097290039,0.5194399356842041
3577,110,0.0537109375,0.302239328622818,56.12069320678711,0.5162765979766846
3578,117,0.05712890625,0.321059912443161,60.69453811645508,0.4524283707141876
3579,98,0.0478515625,0.3027915954589844,56.49946212768555,0.5088969469070435
3580,111,0.05419921875,0.3080132007598877,56.286338806152344,0.5195140242576599
3581,103,0.05029296875,0.31937912106513977,60.9215202331543,0.4554670453071594
3582,118,0.0576171875,0.30485454201698303,57.98402404785156,0.49185431003570557
3583,110,0.0537109375,0.2946949303150177,55.36008834838867,0.52849280834198
3584,110,0.0537109375,0.2871363162994385,55.5020866394043,0.5272955298423767
3585,110,0.0537109375,0.3040969967842102,54.356258392333984,0.5296356081962585
3586,101,0.04931640625,0.3420184254646301,57.63878631591797,0.503442108631134
3587,99,0.04833984375,0.3754693865776062,53.039859771728516,0.5662144422531128
3588,95,0.04638671875,0.3820355534553528,58.62942123413086,0.4875487983226776
3589,92,0.044921875,0.3879893720149994,56.693199157714844,0.5041531920433044
3590,85,0.04150390625,0.3731445372104645,55.3814697265625,0.523667573928833
3591,91,0.04443359375,0.35704708099365234,57.60320281982422,0.49372923374176025
3592,90,0.0439453125,0.3474244475364685,56.655033111572266,0.5039510726928711
3593,85,0.04150390625,0.3660602867603302,57.11366653442383,0.504679799079895
3594,91,0.04443359375,0.37370315194129944,59.513580322265625,0.4711499810218811
3595,100,0.048828125,0.37245500087738037,57.65788269042969,0.5003154277801514
3596,78,0.0380859375,0.3982616662979126,59.023223876953125,0.4721994698047638
3597,79,0.03857421875,0.35996994376182556,61.06800079345703,0.4448694586753845
3598,83,0.04052734375,0.3854748010635376,59.03422546386719,0.4765305519104004
3599,75,0.03662109375,0.3829830586910248,56.15483093261719,0.5100483894348145
3600,82,0.0400390625,0.3554909825325012,55.67082214355469,0.5165219902992249
3601,78,0.0380859375,0.36539170145988464,55.200252532958984,0.5282033085823059
3602,84,0.041015625,0.3791460692882538,55.66519546508789,0.5169219374656677
3603,82,0.0400390625,0.39090603590011597,58.093379974365234,0.49378666281700134
3604,81,0.03955078125,0.4019303321838379,57.04236602783203,0.5087473392486572
3605,76,0.037109375,0.3905828893184662,57.54616165161133,0.4988279938697815
3606,72,0.03515625,0.3996022641658783,56.4433708190918,0.5131304860115051
3607,74,0.0361328125,0.4034688174724579,54.5181999206543,0.5379855632781982
3608,77,0.03759765625,0.39940065145492554,56.77323532104492,0.514550507068634
3609,75,0.03662109375,0.4049283266067505,55.878761291503906,0.5254274606704712
3610,85,0.04150390625,0.3888830542564392,55.92254638671875,0.5231750011444092
3611,95,0.04638671875,0.40363645553588867,54.76369857788086,0.5476047992706299
3612,82,0.0400390625,0.43914440274238586,61.08671188354492,0.45513153076171875
3613,77,0.03759765625,0.41769424080848694,55.92704772949219,0.5174928903579712
3614,77,0.03759765625,0.4380859434604645,55.24757766723633,0.5310776233673096
3615,70,0.0341796875,0.38315248489379883,59.670467376708984,0.4758838713169098
3616,73,0.03564453125,0.3986220359802246,52.69830322265625,0.5678049325942993
3617,67,0.03271484375,0.40314581990242004,56.63405227661133,0.5103229880332947
3618,67,0.03271484375,0.3988646864891052,58.07373809814453,0.48067429661750793
3619,66,0.0322265625,0.4030095934867859,59.0741081237793,0.4813101887702942
3620,63,0.03076171875,0.38604187965393066,59.08415222167969,0.4793941080570221
3621,62,0.0302734375,0.37277838587760925,56.490440368652344,0.5133341550827026
3622,66,0.0322265625,0.3883751332759857,57.17531204223633,0.4982825815677643
3623,58,0.0283203125,0.3980597257614136,59.94184112548828,0.4672682285308838
3624,58,0.0283203125,0.40090787410736084,56.37260437011719,0.5134377479553223
3625,55,0.02685546875,0.4115941524505615,60.03342056274414,0.4633180797100067
3626,55,0.02685546875,0.38821226358413696,60.1423225402832,0.45564502477645874
3627,52,0.025390625,0.4021323621273041,62.11859893798828,0.4303145408630371
3628,55,0.02685546875,0.39704278111457825,56.53453063964844,0.5131556391716003
3629,54,0.0263671875,0.4078983664512634,57.45649719238281,0.5032128691673279
3630,55,0.02685546875,0.4132702350616455,57.93648910522461,0.5021101236343384
3631,57,0.02783203125,0.4094408452510834,61.47614288330078,0.4431332051753998
3632,65,0.03173828125,0.42119860649108887,54.828514099121094,0.5290199518203735
3633,64,0.03125,0.40556737780570984,56.42203140258789,0.5163757801055908
3634,63,0.03076171875,0.3964795768260956,55.47981262207031,0.5291948318481445
3635,62,0.0302734375,0.39694851636886597,53.98166275024414,0.5487533807754517
3636,60,0.029296875,0.4013562798500061,59.8538703918457,0.47240936756134033
3637,57,0.02783203125,0.39735835790634155,59.561336517333984,0.4784579277038574
3638,54,0.0263671875,0.3809985816478729,56.54336929321289,0.5055978298187256
3639,51,0.02490234375,0.4050694704055786,55.63191223144531,0.527703583240509
3640,184,0.08984375,0.20281043648719788,55.856056213378906,0.5146735906600952
3641,199,0.09716796875,0.19971534609794617,55.97132110595703,0.5149099826812744
3642,228,0.111328125,0.1883995682001114,55.76509475708008,0.5194222927093506
3643,287,0.14013671875,0.193538635969162,57.64347457885742,0.4928683936595917
3644,248,0.12109375,0.199284628033638,56.94285583496094,0.501726508140564
3645,311,0.15185546875,0.18669290840625763,56.39387130737305,0.5101228356361389
3646,286,0.1396484375,0.17826716601848602,55.34516143798828,0.5253400206565857
3647,267,0.13037109375,0.17260505259037018,58.671878814697266,0.4778308868408203
3648,304,0.1484375,0.16828250885009766,57.24907302856445,0.4996068477630615
3649,259,0.12646484375,0.17951779067516327,60.243568420410156,0.4617155194282532
3650,276,0.134765625,0.17299313843250275,59.879295349121094,0.46276402473449707
3651,325,0.15869140625,0.16546502709388733,57.013545989990234,0.5015758872032166
3652,384,0.1875,0.1512334942817688,57.94353103637695,0.48894962668418884
3653,365,0.17822265625,0.15402518212795258,57.12489700317383,0.5013900995254517
3654,332,0.162109375,0.157385915517807,56.9429931640625,0.5010574460029602
3655,307,0.14990234375,0.16244152188301086,57.17670822143555,0.49850305914878845
3656,272,0.1328125,0.15486446022987366,57.6031608581543,0.4931566119194031
3657,320,0.15625,0.14795386791229248,56.62846755981445,0.509147047996521
3658,279,0.13623046875,0.15860490500926971,56.11540985107422,0.515058159828186
3659,296,0.14453125,0.15207107365131378,53.93235397338867,0.541996955871582
3660,302,0.1474609375,0.15175725519657135,55.293479919433594,0.5275416970252991
3661,319,0.15576171875,0.1527634859085083,56.77752685546875,0.5043602585792542
3662,301,0.14697265625,0.1554669737815857,55.994327545166016,0.5160722136497498
3663,347,0.16943359375,0.14064010977745056,56.82341766357422,0.5062499642372131
3664,459,0.22412109375,0.13568855822086334,57.394710540771484,0.4964601695537567
3665,632,0.30859375,0.14423854649066925,57.28297424316406,0.5001748204231262
3666,445,0.21728515625,0.130404531955719,57.38002014160156,0.4990677833557129
3667,518,0.2529296875,0.1461060494184494,57.7781982421875,0.49609026312828064
3668,763,0.37255859375,0.1688833087682724,56.30977249145508,0.511897087097168
3669,521,0.25439453125,0.16397696733474731,56.37965774536133,0.5131152868270874
3670,438,0.2138671875,0.13525375723838806,57.985042572021484,0.4912276864051819
3671,586,0.2861328125,0.15386159718036652,57.47907638549805,0.4983588755130768
3672,444,0.216796875,0.1707468032836914,57.06270980834961,0.5026426315307617
3673,901,0.43994140625,0.19590145349502563,56.83275604248047,0.5051223039627075
3674,371,0.18115234375,0.1666121631860733,56.68696975708008,0.5078828930854797
3675,327,0.15966796875,0.16952727735042572,57.03791427612305,0.5028486847877502
3676,483,0.23583984375,0.17890802025794983,57.827640533447266,0.49092334508895874
3677,885,0.43212890625,0.1793752759695053,56.647315979003906,0.5073357820510864
3678,899,0.43896484375,0.20364587008953094,56.989967346191406,0.5024253726005554
3679,653,0.31884765625,0.2316785305738449,58.06747817993164,0.4875449538230896
3680,13,0.00634765625,0.4012281596660614,54.275882720947266,0.542724072933197
3681,16,0.0078125,0.4270530343055725,53.32947540283203,0.570298969745636
3682,14,0.0068359375,0.4098658263683319,48.142425537109375,0.6095431447029114
3683,11,0.00537109375,0.3907962143421173,55.68549728393555,0.5179601907730103
3684,12,0.005859375,0.4068479537963867,57.10136795043945,0.5143234729766846
3685,13,0.00634765625,0.48511379957199097,52.10299301147461,0.5632984638214111
3686,14,0.0068359375,0.46974194049835205,49.674659729003906,0.6068477034568787
3687,12,0.005859375,0.3489915430545807,66.07278442382812,0.3969166576862335
3688,9,0.00439453125,0.4014410674571991,56.68360900878906,0.5051966309547424
3689,13,0.00634765625,0.35417795181274414,63.00362014770508,0.4214272201061249
3690,14,0.0068359375,0.3395915925502777,61.400936126708984,0.44132497906684875
3691,12,0.005859375,0.4135362505912781,54.0029296875,0.5601325035095215
3692,13,0.00634765625,0.4170106053352356,55.82387161254883,0.5378777384757996
3693,12,0.005859375,0.34974777698516846,55.5235710144043,0.5427438616752625
3694,11,0.00537109375,0.3450731933116913,55.45869445800781,0.5393176674842834
3695,12,0.005859375,0.3361436128616333,55.16874694824219,0.5390844345092773
3696,10,0.0048828125,0.35129106044769287,56.881263732910156,0.5152500867843628
3697,9,0.00439453125,0.3622281551361084,53.49537658691406,0.5584350824356079
3698,10,0.0048828125,0.3590717017650604,53.82399368286133,0.551861584186554
3699,8,0.00390625,0.4201764166355133,50.26581573486328,0.5929907560348511
3700,7,0.00341796875,0.4530331790447235,46.70760726928711,0.6408153176307678
3701,5,0.00244140625,0.4969521164894104,42.529415130615234,0.6903899312019348
3702,7,0.00341796875,0.44938749074935913,38.93581008911133,0.7388898134231567
3703,11,0.00537109375,0.39888128638267517,53.343746185302734,0.556921124458313
3704,12,0.005859375,0.470590740442276,61.91105270385742,0.4424571990966797
3705,10,0.0048828125,0.5407426357269287,68.23258972167969,0.35348987579345703
3706,8,0.00390625,0.5963727235794067,66.09512329101562,0.3732999861240387
3707,11,0.00537109375,0.4732619524002075,61.35708236694336,0.45254039764404297
3708,10,0.0048828125,0.5055217146873474,58.71332931518555,0.488189697265625
3709,7,0.00341796875,0.5422201752662659,46.04743576049805,0.6518734693527222
3710,12,0.005859375,0.4527640640735626,65.22332000732422,0.407877117395401
3711,10,0.0048828125,0.5531450510025024,70.45051574707031,0.32595008611679077
3712,18,0.0087890625,0.45845454931259155,59.01335144042969,0.48072636127471924
3713,15,0.00732421875,0.4316321909427643,61.064476013183594,0.4539788067340851
3714,18,0.0087890625,0.4920283854007721,53.625614166259766,0.5618783235549927
3715,21,0.01025390625,0.5046708583831787,53.81266403198242,0.5559202432632446
3716,23,0.01123046875,0.5055146813392639,55.147186279296875,0.5206604599952698
3717,21,0.01025390625,0.4838304817676544,57.24061965942383,0.5135219097137451
3718,23,0.01123046875,0.46430346369743347,55.77517318725586,0.5204463601112366
3719,23,0.01123046875,0.44169479608535767,56.00590133666992,0.5147075653076172
3720,161,0.07861328125,0.30033591389656067,54.69355392456055,0.5383975505828857
3721,174,0.0849609375,0.30046629905700684,55.499610900878906,0.525002658367157
3722,178,0.0869140625,0.2890056073665619,57.404781341552734,0.49902695417404175
3723,185,0.09033203125,0.3105235993862152,58.020572662353516,0.49312421679496765
3724,178,0.0869140625,0.28674209117889404,60.665550231933594,0.4550078213214874
3725,178,0.0869140625,0.287703275680542,59.934757232666016,0.46512094140052795
3726,187,0.09130859375,0.3068956732749939,58.59222412109375,0.4788680970668793
3727,162,0.0791015625,0.33259278535842896,59.12339782714844,0.4796783924102783
3728,162,0.0791015625,0.29130980372428894,57.2979736328125,0.49975091218948364
3729,170,0.0830078125,0.30167797207832336,57.844905853271484,0.4993410110473633
3730,192,0.09375,0.2952955365180969,57.41038131713867,0.5037632584571838
3731,161,0.07861328125,0.3100661337375641,54.67643737792969,0.5377464294433594
3732,179,0.08740234375,0.29273489117622375,54.5059700012207,0.5419121980667114
3733,154,0.0751953125,0.3376868963241577,58.09306335449219,0.49694451689720154
3734,174,0.0849609375,0.2840423285961151,54.27923583984375,0.5407708287239075
3735,205,0.10009765625,0.20420069992542267,55.22453308105469,0.5286087989807129
3736,223,0.10888671875,0.18446430563926697,56.263587951660156,0.5165109038352966
3737,247,0.12060546875,0.19641314446926117,55.40056228637695,0.5232912302017212
3738,215,0.10498046875,0.20515573024749756,56.44282913208008,0.5074278116226196
3739,219,0.10693359375,0.2374359667301178,55.54188919067383,0.5203849077224731
3740,191,0.09326171875,0.2813454568386078,55.575191497802734,0.5217342376708984
3741,187,0.09130859375,0.27787384390830994,56.977439880371094,0.5103800892829895
3742,178,0.0869140625,0.30603593587875366,58.260128021240234,0.49051421880722046
3743,189,0.09228515625,0.28221288323402405,54.96395492553711,0.527061402797699
3744,178,0.0869140625,0.2641245126724243,53.464542388916016,0.5508330464363098
3745,218,0.1064453125,0.22689169645309448,53.32145309448242,0.5576263070106506
3746,230,0.1123046875,0.2547694444656372,53.773033142089844,0.546816349029541
3747,232,0.11328125,0.2906886041164398,54.76283264160156,0.5354889035224915
3748,224,0.109375,0.24985632300376892,55.16167068481445,0.5270244479179382
3749,228,0.111328125,0.26034554839134216,54.57484817504883,0.5332781672477722
3750,220,0.107421875,0.261931836605072,55.90902328491211,0.5163756012916565
3751,266,0.1298828125,0.24233411252498627,58.661376953125,0.48430490493774414
3752,276,0.134765625,0.219893217086792,59.10832214355469,0.47534406185150146
3753,297,0.14501953125,0.1925797313451767,59.00113296508789,0.4780469834804535
3754,315,0.15380859375,0.20965833961963654,59.47282409667969,0.47074857354164124
3755,359,0.17529296875,0.20490658283233643,59.824893951416016,0.4660836160182953
3756,511,0.24951171875,0.19760015606880188,59.082603454589844,0.47801363468170166
3757,401,0.19580078125,0.21592846512794495,58.46119689941406,0.4844675362110138
3758,395,0.19287109375,0.22342607378959656,57.310302734375,0.49905622005462646
3759,451,0.22021484375,0.218878373503685,56.77897644042969,0.5047277212142944
3760,46,0.0224609375,0.5475865602493286,52.864871978759766,0.5705204606056213
3761,47,0.02294921875,0.5513216257095337,57.12051773071289,0.506600022315979
3762,46,0.0224609375,0.48436877131462097,54.86321258544922,0.5359840989112854
3763,50,0.0244140625,0.49384400248527527,56.298728942871094,0.5079798102378845
3764,46,0.0224609375,0.527711033821106,60.05771255493164,0.46339789032936096
3765,44,0.021484375,0.5501312613487244,61.198158264160156,0.45005694031715393
3766,50,0.0244140625,0.5231729745864868,58.09927749633789,0.4946674704551697
3767,42,0.0205078125,0.49735426902770996,58.6394157409668,0.4804263710975647
3768,40,0.01953125,0.5150042772293091,59.04762649536133,0.4788058400154114
3769,49,0.02392578125,0.513381838798523,56.649620056152344,0.5014480352401733
3770,50,0.0244140625,0.524098813533783,56.505271911621094,0.501046359539032
3771,55,0.02685546875,0.4653237462043762,57.008811950683594,0.5074670314788818
3772,59,0.02880859375,0.46635890007019043,58.423831939697266,0.48707154393196106
3773,58,0.0283203125,0.4636405110359192,56.565826416015625,0.5176346302032471
3774,51,0.02490234375,0.48942166566848755,57.04121017456055,0.5056551098823547
3775,59,0.02880859375,0.5491626262664795,55.95306396484375,0.5184099674224854
3776,53,0.02587890625,0.5205972194671631,57.34727096557617,0.5063721537590027
3777,58,0.0283203125,0.49994388222694397,56.77961730957031,0.502074658870697
3778,61,0.02978515625,0.4823896586894989,52.507835388183594,0.5603209137916565
3779,61,0.02978515625,0.5049928426742554,57.20343017578125,0.49702441692352295
3780,56,0.02734375,0.5152241587638855,56.35344314575195,0.5095659494400024
3781,57,0.02783203125,0.5091479420661926,62.838706970214844,0.4346443712711334
3782,57,0.02783203125,0.5129328966140747,60.837650299072266,0.4608074724674225
3783,52,0.025390625,0.5419071316719055,57.463443756103516,0.5037895441055298
3784,52,0.025390625,0.5200108289718628,56.50823211669922,0.5172825455665588
3785,52,0.025390625,0.5232629776000977,56.38585662841797,0.525810182094574
3786,50,0.0244140625,0.5527786612510681,52.10954284667969,0.5732265114784241
3787,50,0.0244140625,0.5671953558921814,56.38978958129883,0.5190554261207581
3788,52,0.025390625,0.5616004467010498,59.38948440551758,0.47578859329223633
3789,53,0.02587890625,0.5759178400039673,58.40227127075195,0.48950839042663574
3790,49,0.02392578125,0.5483430027961731,58.914669036865234,0.48082590103149414
3791,46,0.0224609375,0.5214694738388062,62.07709884643555,0.4370209276676178
3792,44,0.021484375,0.5549584627151489,55.280128479003906,0.5366312265396118
3793,51,0.02490234375,0.5428361892700195,59.981300354003906,0.4557119309902191
3794,44,0.021484375,0.6161319017410278,54.216148376464844,0.5337791442871094
3795,42,0.0205078125,0.5726722478866577,53.053768157958984,0.5733540058135986
3796,42,0.0205078125,0.6108084917068481,54.19921875,0.5431246757507324
3797,48,0.0234375,0.5627275705337524,58.32992935180664,0.4921633303165436
3798,50,0.0244140625,0.5823758244514465,60.59577178955078,0.45436036586761475
3799,52,0.025390625,0.6010683178901672,56.26482391357422,0.5180283784866333
3800,105,0.05126953125,0.273408979177475,58.52887725830078,0.4786619246006012
3801,98,0.0478515625,0.2656409740447998,59.38728332519531,0.4706358313560486
3802,97,0.04736328125,0.2950238585472107,56.85812759399414,0.5121315121650696
3803,116,0.056640625,0.3104308843612671,55.4920654296875,0.525456964969635
3804,105,0.05126953125,0.3273693323135376,50.827720642089844,0.5966331362724304
3805,107,0.05224609375,0.3587108850479126,52.07754898071289,0.5671489834785461
3806,114,0.0556640625,0.35152530670166016,52.124855041503906,0.5638401508331299
3807,124,0.060546875,0.3359816074371338,56.446964263916016,0.5083680152893066
3808,133,0.06494140625,0.3149396777153015,55.5362434387207,0.525058388710022
3809,140,0.068359375,0.3343384861946106,53.50400161743164,0.5477079153060913
3810,132,0.064453125,0.3537899851799011,54.41265106201172,0.5373194813728333
3811,139,0.06787109375,0.3220430910587311,56.69407653808594,0.5108043551445007
3812,144,0.0703125,0.3178006410598755,54.92705154418945,0.5339065790176392
3813,132,0.064453125,0.31336018443107605,55.13597869873047,0.5264992117881775
3814,141,0.06884765625,0.33473074436187744,53.877193450927734,0.5412494540214539
3815,157,0.07666015625,0.32076317071914673,54.1525993347168,0.5407953858375549
3816,139,0.06787109375,0.33158639073371887,56.617469787597656,0.5152861475944519
3817,130,0.0634765625,0.3367413878440857,51.95106506347656,0.578248143196106
3818,117,0.05712890625,0.3326905369758606,53.16535568237305,0.5514733791351318
3819,121,0.05908203125,0.3388219475746155,54.01869201660156,0.5411808490753174
3820,166,0.0810546875,0.33676332235336304,54.016082763671875,0.5388767719268799
3821,173,0.08447265625,0.3023349940776825,55.21210479736328,0.5302109718322754
3822,206,0.1005859375,0.279314786195755,56.69116973876953,0.5078175067901611
3823,193,0.09423828125,0.2743494510650635,56.061744689941406,0.5167458653450012
3824,198,0.0966796875,0.2817809581756592,56.244171142578125,0.5124288201332092
3825,216,0.10546875,0.27333810925483704,54.93685531616211,0.531321108341217
3826,185,0.09033203125,0.2747754454612732,56.506893157958984,0.5094293355941772
3827,179,0.08740234375,0.2658073306083679,56.57622528076172,0.5086948275566101
3828,210,0.1025390625,0.26907891035079956,58.68964385986328,0.4829593598842621
3829,229,0.11181640625,0.25330987572669983,57.48355484008789,0.49732235074043274
3830,332,0.162109375,0.27148061990737915,57.75271224975586,0.4913688600063324
3831,347,0.16943359375,0.29761502146720886,55.76560974121094,0.5222145318984985
3832,328,0.16015625,0.32249584794044495,57.095829010009766,0.5019720196723938
3833,211,0.10302734375,0.28514742851257324,57.58735656738281,0.49728381633758545
3834,171,0.08349609375,0.26506486535072327,59.08354949951172,0.4759675860404968
3835,215,0.10498046875,0.23986275494098663,55.70488357543945,0.5215700268745422
3836,209,0.10205078125,0.23372438549995422,55.133689880371094,0.5300607085227966
3837,218,0.1064453125,0.24621905386447906,55.33525085449219,0.526890754699707
3838,261,0.12744140625,0.22798040509223938,57.2197151184082,0.5015736222267151
3839,234,0.1142578125,0.2302883416414261,56.9028205871582,0.5091760754585266
3840,209,0.10205078125,0.20129747688770294,55.88022994995117,0.5116237998008728
3841,160,0.078125,0.22705218195915222,54.13269805908203,0.5441930890083313
3842,178,0.0869140625,0.20952576398849487,54.840057373046875,0.5342919826507568
3843,197,0.09619140625,0.18961670994758606,55.81694030761719,0.5168291926383972
3844,248,0.12109375,0.2066129595041275,56.95906448364258,0.5051491856575012
3845,245,0.11962890625,0.19315670430660248,57.277801513671875,0.4980431795120239
3846,230,0.1123046875,0.17891815304756165,55.995967864990234,0.5148395895957947
3847,219,0.10693359375,0.18746566772460938,55.276771545410156,0.5264872908592224
3848,206,0.1005859375,0.19823403656482697,54.73841857910156,0.5326567888259888
3849,191,0.09326171875,0.20200516283512115,54.18049621582031,0.538811445236206
3850,188,0.091796875,0.20351117849349976,55.15549087524414,0.5274814963340759
3851,199,0.09716796875,0.19080398976802826,56.47731018066406,0.5135543942451477
3852,180,0.087890625,0.19207215309143066,58.47900390625,0.4787888824939728
3853,180,0.087890625,0.2121851146221161,58.16128921508789,0.4885009229183197
3854,210,0.1025390625,0.18601182103157043,56.93239212036133,0.506527841091156
3855,171,0.08349609375,0.20898208022117615,56.92650604248047,0.5019225478172302
3856,177,0.08642578125,0.20154909789562225,56.70265197753906,0.5074941515922546
3857,180,0.087890625,0.21036744117736816,57.01067352294922,0.5079069137573242
3858,165,0.08056640625,0.22542858123779297,57.74269104003906,0.48638343811035156
3859,154,0.0751953125,0.2468893975019455,58.11674499511719,0.4859103560447693
3860,183,0.08935546875,0.2245505005121231,56.914371490478516,0.5048174262046814
3861,196,0.095703125,0.20988988876342773,54.01134490966797,0.543524444103241
3862,190,0.0927734375,0.2187020480632782,54.53315734863281,0.5290406346321106
3863,197,0.09619140625,0.19838754832744598,56.70219421386719,0.510059654712677
3864,196,0.095703125,0.18124131858348846,57.38254165649414,0.49979540705680847
3865,184,0.08984375,0.19463765621185303,57.092681884765625,0.4988325834274292
3866,171,0.08349609375,0.190556138753891,57.81880569458008,0.4940815567970276
3867,181,0.08837890625,0.19598670303821564,55.5384521484375,0.5205140709877014
3868,176,0.0859375,0.1968514323234558,55.9586067199707,0.5151252746582031
3869,170,0.0830078125,0.1963672935962677,54.475914001464844,0.5399448871612549
3870,171,0.08349609375,0.2136068493127823,55.628570556640625,0.5211082100868225
3871,185,0.09033203125,0.19746212661266327,56.98889923095703,0.4940212666988373
3872,190,0.0927734375,0.1959080845117569,55.65006637573242,0.5247600674629211
3873,176,0.0859375,0.18998406827449799,56.733829498291016,0.5082663297653198
3874,179,0.08740234375,0.18308961391448975,55.887962341308594,0.5210098028182983
3875,169,0.08251953125,0.19759884476661682,55.15880584716797,0.525322437286377
3876,151,0.07373046875,0.19514940679073334,54.70610046386719,0.5312305092811584
3877,172,0.083984375,0.18812580406665802,54.98544692993164,0.5272483825683594
3878,152,0.07421875,0.2042338103055954,56.32575607299805,0.5124235153198242
3879,200,0.09765625,0.18359315395355225,55.747772216796875,0.5203403234481812
3880,52,0.025390625,0.6463794708251953,62.649784088134766,0.4153612554073334
3881,52,0.025390625,0.6258317232131958,61.42854690551758,0.44247370958328247
3882,38,0.0185546875,0.5561196208000183,59.62516784667969,0.4717327952384949
3883,39,0.01904296875,0.5979973673820496,62.97378158569336,0.4219741225242615
3884,38,0.0185546875,0.6352551579475403,57.43944549560547,0.5078173279762268
3885,42,0.0205078125,0.5752278566360474,58.05292510986328,0.4955942630767822
3886,43,0.02099609375,0.5623207092285156,60.46571350097656,0.462825745344162
3887,44,0.021484375,0.5837392210960388,57.33834457397461,0.49676236510276794
3888,36,0.017578125,0.5735214948654175,58.27913284301758,0.487711101770401
3889,39,0.01904296875,0.5338109135627747,57.85020446777344,0.5084649324417114
3890,35,0.01708984375,0.5408969521522522,55.39215850830078,0.534873366355896
3891,39,0.01904296875,0.5580623745918274,53.97951889038086,0.5543543696403503
3892,39,0.01904296875,0.5563613772392273,59.521915435791016,0.47772109508514404
3893,35,0.01708984375,0.5249465107917786,63.02710723876953,0.42970117926597595
3894,40,0.01953125,0.5770768523216248,55.49934768676758,0.5262824892997742
3895,37,0.01806640625,0.5783849954605103,64.00524139404297,0.411126047372818
3896,35,0.01708984375,0.5778941512107849,56.976654052734375,0.5095733404159546
3897,38,0.0185546875,0.5317613482475281,54.0261116027832,0.5505205988883972
3898,39,0.01904296875,0.5671910643577576,57.33259963989258,0.509502112865448
3899,39,0.01904296875,0.5658891201019287,54.538631439208984,0.5287498235702515
3900,40,0.01953125,0.5190779566764832,57.971458435058594,0.48343104124069214
3901,40,0.01953125,0.5310580730438232,62.78208541870117,0.4134666919708252
3902,44,0.021484375,0.4972873628139496,59.86067199707031,0.4644739031791687
3903,43,0.02099609375,0.49089115858078003,57.832767486572266,0.4888530969619751
3904,45,0.02197265625,0.5110633373260498,57.702545166015625,0.49164578318595886
3905,50,0.0244140625,0.49562758207321167,55.0355110168457,0.5468152761459351
3906,48,0.0234375,0.4995619058609009,57.759578704833984,0.501973569393158
3907,50,0.0244140625,0.48614034056663513,52.95372009277344,0.568324625492096
3908,54,0.0263671875,0.4902975261211395,54.4808349609375,0.5396644473075867
3909,53,0.02587890625,0.4815400540828705,51.41679382324219,0.5908942222595215
3910,62,0.0302734375,0.5109843611717224,53.05265426635742,0.559916615486145
3911,55,0.02685546875,0.5170451998710632,51.045162200927734,0.575535774230957
3912,53,0.02587890625,0.48267853260040283,53.702762603759766,0.5613459944725037
3913,58,0.0283203125,0.5444146990776062,53.35671615600586,0.5386888384819031
3914,54,0.0263671875,0.5746821761131287,57.385986328125,0.4937290847301483
3915,56,0.02734375,0.5559083819389343,51.34267044067383,0.5700374245643616
3916,57,0.02783203125,0.5375806093215942,57.738372802734375,0.4800145924091339
3917,51,0.02490234375,0.5083381533622742,53.0488166809082,0.5436403751373291
3918,52,0.025390625,0.5263640284538269,57.21273422241211,0.48971864581108093
3919,54,0.0263671875,0.5534587502479553,58.310272216796875,0.4795314073562622
3920,46,0.0224609375,0.4996146559715271,62.970272064208984,0.429617315530777
3921,40,0.01953125,0.5115883350372314,61.166473388671875,0.44649213552474976
3922,41,0.02001953125,0.5083501935005188,59.62315368652344,0.4579077959060669
3923,43,0.02099609375,0.5424085259437561,61.99825668334961,0.4405098259449005
3924,39,0.01904296875,0.5143749117851257,56.305908203125,0.5128225684165955
3925,39,0.01904296875,0.4985103905200958,59.52107238769531,0.4812676012516022
3926,41,0.02001953125,0.5238547325134277,63.97367858886719,0.40798959136009216
3927,38,0.0185546875,0.514991283416748,64.11583709716797,0.413248747587204
3928,33,0.01611328125,0.5485072731971741,61.59147262573242,0.44143611192703247
3929,34,0.0166015625,0.522602915763855,60.955467224121094,0.4346083104610443
3930,36,0.017578125,0.572702169418335,56.183101654052734,0.5175893902778625
3931,33,0.01611328125,0.599210262298584,52.67719268798828,0.5714938044548035
3932,36,0.017578125,0.581152617931366,57.66574478149414,0.5029045343399048
3933,41,0.02001953125,0.5633598566055298,60.31728744506836,0.46335384249687195
3934,43,0.02099609375,0.5876309871673584,59.68450164794922,0.46198007464408875
3935,42,0.0205078125,0.6445910334587097,56.44723129272461,0.5136446356773376
3936,42,0.0205078125,0.6258898377418518,58.4401969909668,0.4888322055339813
3937,40,0.01953125,0.6302509307861328,59.935279846191406,0.45866551995277405
3938,40,0.01953125,0.6110924482345581,59.917266845703125,0.46349817514419556
3939,40,0.01953125,0.6449756026268005,61.06830978393555,0.4499179422855377
3940,47,0.02294921875,0.5449429750442505,62.09992980957031,0.4323985278606415
3941,40,0.01953125,0.5600230097770691,52.19538116455078,0.5608679056167603
3942,46,0.0224609375,0.5025373697280884,56.662933349609375,0.5175867676734924
3943,46,0.0224609375,0.5021393895149231,53.222511291503906,0.5440019369125366
3944,49,0.02392578125,0.5094101428985596,60.83619689941406,0.44920873641967773
3945,52,0.025390625,0.4500866234302521,57.26359558105469,0.49601510167121887
3946,52,0.025390625,0.4408017694950104,53.16349792480469,0.5424336194992065
3947,50,0.0244140625,0.424998015165329,55.18507766723633,0.5295602083206177
3948,53,0.02587890625,0.45248714089393616,55.53520202636719,0.5267983675003052
3949,55,0.02685546875,0.4666565954685211,59.277679443359375,0.47757014632225037
3950,57,0.02783203125,0.4271572232246399,55.18730163574219,0.5291562676429749
3951,53,0.02587890625,0.44964516162872314,56.91034698486328,0.5071337223052979
3952,59,0.02880859375,0.4252866208553314,57.53407287597656,0.5023423433303833
3953,59,0.02880859375,0.4223802387714386,57.00868225097656,0.5004950165748596
3954,60,0.029296875,0.36285877227783203,60.808982849121094,0.457358181476593
3955,58,0.0283203125,0.3496965169906616,59.081912994384766,0.4708999693393707
3956,57,0.02783203125,0.33852875232696533,53.88179397583008,0.5379541516304016
3957,57,0.02783203125,0.3524424731731415,58.12388229370117,0.4868561625480652
3958,57,0.02783203125,0.35220733284950256,62.470115661621094,0.43100184202194214
3959,69,0.03369140625,0.3450562357902527,57.32272720336914,0.4913017153739929
3960,19,0.00927734375,0.43514320254325867,61.908775329589844,0.4552868902683258
3961,19,0.00927734375,0.44939547777175903,61.051090240478516,0.4638003706932068
3962,23,0.01123046875,0.4432734549045563,61.583980560302734,0.45843079686164856
3963,25,0.01220703125,0.4263979494571686,63.389991760253906,0.4240529537200928
3964,27,0.01318359375,0.4231935441493988,52.849979400634766,0.571353018283844
3965,28,0.013671875,0.41655412316322327,52.30526351928711,0.581394612789154
3966,27,0.01318359375,0.4205276668071747,54.22917556762695,0.5597066283226013
3967,25,0.01220703125,0.4424465000629425,51.90436553955078,0.5755787491798401
3968,27,0.01318359375,0.44749462604522705,55.445465087890625,0.513337254524231
3969,30,0.0146484375,0.40889158844947815,58.187992095947266,0.49721214175224304
3970,25,0.01220703125,0.43450555205345154,59.122703552246094,0.4910396635532379
3971,21,0.01025390625,0.46245646476745605,54.26789093017578,0.5305335521697998
3972,23,0.01123046875,0.46567296981811523,53.274234771728516,0.5536425113677979
3973,22,0.0107421875,0.4764349162578583,57.579524993896484,0.48589766025543213
3974,23,0.01123046875,0.4806581735610962,57.50314712524414,0.4872257113456726
3975,20,0.009765625,0.4597542881965637,63.07255172729492,0.4330814480781555
3976,24,0.01171875,0.43756720423698425,57.64577102661133,0.5070421695709229
3977,25,0.01220703125,0.4270811676979065,58.82761764526367,0.5019609928131104
3978,24,0.01171875,0.4386749863624573,62.63700485229492,0.44165122509002686
3979,28,0.013671875,0.46114861965179443,56.109649658203125,0.5307384133338928
3980,26,0.0126953125,0.42002245783805847,55.98569107055664,0.529432475566864
3981,26,0.0126953125,0.41299667954444885,57.82383346557617,0.4897124469280243
3982,28,0.013671875,0.41434210538864136,59.19075393676758,0.478958398103714
3983,34,0.0166015625,0.437849223613739,59.04242706298828,0.4797326922416687
3984,32,0.015625,0.4441727101802826,51.63581085205078,0.5695425271987915
3985,32,0.015625,0.4247772991657257,53.98277282714844,0.5489538311958313
3986,36,0.017578125,0.43644991517066956,56.39532470703125,0.5062692165374756
3987,30,0.0146484375,0.44114723801612854,59.06006622314453,0.48165884613990784
3988,33,0.01611328125,0.3995232880115509,56.23285675048828,0.5203397870063782
3989,27,0.01318359375,0.39028453826904297,59.13698196411133,0.48233139514923096
3990,31,0.01513671875,0.4035024642944336,54.97400665283203,0.535613477230072
3991,31,0.01513671875,0.40300676226615906,53.662784576416016,0.5467383861541748
3992,36,0.017578125,0.4089582562446594,55.75407028198242,0.5255500674247742
3993,37,0.01806640625,0.39549553394317627,54.77843475341797,0.5259346961975098
3994,38,0.0185546875,0.40294185280799866,57.282264709472656,0.5053349733352661
3995,39,0.01904296875,0.3993367552757263,61.43614959716797,0.44499221444129944
3996,49,0.02392578125,0.4966792166233063,58.469905853271484,0.4759393334388733
3997,49,0.02392578125,0.5175382494926453,58.42682647705078,0.4791364371776581
3998,49,0.02392578125,0.4519297182559967,59.3608283996582,0.46747884154319763
3999,46,0.0224609375,0.46587491035461426,56.90208435058594,0.5038329362869263
4000,98,0.0478515625,0.3823610544204712,57.927772521972656,0.4962475299835205
4001,98,0.0478515625,0.39043110609054565,56.240230560302734,0.5178989768028259
4002,84,0.041015625,0.35239630937576294,58.62001419067383,0.48750585317611694
4003,99,0.04833984375,0.36969268321990967,58.06801986694336,0.4918511211872101
4004,89,0.04345703125,0.3649252951145172,56.447845458984375,0.5124552249908447
4005,105,0.05126953125,0.3679351806640625,57.86815643310547,0.49926674365997314
4006,105,0.05126953125,0.3484198749065399,61.17351150512695,0.4379550516605377
4007,90,0.0439453125,0.34595054388046265,58.753761291503906,0.4853385090827942
4008,96,0.046875,0.3532100319862366,58.344970703125,0.4879876375198364
4009,98,0.0478515625,0.3688400983810425,56.25160598754883,0.5153052806854248
4010,96,0.046875,0.3507101535797119,58.49155807495117,0.48405778408050537
4011,97,0.04736328125,0.3455947935581207,60.02753829956055,0.4704706370830536
4012,105,0.05126953125,0.3471456468105316,57.350624084472656,0.5069603323936462
4013,102,0.0498046875,0.3470517694950104,60.45391082763672,0.462636262178421
4014,102,0.0498046875,0.36376437544822693,60.65769958496094,0.4535304307937622
4015,100,0.048828125,0.3549969792366028,58.84486770629883,0.4839726686477661
4016,116,0.056640625,0.3311745524406433,60.39925003051758,0.4611818194389343
4017,122,0.0595703125,0.36629289388656616,60.25471496582031,0.4587741494178772
4018,100,0.048828125,0.4130450189113617,61.037254333496094,0.44614550471305847
4019,108,0.052734375,0.4303550720214844,59.45384979248047,0.4641578495502472
4020,110,0.0537109375,0.4159231185913086,61.15093994140625,0.4454667568206787
4021,102,0.0498046875,0.4148330092430115,62.79972457885742,0.4229576587677002
4022,90,0.0439453125,0.4036945700645447,59.98482894897461,0.46337953209877014
4023,90,0.0439453125,0.4198564291000366,61.32437515258789,0.44142621755599976
4024,94,0.0458984375,0.40935829281806946,60.44466781616211,0.4529149532318115
4025,96,0.046875,0.4021736681461334,57.22428894042969,0.49674269556999207
4026,110,0.0537109375,0.44887253642082214,60.709205627441406,0.4620667099952698
4027,108,0.052734375,0.4168987572193146,59.25163650512695,0.4834326207637787
4028,123,0.06005859375,0.3574953079223633,57.1426887512207,0.511899471282959
4029,113,0.05517578125,0.3621443808078766,58.22541809082031,0.4806525409221649
4030,128,0.0625,0.3627660572528839,58.300506591796875,0.488960325717926
4031,124,0.060546875,0.3731290400028229,60.54569625854492,0.46005958318710327
4032,124,0.060546875,0.3670278489589691,59.85249328613281,0.47033730149269104
4033,143,0.06982421875,0.38458016514778137,61.983760833740234,0.4368545114994049
4034,138,0.0673828125,0.38809195160865784,59.70222091674805,0.46740734577178955
4035,165,0.08056640625,0.3941608667373657,60.075599670410156,0.4621078073978424
4036,177,0.08642578125,0.4113314151763916,58.984500885009766,0.47603246569633484
4037,142,0.0693359375,0.4106166958808899,60.18110275268555,0.46699029207229614
4038,149,0.07275390625,0.43626123666763306,59.48537063598633,0.47144582867622375
4039,164,0.080078125,0.4515417218208313,59.74359130859375,0.46687185764312744
4040,144,0.0703125,0.3849709630012512,56.99285125732422,0.5054455399513245
4041,141,0.06884765625,0.37886056303977966,60.530757904052734,0.4536839723587036
4042,127,0.06201171875,0.3683193027973175,58.9995002746582,0.47929874062538147
4043,128,0.0625,0.3730410933494568,60.17902755737305,0.46262505650520325
4044,140,0.068359375,0.3600103259086609,58.25828552246094,0.48343199491500854
4045,126,0.0615234375,0.36699631810188293,55.305233001708984,0.5212467312812805
4046,140,0.068359375,0.3348141312599182,58.06825256347656,0.4812174141407013
4047,154,0.0751953125,0.31098857522010803,59.025733947753906,0.4731534421443939
4048,160,0.078125,0.31782007217407227,57.575439453125,0.48995885252952576
4049,191,0.09326171875,0.34162405133247375,58.631248474121094,0.48552483320236206
4050,168,0.08203125,0.3452247381210327,60.523681640625,0.45961862802505493
4051,180,0.087890625,0.37082165479660034,59.54560470581055,0.4711697995662689
4052,178,0.0869140625,0.40596121549606323,59.21390151977539,0.47321170568466187
4053,169,0.08251953125,0.38253292441368103,60.18357467651367,0.4643271565437317
4054,165,0.08056640625,0.3661195933818817,60.5632438659668,0.4645627439022064
4055,165,0.08056640625,0.3837279975414276,59.52524948120117,0.47075173258781433
4056,150,0.0732421875,0.396625280380249,59.66930389404297,0.4717230200767517
4057,147,0.07177734375,0.3854934573173523,60.070152282714844,0.46400654315948486
4058,202,0.0986328125,0.3533574938774109,57.69873046875,0.4975341260433197
4059,180,0.087890625,0.38946831226348877,59.50795364379883,0.47503945231437683
4060,174,0.0849609375,0.3889150619506836,57.9669075012207,0.48920226097106934
4061,138,0.0673828125,0.33725404739379883,59.83057403564453,0.4674365818500519
4062,157,0.07666015625,0.3567560315132141,60.2808723449707,0.4649370014667511
4063,169,0.08251953125,0.3651653528213501,59.57324981689453,0.47226575016975403
4064,186,0.0908203125,0.3853152096271515,57.548744201660156,0.5010617971420288
4065,162,0.0791015625,0.34940749406814575,57.56629180908203,0.5018142461776733
4066,174,0.0849609375,0.374111145734787,57.24433517456055,0.501176118850708
4067,168,0.08203125,0.3641456365585327,55.28849411010742,0.5281480550765991
4068,171,0.08349609375,0.34715536236763,55.82266616821289,0.5175327062606812
4069,125,0.06103515625,0.3597823679447174,59.78109359741211,0.4692794978618622
4070,147,0.07177734375,0.34806200861930847,56.57986068725586,0.5080475807189941
4071,144,0.0703125,0.39870789647102356,55.50151824951172,0.5206982493400574
4072,168,0.08203125,0.38836196064949036,55.60756301879883,0.5272875428199768
4073,150,0.0732421875,0.4071890413761139,54.7552604675293,0.5366404056549072
4074,164,0.080078125,0.3878537714481354,54.058265686035156,0.544104814529419
4075,154,0.0751953125,0.3352360129356384,57.53512954711914,0.49837028980255127
4076,123,0.06005859375,0.30918240547180176,57.421478271484375,0.5014260411262512
4077,116,0.056640625,0.27944082021713257,57.59688949584961,0.4931532144546509
4078,108,0.052734375,0.2665249705314636,57.53224182128906,0.49304309487342834
4079,120,0.05859375,0.2757505774497986,55.74349594116211,0.5206602215766907
4080,53,0.02587890625,0.4236694574356079,52.947975158691406,0.5720953941345215
4081,66,0.0322265625,0.4555351138114929,53.73757553100586,0.5484138131141663
4082,65,0.03173828125,0.4239886701107025,54.38698959350586,0.5385528802871704
4083,70,0.0341796875,0.42412230372428894,54.35581970214844,0.5369123816490173
4084,68,0.033203125,0.43066808581352234,52.26387023925781,0.5610613822937012
4085,77,0.03759765625,0.47355151176452637,53.468509674072266,0.5500589609146118
4086,79,0.03857421875,0.4378095269203186,54.08781051635742,0.5458848476409912
4087,77,0.03759765625,0.4575788378715515,53.73665237426758,0.5545772910118103
4088,74,0.0361328125,0.4674374461174011,55.908809661865234,0.523563027381897
4089,83,0.04052734375,0.47079846262931824,53.40497970581055,0.5571649670600891
4090,84,0.041015625,0.4852421283721924,55.75296401977539,0.5249191522598267
4091,84,0.041015625,0.43800580501556396,53.95146179199219,0.5421513319015503
4092,88,0.04296875,0.4727516770362854,55.738162994384766,0.5139873027801514
4093,97,0.04736328125,0.5133577585220337,58.427677154541016,0.4870978593826294
4094,92,0.044921875,0.4798468053340912,56.520240783691406,0.5191193222999573
4095,89,0.04345703125,0.540797770023346,57.72114181518555,0.49536648392677307
4096,95,0.04638671875,0.5771700143814087,59.17673873901367,0.4844264090061188
4097,97,0.04736328125,0.6187047362327576,58.73984146118164,0.48267021775245667
4098,95,0.04638671875,0.59763103723526,59.67131042480469,0.4731765687465668
4099,82,0.0400390625,0.5791422724723816,59.95243835449219,0.4585188925266266
4100,80,0.0390625,0.5173422694206238,58.253440856933594,0.4879136085510254
4101,78,0.0380859375,0.5285824537277222,60.58451461791992,0.4543081521987915
4102,82,0.0400390625,0.5675408244132996,60.865745544433594,0.4489176571369171
4103,80,0.0390625,0.5458324551582336,60.005165100097656,0.45905590057373047
4104,86,0.0419921875,0.5275614857673645,56.737606048583984,0.508497416973114
4105,89,0.04345703125,0.44424647092819214,53.819271087646484,0.5436684489250183
4106,85,0.04150390625,0.46548259258270264,57.90153884887695,0.4857617914676666
4107,92,0.044921875,0.4556296765804291,54.34653091430664,0.5290701985359192
4108,86,0.0419921875,0.4207022190093994,54.127872467041016,0.5418285131454468
4109,92,0.044921875,0.4558020532131195,54.73817443847656,0.5358532071113586
4110,97,0.04736328125,0.4395868182182312,54.52131652832031,0.5409933924674988
4111,104,0.05078125,0.4225365221500397,56.24783706665039,0.5166261196136475
4112,97,0.04736328125,0.46351897716522217,53.75865173339844,0.5529437065124512
4113,92,0.044921875,0.45646220445632935,58.05927276611328,0.4985524117946625
4114,87,0.04248046875,0.42812490463256836,54.68184280395508,0.5362362265586853
4115,86,0.0419921875,0.4288157522678375,51.69700622558594,0.5707685947418213
4116,90,0.0439453125,0.44790738821029663,52.05049514770508,0.5658119320869446
4117,86,0.0419921875,0.4245685935020447,54.7795295715332,0.5357815027236938
4118,87,0.04248046875,0.3961459696292877,53.987213134765625,0.5468665957450867
4119,84,0.041015625,0.4335630536079407,50.7458381652832,0.5916639566421509
4120,45,0.02197265625,0.3762887716293335,56.028987884521484,0.5128717422485352
4121,37,0.01806640625,0.42268332839012146,58.10623550415039,0.4773562252521515
4122,37,0.01806640625,0.38649553060531616,56.79202651977539,0.49342989921569824
4123,34,0.0166015625,0.40646037459373474,56.292991638183594,0.5051659941673279
4124,29,0.01416015625,0.41217467188835144,54.457096099853516,0.5478676557540894
4125,30,0.0146484375,0.391622930765152,55.51115036010742,0.5250714421272278
4126,28,0.013671875,0.395765483379364,59.263694763183594,0.4734845459461212
4127,25,0.01220703125,0.3866765797138214,61.164100646972656,0.4478358328342438
4128,27,0.01318359375,0.3764955401420593,56.45894241333008,0.5070051550865173
4129,31,0.01513671875,0.405214786529541,57.7900276184082,0.49806270003318787
4130,32,0.015625,0.4029161334037781,59.33001708984375,0.47077393531799316
4131,28,0.013671875,0.399242639541626,57.3081169128418,0.5074782371520996
4132,25,0.01220703125,0.42335718870162964,56.27226638793945,0.5214122533798218
4133,33,0.01611328125,0.375862181186676,57.1826171875,0.5050806999206543
4134,24,0.01171875,0.3687015175819397,55.626102447509766,0.526096522808075
4135,35,0.01708984375,0.3752502202987671,56.81040573120117,0.5059401988983154
4136,37,0.01806640625,0.40766406059265137,54.2128791809082,0.5457146167755127
4137,38,0.0185546875,0.3563470244407654,56.66306686401367,0.5102075338363647
4138,46,0.0224609375,0.3631892204284668,54.32622528076172,0.5345266461372375
4139,36,0.017578125,0.37561696767807007,53.51398468017578,0.554723858833313
4140,34,0.0166015625,0.38226500153541565,57.924163818359375,0.4921019971370697
4141,42,0.0205078125,0.3656112551689148,53.20304870605469,0.5612095594406128
4142,38,0.0185546875,0.37545689940452576,51.68793869018555,0.5801284313201904
4143,43,0.02099609375,0.3725048899650574,60.34410095214844,0.45982205867767334
4144,41,0.02001953125,0.33929577469825745,62.19375991821289,0.4314367175102234
4145,50,0.0244140625,0.3349151313304901,59.16902160644531,0.47335052490234375
4146,59,0.02880859375,0.29856210947036743,57.230499267578125,0.501764714717865
4147,58,0.0283203125,0.28003883361816406,55.53048324584961,0.5297005772590637
4148,62,0.0302734375,0.2752227485179901,56.68800735473633,0.5224418640136719
4149,58,0.0283203125,0.3050464689731598,58.84403610229492,0.48786595463752747
4150,53,0.02587890625,0.26651060581207275,57.24393844604492,0.5057188868522644
4151,56,0.02734375,0.27063724398612976,57.974483489990234,0.4841335713863373
4152,50,0.0244140625,0.2488047480583191,57.59920883178711,0.5062368512153625
4153,59,0.02880859375,0.2428886443376541,53.18569564819336,0.5663145780563354
4154,65,0.03173828125,0.2561427652835846,55.282718658447266,0.5183455348014832
4155,65,0.03173828125,0.25900915265083313,55.9212646484375,0.5230994820594788
4156,67,0.03271484375,0.2652112543582916,60.85176467895508,0.4572507441043854
4157,70,0.0341796875,0.2918793857097626,60.10647201538086,0.46258625388145447
4158,70,0.0341796875,0.26826366782188416,58.13014602661133,0.4950294494628906
4159,55,0.02685546875,0.2441186010837555,54.48188781738281,0.5384812355041504
4160,64,0.03125,0.3829708993434906,60.07218551635742,0.4703553020954132
4161,49,0.02392578125,0.2923758029937744,57.48141098022461,0.4986138939857483
4162,48,0.0234375,0.3324499726295471,62.37881851196289,0.4380098283290863
4163,44,0.021484375,0.3585667312145233,63.32988357543945,0.4184096157550812
4164,43,0.02099609375,0.39984506368637085,61.083343505859375,0.4498761296272278
4165,50,0.0244140625,0.38211578130722046,62.5661735534668,0.4337005913257599
4166,44,0.021484375,0.4001680016517639,62.0054931640625,0.42884814739227295
4167,42,0.0205078125,0.39804551005363464,64.54235076904297,0.3962843418121338
4168,41,0.02001953125,0.44315555691719055,63.79751968383789,0.40090933442115784
4169,28,0.013671875,0.46950212121009827,54.997154235839844,0.5276613235473633
4170,22,0.0107421875,0.483376681804657,61.384681701660156,0.4439021944999695
4171,16,0.0078125,0.6126090288162231,59.20357894897461,0.45197445154190063
4172,15,0.00732421875,0.6011095643043518,63.762229919433594,0.3987676501274109
4173,20,0.009765625,0.5328475832939148,56.683937072753906,0.497856467962265
4174,19,0.00927734375,0.5411200523376465,48.68846893310547,0.6203373670578003
4175,15,0.00732421875,0.5465496182441711,49.68745803833008,0.581819474697113
4176,14,0.0068359375,0.5729902982711792,49.67017364501953,0.5904468297958374
4177,22,0.0107421875,0.5375125408172607,43.673370361328125,0.6841142177581787
4178,17,0.00830078125,0.5590018033981323,47.40183639526367,0.6353867650032043
4179,16,0.0078125,0.6057168841362,55.64166259765625,0.5208876132965088
4180,17,0.00830078125,0.6184146404266357,65.4302749633789,0.38348838686943054
4181,18,0.0087890625,0.5697975754737854,66.4687271118164,0.35998761653900146
4182,24,0.01171875,0.5620214343070984,59.05765151977539,0.4847254753112793
4183,18,0.0087890625,0.5432323813438416,63.99183654785156,0.41179439425468445
4184,20,0.009765625,0.6506581902503967,56.31889724731445,0.5301531553268433
4185,14,0.0068359375,0.6083030104637146,64.44627380371094,0.40447360277175903
4186,13,0.00634765625,0.5048666596412659,71.11473846435547,0.3067222833633423
4187,17,0.00830078125,0.5244722366333008,68.95088195800781,0.33413660526275635
4188,16,0.0078125,0.4545934796333313,66.1543960571289,0.39442548155784607
4189,17,0.00830078125,0.5137184262275696,64.56547546386719,0.40492844581604004
4190,24,0.01171875,0.5642173290252686,59.88859558105469,0.47020184993743896
4191,26,0.0126953125,0.5809276700019836,57.693729400634766,0.49601060152053833
4192,22,0.0107421875,0.5760297179222107,60.63759994506836,0.4731505513191223
4193,20,0.009765625,0.5095396637916565,62.56049346923828,0.43443742394447327
4194,25,0.01220703125,0.5212158560752869,61.556182861328125,0.44879502058029175
4195,34,0.0166015625,0.5312029719352722,58.613548278808594,0.4646904468536377
4196,39,0.01904296875,0.5051209926605225,57.81447219848633,0.5007777214050293
4197,34,0.0166015625,0.387921541929245,61.04349899291992,0.4406750202178955
4198,30,0.0146484375,0.33359214663505554,52.34183883666992,0.561353862285614
4199,31,0.01513671875,0.43745505809783936,52.495704650878906,0.5485785603523254
4200,156,0.076171875,0.3351881504058838,55.48406982421875,0.5274423360824585
4201,165,0.08056640625,0.3343900442123413,59.221046447753906,0.4726671576499939
4202,137,0.06689453125,0.31033462285995483,56.930931091308594,0.5077279210090637
4203,144,0.0703125,0.25142645835876465,58.20417785644531,0.4953911006450653
4204,151,0.07373046875,0.2186567187309265,57.97120666503906,0.49521368741989136
4205,131,0.06396484375,0.14995315670967102,60.49169158935547,0.457552969455719
4206,127,0.06201171875,0.17540903389453888,58.72844696044922,0.481859028339386
4207,117,0.05712890625,0.19927169382572174,61.477508544921875,0.45102351903915405
4208,103,0.05029296875,0.23151902854442596,58.060428619384766,0.4924042820930481
4209,99,0.04833984375,0.25289636850357056,58.06034469604492,0.49539706110954285
4210,87,0.04248046875,0.27182960510253906,56.40508270263672,0.513952910900116
4211,84,0.041015625,0.26380103826522827,54.51070785522461,0.533770740032196
4212,72,0.03515625,0.3433837294578552,59.84406280517578,0.4635832607746124
4213,73,0.03564453125,0.35299500823020935,59.38341522216797,0.4670720100402832
4214,71,0.03466796875,0.34385696053504944,57.51590347290039,0.4969412088394165
4215,67,0.03271484375,0.317757785320282,54.33943176269531,0.5301453471183777
4216,69,0.03369140625,0.29760855436325073,56.61565017700195,0.504671037197113
4217,73,0.03564453125,0.3005818724632263,57.985599517822266,0.48201125860214233
4218,74,0.0361328125,0.3173702657222748,56.942447662353516,0.5067371129989624
4219,64,0.03125,0.3438740074634552,57.0586051940918,0.510627806186676
4220,66,0.0322265625,0.35025104880332947,60.106414794921875,0.45768728852272034
4221,61,0.02978515625,0.27235013246536255,57.11164855957031,0.4952584207057953
4222,75,0.03662109375,0.2822502553462982,56.01445388793945,0.5136286616325378
4223,76,0.037109375,0.2551391124725342,57.28513717651367,0.5026001930236816
4224,73,0.03564453125,0.30478525161743164,58.38634490966797,0.48409223556518555
4225,69,0.03369140625,0.27846646308898926,57.992122650146484,0.4891323149204254
4226,73,0.03564453125,0.2756499946117401,55.96572494506836,0.5101681351661682
4227,70,0.0341796875,0.2784879803657532,58.06715393066406,0.4875572621822357
4228,68,0.033203125,0.29845383763313293,59.46682357788086,0.46635469794273376
4229,70,0.0341796875,0.3415633738040924,61.672767639160156,0.44157102704048157
4230,67,0.03271484375,0.29832178354263306,59.998382568359375,0.4646089971065521
4231,71,0.03466796875,0.25113531947135925,60.20735549926758,0.45643213391304016
4232,70,0.0341796875,0.26462385058403015,58.2760009765625,0.48063698410987854
4233,67,0.03271484375,0.2381039410829544,56.7059326171875,0.5048122406005859
4234,65,0.03173828125,0.23975421488285065,55.24379348754883,0.5288664102554321
4235,78,0.0380859375,0.2531581521034241,59.06818389892578,0.4670710563659668
4236,75,0.03662109375,0.21302030980587006,59.27325439453125,0.4646177589893341
4237,81,0.03955078125,0.2026769518852234,60.68034362792969,0.4483208954334259
4238,77,0.03759765625,0.21066322922706604,58.987667083740234,0.4695655107498169
4239,87,0.04248046875,0.18976588547229767,57.290740966796875,0.49294334650039673
4240,11,0.00537109375,0.4471891224384308,59.6853141784668,0.47957757115364075
4241,17,0.00830078125,0.5156026482582092,60.66194534301758,0.4770718812942505
4242,18,0.0087890625,0.4922342002391815,42.411643981933594,0.6908094882965088
4243,19,0.00927734375,0.5202597379684448,48.339508056640625,0.6227585673332214
4244,20,0.009765625,0.4903041422367096,54.613037109375,0.5441981554031372
4245,16,0.0078125,0.5227123498916626,53.249420166015625,0.5569521188735962
4246,18,0.0087890625,0.49605992436408997,56.15004348754883,0.5058401823043823
4247,18,0.0087890625,0.5074377655982971,61.12532043457031,0.437453955411911
4248,21,0.01025390625,0.4727223813533783,55.84366989135742,0.5062800645828247
4249,22,0.0107421875,0.49706289172172546,48.759944915771484,0.5955974459648132
4250,23,0.01123046875,0.4768122732639313,49.989479064941406,0.5857544541358948
4251,20,0.009765625,0.49945196509361267,49.45696258544922,0.5832727551460266
4252,17,0.00830078125,0.4910416603088379,53.95992660522461,0.5388216972351074
4253,20,0.009765625,0.4921332597732544,51.013118743896484,0.5770950317382812
4254,17,0.00830078125,0.5335820317268372,52.65752029418945,0.5722663998603821
4255,20,0.009765625,0.5229799747467041,51.229705810546875,0.580717146396637
4256,23,0.01123046875,0.5120791792869568,59.74089431762695,0.46134692430496216
4257,21,0.01025390625,0.5714883804321289,52.942081451416016,0.5413724780082703
4258,26,0.0126953125,0.5404341220855713,52.861759185791016,0.5404884219169617
4259,25,0.01220703125,0.6023502349853516,58.84519958496094,0.47770577669143677
4260,24,0.01171875,0.5867462158203125,57.742156982421875,0.48649027943611145
4261,23,0.01123046875,0.5833258628845215,64.3740234375,0.4007515609264374
4262,25,0.01220703125,0.5493115186691284,61.34322738647461,0.42182937264442444
4263,29,0.01416015625,0.5625514388084412,58.04890060424805,0.4751138985157013
4264,27,0.01318359375,0.5612492561340332,61.75771713256836,0.4334903061389923
4265,29,0.01416015625,0.5123831033706665,57.353607177734375,0.4884844124317169
4266,27,0.01318359375,0.518480658531189,56.61122131347656,0.5058537721633911
4267,28,0.013671875,0.4939930737018585,60.91866683959961,0.4447006583213806
4268,24,0.01171875,0.5153834223747253,58.07498550415039,0.4940361976623535
4269,31,0.01513671875,0.5160149335861206,53.23524856567383,0.5491695404052734
4270,29,0.01416015625,0.5159254670143127,57.373191833496094,0.476879745721817
4271,22,0.0107421875,0.4821954071521759,52.504234313964844,0.5550900101661682
4272,23,0.01123046875,0.5322389006614685,59.729549407958984,0.44907146692276
4273,25,0.01220703125,0.5345720648765564,59.823814392089844,0.4561237096786499
4274,23,0.01123046875,0.5371907949447632,56.071624755859375,0.5140954852104187
4275,19,0.00927734375,0.4987792670726776,53.45073318481445,0.543599009513855
4276,29,0.01416015625,0.5591029524803162,59.863582611083984,0.4626791179180145
4277,32,0.015625,0.5385584235191345,60.36020278930664,0.459438294172287
4278,33,0.01611328125,0.5322433710098267,58.520423889160156,0.4816357493400574
4279,34,0.0166015625,0.5399333238601685,57.045265197753906,0.49967557191848755
4280,87,0.04248046875,0.3257144093513489,58.26536560058594,0.49343395233154297
4281,95,0.04638671875,0.33738765120506287,56.216426849365234,0.5192402005195618
4282,99,0.04833984375,0.29628291726112366,57.80492401123047,0.49648749828338623
4283,95,0.04638671875,0.2981911301612854,54.7880859375,0.5372310876846313
4284,100,0.048828125,0.32171666622161865,55.84465026855469,0.5229164361953735
4285,97,0.04736328125,0.33546948432922363,56.6043701171875,0.5104243159294128
4286,89,0.04345703125,0.25752246379852295,54.209381103515625,0.5381577014923096
4287,90,0.0439453125,0.23460644483566284,58.47089767456055,0.48975998163223267
4288,100,0.048828125,0.2054542452096939,60.11973190307617,0.46497786045074463
4289,117,0.05712890625,0.26544904708862305,54.795143127441406,0.5339868664741516
4290,113,0.05517578125,0.24350224435329437,56.96754837036133,0.5025175213813782
4291,111,0.05419921875,0.2593039870262146,56.67551040649414,0.5040966868400574
4292,98,0.0478515625,0.21920759975910187,53.975372314453125,0.5444552898406982
4293,103,0.05029296875,0.23820844292640686,56.540767669677734,0.5117496848106384
4294,98,0.0478515625,0.2240239977836609,54.80537033081055,0.5300559401512146
4295,97,0.04736328125,0.21036458015441895,54.17609786987305,0.5389300584793091
4296,94,0.0458984375,0.21206052601337433,57.1052360534668,0.5046883225440979
4297,104,0.05078125,0.2442048192024231,57.393211364746094,0.49895110726356506
4298,98,0.0478515625,0.2685081660747528,54.90165710449219,0.5258197784423828
4299,105,0.05126953125,0.30522599816322327,55.715633392333984,0.5189287662506104
4300,107,0.05224609375,0.3225037455558777,57.24919509887695,0.4969686269760132
4301,96,0.046875,0.3151516020298004,53.13663864135742,0.555436372756958
4302,103,0.05029296875,0.30325672030448914,51.7879638671875,0.5771350860595703
4303,111,0.05419921875,0.2978649437427521,53.553165435791016,0.5473008155822754
4304,105,0.05126953125,0.2990163564682007,53.97833251953125,0.5468183755874634
4305,104,0.05078125,0.31939777731895447,52.62911605834961,0.557948112487793
4306,112,0.0546875,0.30977126955986023,55.02642059326172,0.5320756435394287
4307,111,0.05419921875,0.30846336483955383,58.138980865478516,0.4938066899776459
4308,105,0.05126953125,0.2885948717594147,57.710636138916016,0.4949619770050049
4309,121,0.05908203125,0.3054981231689453,58.74510192871094,0.48523759841918945
4310,126,0.0615234375,0.2927165925502777,56.809818267822266,0.5032159686088562
4311,127,0.06201171875,0.3231371343135834,63.40242004394531,0.4191133379936218
4312,121,0.05908203125,0.318774938583374,62.29918670654297,0.4404146075248718
4313,118,0.0576171875,0.2990858256816864,60.3043098449707,0.46233069896698
4314,143,0.06982421875,0.2962559759616852,55.240516662597656,0.5307480692863464
4315,145,0.07080078125,0.2955177426338196,58.36445999145508,0.4869910478591919
4316,123,0.06005859375,0.2980996370315552,56.14913558959961,0.5160379409790039
4317,126,0.0615234375,0.340626060962677,56.59130859375,0.511669933795929
4318,118,0.0576171875,0.3547534942626953,58.70264434814453,0.48758044838905334
4319,117,0.05712890625,0.34501805901527405,57.538848876953125,0.49738070368766785
4320,92,0.044921875,0.3744042217731476,55.54939651489258,0.5151434540748596
4321,88,0.04296875,0.3699357211589813,57.30508041381836,0.5042898654937744
4322,90,0.0439453125,0.3572625517845154,53.24440002441406,0.554568886756897
4323,95,0.04638671875,0.3833725154399872,54.95656967163086,0.537602961063385
4324,94,0.0458984375,0.39067986607551575,53.409420013427734,0.5483603477478027
4325,89,0.04345703125,0.38100284337997437,56.193748474121094,0.504275918006897
4326,90,0.0439453125,0.3973245918750763,56.03306198120117,0.5165678262710571
4327,89,0.04345703125,0.38268107175827026,53.407779693603516,0.5483844876289368
4328,86,0.0419921875,0.39038047194480896,55.13990783691406,0.5201166272163391
4329,81,0.03955078125,0.38477638363838196,55.05128860473633,0.5211493372917175
4330,76,0.037109375,0.3881368637084961,54.56333541870117,0.5322425961494446
4331,78,0.0380859375,0.3742835521697998,49.43638229370117,0.5956501364707947
4332,77,0.03759765625,0.37903648614883423,56.38650131225586,0.5051189661026001
4333,76,0.037109375,0.3854248821735382,57.62356185913086,0.49361586570739746
4334,73,0.03564453125,0.4014833867549896,59.50181198120117,0.4711233675479889
4335,73,0.03564453125,0.41447192430496216,58.730255126953125,0.4829263985157013
4336,79,0.03857421875,0.4271391034126282,54.259178161621094,0.5368674993515015
4337,75,0.03662109375,0.4781314432621002,54.964134216308594,0.5370264649391174
4338,67,0.03271484375,0.4841102957725525,54.45090866088867,0.541316568851471
4339,71,0.03466796875,0.5110465288162231,55.45635223388672,0.5258971452713013
4340,69,0.03369140625,0.49844667315483093,54.798133850097656,0.5325489640235901
4341,66,0.0322265625,0.4920334815979004,54.54914474487305,0.5431759357452393
4342,64,0.03125,0.4820875823497772,55.6007080078125,0.5076245069503784
4343,64,0.03125,0.4985525608062744,57.54823684692383,0.49399614334106445
4344,61,0.02978515625,0.4590367078781128,57.21084213256836,0.49942463636398315
4345,62,0.0302734375,0.4385736882686615,59.27969741821289,0.46904489398002625
4346,62,0.0302734375,0.4765987992286682,54.7194938659668,0.5423095226287842
4347,65,0.03173828125,0.4701576232910156,56.26506042480469,0.5177579522132874
4348,64,0.03125,0.49789461493492126,57.51142883300781,0.5013719797134399
4349,63,0.03076171875,0.4374208152294159,55.93986892700195,0.5177176594734192
4350,69,0.03369140625,0.47232404351234436,57.204280853271484,0.49282902479171753
4351,71,0.03466796875,0.46425125002861023,58.39103698730469,0.48080378770828247
4352,64,0.03125,0.4564223289489746,55.83564758300781,0.5157497525215149
4353,64,0.03125,0.3915186822414398,57.28907775878906,0.500706136226654
4354,67,0.03271484375,0.4095243513584137,54.14847946166992,0.5450890064239502
4355,61,0.02978515625,0.37388595938682556,55.14116668701172,0.5316110253334045
4356,61,0.02978515625,0.3933727741241455,52.96616744995117,0.5634884238243103
4357,67,0.03271484375,0.4036444127559662,50.80059814453125,0.5791237354278564
4358,70,0.0341796875,0.4342305660247803,51.30304718017578,0.5791903734207153
4359,69,0.03369140625,0.4402840733528137,57.099266052246094,0.5017673373222351
4360,55,0.02685546875,0.3625446557998657,56.701759338378906,0.49934476613998413
4361,53,0.02587890625,0.3970666527748108,58.057373046875,0.4803142249584198
4362,55,0.02685546875,0.4063681364059448,60.993011474609375,0.4390093982219696
4363,58,0.0283203125,0.3826148211956024,62.54301071166992,0.42488861083984375
4364,53,0.02587890625,0.4046720266342163,62.16172790527344,0.43563130497932434
4365,51,0.02490234375,0.42167147994041443,57.584083557128906,0.4985867440700531
4366,52,0.025390625,0.44310110807418823,61.08787536621094,0.45123106241226196
4367,54,0.0263671875,0.4270922839641571,56.307640075683594,0.5162186026573181
4368,54,0.0263671875,0.42309197783470154,53.32914733886719,0.5564575791358948
4369,51,0.02490234375,0.3761134445667267,58.74810791015625,0.4757539629936218
4370,48,0.0234375,0.33688998222351074,58.505252838134766,0.49223074316978455
4371,49,0.02392578125,0.3417136073112488,58.11471176147461,0.4968610405921936
4372,47,0.02294921875,0.368827760219574,58.625892639160156,0.4737226068973541
4373,42,0.0205078125,0.3531067967414856,58.06947708129883,0.46926966309547424
4374,47,0.02294921875,0.34523481130599976,60.887569427490234,0.4525122046470642
4375,45,0.02197265625,0.34878531098365784,62.058631896972656,0.43193286657333374
4376,44,0.021484375,0.33852458000183105,59.988548278808594,0.4599776268005371
4377,48,0.0234375,0.3403185307979584,57.7414665222168,0.49389877915382385
4378,47,0.02294921875,0.34228527545928955,58.616336822509766,0.4806298315525055
4379,44,0.021484375,0.34310340881347656,51.39259338378906,0.5805599093437195
4380,42,0.0205078125,0.3630387783050537,56.5203971862793,0.5050069093704224
4381,50,0.0244140625,0.3608887195587158,57.0206298828125,0.5124853253364563
4382,55,0.02685546875,0.3626942038536072,58.675716400146484,0.4736607074737549
4383,52,0.025390625,0.37970641255378723,59.64773941040039,0.4606527090072632
4384,54,0.0263671875,0.3597963750362396,60.200992584228516,0.4570228159427643
4385,53,0.02587890625,0.37853318452835083,56.00699996948242,0.515216052532196
4386,52,0.025390625,0.3685598075389862,56.05278778076172,0.5168742537498474
4387,50,0.0244140625,0.34544217586517334,56.925113677978516,0.5057531595230103
4388,47,0.02294921875,0.3751044273376465,55.60260009765625,0.5239328145980835
4389,46,0.0224609375,0.347563773393631,58.023963928222656,0.49675971269607544
4390,49,0.02392578125,0.35915738344192505,59.13782501220703,0.47983449697494507
4391,49,0.02392578125,0.37151744961738586,56.266475677490234,0.5066012144088745
4392,50,0.0244140625,0.37643295526504517,55.328914642333984,0.5298232436180115
4393,48,0.0234375,0.3787669539451599,58.24871826171875,0.47641825675964355
4394,51,0.02490234375,0.38935622572898865,58.46691131591797,0.4702179729938507
4395,50,0.0244140625,0.37746235728263855,55.54197692871094,0.5143850445747375
4396,43,0.02099609375,0.3358125388622284,58.528018951416016,0.4767528474330902
4397,46,0.0224609375,0.3673239052295685,60.6796875,0.45100829005241394
4398,36,0.017578125,0.4219259023666382,59.74068832397461,0.47210100293159485
4399,37,0.01806640625,0.456260085105896,58.27420425415039,0.4899217188358307
4400,55,0.02685546875,0.4282780885696411,63.36016082763672,0.42883890867233276
4401,57,0.02783203125,0.4326077401638031,59.449031829833984,0.46913084387779236
4402,45,0.02197265625,0.44613340497016907,56.369258880615234,0.5073348879814148
4403,52,0.025390625,0.44839730858802795,54.83323287963867,0.5219653248786926
4404,57,0.02783203125,0.44366544485092163,59.47782897949219,0.4724491238594055
4405,58,0.0283203125,0.43195897340774536,58.904502868652344,0.48067721724510193
4406,56,0.02734375,0.4728615880012512,56.82630157470703,0.5075538158416748
4407,44,0.021484375,0.46088799834251404,58.286888122558594,0.48991966247558594
4408,48,0.0234375,0.44854357838630676,55.3062858581543,0.5176586508750916
4409,50,0.0244140625,0.4612196087837219,52.8507080078125,0.5619570016860962
4410,44,0.021484375,0.44526490569114685,52.04045486450195,0.5583659410476685
4411,42,0.0205078125,0.4685775339603424,54.88089370727539,0.5339690446853638
4412,38,0.0185546875,0.460755854845047,56.974090576171875,0.5112058520317078
4413,43,0.02099609375,0.4607386589050293,55.123592376708984,0.5352135300636292
4414,45,0.02197265625,0.4335878789424896,58.12972640991211,0.4821680784225464
4415,44,0.021484375,0.452950119972229,59.66334533691406,0.4638054668903351
4416,42,0.0205078125,0.42518508434295654,59.3643798828125,0.4686620235443115
4417,44,0.021484375,0.4483861029148102,61.41110610961914,0.44456541538238525
4418,40,0.01953125,0.46788254380226135,59.1107177734375,0.47694143652915955
4419,40,0.01953125,0.43067467212677,59.560943603515625,0.4704063832759857
4420,41,0.02001953125,0.45055273175239563,58.45539855957031,0.4841972589492798
4421,36,0.017578125,0.4653014540672302,62.54707717895508,0.42381489276885986
4422,35,0.01708984375,0.4365788400173187,61.39910125732422,0.4349793493747711
4423,36,0.017578125,0.43764615058898926,58.52778625488281,0.47358909249305725
4424,26,0.0126953125,0.415236234664917,57.70481872558594,0.49533918499946594
4425,29,0.01416015625,0.43608221411705017,60.41779327392578,0.4500499367713928
4426,30,0.0146484375,0.4486742913722992,56.68841552734375,0.49241289496421814
4427,32,0.015625,0.4053176939487457,56.49360656738281,0.5075469017028809
4428,32,0.015625,0.4779296815395355,60.55204772949219,0.45514780282974243
4429,32,0.015625,0.4605567753314972,60.53858947753906,0.45269420742988586
4430,26,0.0126953125,0.4019903242588043,59.42702865600586,0.47318729758262634
4431,31,0.01513671875,0.40582507848739624,61.2680549621582,0.4539681077003479
4432,39,0.01904296875,0.4468614459037781,59.93874740600586,0.4729540944099426
4433,29,0.01416015625,0.44535303115844727,54.84138107299805,0.5339013934135437
4434,26,0.0126953125,0.45439204573631287,55.04500198364258,0.5274063944816589
4435,34,0.0166015625,0.45422348380088806,55.4365119934082,0.517431914806366
4436,29,0.01416015625,0.43353673815727234,57.666378021240234,0.4939552843570709
4437,22,0.0107421875,0.4831639528274536,60.578712463378906,0.4563123881816864
4438,25,0.01220703125,0.40709781646728516,55.64250183105469,0.5197351574897766
4439,26,0.0126953125,0.45425111055374146,59.826210021972656,0.46743619441986084
4440,406,0.1982421875,0.2750515639781952,56.871551513671875,0.5025603175163269
4441,355,0.17333984375,0.28163665533065796,57.616153717041016,0.4940783381462097
4442,262,0.1279296875,0.30855974555015564,56.18045425415039,0.5180841684341431
4443,212,0.103515625,0.33538514375686646,57.634765625,0.49350887537002563
4444,189,0.09228515625,0.3372662663459778,56.72441864013672,0.5026600360870361
4445,173,0.08447265625,0.3254358172416687,55.904354095458984,0.5151007771492004
4446,199,0.09716796875,0.33264878392219543,57.89263153076172,0.49465247988700867
4447,205,0.10009765625,0.3526113033294678,56.68495559692383,0.5105286836624146
4448,238,0.1162109375,0.3440400958061218,55.99302291870117,0.5183732509613037
4449,250,0.1220703125,0.3468877375125885,55.8591423034668,0.5253509283065796
4450,246,0.1201171875,0.344851553440094,56.46615982055664,0.5160536170005798
4451,295,0.14404296875,0.30773672461509705,53.49259567260742,0.5539884567260742
4452,338,0.1650390625,0.28581342101097107,55.838706970214844,0.518919050693512
4453,293,0.14306640625,0.29622867703437805,56.49918746948242,0.5093706846237183
4454,304,0.1484375,0.28184396028518677,56.47685241699219,0.5089710354804993
4455,430,0.2099609375,0.26301804184913635,56.34564971923828,0.5154107809066772
4456,419,0.20458984375,0.27105945348739624,56.9093017578125,0.5068671107292175
4457,304,0.1484375,0.27520743012428284,56.13899230957031,0.5186815857887268
4458,266,0.1298828125,0.2789498567581177,56.51520538330078,0.511852502822876
4459,237,0.11572265625,0.3003632128238678,58.658226013183594,0.48364514112472534
4460,173,0.08447265625,0.32411447167396545,58.439937591552734,0.4870623052120209
4461,157,0.07666015625,0.34939780831336975,58.8900146484375,0.48139074444770813
4462,177,0.08642578125,0.31367912888526917,58.218345642089844,0.49054083228111267
4463,176,0.0859375,0.30892831087112427,55.601036071777344,0.5259416103363037
4464,194,0.0947265625,0.3008233308792114,57.40265655517578,0.5017052292823792
4465,256,0.125,0.3174836337566376,58.37250900268555,0.48746657371520996
4466,302,0.1474609375,0.3073931336402893,58.83314514160156,0.47833317518234253
4467,244,0.119140625,0.3148348033428192,58.16523361206055,0.4861094355583191
4468,252,0.123046875,0.31488037109375,58.00890350341797,0.49046167731285095
4469,296,0.14453125,0.2778865098953247,56.536556243896484,0.512285053730011
4470,386,0.1884765625,0.2734159827232361,56.53724670410156,0.5078803896903992
4471,306,0.1494140625,0.3018980622291565,57.223567962646484,0.49889957904815674
4472,428,0.208984375,0.26791077852249146,56.55405807495117,0.5125932693481445
4473,338,0.1650390625,0.281576931476593,54.775482177734375,0.5347222685813904
4474,220,0.107421875,0.3375634253025055,56.87178039550781,0.5058540105819702
4475,171,0.08349609375,0.3356109857559204,58.91908264160156,0.479340136051178
4476,157,0.07666015625,0.35489484667778015,58.8967399597168,0.48038798570632935
4477,157,0.07666015625,0.3491283357143402,58.00053405761719,0.49167442321777344
4478,163,0.07958984375,0.3565085232257843,56.76089859008789,0.5086943507194519
4479,158,0.0771484375,0.3943607211112976,55.468441009521484,0.5205750465393066
4480,37,0.01806640625,0.44934532046318054,57.42665100097656,0.48169857263565063
4481,29,0.01416015625,0.46096089482307434,59.678245544433594,0.4629902243614197
4482,34,0.0166015625,0.4624655544757843,62.90772247314453,0.42047807574272156
4483,33,0.01611328125,0.4515954852104187,61.261348724365234,0.45013272762298584
4484,32,0.015625,0.45924079418182373,55.21146774291992,0.5375253558158875
4485,23,0.01123046875,0.5349140763282776,54.84457778930664,0.5305984020233154
4486,20,0.009765625,0.5759793519973755,59.27259063720703,0.4633398950099945
4487,16,0.0078125,0.5927071571350098,58.153717041015625,0.48996683955192566
4488,21,0.01025390625,0.592718243598938,59.5950813293457,0.4773222506046295
4489,23,0.01123046875,0.5413888096809387,66.1241226196289,0.3842245638370514
4490,25,0.01220703125,0.5116487741470337,61.01937484741211,0.4650459289550781
4491,26,0.0126953125,0.4752598702907562,62.447105407714844,0.44113171100616455
4492,22,0.0107421875,0.5345898866653442,61.80350112915039,0.4490344226360321
4493,24,0.01171875,0.5671863555908203,54.7251091003418,0.5353972315788269
4494,23,0.01123046875,0.5730882287025452,53.69038772583008,0.5373829007148743
4495,21,0.01025390625,0.6071707010269165,59.71696090698242,0.47002720832824707
4496,15,0.00732421875,0.61708664894104,62.09071350097656,0.4431026875972748
4497,20,0.009765625,0.6145337820053101,62.357452392578125,0.439776748418808
4498,20,0.009765625,0.5860508680343628,52.770957946777344,0.5339502096176147
4499,16,0.0078125,0.5987508893013,53.19636917114258,0.5507720112800598
4500,19,0.00927734375,0.5386829376220703,52.45024108886719,0.5381210446357727
4501,19,0.00927734375,0.5785556435585022,47.40512466430664,0.5965061187744141
4502,17,0.00830078125,0.5711711645126343,52.227230072021484,0.5750845074653625
4503,18,0.0087890625,0.5895503163337708,52.01739501953125,0.5723376870155334
4504,16,0.0078125,0.6410268545150757,50.928985595703125,0.5738248229026794
4505,17,0.00830078125,0.5961565375328064,44.89812469482422,0.6467500329017639
4506,16,0.0078125,0.6465359330177307,64.1036376953125,0.40077266097068787
4507,14,0.0068359375,0.6848890781402588,60.98468780517578,0.43998780846595764
4508,16,0.0078125,0.624442994594574,54.19339370727539,0.5441896319389343
4509,18,0.0087890625,0.6109061241149902,57.290283203125,0.5124405026435852
4510,14,0.0068359375,0.611627995967865,49.880279541015625,0.5806084871292114
4511,14,0.0068359375,0.6845734715461731,57.743492126464844,0.48999181389808655
4512,15,0.00732421875,0.7086496353149414,66.17953491210938,0.38160136342048645
4513,14,0.0068359375,0.6912165284156799,56.4398307800293,0.5176275968551636
4514,13,0.00634765625,0.6947224736213684,67.21092987060547,0.35803478956222534
4515,14,0.0068359375,0.6458834409713745,65.17398834228516,0.4106793701648712
4516,14,0.0068359375,0.6674432754516602,60.5196418762207,0.4322303235530853
4517,14,0.0068359375,0.6327463388442993,48.471519470214844,0.6037562489509583
4518,15,0.00732421875,0.620094358921051,58.1490364074707,0.49345847964286804
4519,18,0.0087890625,0.5649428963661194,60.27401351928711,0.45239850878715515
4520,135,0.06591796875,0.24945546686649323,58.10649871826172,0.48885390162467957
4521,132,0.064453125,0.26010945439338684,58.442665100097656,0.4885353446006775
4522,128,0.0625,0.2681043744087219,58.215606689453125,0.48570287227630615
4523,147,0.07177734375,0.25996530055999756,59.517696380615234,0.47047674655914307
4524,140,0.068359375,0.2825288474559784,58.61305618286133,0.48389196395874023
4525,146,0.0712890625,0.27591472864151,60.60133361816406,0.45642513036727905
4526,175,0.08544921875,0.2688848674297333,57.122989654541016,0.504123330116272
4527,180,0.087890625,0.25900009274482727,55.03219985961914,0.5264431238174438
4528,257,0.12548828125,0.2231951653957367,57.648353576660156,0.49108704924583435
4529,250,0.1220703125,0.2463119477033615,58.189693450927734,0.4890191853046417
4530,272,0.1328125,0.2529473602771759,57.72718811035156,0.4938361644744873
4531,355,0.17333984375,0.19882220029830933,59.682289123535156,0.470222532749176
4532,367,0.17919921875,0.2008451521396637,57.889732360839844,0.49341925978660583
4533,284,0.138671875,0.18672780692577362,59.087059020996094,0.47334998846054077
4534,360,0.17578125,0.18684181571006775,57.747703552246094,0.4919320046901703
4535,336,0.1640625,0.16729207336902618,57.649715423583984,0.4943464398384094
4536,302,0.1474609375,0.2052791267633438,57.444698333740234,0.49416327476501465
4537,334,0.1630859375,0.21081863343715668,57.79996109008789,0.49397140741348267
4538,336,0.1640625,0.19531984627246857,57.95029830932617,0.49430111050605774
4539,386,0.1884765625,0.21323250234127045,56.94071960449219,0.5047277212142944
4540,394,0.1923828125,0.22478847205638885,57.980953216552734,0.49170398712158203
4541,442,0.2158203125,0.21565687656402588,57.73767852783203,0.4963240325450897
4542,558,0.2724609375,0.22630608081817627,58.63837814331055,0.48008427023887634
4543,451,0.22021484375,0.21744012832641602,58.10374450683594,0.4872934818267822
4544,483,0.23583984375,0.2198581099510193,57.347747802734375,0.49909648299217224
4545,477,0.23291015625,0.1942230612039566,58.396175384521484,0.4872611463069916
4546,524,0.255859375,0.19478842616081238,56.60548400878906,0.5138801336288452
4547,477,0.23291015625,0.19479995965957642,58.19057083129883,0.48931610584259033
4548,426,0.2080078125,0.16843439638614655,57.09098815917969,0.5057429671287537
4549,737,0.35986328125,0.16890625655651093,56.299293518066406,0.5104491710662842
4550,654,0.3193359375,0.1720285564661026,57.1230583190918,0.5045068264007568
4551,546,0.2666015625,0.18554429709911346,55.95998764038086,0.5189831852912903
4552,581,0.28369140625,0.1711188554763794,56.94374084472656,0.5054383873939514
4553,633,0.30908203125,0.20379401743412018,58.66132736206055,0.4835318326950073
4554,754,0.3681640625,0.20177166163921356,58.21657943725586,0.4895070493221283
4555,770,0.3759765625,0.21779865026474,57.8183708190918,0.4952359199523926
4556,783,0.38232421875,0.2237994372844696,57.789337158203125,0.49607977271080017
4557,756,0.369140625,0.2241320163011551,57.91696548461914,0.4945010244846344
4558,715,0.34912109375,0.22294865548610687,57.76509475708008,0.49522027373313904
4559,677,0.33056640625,0.2415294498205185,57.912139892578125,0.4943811595439911
4560,146,0.0712890625,0.1468663364648819,55.895416259765625,0.5146163702011108
4561,121,0.05908203125,0.16866549849510193,55.07136535644531,0.5252546072006226
4562,113,0.05517578125,0.15721562504768372,54.07211685180664,0.5390816926956177
4563,108,0.052734375,0.12987878918647766,55.29777526855469,0.5233520865440369
4564,105,0.05126953125,0.1433902233839035,57.77301025390625,0.4882850646972656
4565,84,0.041015625,0.15362176299095154,55.99559783935547,0.5097723603248596
4566,89,0.04345703125,0.17555437982082367,60.44358444213867,0.45020195841789246
4567,108,0.052734375,0.18386150896549225,61.50817108154297,0.44184115529060364
4568,121,0.05908203125,0.16799162328243256,59.73162841796875,0.46353766322135925
4569,109,0.05322265625,0.1737147867679596,59.22406005859375,0.4805297553539276
4570,124,0.060546875,0.19121579825878143,57.67996597290039,0.492861807346344
4571,124,0.060546875,0.1714010238647461,59.200279235839844,0.47203299403190613
4572,145,0.07080078125,0.17526255548000336,58.99961471557617,0.47183528542518616
4573,133,0.06494140625,0.16930921375751495,58.798927307128906,0.4825840890407562
4574,110,0.0537109375,0.17934013903141022,59.00886535644531,0.4811544716358185
4575,139,0.06787109375,0.16617217659950256,57.783294677734375,0.4973204433917999
4576,121,0.05908203125,0.19557584822177887,57.7318000793457,0.49569541215896606
4577,95,0.04638671875,0.22916066646575928,58.48158264160156,0.4863668382167816
4578,96,0.046875,0.22258499264717102,57.13618850708008,0.5079556107521057
4579,78,0.0380859375,0.25038400292396545,55.69759750366211,0.5236474275588989
4580,80,0.0390625,0.24437063932418823,57.021385192871094,0.5073937773704529
4581,81,0.03955078125,0.26459911465644836,57.3720817565918,0.501257598400116
4582,87,0.04248046875,0.25875118374824524,59.06451416015625,0.4797864854335785
4583,73,0.03564453125,0.2898472249507904,58.6405029296875,0.47833919525146484
4584,87,0.04248046875,0.2794351577758789,58.48164749145508,0.4807776212692261
4585,95,0.04638671875,0.26750972867012024,57.93785858154297,0.48628827929496765
4586,122,0.0595703125,0.2620255947113037,59.876014709472656,0.4612828195095062
4587,128,0.0625,0.2509841024875641,58.07701873779297,0.4910406768321991
4588,119,0.05810546875,0.25767403841018677,58.474857330322266,0.48331865668296814
4589,130,0.0634765625,0.2555902600288391,58.64575958251953,0.481277734041214
4590,164,0.080078125,0.1851789355278015,56.83783721923828,0.5104525685310364
4591,164,0.080078125,0.1738724708557129,54.94300079345703,0.5268832445144653
4592,159,0.07763671875,0.19682635366916656,59.426483154296875,0.4653259515762329
4593,210,0.1025390625,0.17460191249847412,57.8249397277832,0.48888957500457764
4594,242,0.1181640625,0.15235790610313416,57.067317962646484,0.49714919924736023
4595,309,0.15087890625,0.16512194275856018,58.186153411865234,0.48733097314834595
4596,264,0.12890625,0.14575789868831635,58.61897659301758,0.4832040071487427
4597,310,0.1513671875,0.1587156355381012,58.639503479003906,0.48380693793296814
4598,246,0.1201171875,0.16940176486968994,57.015350341796875,0.5054069757461548
4599,344,0.16796875,0.18187150359153748,57.69575500488281,0.49357107281684875
4600,174,0.0849609375,0.27211254835128784,59.2764892578125,0.4713524878025055
4601,166,0.0810546875,0.2563668489456177,58.26295471191406,0.4869461953639984
4602,165,0.08056640625,0.2734951674938202,59.41872024536133,0.4687509834766388
4603,165,0.08056640625,0.2690085768699646,57.48259353637695,0.49177953600883484
4604,162,0.0791015625,0.29614779353141785,55.464019775390625,0.5258596539497375
4605,173,0.08447265625,0.2638234794139862,57.85149002075195,0.4878380298614502
4606,158,0.0771484375,0.28115642070770264,58.62693405151367,0.4823036789894104
4607,160,0.078125,0.2898809015750885,59.5205192565918,0.4711395800113678
4608,164,0.080078125,0.29786431789398193,57.03696823120117,0.501870334148407
4609,162,0.0791015625,0.2860657274723053,59.69248580932617,0.4668021500110626
4610,193,0.09423828125,0.2290077805519104,59.734867095947266,0.47024455666542053
4611,182,0.0888671875,0.19719819724559784,59.58221435546875,0.4678201377391815
4612,189,0.09228515625,0.20273664593696594,58.862483978271484,0.4743736684322357
4613,204,0.099609375,0.2184128612279892,57.5974235534668,0.49232956767082214
4614,201,0.09814453125,0.25899308919906616,57.95534133911133,0.49152466654777527
4615,171,0.08349609375,0.2611808776855469,58.38337326049805,0.4910617470741272
4616,141,0.06884765625,0.2910696864128113,59.61105728149414,0.47527918219566345
4617,137,0.06689453125,0.3209584951400757,60.46312713623047,0.46324625611305237
4618,139,0.06787109375,0.32497748732566833,55.84101867675781,0.5199061036109924
4619,184,0.08984375,0.2965610921382904,58.98542404174805,0.4774361848831177
4620,188,0.091796875,0.2794746160507202,59.2272834777832,0.47727981209754944
4621,209,0.10205078125,0.26911741495132446,59.58543395996094,0.4719051718711853
4622,224,0.109375,0.2527841329574585,58.22648239135742,0.49081024527549744
4623,202,0.0986328125,0.2667492628097534,56.31620407104492,0.512980043888092
4624,195,0.09521484375,0.2728268504142761,57.75156784057617,0.49241673946380615
4625,180,0.087890625,0.27329015731811523,60.157470703125,0.46094509959220886
4626,155,0.07568359375,0.31615114212036133,58.82314682006836,0.4779053330421448
4627,176,0.0859375,0.30000680685043335,57.9637565612793,0.48783817887306213
4628,187,0.09130859375,0.28211745619773865,57.56679916381836,0.49947822093963623
4629,180,0.087890625,0.263096421957016,57.52040100097656,0.5010847449302673
4630,174,0.0849609375,0.2970799505710602,55.75166702270508,0.5250702500343323
4631,172,0.083984375,0.3373868763446808,56.543678283691406,0.5135415196418762
4632,155,0.07568359375,0.3763439953327179,56.99628448486328,0.510103702545166
4633,163,0.07958984375,0.3485659062862396,56.636226654052734,0.5081422924995422
4634,184,0.08984375,0.2837475538253784,55.30583572387695,0.5285553932189941
4635,197,0.09619140625,0.2904970943927765,56.37427520751953,0.5104331374168396
4636,176,0.0859375,0.32790717482566833,59.505332946777344,0.4706954061985016
4637,177,0.08642578125,0.35109370946884155,58.5080451965332,0.48119819164276123
4638,176,0.0859375,0.3367869257926941,58.23167419433594,0.4902794063091278
4639,149,0.07275390625,0.3664046823978424,57.439144134521484,0.4981062114238739
4640,566,0.2763671875,0.17869356274604797,56.66455841064453,0.5094717144966125
4641,875,0.42724609375,0.20481881499290466,57.495182037353516,0.4981127977371216
4642,262,0.1279296875,0.2784619629383087,56.306396484375,0.5151638388633728
4643,316,0.154296875,0.2499481737613678,56.324607849121094,0.5171733498573303
4644,269,0.13134765625,0.3262538015842438,58.22673797607422,0.4888928532600403
4645,197,0.09619140625,0.32505831122398376,58.00246810913086,0.4936911165714264
4646,166,0.0810546875,0.33774957060813904,58.59510803222656,0.4862964451313019
4647,270,0.1318359375,0.2820066809654236,56.13161087036133,0.519707202911377
4648,244,0.119140625,0.26602691411972046,55.373043060302734,0.5286076068878174
4649,216,0.10546875,0.2632747292518616,57.04417037963867,0.5008821487426758
4650,252,0.123046875,0.24654905498027802,55.1442985534668,0.5276941061019897
4651,254,0.1240234375,0.2525704801082611,57.889163970947266,0.4986649453639984
4652,239,0.11669921875,0.23300017416477203,57.27800750732422,0.5003920793533325
4653,254,0.1240234375,0.22488285601139069,55.98408126831055,0.5212443470954895
4654,285,0.13916015625,0.20835676789283752,55.55727767944336,0.5211913585662842
4655,283,0.13818359375,0.20999972522258759,56.01520919799805,0.5118712782859802
4656,277,0.13525390625,0.20222075283527374,56.43889236450195,0.5180930495262146
4657,268,0.130859375,0.21518291532993317,55.352134704589844,0.5309550762176514
4658,312,0.15234375,0.2022470235824585,58.085994720458984,0.49024680256843567
4659,352,0.171875,0.19051779806613922,56.710060119628906,0.5053260922431946
4660,372,0.181640625,0.18962769210338593,57.72343444824219,0.4980815052986145
4661,344,0.16796875,0.1989973783493042,56.43824768066406,0.5132296085357666
4662,282,0.1376953125,0.23403367400169373,55.00590133666992,0.5320312976837158
4663,318,0.1552734375,0.22481802105903625,55.592247009277344,0.5234771966934204
4664,306,0.1494140625,0.24206262826919556,54.56966018676758,0.5394806861877441
4665,299,0.14599609375,0.2410670667886734,55.50952911376953,0.5239323973655701
4666,275,0.13427734375,0.2704640030860901,58.12331771850586,0.4921683073043823
4667,265,0.12939453125,0.2872623801231384,59.05256652832031,0.48138928413391113
4668,248,0.12109375,0.2818722724914551,57.05619430541992,0.5028601288795471
4669,248,0.12109375,0.31086230278015137,57.40278625488281,0.49870115518569946
4670,295,0.14404296875,0.28291305899620056,55.68546676635742,0.5176494717597961
4671,364,0.177734375,0.24186664819717407,58.386878967285156,0.4854873716831207
4672,333,0.16259765625,0.265360951423645,57.31184768676758,0.5008338093757629
4673,311,0.15185546875,0.24858875572681427,56.0839729309082,0.516208291053772
4674,268,0.130859375,0.24268195033073425,53.50120162963867,0.5501993894577026
4675,266,0.1298828125,0.2537526786327362,54.37995529174805,0.5391321778297424
4676,225,0.10986328125,0.28511500358581543,55.807456970214844,0.5202792286872864
4677,211,0.10302734375,0.2799558639526367,56.80503845214844,0.5104780793190002
4678,193,0.09423828125,0.30049288272857666,57.62551498413086,0.49600088596343994
4679,206,0.1005859375,0.2927404046058655,57.27479934692383,0.4992268979549408
4680,99,0.04833984375,0.2693285346031189,58.409210205078125,0.48117461800575256
4681,111,0.05419921875,0.2648836374282837,58.47856903076172,0.484521746635437
4682,123,0.06005859375,0.2706206738948822,57.36985397338867,0.49743643403053284
4683,129,0.06298828125,0.2950318157672882,56.606422424316406,0.5085269212722778
4684,137,0.06689453125,0.31876373291015625,58.883636474609375,0.476753294467926
4685,136,0.06640625,0.32102590799331665,55.9581184387207,0.5142760276794434
4686,170,0.0830078125,0.31546586751937866,58.81271743774414,0.47708582878112793
4687,206,0.1005859375,0.30844151973724365,59.39515686035156,0.4748416543006897
4688,168,0.08203125,0.27815961837768555,59.373600006103516,0.4757921099662781
4689,187,0.09130859375,0.24517923593521118,59.807090759277344,0.47041550278663635
4690,175,0.08544921875,0.2446531057357788,58.395668029785156,0.4871835708618164
4691,160,0.078125,0.2247166484594345,59.35859298706055,0.4696478247642517
4692,146,0.0712890625,0.19008782505989075,60.020668029785156,0.45982998609542847
4693,149,0.07275390625,0.1848747283220291,59.198699951171875,0.4734421372413635
4694,161,0.07861328125,0.16857948899269104,57.0498046875,0.506797730922699
4695,152,0.07421875,0.19041188061237335,58.374176025390625,0.4853985905647278
4696,186,0.0908203125,0.19514866173267365,57.2774658203125,0.5012503862380981
4697,161,0.07861328125,0.18842819333076477,55.67721939086914,0.5246010422706604
4698,142,0.0693359375,0.1782093346118927,56.96874237060547,0.506890594959259
4699,135,0.06591796875,0.18430183827877045,57.70818328857422,0.49569109082221985
4700,138,0.0673828125,0.18830420076847076,57.357269287109375,0.501650869846344
4701,138,0.0673828125,0.18367959558963776,57.672611236572266,0.49857795238494873
4702,145,0.07080078125,0.17520682513713837,58.38492202758789,0.49371886253356934
4703,168,0.08203125,0.16950787603855133,58.54629898071289,0.48366937041282654
4704,191,0.09326171875,0.17163333296775818,58.10602951049805,0.4923658072948456
4705,211,0.10302734375,0.1937265843153,57.69654846191406,0.4894392490386963
4706,198,0.0966796875,0.1794908195734024,55.78439712524414,0.5153577923774719
4707,185,0.09033203125,0.16624459624290466,56.979618072509766,0.5081024765968323
4708,155,0.07568359375,0.1721131056547165,57.320796966552734,0.5041069984436035
4709,134,0.0654296875,0.1805373877286911,55.90116882324219,0.5250112414360046
4710,156,0.076171875,0.1660842001438141,58.532615661621094,0.48542219400405884
4711,176,0.0859375,0.1788378208875656,59.112056732177734,0.47540292143821716
4712,228,0.111328125,0.18820559978485107,58.32941818237305,0.484830766916275
4713,169,0.08251953125,0.17550529539585114,58.255882263183594,0.48851147294044495
4714,166,0.0810546875,0.18437792360782623,56.29472732543945,0.5137407183647156
4715,166,0.0810546875,0.18286986649036407,55.05314636230469,0.5252106189727783
4716,172,0.083984375,0.1895206719636917,55.24809265136719,0.527925431728363
4717,161,0.07861328125,0.17790162563323975,54.44646072387695,0.544684112071991
4718,161,0.07861328125,0.1794556975364685,56.52894592285156,0.5185664892196655
4719,150,0.0732421875,0.19176620244979858,54.46574020385742,0.5356613397598267
4720,23,0.01123046875,0.526218056678772,57.39234924316406,0.5041159987449646
4721,18,0.0087890625,0.42701035737991333,54.24369812011719,0.5550196170806885
4722,20,0.009765625,0.4135863780975342,60.87369918823242,0.4468361735343933
4723,17,0.00830078125,0.3760313391685486,59.91249465942383,0.46473443508148193
4724,19,0.00927734375,0.48964935541152954,65.5140151977539,0.3828098773956299
4725,14,0.0068359375,0.47753480076789856,51.8253173828125,0.566184401512146
4726,13,0.00634765625,0.5483759641647339,61.34667205810547,0.43343421816825867
4727,16,0.0078125,0.37236538529396057,54.2570915222168,0.537051796913147
4728,18,0.0087890625,0.45492997765541077,60.02056884765625,0.4581073522567749
4729,13,0.00634765625,0.4031732976436615,51.40639114379883,0.5959341526031494
4730,16,0.0078125,0.36789992451667786,62.871971130371094,0.41852277517318726
4731,15,0.00732421875,0.4869217872619629,56.34500503540039,0.5256112813949585
4732,17,0.00830078125,0.453155517578125,56.80770492553711,0.51394122838974
4733,17,0.00830078125,0.39795446395874023,66.58004760742188,0.3720852732658386
4734,10,0.0048828125,0.5495419502258301,51.23371505737305,0.5556958913803101
4735,11,0.00537109375,0.47100815176963806,65.6583480834961,0.3986265957355499
4736,11,0.00537109375,0.5008024573326111,68.27169036865234,0.3565163016319275
4737,14,0.0068359375,0.630740225315094,54.730247497558594,0.5561257004737854
4738,14,0.0068359375,0.5541146993637085,63.05807113647461,0.43027982115745544
4739,17,0.00830078125,0.6529200673103333,60.392791748046875,0.4792111814022064
4740,10,0.0048828125,0.5212109684944153,60.37819290161133,0.46102744340896606
4741,13,0.00634765625,0.4986245632171631,70.85092163085938,0.30183008313179016
4742,14,0.0068359375,0.5699331164360046,53.50812911987305,0.5519194006919861
4743,13,0.00634765625,0.5894030928611755,71.95299530029297,0.30103299021720886
4744,12,0.005859375,0.5751431584358215,58.57438278198242,0.49947306513786316
4745,15,0.00732421875,0.5871477723121643,55.203941345214844,0.5262920260429382
4746,17,0.00830078125,0.5295273065567017,58.84907150268555,0.46909987926483154
4747,17,0.00830078125,0.5105241537094116,63.588531494140625,0.4086805582046509
4748,16,0.0078125,0.5250261425971985,55.335350036621094,0.49800366163253784
4749,16,0.0078125,0.5718417763710022,54.16907501220703,0.5414955615997314
4750,13,0.00634765625,0.5642806887626648,52.764225006103516,0.5590677261352539
4751,15,0.00732421875,0.5575788021087646,58.1609992980957,0.4999665915966034
4752,16,0.0078125,0.6004090309143066,54.71711349487305,0.5365288853645325
4753,16,0.0078125,0.5801556706428528,54.25584411621094,0.5459796190261841
4754,17,0.00830078125,0.5591604709625244,56.04922866821289,0.4906579256057739
4755,18,0.0087890625,0.5580510497093201,50.26822280883789,0.6014668941497803
4756,18,0.0087890625,0.5445756912231445,52.75050354003906,0.563317596912384
4757,16,0.0078125,0.5390299558639526,54.168251037597656,0.5438355207443237
4758,15,0.00732421875,0.5277572870254517,41.47264862060547,0.6963188052177429
4759,13,0.00634765625,0.5768503546714783,48.69298553466797,0.6065463423728943
4760,837,0.40869140625,0.24163050949573517,57.93155288696289,0.4918975234031677
4761,893,0.43603515625,0.21344952285289764,57.51948165893555,0.49904561042785645
4762,846,0.4130859375,0.21917717158794403,56.915706634521484,0.5044282674789429
4763,908,0.443359375,0.20514404773712158,57.343223571777344,0.49670010805130005
4764,929,0.45361328125,0.2107103317975998,57.1254997253418,0.4997088611125946
4765,955,0.46630859375,0.2105047106742859,57.2640266418457,0.4984651207923889
4766,747,0.36474609375,0.22631525993347168,58.43571090698242,0.4826522171497345
4767,891,0.43505859375,0.2122521847486496,57.327205657958984,0.4986269176006317
4768,985,0.48095703125,0.19812248647212982,57.46764373779297,0.5002045631408691
4769,1081,0.52783203125,0.18130435049533844,58.134307861328125,0.4920859932899475
4770,1136,0.5546875,0.16837748885154724,58.454734802246094,0.4826200306415558
4771,1057,0.51611328125,0.17419320344924927,57.57066345214844,0.495716392993927
4772,1057,0.51611328125,0.1517331749200821,56.89590835571289,0.5020049214363098
4773,1002,0.4892578125,0.1746574491262436,57.02290725708008,0.5014914870262146
4774,949,0.46337890625,0.1618846356868744,56.78752899169922,0.5064195394515991
4775,939,0.45849609375,0.16312700510025024,57.55817413330078,0.4953050911426544
4776,923,0.45068359375,0.17514516413211823,57.42255783081055,0.4963582456111908
4777,878,0.4287109375,0.20144039392471313,57.65017318725586,0.49512672424316406
4778,1074,0.5244140625,0.15320850908756256,56.82133483886719,0.5064473152160645
4779,1035,0.50537109375,0.16063034534454346,57.08863830566406,0.5033891797065735
4780,1146,0.5595703125,0.16072820127010345,55.32817459106445,0.5252411365509033
4781,1385,0.67626953125,0.15531301498413086,57.66781234741211,0.49511516094207764
4782,1262,0.6162109375,0.1423197239637375,57.61513900756836,0.4967478811740875
4783,1024,0.5,0.14482343196868896,58.1204719543457,0.48890048265457153
4784,1100,0.537109375,0.1444220393896103,58.108367919921875,0.48871055245399475
4785,1045,0.51025390625,0.14318154752254486,58.30816650390625,0.4838329255580902
4786,1042,0.5087890625,0.14546948671340942,57.08250045776367,0.5032340884208679
4787,1067,0.52099609375,0.14495381712913513,56.861595153808594,0.5044143199920654
4788,1128,0.55078125,0.16502070426940918,56.30402755737305,0.5128025412559509
4789,1026,0.5009765625,0.17517347633838654,56.00291061401367,0.5170080065727234
4790,1059,0.51708984375,0.1681499183177948,56.281288146972656,0.5115150213241577
4791,1234,0.6025390625,0.18626177310943604,55.91896438598633,0.518925130367279
4792,1361,0.66455078125,0.1870153248310089,57.614524841308594,0.4971041679382324
4793,1298,0.6337890625,0.1719164252281189,57.390403747558594,0.4991168677806854
4794,1262,0.6162109375,0.1672593206167221,57.405921936035156,0.49855947494506836
4795,1234,0.6025390625,0.17872346937656403,56.519962310791016,0.5078448057174683
4796,671,0.32763671875,0.16017165780067444,57.137351989746094,0.5031309127807617
4797,561,0.27392578125,0.1542440503835678,56.574668884277344,0.5070202350616455
4798,753,0.36767578125,0.15824811160564423,55.41301345825195,0.5219560265541077
4799,697,0.34033203125,0.16202682256698608,55.680179595947266,0.5195730328559875
4800,198,0.0966796875,0.23858444392681122,56.06888198852539,0.516000509262085
4801,195,0.09521484375,0.22317244112491608,60.49974060058594,0.45578449964523315
4802,212,0.103515625,0.21621112525463104,57.686431884765625,0.49858880043029785
4803,172,0.083984375,0.2514943480491638,56.17817687988281,0.516953706741333
4804,193,0.09423828125,0.22943319380283356,57.94929504394531,0.49403461813926697
4805,210,0.1025390625,0.1911974847316742,57.44917678833008,0.5036802291870117
4806,169,0.08251953125,0.227849543094635,57.37991714477539,0.5041117668151855
4807,196,0.095703125,0.216719388961792,58.10158157348633,0.49153515696525574
4808,202,0.0986328125,0.20338229835033417,58.37172317504883,0.486437052488327
4809,207,0.10107421875,0.23119322955608368,56.42554473876953,0.5169475078582764
4810,263,0.12841796875,0.1782895028591156,57.266883850097656,0.5070363879203796
4811,344,0.16796875,0.15338562428951263,58.21407699584961,0.49066078662872314
4812,255,0.12451171875,0.1354982703924179,57.83934020996094,0.4947291910648346
4813,187,0.09130859375,0.19680114090442657,58.512229919433594,0.47928324341773987
4814,188,0.091796875,0.1800369769334793,59.17161560058594,0.4749876856803894
4815,217,0.10595703125,0.13817882537841797,57.682735443115234,0.49503293633461
4816,359,0.17529296875,0.12636327743530273,58.34127426147461,0.4884817898273468
4817,310,0.1513671875,0.11742118000984192,56.39332962036133,0.5151637196540833
4818,256,0.125,0.12261810898780823,55.74420928955078,0.5228711366653442
4819,228,0.111328125,0.12688405811786652,56.603885650634766,0.5097428560256958
4820,205,0.10009765625,0.13677525520324707,55.82427978515625,0.5191482305526733
4821,188,0.091796875,0.14215689897537231,55.82594680786133,0.5220536589622498
4822,217,0.10595703125,0.12054228782653809,56.87843704223633,0.5054406523704529
4823,239,0.11669921875,0.11920522898435593,56.37969970703125,0.5055723190307617
4824,238,0.1162109375,0.1258750855922699,56.38313674926758,0.5030124187469482
4825,242,0.1181640625,0.12731637060642242,54.42347717285156,0.5412724614143372
4826,293,0.14306640625,0.11092215031385422,56.87656021118164,0.5062880516052246
4827,272,0.1328125,0.10921769589185715,57.057373046875,0.5056931972503662
4828,220,0.107421875,0.11857049912214279,57.609161376953125,0.4907936155796051
4829,273,0.13330078125,0.10957818478345871,55.904396057128906,0.516288697719574
4830,241,0.11767578125,0.10713080316781998,57.54069137573242,0.49904322624206543
4831,200,0.09765625,0.11099748313426971,57.46480941772461,0.4956980049610138
4832,240,0.1171875,0.11218586564064026,56.67559051513672,0.5063737630844116
4833,268,0.130859375,0.11135505139827728,57.56171417236328,0.49798864126205444
4834,307,0.14990234375,0.12167388200759888,58.50886917114258,0.4843052625656128
4835,234,0.1142578125,0.12435687333345413,56.83652877807617,0.5052855610847473
4836,209,0.10205078125,0.13671107590198517,58.40513229370117,0.4833395481109619
4837,189,0.09228515625,0.145815908908844,56.429290771484375,0.5124905109405518
4838,208,0.1015625,0.13769130408763885,57.62387466430664,0.4947149157524109
4839,219,0.10693359375,0.14263002574443817,56.586181640625,0.5077810287475586
4840,82,0.0400390625,0.2917552888393402,61.47636032104492,0.44007614254951477
4841,79,0.03857421875,0.259676992893219,58.85435485839844,0.4732120931148529
4842,88,0.04296875,0.2773478925228119,55.070186614990234,0.5293108224868774
4843,85,0.04150390625,0.2818090617656708,53.6148796081543,0.550868570804596
4844,87,0.04248046875,0.2785881757736206,52.51008987426758,0.5656337141990662
4845,93,0.04541015625,0.29522261023521423,53.66421127319336,0.5545111894607544
4846,84,0.041015625,0.3033037781715393,56.99924850463867,0.5030789375305176
4847,89,0.04345703125,0.31674906611442566,52.59182357788086,0.5585604906082153
4848,85,0.04150390625,0.3309950530529022,59.55051040649414,0.4759027361869812
4849,85,0.04150390625,0.3293439447879791,58.44961929321289,0.48581454157829285
4850,93,0.04541015625,0.33440595865249634,54.75192642211914,0.5354889631271362
4851,92,0.044921875,0.3279990255832672,55.644718170166016,0.5237559676170349
4852,95,0.04638671875,0.3269127607345581,55.37705993652344,0.5309616327285767
4853,95,0.04638671875,0.3527239263057709,53.747013092041016,0.5496718287467957
4854,93,0.04541015625,0.3369641900062561,54.957481384277344,0.5309205651283264
4855,98,0.0478515625,0.3412039577960968,54.380863189697266,0.5414961576461792
4856,91,0.04443359375,0.3461526334285736,55.68862533569336,0.524393618106842
4857,89,0.04345703125,0.35785502195358276,54.26390075683594,0.5398270487785339
4858,76,0.037109375,0.338689386844635,55.61964797973633,0.5198184847831726
4859,77,0.03759765625,0.32506147027015686,55.9399528503418,0.5238080024719238
4860,74,0.0361328125,0.31885072588920593,56.70539474487305,0.5183731913566589
4861,78,0.0380859375,0.3164176344871521,57.423973083496094,0.49680617451667786
4862,78,0.0380859375,0.327207088470459,53.64866256713867,0.5444470643997192
4863,79,0.03857421875,0.33925503492355347,54.819217681884766,0.5335376858711243
4864,85,0.04150390625,0.3272929787635803,54.75855255126953,0.5331206321716309
4865,78,0.0380859375,0.31558024883270264,58.7490234375,0.47838979959487915
4866,74,0.0361328125,0.2953384518623352,59.576969146728516,0.46539250016212463
4867,73,0.03564453125,0.3000984489917755,61.10437774658203,0.4494430720806122
4868,68,0.033203125,0.3005902171134949,58.80908966064453,0.48797523975372314
4869,67,0.03271484375,0.3187296688556671,59.9285774230957,0.47053003311157227
4870,64,0.03125,0.2997114360332489,58.55896759033203,0.48055499792099
4871,63,0.03076171875,0.31384316086769104,53.51164627075195,0.5452276468276978
4872,68,0.033203125,0.3251696825027466,53.16742706298828,0.5510053038597107
4873,74,0.0361328125,0.3229834735393524,55.40354537963867,0.532537043094635
4874,80,0.0390625,0.3383731245994568,52.15943145751953,0.562332034111023
4875,82,0.0400390625,0.3687669336795807,55.74510955810547,0.5234653949737549
4876,84,0.041015625,0.35875654220581055,54.2292594909668,0.5382331013679504
4877,94,0.0458984375,0.368569016456604,53.49839401245117,0.5505784749984741
4878,87,0.04248046875,0.35695189237594604,54.222862243652344,0.5387013554573059
4879,84,0.041015625,0.37446385622024536,57.08028030395508,0.5032021403312683
4880,97,0.04736328125,0.31709882616996765,55.7565803527832,0.5263399481773376
4881,86,0.0419921875,0.33261194825172424,58.36037826538086,0.4890269339084625
4882,90,0.0439453125,0.3685939311981201,53.15678787231445,0.5598253607749939
4883,93,0.04541015625,0.37412789463996887,53.80900192260742,0.5521519780158997
4884,82,0.0400390625,0.41495180130004883,59.35188293457031,0.47511714696884155
4885,80,0.0390625,0.38684403896331787,58.64665603637695,0.4892120361328125
4886,75,0.03662109375,0.38823938369750977,59.26706314086914,0.47634246945381165
4887,79,0.03857421875,0.3808121383190155,58.80469512939453,0.4811541736125946
4888,71,0.03466796875,0.4226084351539612,59.03175354003906,0.4769899547100067
4889,83,0.04052734375,0.4052635729312897,57.09374237060547,0.5120023488998413
4890,79,0.03857421875,0.4031897485256195,61.000728607177734,0.4506738781929016
4891,78,0.0380859375,0.40802574157714844,59.51314163208008,0.47414731979370117
4892,76,0.037109375,0.44331079721450806,58.167198181152344,0.48992449045181274
4893,79,0.03857421875,0.4308568835258484,59.530853271484375,0.47125542163848877
4894,75,0.03662109375,0.43091142177581787,61.49980545043945,0.4481697082519531
4895,79,0.03857421875,0.43174639344215393,59.61676788330078,0.47643139958381653
4896,72,0.03515625,0.4181523621082306,57.84053039550781,0.49837759137153625
4897,61,0.02978515625,0.4773961901664734,61.97877502441406,0.44413667917251587
4898,68,0.033203125,0.45683902502059937,60.456851959228516,0.46024811267852783
4899,70,0.0341796875,0.4360705018043518,58.748863220214844,0.4910692572593689
4900,72,0.03515625,0.4371207356452942,57.56877899169922,0.5038437843322754
4901,79,0.03857421875,0.4486999809741974,57.76172637939453,0.4967878758907318
4902,84,0.041015625,0.4433649480342865,60.09497833251953,0.46513670682907104
4903,88,0.04296875,0.42506152391433716,61.910953521728516,0.4412069618701935
4904,100,0.048828125,0.43022608757019043,61.31858825683594,0.45092839002609253
4905,90,0.0439453125,0.43191805481910706,59.064029693603516,0.47977977991104126
4906,86,0.0419921875,0.412258505821228,58.71141052246094,0.4881446659564972
4907,76,0.037109375,0.43223458528518677,57.89464569091797,0.49967995285987854
4908,68,0.033203125,0.46187999844551086,55.972442626953125,0.5215464234352112
4909,72,0.03515625,0.4354664981365204,57.79109191894531,0.49666357040405273
4910,82,0.0400390625,0.41897255182266235,59.46128845214844,0.4798041582107544
4911,83,0.04052734375,0.4039978086948395,59.704349517822266,0.46991264820098877
4912,84,0.041015625,0.4098179042339325,57.26053237915039,0.5078281164169312
4913,89,0.04345703125,0.4062519371509552,60.99833679199219,0.4420851767063141
4914,95,0.04638671875,0.3893946707248688,58.92087936401367,0.4793170690536499
4915,87,0.04248046875,0.4009033143520355,58.974205017089844,0.4725218713283539
4916,91,0.04443359375,0.3965817391872406,59.859954833984375,0.47039324045181274
4917,82,0.0400390625,0.40989893674850464,60.05853271484375,0.46469083428382874
4918,76,0.037109375,0.39111244678497314,57.78413391113281,0.4958983361721039
4919,78,0.0380859375,0.39253488183021545,60.29551696777344,0.4694163501262665
4920,104,0.05078125,0.2546595335006714,54.29876708984375,0.5374477505683899
4921,114,0.0556640625,0.2562861442565918,52.830867767333984,0.5567750930786133
4922,107,0.05224609375,0.28899452090263367,55.748374938964844,0.5201910734176636
4923,122,0.0595703125,0.2806917428970337,53.592071533203125,0.5468604564666748
4924,105,0.05126953125,0.2915174067020416,53.644874572753906,0.5420356392860413
4925,139,0.06787109375,0.24611112475395203,55.06031036376953,0.5241807103157043
4926,108,0.052734375,0.3035646677017212,58.55067825317383,0.4842778742313385
4927,128,0.0625,0.24871759116649628,55.56053924560547,0.5177366733551025
4928,165,0.08056640625,0.2199067920446396,54.94339370727539,0.5296390056610107
4929,172,0.083984375,0.23043087124824524,56.62607955932617,0.512455403804779
4930,167,0.08154296875,0.22685621678829193,56.29788589477539,0.5193017721176147
4931,146,0.0712890625,0.23840419948101044,54.184776306152344,0.5442216396331787
4932,144,0.0703125,0.23691223561763763,55.74868392944336,0.5184310078620911
4933,144,0.0703125,0.25203776359558105,54.99931335449219,0.52562016248703
4934,151,0.07373046875,0.2272987812757492,54.88673782348633,0.5315192937850952
4935,161,0.07861328125,0.2455376237630844,57.3380241394043,0.49936363101005554
4936,179,0.08740234375,0.2444063127040863,58.17374038696289,0.48748987913131714
4937,167,0.08154296875,0.223916158080101,55.73931121826172,0.525050699710846
4938,159,0.07763671875,0.23905320465564728,55.945011138916016,0.5179951190948486
4939,159,0.07763671875,0.24059507250785828,55.49864196777344,0.530751645565033
4940,123,0.06005859375,0.2681341767311096,55.9549674987793,0.5160606503486633
4941,131,0.06396484375,0.252193808555603,54.88955307006836,0.5332032442092896
4942,158,0.0771484375,0.22892224788665771,55.068809509277344,0.530471920967102
4943,168,0.08203125,0.2483540028333664,56.30775833129883,0.5134543180465698
4944,164,0.080078125,0.2622523307800293,55.02739715576172,0.5298813581466675
4945,147,0.07177734375,0.2656656503677368,56.27370834350586,0.5164654850959778
4946,132,0.064453125,0.27083060145378113,56.93946075439453,0.5026301145553589
4947,136,0.06640625,0.28878986835479736,56.35073471069336,0.5170183181762695
4948,149,0.07275390625,0.25991687178611755,57.26310348510742,0.5068269371986389
4949,135,0.06591796875,0.2806677520275116,54.78438949584961,0.5360243320465088
4950,171,0.08349609375,0.23793244361877441,57.000938415527344,0.5076162219047546
4951,163,0.07958984375,0.19988180696964264,57.49601745605469,0.5042808651924133
4952,164,0.080078125,0.2097482830286026,58.25224304199219,0.4884295165538788
4953,143,0.06982421875,0.20806340873241425,57.599334716796875,0.49495306611061096
4954,164,0.080078125,0.21655383706092834,54.504276275634766,0.5366291999816895
4955,168,0.08203125,0.2386290729045868,56.380672454833984,0.5116264224052429
4956,173,0.08447265625,0.21982435882091522,55.28350830078125,0.5256078839302063
4957,150,0.0732421875,0.25013211369514465,57.145469665527344,0.5055738687515259
4958,138,0.0673828125,0.2265278548002243,56.196678161621094,0.5149614214897156
4959,143,0.06982421875,0.284201443195343,57.35928726196289,0.5027865767478943
4960,117,0.05712890625,0.2915996015071869,61.070045471191406,0.44417643547058105
4961,129,0.06298828125,0.2507629096508026,60.24981689453125,0.4500107765197754
4962,147,0.07177734375,0.2754986584186554,60.10091018676758,0.4651254117488861
4963,138,0.0673828125,0.26919788122177124,60.042266845703125,0.46336841583251953
4964,134,0.0654296875,0.27930164337158203,57.995235443115234,0.49772781133651733
4965,131,0.06396484375,0.27427688241004944,58.06268310546875,0.4923798143863678
4966,123,0.06005859375,0.32249748706817627,57.05068588256836,0.5102569460868835
4967,124,0.060546875,0.3195580840110779,57.55547332763672,0.4949648976325989
4968,108,0.052734375,0.3156515657901764,59.10637664794922,0.47663405537605286
4969,133,0.06494140625,0.31536540389060974,58.44399642944336,0.4813257157802582
4970,140,0.068359375,0.3221440315246582,57.31031036376953,0.4968910813331604
4971,139,0.06787109375,0.3319983184337616,59.09537887573242,0.4755961000919342
4972,130,0.0634765625,0.31069478392601013,59.177303314208984,0.47469523549079895
4973,142,0.0693359375,0.2542540431022644,58.60684585571289,0.4833061397075653
4974,137,0.06689453125,0.28551235795021057,58.90140914916992,0.4796184301376343
4975,138,0.0673828125,0.2694191634654999,56.892112731933594,0.5049741268157959
4976,136,0.06640625,0.28732505440711975,58.978424072265625,0.47937360405921936
4977,130,0.0634765625,0.29449307918548584,60.13983154296875,0.4666323661804199
4978,142,0.0693359375,0.28613194823265076,59.73634338378906,0.46388503909111023
4979,147,0.07177734375,0.28246375918388367,59.60254669189453,0.4665502905845642
4980,115,0.05615234375,0.3050521910190582,56.76762771606445,0.5100472569465637
4981,108,0.052734375,0.2770480215549469,56.217960357666016,0.511811375617981
4982,96,0.046875,0.27818796038627625,58.369136810302734,0.48654139041900635
4983,98,0.0478515625,0.2681904137134552,57.7641716003418,0.4913760721683502
4984,104,0.05078125,0.28063684701919556,56.320743560791016,0.5167481303215027
4985,103,0.05029296875,0.2837240695953369,54.38451385498047,0.5407187342643738
4986,115,0.05615234375,0.26003560423851013,52.31440734863281,0.569807767868042
4987,106,0.0517578125,0.2650504410266876,55.12428665161133,0.5337183475494385
4988,112,0.0546875,0.2504735291004181,53.61054229736328,0.552743136882782
4989,111,0.05419921875,0.27475467324256897,58.280914306640625,0.4821751117706299
4990,101,0.04931640625,0.2653646767139435,58.38838577270508,0.4819996654987335
4991,130,0.0634765625,0.25305017828941345,59.69998550415039,0.47066429257392883
4992,148,0.072265625,0.2691768407821655,59.70333480834961,0.46409571170806885
4993,142,0.0693359375,0.2511439919471741,59.19462585449219,0.4753173589706421
4994,135,0.06591796875,0.2572813332080841,57.95766067504883,0.48459190130233765
4995,132,0.064453125,0.2740768790245056,58.82163619995117,0.4746944010257721
4996,165,0.08056640625,0.28228652477264404,59.8226432800293,0.46572035551071167
4997,190,0.0927734375,0.2777869999408722,58.640045166015625,0.482012003660202
4998,169,0.08251953125,0.2807143032550812,59.91141128540039,0.46204137802124023
4999,161,0.07861328125,0.26686567068099976,58.893341064453125,0.47480764985084534
5000,102,0.0498046875,0.5436346530914307,56.83407211303711,0.5021829009056091
5001,89,0.04345703125,0.45840883255004883,57.199554443359375,0.49579623341560364
5002,74,0.0361328125,0.49121585488319397,57.989925384521484,0.48978134989738464
5003,85,0.04150390625,0.4997330605983734,60.69535446166992,0.4588469862937927
5004,80,0.0390625,0.48754820227622986,55.304725646972656,0.5174197554588318
5005,91,0.04443359375,0.4879952073097229,55.78293991088867,0.512012779712677
5006,85,0.04150390625,0.48422250151634216,60.091556549072266,0.46473461389541626
5007,74,0.0361328125,0.4914442300796509,61.509361267089844,0.4365874230861664
5008,76,0.037109375,0.5177133083343506,58.264469146728516,0.4884048402309418
5009,72,0.03515625,0.5496304631233215,60.05349349975586,0.4635552763938904
5010,73,0.03564453125,0.5745598673820496,57.68017578125,0.4930698573589325
5011,75,0.03662109375,0.5847213864326477,57.9677619934082,0.49780669808387756
5012,77,0.03759765625,0.613378643989563,58.602943420410156,0.49340197443962097
5013,68,0.033203125,0.591054379940033,59.043880462646484,0.48307928442955017
5014,78,0.0380859375,0.603148877620697,58.81340789794922,0.4815167188644409
5015,71,0.03466796875,0.6002700924873352,64.45681762695312,0.4035353660583496
5016,70,0.0341796875,0.6079909205436707,61.0009765625,0.44665461778640747
5017,63,0.03076171875,0.6036871671676636,64.07245635986328,0.4018239676952362
5018,75,0.03662109375,0.604346752166748,59.203399658203125,0.4755958020687103
5019,72,0.03515625,0.5825284719467163,60.07257843017578,0.4563196897506714
5020,73,0.03564453125,0.5702437162399292,58.27479553222656,0.4886593222618103
5021,69,0.03369140625,0.569149911403656,58.376583099365234,0.4791771173477173
5022,72,0.03515625,0.5885677337646484,60.64282989501953,0.45018285512924194
5023,69,0.03369140625,0.5778154134750366,58.528175354003906,0.4765457510948181
5024,70,0.0341796875,0.6050668358802795,60.375831604003906,0.4571921229362488
5025,67,0.03271484375,0.5573325157165527,60.687068939208984,0.45274943113327026
5026,67,0.03271484375,0.5413141846656799,58.96299362182617,0.4709465801715851
5027,73,0.03564453125,0.5367221832275391,60.80442810058594,0.452450156211853
5028,76,0.037109375,0.5752922296524048,56.62614822387695,0.5070891380310059
5029,73,0.03564453125,0.5534297227859497,59.20218276977539,0.47465085983276367
5030,78,0.0380859375,0.6068296432495117,56.93659210205078,0.5041429996490479
5031,71,0.03466796875,0.5819975137710571,57.97969055175781,0.48860350251197815
5032,69,0.03369140625,0.5647502541542053,58.41948318481445,0.48273909091949463
5033,75,0.03662109375,0.5247960686683655,58.35270690917969,0.49036696553230286
5034,74,0.0361328125,0.5539330840110779,62.66874694824219,0.4243282079696655
5035,80,0.0390625,0.5755714178085327,60.84737014770508,0.4552192687988281
5036,77,0.03759765625,0.5505738854408264,60.34372329711914,0.4611395299434662
5037,80,0.0390625,0.5631534457206726,61.15189743041992,0.4492098391056061
5038,76,0.037109375,0.5246606469154358,56.686946868896484,0.5030213594436646
5039,78,0.0380859375,0.5251657962799072,55.94195556640625,0.5205596089363098
5040,51,0.02490234375,0.5116164684295654,56.41476058959961,0.5111958384513855
5041,71,0.03466796875,0.4505455195903778,54.38898849487305,0.540306031703949
5042,63,0.03076171875,0.4270235598087311,51.41999816894531,0.5752764940261841
5043,54,0.0263671875,0.4483780264854431,50.99778366088867,0.5835362672805786
5044,64,0.03125,0.38718917965888977,48.94664001464844,0.61766517162323
5045,57,0.02783203125,0.40307557582855225,48.50502395629883,0.6118284463882446
5046,61,0.02978515625,0.380980521440506,49.75021743774414,0.5877733826637268
5047,74,0.0361328125,0.2532453238964081,56.08224868774414,0.5085007548332214
5048,80,0.0390625,0.27335286140441895,55.74448776245117,0.5161818861961365
5049,85,0.04150390625,0.24325212836265564,52.76810073852539,0.5570801496505737
5050,93,0.04541015625,0.2558448910713196,55.2542724609375,0.5280349254608154
5051,82,0.0400390625,0.26582878828048706,53.82440185546875,0.5458515882492065
5052,79,0.03857421875,0.2598229944705963,56.82640075683594,0.5081539154052734
5053,77,0.03759765625,0.2691364586353302,57.42295837402344,0.5009555816650391
5054,85,0.04150390625,0.2849380373954773,52.488590240478516,0.5723576545715332
5055,89,0.04345703125,0.26483508944511414,54.74958419799805,0.5410726070404053
5056,89,0.04345703125,0.24025674164295197,52.58877944946289,0.5649747252464294
5057,83,0.04052734375,0.24645836651325226,55.89149475097656,0.5163812041282654
5058,81,0.03955078125,0.2801385223865509,55.06832504272461,0.535793662071228
5059,70,0.0341796875,0.31284281611442566,52.500770568847656,0.5671031475067139
5060,70,0.0341796875,0.32652029395103455,54.82784652709961,0.5301944017410278
5061,57,0.02783203125,0.3316286504268646,55.509212493896484,0.5209394693374634
5062,61,0.02978515625,0.3173533082008362,56.0202522277832,0.5246134996414185
5063,71,0.03466796875,0.3240635097026825,53.14744567871094,0.5555679202079773
5064,76,0.037109375,0.3508065342903137,52.9515495300293,0.5598871111869812
5065,72,0.03515625,0.35872456431388855,52.231143951416016,0.5794575214385986
5066,81,0.03955078125,0.35681888461112976,55.6785888671875,0.5217763185501099
5067,83,0.04052734375,0.3883035480976105,58.2509880065918,0.48326680064201355
5068,77,0.03759765625,0.3935711681842804,57.527984619140625,0.5032736659049988
5069,73,0.03564453125,0.3953017592430115,54.95730209350586,0.5213634967803955
5070,66,0.0322265625,0.4163007140159607,55.84090805053711,0.5190647840499878
5071,70,0.0341796875,0.39246222376823425,57.57759475708008,0.4979524314403534
5072,58,0.0283203125,0.3863798975944519,54.289981842041016,0.5374342799186707
5073,70,0.0341796875,0.3955094814300537,53.223472595214844,0.5475524067878723
5074,52,0.025390625,0.4095531105995178,56.03779602050781,0.5207560658454895
5075,57,0.02783203125,0.38804179430007935,59.21727752685547,0.4711390435695648
5076,53,0.02587890625,0.3944123387336731,59.5865364074707,0.46897196769714355
5077,58,0.0283203125,0.4006328880786896,57.933231353759766,0.4849535822868347
5078,60,0.029296875,0.4040636420249939,56.39764404296875,0.5125448107719421
5079,66,0.0322265625,0.3874660134315491,56.437808990478516,0.506965160369873
5080,197,0.09619140625,0.20994287729263306,58.67095184326172,0.4868171811103821
5081,196,0.095703125,0.212133526802063,60.29018020629883,0.4603009819984436
5082,167,0.08154296875,0.23871687054634094,58.86201858520508,0.47750380635261536
5083,160,0.078125,0.2392873764038086,58.81109619140625,0.48537594079971313
5084,164,0.080078125,0.2609180808067322,61.34383773803711,0.43677961826324463
5085,181,0.08837890625,0.24749207496643066,58.830299377441406,0.48102298378944397
5086,191,0.09326171875,0.25616753101348877,59.122718811035156,0.47724801301956177
5087,162,0.0791015625,0.2771361768245697,57.69596481323242,0.4934815764427185
5088,172,0.083984375,0.2952539920806885,56.503257751464844,0.5138756632804871
5089,195,0.09521484375,0.26669543981552124,57.20545196533203,0.5026789903640747
5090,214,0.1044921875,0.2590596675872803,57.498939514160156,0.5000975131988525
5091,265,0.12939453125,0.23331284523010254,56.45888137817383,0.5139220356941223
5092,243,0.11865234375,0.2325756549835205,57.099632263183594,0.5036994814872742
5093,225,0.10986328125,0.27650022506713867,54.47041702270508,0.5391276478767395
5094,213,0.10400390625,0.27699920535087585,55.05867004394531,0.5285918116569519
5095,249,0.12158203125,0.26463788747787476,57.246795654296875,0.49668723344802856
5096,332,0.162109375,0.2207300066947937,55.83788299560547,0.5168709754943848
5097,319,0.15576171875,0.20812231302261353,55.8499641418457,0.5191615223884583
5098,340,0.166015625,0.19498562812805176,55.06476974487305,0.5274459719657898
5099,666,0.3251953125,0.10231506824493408,56.2943229675293,0.5142979621887207
5100,592,0.2890625,0.09290958940982819,59.09255599975586,0.4759448766708374
5101,597,0.29150390625,0.1240241751074791,55.21059036254883,0.5271166563034058
5102,354,0.1728515625,0.1694704294204712,55.29263687133789,0.524352490901947
5103,372,0.181640625,0.16458092629909515,56.035221099853516,0.5138272643089294
5104,475,0.23193359375,0.16050906479358673,56.27544021606445,0.5122236013412476
5105,403,0.19677734375,0.15423175692558289,55.476646423339844,0.517703652381897
5106,399,0.19482421875,0.14426691830158234,56.42782211303711,0.508502185344696
5107,461,0.22509765625,0.1467205137014389,56.856021881103516,0.5056179165840149
5108,490,0.2392578125,0.14264562726020813,56.81681823730469,0.505260705947876
5109,805,0.39306640625,0.15357406437397003,56.05195617675781,0.5155191421508789
5110,392,0.19140625,0.17770947515964508,56.46516418457031,0.5067555904388428
5111,529,0.25830078125,0.1430685818195343,55.731449127197266,0.5210054516792297
5112,433,0.21142578125,0.1333952397108078,58.17251205444336,0.4918650686740875
5113,412,0.201171875,0.14011307060718536,57.08113098144531,0.5037491917610168
5114,467,0.22802734375,0.14932088553905487,57.462501525878906,0.4978160560131073
5115,472,0.23046875,0.15025269985198975,56.253700256347656,0.5182207226753235
5116,374,0.1826171875,0.16153958439826965,57.045188903808594,0.5070694088935852
5117,233,0.11376953125,0.18516193330287933,57.24999237060547,0.5012817978858948
5118,189,0.09228515625,0.2107129693031311,59.318267822265625,0.4722689986228943
5119,144,0.0703125,0.2452031672000885,55.97676467895508,0.518032968044281
5120,757,0.36962890625,0.2801930606365204,57.19874572753906,0.5008887648582458
5121,689,0.33642578125,0.2696445882320404,56.64986801147461,0.5068265199661255
5122,485,0.23681640625,0.22568362951278687,57.63544845581055,0.49745112657546997
5123,402,0.1962890625,0.23936860263347626,55.982383728027344,0.5173039436340332
5124,442,0.2158203125,0.24921269714832306,55.72837829589844,0.5221794247627258
5125,441,0.21533203125,0.25464871525764465,56.265987396240234,0.5154215097427368
5126,469,0.22900390625,0.2485790103673935,56.34855270385742,0.5120158791542053
5127,535,0.26123046875,0.2651638388633728,55.994136810302734,0.5166818499565125
5128,606,0.2958984375,0.24425378441810608,55.97278594970703,0.5181432962417603
5129,544,0.265625,0.22520284354686737,56.889549255371094,0.5071148872375488
5130,695,0.33935546875,0.1889892816543579,56.73561096191406,0.5101989507675171
5131,517,0.25244140625,0.18695737421512604,58.17809295654297,0.4903106689453125
5132,462,0.2255859375,0.17122596502304077,56.90533447265625,0.5048679113388062
5133,667,0.32568359375,0.2049720287322998,57.30001449584961,0.5006765723228455
5134,463,0.22607421875,0.17498163878917694,57.1927490234375,0.5017877221107483
5135,615,0.30029296875,0.16088184714317322,57.16265869140625,0.49928921461105347
5136,605,0.29541015625,0.16330651938915253,58.53230285644531,0.4793504476547241
5137,490,0.2392578125,0.16286760568618774,59.15730285644531,0.47316375374794006
5138,495,0.24169921875,0.16327181458473206,58.37179183959961,0.48150399327278137
5139,474,0.2314453125,0.16540971398353577,58.323387145996094,0.48139137029647827
5140,441,0.21533203125,0.1667879819869995,58.27890396118164,0.48515087366104126
5141,477,0.23291015625,0.16795752942562103,58.115055084228516,0.4881352484226227
5142,494,0.2412109375,0.1850816160440445,57.89102554321289,0.4935798943042755
5143,537,0.26220703125,0.17460119724273682,57.902931213378906,0.489162802696228
5144,799,0.39013671875,0.1709415316581726,57.226112365722656,0.5001435279846191
5145,606,0.2958984375,0.15363232791423798,56.911006927490234,0.5020487308502197
5146,446,0.2177734375,0.15099337697029114,57.86497497558594,0.4936444163322449
5147,434,0.2119140625,0.15039347112178802,58.35865020751953,0.4846359193325043
5148,354,0.1728515625,0.16578590869903564,59.2714958190918,0.4755622446537018
5149,351,0.17138671875,0.16602911055088043,60.30762481689453,0.4590817391872406
5150,452,0.220703125,0.16441845893859863,57.70543670654297,0.4958241879940033
5151,460,0.224609375,0.1643291711807251,58.38261413574219,0.48503145575523376
5152,463,0.22607421875,0.18725861608982086,57.31612777709961,0.5006885528564453
5153,531,0.25927734375,0.17873646318912506,57.75251770019531,0.49703100323677063
5154,518,0.2529296875,0.1881159096956253,57.87211990356445,0.4952109158039093
5155,583,0.28466796875,0.17271143198013306,58.22146987915039,0.4868018627166748
5156,651,0.31787109375,0.16988441348075867,57.29692459106445,0.5018267631530762
5157,599,0.29248046875,0.19396013021469116,57.50871276855469,0.4973401427268982
5158,675,0.32958984375,0.19615812599658966,56.95011520385742,0.5046136975288391
5159,534,0.2607421875,0.19716876745224,59.12397003173828,0.47309085726737976
5160,168,0.08203125,0.2876739203929901,57.68800735473633,0.4943315386772156
5161,170,0.0830078125,0.28061020374298096,56.84883499145508,0.50437331199646
5162,180,0.087890625,0.2618454694747925,56.629600524902344,0.5055879950523376
5163,181,0.08837890625,0.23906543850898743,57.926300048828125,0.4845479130744934
5164,186,0.0908203125,0.24722416698932648,54.268768310546875,0.5370526909828186
5165,212,0.103515625,0.22203904390335083,55.47362518310547,0.5217742919921875
5166,161,0.07861328125,0.24880503118038177,58.2738151550293,0.4863690733909607
5167,160,0.078125,0.2627719044685364,57.68629837036133,0.4984062612056732
5168,147,0.07177734375,0.2639305591583252,58.146034240722656,0.4846561849117279
5169,143,0.06982421875,0.2883479595184326,58.84646224975586,0.4769202172756195
5170,132,0.064453125,0.28265640139579773,59.493099212646484,0.47109314799308777
5171,137,0.06689453125,0.2765677571296692,58.43136215209961,0.4881253242492676
5172,148,0.072265625,0.24630215764045715,56.3629035949707,0.5109778046607971
5173,154,0.0751953125,0.24342384934425354,56.96735382080078,0.5034967064857483
5174,184,0.08984375,0.21447385847568512,57.51560974121094,0.4981735944747925
5175,183,0.08935546875,0.2134271264076233,57.85354232788086,0.4903908371925354
5176,194,0.0947265625,0.207895889878273,57.15900421142578,0.5026935935020447
5177,221,0.10791015625,0.18106934428215027,57.19733810424805,0.49804461002349854
5178,168,0.08203125,0.225657120347023,58.020294189453125,0.4954761862754822
5179,175,0.08544921875,0.22920243442058563,53.4416389465332,0.555572509765625
5180,170,0.0830078125,0.19557934999465942,54.33961486816406,0.5357351303100586
5181,169,0.08251953125,0.21815769374370575,57.17617416381836,0.5006667375564575
5182,152,0.07421875,0.22092270851135254,57.26319122314453,0.49474596977233887
5183,161,0.07861328125,0.2077934890985489,55.609291076660156,0.5200677514076233
5184,165,0.08056640625,0.19536253809928894,57.71927261352539,0.49364253878593445
5185,153,0.07470703125,0.2270689606666565,55.354408264160156,0.5179501175880432
5186,151,0.07373046875,0.1870488077402115,56.175018310546875,0.5102667808532715
5187,168,0.08203125,0.17638948559761047,56.671199798583984,0.505471408367157
5188,165,0.08056640625,0.18655773997306824,56.378597259521484,0.5114859342575073
5189,175,0.08544921875,0.18633633852005005,57.65713119506836,0.49483028054237366
5190,210,0.1025390625,0.16775085031986237,56.972084045410156,0.5055118203163147
5191,261,0.12744140625,0.16687151789665222,57.14925765991211,0.5075497031211853
5192,210,0.1025390625,0.1854640692472458,56.70745086669922,0.505949079990387
5193,278,0.1357421875,0.17189525067806244,58.40433120727539,0.4829332232475281
5194,251,0.12255859375,0.17256034910678864,57.283206939697266,0.5014932155609131
5195,204,0.099609375,0.19982609152793884,55.24984359741211,0.523270845413208
5196,221,0.10791015625,0.20363327860832214,56.976932525634766,0.5036227107048035
5197,194,0.0947265625,0.20507119596004486,55.11164474487305,0.5227471590042114
5198,238,0.1162109375,0.1868400126695633,58.01235580444336,0.4871748983860016
5199,235,0.11474609375,0.192861407995224,58.507286071777344,0.48310065269470215
5200,309,0.15087890625,0.2294265776872635,58.14192581176758,0.48591628670692444
5201,355,0.17333984375,0.1906806379556656,57.34383773803711,0.5035220384597778
5202,318,0.1552734375,0.19589614868164062,57.32331085205078,0.5014967322349548
5203,353,0.17236328125,0.17333915829658508,58.17509078979492,0.48514044284820557
5204,454,0.2216796875,0.18381570279598236,56.560821533203125,0.5082727074623108
5205,330,0.1611328125,0.18906977772712708,57.27998352050781,0.5014141798019409
5206,322,0.1572265625,0.182747945189476,58.50239562988281,0.4832916259765625
5207,297,0.14501953125,0.1876499503850937,58.226890563964844,0.4906929135322571
5208,331,0.16162109375,0.19512717425823212,57.70795822143555,0.49260851740837097
5209,302,0.1474609375,0.2096634954214096,58.260860443115234,0.48265963792800903
5210,265,0.12939453125,0.2409440279006958,56.10416030883789,0.5177154541015625
5211,314,0.1533203125,0.27930787205696106,56.880393981933594,0.5052918195724487
5212,262,0.1279296875,0.23552212119102478,57.80220031738281,0.4906262159347534
5213,275,0.13427734375,0.23786023259162903,58.468570709228516,0.4884682893753052
5214,248,0.12109375,0.2231542319059372,56.03370666503906,0.519538164138794
5215,324,0.158203125,0.2514798939228058,56.47600173950195,0.5115278959274292
5216,310,0.1513671875,0.21757332980632782,57.74993133544922,0.498806357383728
5217,352,0.171875,0.23914949595928192,58.13779067993164,0.4919307827949524
5218,385,0.18798828125,0.1901516318321228,57.90019226074219,0.48962703347206116
5219,394,0.1923828125,0.17619533836841583,57.69847106933594,0.497160404920578
5220,885,0.43212890625,0.1954258531332016,57.02037811279297,0.5047890543937683
5221,493,0.24072265625,0.16811522841453552,58.04127883911133,0.48847028613090515
5222,360,0.17578125,0.1659250408411026,57.58473205566406,0.4956212341785431
5223,297,0.14501953125,0.17449712753295898,56.57963562011719,0.5092723965644836
5224,279,0.13623046875,0.18881060183048248,56.355567932128906,0.5113064646720886
5225,251,0.12255859375,0.20161403715610504,56.52056121826172,0.5120713710784912
5226,295,0.14404296875,0.209354430437088,60.316009521484375,0.46598148345947266
5227,252,0.123046875,0.202603280544281,57.049224853515625,0.5076505541801453
5228,229,0.11181640625,0.20609301328659058,58.00954055786133,0.4897133708000183
5229,249,0.12158203125,0.19777831435203552,58.980079650878906,0.4784766733646393
5230,236,0.115234375,0.21610786020755768,56.08664321899414,0.5162134766578674
5231,210,0.1025390625,0.2436104267835617,57.53291320800781,0.49178093671798706
5232,179,0.08740234375,0.2650485336780548,58.38912582397461,0.4922393262386322
5233,178,0.0869140625,0.27735960483551025,57.13114547729492,0.4982682466506958
5234,207,0.10107421875,0.2508782744407654,56.833683013916016,0.5071209669113159
5235,216,0.10546875,0.24942722916603088,56.71626663208008,0.5077061057090759
5236,334,0.1630859375,0.18477818369865417,58.237953186035156,0.4857001006603241
5237,299,0.14599609375,0.1998196393251419,58.26195526123047,0.49049198627471924
5238,407,0.19873046875,0.18279515206813812,58.24495315551758,0.48709022998809814
5239,411,0.20068359375,0.20986559987068176,57.96795654296875,0.4919978380203247
5240,33,0.01611328125,0.4487244486808777,61.22431945800781,0.4527389109134674
5241,31,0.01513671875,0.44041895866394043,59.091407775878906,0.4697197377681732
5242,35,0.01708984375,0.4311721920967102,62.52082061767578,0.4288492202758789
5243,41,0.02001953125,0.4369569718837738,58.84232711791992,0.4784640669822693
5244,39,0.01904296875,0.3748049736022949,63.30842971801758,0.4317525327205658
5245,41,0.02001953125,0.3433121144771576,57.62851333618164,0.5042468905448914
5246,36,0.017578125,0.3365694284439087,56.02694320678711,0.5252330303192139
5247,41,0.02001953125,0.305327832698822,54.17154312133789,0.5405592322349548
5248,43,0.02099609375,0.26924461126327515,55.78379821777344,0.5305089950561523
5249,46,0.0224609375,0.3112829327583313,55.2155647277832,0.5219374299049377
5250,53,0.02587890625,0.30785736441612244,57.34531784057617,0.49147242307662964
5251,54,0.0263671875,0.33534860610961914,59.31040573120117,0.48481953144073486
5252,52,0.025390625,0.35891613364219666,57.55733871459961,0.4912005066871643
5253,57,0.02783203125,0.37081414461135864,55.4708137512207,0.5325796008110046
5254,63,0.03076171875,0.3433357775211334,58.16575241088867,0.4785695970058441
5255,63,0.03076171875,0.36083605885505676,58.81410598754883,0.46997156739234924
5256,62,0.0302734375,0.36508581042289734,58.16151428222656,0.49065345525741577
5257,61,0.02978515625,0.3788582980632782,56.223880767822266,0.5159120559692383
5258,63,0.03076171875,0.39339226484298706,60.59397506713867,0.4437427222728729
5259,64,0.03125,0.4154703617095947,59.08551025390625,0.47351258993148804
5260,76,0.037109375,0.3836875855922699,58.59894943237305,0.48246970772743225
5261,75,0.03662109375,0.394787460565567,58.115116119384766,0.48615172505378723
5262,72,0.03515625,0.39968425035476685,56.49764633178711,0.5177203416824341
5263,77,0.03759765625,0.4141359031200409,56.312557220458984,0.5111663341522217
5264,78,0.0380859375,0.3883786201477051,57.878868103027344,0.49592262506484985
5265,78,0.0380859375,0.39834532141685486,58.3071174621582,0.4866853356361389
5266,77,0.03759765625,0.3790462911128998,53.29035568237305,0.5503291487693787
5267,75,0.03662109375,0.36199530959129333,56.154727935791016,0.517295241355896
5268,81,0.03955078125,0.3982768654823303,58.50404357910156,0.47588983178138733
5269,75,0.03662109375,0.37300488352775574,57.75457763671875,0.5015104413032532
5270,75,0.03662109375,0.3983666002750397,59.212467193603516,0.4725522994995117
5271,75,0.03662109375,0.40066608786582947,56.08295440673828,0.5101368427276611
5272,67,0.03271484375,0.39651548862457275,57.49172592163086,0.49754634499549866
5273,71,0.03466796875,0.38820141553878784,57.12581253051758,0.49402767419815063
5274,78,0.0380859375,0.3948371112346649,55.96622848510742,0.5148755311965942
5275,78,0.0380859375,0.3469749093055725,59.35398483276367,0.47136232256889343
5276,76,0.037109375,0.3672662377357483,57.98701095581055,0.4910087585449219
5277,74,0.0361328125,0.4329564571380615,56.69270706176758,0.5112634897232056
5278,67,0.03271484375,0.40235352516174316,60.27824783325195,0.4623447358608246
5279,65,0.03173828125,0.42052096128463745,61.96084213256836,0.43513959646224976
5280,153,0.07470703125,0.36288148164749146,56.17287063598633,0.5180774927139282
5281,149,0.07275390625,0.3778139054775238,57.63310241699219,0.49605274200439453
5282,168,0.08203125,0.3680386245250702,60.08285140991211,0.4655887186527252
5283,187,0.09130859375,0.33783867955207825,56.67760467529297,0.510102391242981
5284,157,0.07666015625,0.36108672618865967,56.61805725097656,0.5086337327957153
5285,171,0.08349609375,0.32023587822914124,55.679996490478516,0.529009222984314
5286,152,0.07421875,0.3518534302711487,55.226898193359375,0.5288965106010437
5287,164,0.080078125,0.3253104090690613,56.01490020751953,0.5109860301017761
5288,160,0.078125,0.3108036518096924,55.902076721191406,0.5137900710105896
5289,180,0.087890625,0.27147626876831055,55.81829833984375,0.5148571729660034
5290,200,0.09765625,0.25468820333480835,56.79826736450195,0.5097500085830688
5291,167,0.08154296875,0.31187501549720764,56.71059799194336,0.5108498334884644
5292,163,0.07958984375,0.29410967230796814,58.0387077331543,0.4907529056072235
5293,159,0.07763671875,0.2833091616630554,57.43893051147461,0.5022180676460266
5294,160,0.078125,0.2546367049217224,58.03908157348633,0.49311739206314087
5295,186,0.0908203125,0.23591524362564087,58.2340087890625,0.49431896209716797
5296,176,0.0859375,0.23134204745292664,54.43232345581055,0.5331529974937439
5297,166,0.0810546875,0.24696798622608185,55.5945930480957,0.5218523740768433
5298,155,0.07568359375,0.24629506468772888,56.890201568603516,0.5117068290710449
5299,178,0.0869140625,0.2333114892244339,57.851741790771484,0.49702101945877075
5300,183,0.08935546875,0.2320566624403,55.695858001708984,0.5168571472167969
5301,171,0.08349609375,0.2501251995563507,57.323646545410156,0.5002243518829346
5302,177,0.08642578125,0.2814698815345764,55.15764617919922,0.5315433144569397
5303,154,0.0751953125,0.2971818149089813,57.982852935791016,0.49150899052619934
5304,138,0.0673828125,0.329799085855484,55.353515625,0.5261088609695435
5305,126,0.0615234375,0.36268454790115356,59.283287048339844,0.47143495082855225
5306,120,0.05859375,0.41010406613349915,54.492496490478516,0.5414139032363892
5307,123,0.06005859375,0.40000078082084656,53.44097137451172,0.5533568263053894
5308,125,0.06103515625,0.3613808751106262,54.82475662231445,0.5365653038024902
5309,140,0.068359375,0.32448986172676086,57.903175354003906,0.48888540267944336
5310,117,0.05712890625,0.363415002822876,55.75303649902344,0.5197479128837585
5311,119,0.05810546875,0.3733990490436554,56.97005081176758,0.5034917593002319
5312,114,0.0556640625,0.3832252323627472,53.30197525024414,0.5530674457550049
5313,127,0.06201171875,0.3647328019142151,56.10982894897461,0.510835587978363
5314,128,0.0625,0.36710962653160095,57.73478698730469,0.4893479347229004
5315,131,0.06396484375,0.3706859052181244,55.371978759765625,0.5184804201126099
5316,123,0.06005859375,0.38875794410705566,54.971839904785156,0.5296061635017395
5317,119,0.05810546875,0.3709932565689087,54.24556350708008,0.5350522398948669
5318,134,0.0654296875,0.3848145604133606,54.08335876464844,0.5384983420372009
5319,129,0.06298828125,0.3761743903160095,57.24441909790039,0.498433917760849
5320,42,0.0205078125,0.4701860249042511,63.37723922729492,0.42078253626823425
5321,45,0.02197265625,0.5740299224853516,53.33303451538086,0.5448273420333862
5322,43,0.02099609375,0.5400506258010864,53.83270263671875,0.5446721911430359
5323,44,0.021484375,0.501588761806488,60.19072341918945,0.4430844485759735
5324,43,0.02099609375,0.4769483506679535,58.10542297363281,0.4825960099697113
5325,44,0.021484375,0.3775053322315216,60.066505432128906,0.47256705164909363
5326,48,0.0234375,0.35841530561447144,57.45549392700195,0.491656094789505
5327,49,0.02392578125,0.3418046832084656,63.2211799621582,0.40688028931617737
5328,47,0.02294921875,0.3275192677974701,59.50836944580078,0.4746452569961548
5329,45,0.02197265625,0.3592323660850525,59.19181823730469,0.48358699679374695
5330,37,0.01806640625,0.440595418214798,51.47724151611328,0.5801364183425903
5331,38,0.0185546875,0.44548696279525757,55.64408874511719,0.5144697427749634
5332,36,0.017578125,0.44421955943107605,60.80949020385742,0.4570487439632416
5333,41,0.02001953125,0.4420851469039917,61.13519287109375,0.4562762975692749
5334,38,0.0185546875,0.5192145109176636,57.818294525146484,0.49819526076316833
5335,39,0.01904296875,0.5640749931335449,52.56066131591797,0.5606917142868042
5336,42,0.0205078125,0.5293892025947571,58.289794921875,0.48589426279067993
5337,40,0.01953125,0.504496693611145,56.87957000732422,0.4959634244441986
5338,42,0.0205078125,0.5563082098960876,56.05078887939453,0.5163543224334717
5339,41,0.02001953125,0.5775506496429443,57.95228958129883,0.5004592537879944
5340,45,0.02197265625,0.5339315533638,56.14173126220703,0.5167399048805237
5341,49,0.02392578125,0.4383816421031952,56.26972579956055,0.5110357999801636
5342,55,0.02685546875,0.4568537771701813,53.49601745605469,0.5546025633811951
5343,56,0.02734375,0.444653183221817,52.62530517578125,0.5578600168228149
5344,74,0.0361328125,0.4021727740764618,53.22758102416992,0.5461865067481995
5345,79,0.03857421875,0.3590342700481415,55.365333557128906,0.5327355265617371
5346,79,0.03857421875,0.39764246344566345,57.4624137878418,0.49625715613365173
5347,79,0.03857421875,0.3359875977039337,56.39977264404297,0.5113004446029663
5348,92,0.044921875,0.31029975414276123,58.147159576416016,0.4943394362926483
5349,94,0.0458984375,0.3003976047039032,57.94329833984375,0.4987607002258301
5350,90,0.0439453125,0.30790579319000244,57.41225051879883,0.5004114508628845
5351,102,0.0498046875,0.30474767088890076,58.29801559448242,0.48785629868507385
5352,77,0.03759765625,0.35263127088546753,55.5366096496582,0.5254691243171692
5353,81,0.03955078125,0.30849307775497437,56.71125030517578,0.4995884895324707
5354,92,0.044921875,0.2944154739379883,53.8344612121582,0.5410014986991882
5355,92,0.044921875,0.29447391629219055,55.204627990722656,0.5248233675956726
5356,101,0.04931640625,0.27489563822746277,54.863338470458984,0.5241394639015198
5357,139,0.06787109375,0.22910085320472717,54.431663513183594,0.5270147919654846
5358,117,0.05712890625,0.26632776856422424,54.89540100097656,0.521755039691925
5359,139,0.06787109375,0.19608384370803833,55.33416748046875,0.5218299627304077
5360,148,0.072265625,0.28561335802078247,55.195526123046875,0.5277612805366516
5361,139,0.06787109375,0.29200923442840576,56.358665466308594,0.5093141794204712
5362,130,0.0634765625,0.2882583439350128,55.181114196777344,0.5238474011421204
5363,108,0.052734375,0.31873950362205505,52.95417022705078,0.556522786617279
5364,108,0.052734375,0.31845611333847046,56.102752685546875,0.5131537914276123
5365,107,0.05224609375,0.3224630355834961,58.125770568847656,0.48521435260772705
5366,107,0.05224609375,0.32559916377067566,54.93259811401367,0.5247750878334045
5367,108,0.052734375,0.33359917998313904,58.38321304321289,0.48629212379455566
5368,111,0.05419921875,0.341487854719162,58.807926177978516,0.4797191917896271
5369,104,0.05078125,0.34193024039268494,58.88589096069336,0.48260805010795593
5370,120,0.05859375,0.3224353790283203,57.46746826171875,0.49486595392227173
5371,125,0.06103515625,0.3414759635925293,57.29496765136719,0.4913471043109894
5372,118,0.0576171875,0.3597984313964844,60.35791778564453,0.4584454298019409
5373,134,0.0654296875,0.3236232399940491,59.80225372314453,0.4641607701778412
5374,109,0.05322265625,0.3513551950454712,57.97138214111328,0.4897972643375397
5375,118,0.0576171875,0.3539104759693146,61.497074127197266,0.4424290657043457
5376,122,0.0595703125,0.34984123706817627,55.64295196533203,0.5212620496749878
5377,99,0.04833984375,0.36458662152290344,56.11028289794922,0.5073252320289612
5378,96,0.046875,0.3620906174182892,56.55963134765625,0.5070445537567139
5379,111,0.05419921875,0.367753803730011,52.654327392578125,0.5575574636459351
5380,123,0.06005859375,0.35692664980888367,57.61383819580078,0.49257758259773254
5381,105,0.05126953125,0.4191778600215912,60.95158386230469,0.45307663083076477
5382,105,0.05126953125,0.4149891138076782,56.93768310546875,0.5031554698944092
5383,84,0.041015625,0.4732435643672943,59.00045394897461,0.4813002943992615
5384,86,0.0419921875,0.46094027161598206,61.365108489990234,0.4417586326599121
5385,75,0.03662109375,0.4523494839668274,61.49411392211914,0.44552361965179443
5386,84,0.041015625,0.4319688081741333,59.57083511352539,0.4705331027507782
5387,86,0.0419921875,0.4190830886363983,58.988525390625,0.4745801091194153
5388,84,0.041015625,0.3765079975128174,55.40376281738281,0.5234426259994507
5389,95,0.04638671875,0.3830609619617462,60.409271240234375,0.45553356409072876
5390,91,0.04443359375,0.38198962807655334,62.01835250854492,0.4370586574077606
5391,90,0.0439453125,0.3540249466896057,58.953834533691406,0.47998639941215515
5392,97,0.04736328125,0.357088178396225,60.80855941772461,0.44847822189331055
5393,107,0.05224609375,0.37876826524734497,59.62486267089844,0.46635186672210693
5394,117,0.05712890625,0.37460261583328247,59.80067443847656,0.4704430401325226
5395,115,0.05615234375,0.3676856756210327,59.97172927856445,0.46695834398269653
5396,118,0.0576171875,0.37687674164772034,59.730892181396484,0.47367063164711
5397,110,0.0537109375,0.3774449825286865,58.95732116699219,0.48297640681266785
5398,110,0.0537109375,0.3777294456958771,56.21717071533203,0.5154730677604675
5399,110,0.0537109375,0.37887996435165405,56.0687141418457,0.515431821346283
5400,95,0.04638671875,0.3574697971343994,59.22793960571289,0.47103577852249146
5401,92,0.044921875,0.38567736744880676,58.28561782836914,0.4908927381038666
5402,83,0.04052734375,0.4116154611110687,58.46492004394531,0.4863317012786865
5403,85,0.04150390625,0.40302079916000366,57.79502487182617,0.5015812516212463
5404,100,0.048828125,0.4589184522628784,57.249549865722656,0.5008862614631653
5405,100,0.048828125,0.38290706276893616,56.44182586669922,0.5215733051300049
5406,104,0.05078125,0.37707433104515076,56.38031005859375,0.5184956789016724
5407,113,0.05517578125,0.41138795018196106,56.872222900390625,0.5088909864425659
5408,160,0.078125,0.3674546480178833,54.889808654785156,0.5322117805480957
5409,162,0.0791015625,0.37347593903541565,53.36656188964844,0.5511673092842102
5410,197,0.09619140625,0.3419151306152344,56.450279235839844,0.5106191635131836
5411,197,0.09619140625,0.36440375447273254,56.50111389160156,0.5136286020278931
5412,162,0.0791015625,0.34680745005607605,58.32917404174805,0.4855861961841583
5413,166,0.0810546875,0.32362088561058044,57.14313888549805,0.49759477376937866
5414,164,0.080078125,0.3803880214691162,53.296661376953125,0.5511895418167114
5415,186,0.0908203125,0.35252845287323,56.6483268737793,0.506549596786499
5416,188,0.091796875,0.34154531359672546,59.98662567138672,0.46968844532966614
5417,175,0.08544921875,0.34380289912223816,57.20417785644531,0.5035557746887207
5418,193,0.09423828125,0.3406955599784851,59.594993591308594,0.4719480872154236
5419,176,0.0859375,0.3159835934638977,60.053955078125,0.4683281183242798
5420,173,0.08447265625,0.32850372791290283,58.70358657836914,0.4857482612133026
5421,154,0.0751953125,0.31825166940689087,54.97756576538086,0.5281352400779724
5422,173,0.08447265625,0.3316497206687927,57.61052703857422,0.49614909291267395
5423,143,0.06982421875,0.377370148897171,57.547119140625,0.5034096240997314
5424,127,0.06201171875,0.38328343629837036,58.06678009033203,0.49280673265457153
5425,141,0.06884765625,0.35827645659446716,57.63875961303711,0.49767521023750305
5426,122,0.0595703125,0.37942397594451904,58.519378662109375,0.482421875
5427,137,0.06689453125,0.38639137148857117,58.165435791015625,0.48718345165252686
5428,141,0.06884765625,0.3842901289463043,57.31906509399414,0.5014075040817261
5429,161,0.07861328125,0.3658723533153534,58.615936279296875,0.48603948950767517
5430,173,0.08447265625,0.38797831535339355,56.73662567138672,0.509009838104248
5431,154,0.0751953125,0.3787029981613159,56.41208267211914,0.5106015801429749
5432,133,0.06494140625,0.3804512917995453,57.99439239501953,0.49199700355529785
5433,104,0.05078125,0.40456676483154297,53.42104721069336,0.5499160885810852
5434,94,0.0458984375,0.4680921733379364,56.680030822753906,0.5090962052345276
5435,109,0.05322265625,0.40524619817733765,57.56439208984375,0.49322566390037537
5436,113,0.05517578125,0.38245996832847595,57.3255500793457,0.5028754472732544
5437,140,0.068359375,0.33383047580718994,56.44820022583008,0.5160723924636841
5438,170,0.0830078125,0.31030943989753723,59.6673469543457,0.4739234447479248
5439,188,0.091796875,0.2962668538093567,59.84581756591797,0.4693160057067871
5440,71,0.03466796875,0.2447943091392517,59.54829025268555,0.4606609642505646
5441,75,0.03662109375,0.21583141386508942,54.09651184082031,0.5372232794761658
5442,73,0.03564453125,0.17859980463981628,57.472957611083984,0.504156231880188
5443,86,0.0419921875,0.17895936965942383,57.69786834716797,0.5030549764633179
5444,82,0.0400390625,0.17884108424186707,56.10535430908203,0.5225144624710083
5445,84,0.041015625,0.17758066952228546,56.22768020629883,0.5212397575378418
5446,78,0.0380859375,0.16774754226207733,57.47765350341797,0.5018588304519653
5447,78,0.0380859375,0.17192311584949493,57.15336990356445,0.49752068519592285
5448,88,0.04296875,0.1598929464817047,55.16364669799805,0.5251681208610535
5449,89,0.04345703125,0.16725587844848633,56.96601867675781,0.4989187717437744
5450,86,0.0419921875,0.1810699701309204,58.01115798950195,0.4905218482017517
5451,83,0.04052734375,0.16057448089122772,58.06023025512695,0.48591348528862
5452,82,0.0400390625,0.16261442005634308,55.1647834777832,0.5266573429107666
5453,74,0.0361328125,0.1855400949716568,55.72119140625,0.5193172097206116
5454,67,0.03271484375,0.22636626660823822,53.45866775512695,0.5460477471351624
5455,74,0.0361328125,0.20210452377796173,55.68621826171875,0.5286683440208435
5456,84,0.041015625,0.20327214896678925,53.550048828125,0.5406994819641113
5457,79,0.03857421875,0.1892879456281662,56.885643005371094,0.509820818901062
5458,75,0.03662109375,0.20389099419116974,58.335365295410156,0.48475778102874756
5459,67,0.03271484375,0.23110640048980713,56.626258850097656,0.5109089612960815
5460,69,0.03369140625,0.23209266364574432,58.86283493041992,0.47418904304504395
5461,75,0.03662109375,0.21954941749572754,56.27475357055664,0.512336015701294
5462,76,0.037109375,0.19871757924556732,56.93930435180664,0.49977120757102966
5463,77,0.03759765625,0.20188124477863312,58.016380310058594,0.4889521300792694
5464,76,0.037109375,0.1912890523672104,57.153507232666016,0.4966597259044647
5465,79,0.03857421875,0.20081324875354767,59.808685302734375,0.47175660729408264
5466,66,0.0322265625,0.25301679968833923,59.64579772949219,0.4645613729953766
5467,62,0.0302734375,0.23809215426445007,59.178279876708984,0.4720728099346161
5468,57,0.02783203125,0.24638718366622925,55.04994201660156,0.5248945355415344
5469,57,0.02783203125,0.23230555653572083,61.24092483520508,0.4399406313896179
5470,58,0.0283203125,0.2447461038827896,57.60347366333008,0.4801657795906067
5471,47,0.02294921875,0.2853935658931732,55.61122512817383,0.522681713104248
5472,48,0.0234375,0.29923883080482483,55.02662658691406,0.5299005508422852
5473,53,0.02587890625,0.2800094187259674,57.24186325073242,0.49796774983406067
5474,54,0.0263671875,0.30521056056022644,53.782737731933594,0.5484812259674072
5475,48,0.0234375,0.3356471061706543,54.11360168457031,0.5423145890235901
5476,50,0.0244140625,0.31108373403549194,54.81120300292969,0.5266396999359131
5477,50,0.0244140625,0.3050883114337921,57.91401672363281,0.4922753870487213
5478,50,0.0244140625,0.2911747992038727,56.47110366821289,0.5211593508720398
5479,53,0.02587890625,0.2878873646259308,53.939056396484375,0.537132740020752
5480,117,0.05712890625,0.30640166997909546,57.59260559082031,0.4854600429534912
5481,115,0.05615234375,0.31288930773735046,58.110416412353516,0.48812246322631836
5482,121,0.05908203125,0.3028329014778137,56.00832748413086,0.5188996195793152
5483,136,0.06640625,0.2939060628414154,55.716182708740234,0.5235077142715454
5484,139,0.06787109375,0.2833672761917114,54.98087692260742,0.5287005305290222
5485,138,0.0673828125,0.27142971754074097,55.551944732666016,0.5187951326370239
5486,128,0.0625,0.2988719940185547,59.455013275146484,0.46486157178878784
5487,136,0.06640625,0.292276531457901,57.99312973022461,0.4883778989315033
5488,146,0.0712890625,0.28958946466445923,58.56740188598633,0.48422831296920776
5489,151,0.07373046875,0.2767890989780426,57.022254943847656,0.49573203921318054
5490,136,0.06640625,0.31450361013412476,58.73263168334961,0.48388856649398804
5491,138,0.0673828125,0.3065537214279175,58.92237091064453,0.47445690631866455
5492,146,0.0712890625,0.3089071214199066,55.44047164916992,0.5253772735595703
5493,152,0.07421875,0.2981327772140503,55.53205490112305,0.5213418006896973
5494,138,0.0673828125,0.31014302372932434,54.67302703857422,0.5373415946960449
5495,132,0.064453125,0.2963261902332306,57.41424560546875,0.497154176235199
5496,132,0.064453125,0.28197193145751953,55.79173278808594,0.5187748074531555
5497,136,0.06640625,0.2698001563549042,57.32417678833008,0.4949319064617157
5498,169,0.08251953125,0.2302946299314499,56.59672164916992,0.509069561958313
5499,147,0.07177734375,0.25625887513160706,57.046688079833984,0.5076600313186646
5500,158,0.0771484375,0.2236308604478836,56.03049087524414,0.5205743908882141
5501,163,0.07958984375,0.20471203327178955,58.38645553588867,0.48812806606292725
5502,167,0.08154296875,0.21272911131381989,54.97575378417969,0.5387078523635864
5503,165,0.08056640625,0.23238039016723633,53.597068786621094,0.553924560546875
5504,165,0.08056640625,0.2390347123146057,55.96768569946289,0.5195949077606201
5505,139,0.06787109375,0.2613525390625,57.07467269897461,0.5087507367134094
5506,144,0.0703125,0.2572907507419586,56.759395599365234,0.5113312005996704
5507,125,0.06103515625,0.2634970247745514,53.779415130615234,0.5478678345680237
5508,120,0.05859375,0.28989377617836,53.534141540527344,0.5514336228370667
5509,106,0.0517578125,0.32548776268959045,55.515602111816406,0.5228281617164612
5510,124,0.060546875,0.3115001618862152,58.728336334228516,0.47942250967025757
5511,120,0.05859375,0.30461233854293823,58.27212905883789,0.4910931885242462
5512,103,0.05029296875,0.3542751967906952,58.7701301574707,0.4725712835788727
5513,93,0.04541015625,0.3769041895866394,57.492130279541016,0.49721983075141907
5514,88,0.04296875,0.41175153851509094,60.300960540771484,0.4619562327861786
5515,82,0.0400390625,0.418618768453598,57.47468566894531,0.4996275007724762
5516,90,0.0439453125,0.4226778745651245,56.469764709472656,0.5128771662712097
5517,86,0.0419921875,0.43923503160476685,57.57905197143555,0.4942532479763031
5518,89,0.04345703125,0.4366004168987274,57.41515350341797,0.49615997076034546
5519,81,0.03955078125,0.44865694642066956,52.2245979309082,0.5685771107673645
5520,169,0.08251953125,0.19530154764652252,58.19873809814453,0.48921826481819153
5521,186,0.0908203125,0.20320510864257812,57.505123138427734,0.4983551800251007
5522,189,0.09228515625,0.19136954843997955,58.81990432739258,0.48501133918762207
5523,193,0.09423828125,0.17710068821907043,58.802825927734375,0.48222413659095764
5524,201,0.09814453125,0.18425524234771729,56.46394348144531,0.5053393244743347
5525,221,0.10791015625,0.16989704966545105,59.734893798828125,0.4633775055408478
5526,173,0.08447265625,0.21648794412612915,59.548702239990234,0.470152884721756
5527,191,0.09326171875,0.18457891047000885,59.74113464355469,0.46866652369499207
5528,166,0.0810546875,0.22062067687511444,60.44834899902344,0.4588337242603302
5529,160,0.078125,0.24389863014221191,58.88859176635742,0.48409605026245117
5530,159,0.07763671875,0.2634853422641754,57.58632278442383,0.4953865110874176
5531,170,0.0830078125,0.23949569463729858,57.9815788269043,0.49381133913993835
5532,167,0.08154296875,0.2466641664505005,58.4902229309082,0.48103436827659607
5533,195,0.09521484375,0.22466632723808289,57.354103088378906,0.4983345866203308
5534,199,0.09716796875,0.21333739161491394,55.5854606628418,0.5236824154853821
5535,165,0.08056640625,0.2516942322254181,56.99631118774414,0.5054791569709778
5536,168,0.08203125,0.23515357077121735,56.733543395996094,0.5113717913627625
5537,149,0.07275390625,0.2633371353149414,57.60882568359375,0.49496105313301086
5538,156,0.076171875,0.2571737766265869,55.980926513671875,0.5215973258018494
5539,167,0.08154296875,0.22163529694080353,57.10493850708008,0.5044989585876465
5540,181,0.08837890625,0.20379462838172913,59.809871673583984,0.4700257480144501
5541,187,0.09130859375,0.2001829892396927,60.08859634399414,0.4627373516559601
5542,162,0.0791015625,0.22606796026229858,60.150482177734375,0.46628546714782715
5543,180,0.087890625,0.18883435428142548,59.85163879394531,0.4629780650138855
5544,187,0.09130859375,0.1891038715839386,59.53384017944336,0.4634929299354553
5545,208,0.1015625,0.16900725662708282,59.09744644165039,0.4739234745502472
5546,169,0.08251953125,0.21141377091407776,59.96616744995117,0.46094828844070435
5547,172,0.083984375,0.20936518907546997,58.525630950927734,0.4803209602832794
5548,176,0.0859375,0.21632255613803864,59.879371643066406,0.46726444363594055
5549,198,0.0966796875,0.21699082851409912,58.09212875366211,0.4910427927970886
5550,196,0.095703125,0.21667686104774475,58.69623947143555,0.4784872531890869
5551,187,0.09130859375,0.2295571267604828,58.72288513183594,0.48050636053085327
5552,190,0.0927734375,0.21823598444461823,57.962608337402344,0.4906080663204193
5553,215,0.10498046875,0.1617894172668457,58.18123245239258,0.4850820004940033
5554,204,0.099609375,0.19791194796562195,58.177738189697266,0.4841684401035309
5555,192,0.09375,0.1950264871120453,57.9912109375,0.4892190992832184
5556,214,0.1044921875,0.18142017722129822,57.817989349365234,0.492959201335907
5557,217,0.10595703125,0.16478078067302704,59.89741897583008,0.46579641103744507
5558,221,0.10791015625,0.1951305866241455,59.14963150024414,0.4756600260734558
5559,236,0.115234375,0.16447706520557404,57.95772933959961,0.4902006983757019
5560,262,0.1279296875,0.11132833361625671,58.61995315551758,0.4848491847515106
5561,322,0.1572265625,0.10418763011693954,57.395538330078125,0.49974381923675537
5562,331,0.16162109375,0.10803693532943726,57.94985580444336,0.49000295996665955
5563,333,0.16259765625,0.11037599295377731,58.126834869384766,0.4855600893497467
5564,394,0.1923828125,0.12061424553394318,58.794898986816406,0.47808536887168884
5565,280,0.13671875,0.10441676527261734,58.22002029418945,0.48257359862327576
5566,378,0.1845703125,0.10525590926408768,57.7232666015625,0.49257200956344604
5567,519,0.25341796875,0.12670010328292847,55.750099182128906,0.5192811489105225
5568,903,0.44091796875,0.18074356019496918,57.85287857055664,0.4937847852706909
5569,191,0.09326171875,0.15354155004024506,58.040199279785156,0.481594055891037
5570,870,0.4248046875,0.13988514244556427,56.35128402709961,0.5127306580543518
5571,952,0.46484375,0.14136116206645966,56.52764892578125,0.5086421370506287
5572,586,0.2861328125,0.1353760063648224,56.5167236328125,0.509888231754303
5573,607,0.29638671875,0.1278105229139328,55.815120697021484,0.5198823809623718
5574,809,0.39501953125,0.16384749114513397,58.150794982910156,0.49019551277160645
5575,526,0.2568359375,0.1520720273256302,57.345550537109375,0.4985116124153137
5576,497,0.24267578125,0.1450137346982956,56.10150146484375,0.5173912048339844
5577,373,0.18212890625,0.15000982582569122,56.47222137451172,0.5107554197311401
5578,301,0.14697265625,0.1569526046514511,57.05074691772461,0.4990769624710083
5579,281,0.13720703125,0.1720542460680008,58.13032531738281,0.487840473651886
5580,282,0.1376953125,0.19039051234722137,57.99440383911133,0.48776471614837646
5581,392,0.19140625,0.17917439341545105,56.87250900268555,0.5091107487678528
5582,358,0.1748046875,0.19224360585212708,56.17869567871094,0.5111753344535828
5583,304,0.1484375,0.16961383819580078,56.89530944824219,0.5077060461044312
5584,373,0.18212890625,0.16635237634181976,56.76589584350586,0.5076834559440613
5585,361,0.17626953125,0.1667620837688446,56.86144256591797,0.5094665884971619
5586,376,0.18359375,0.1452300101518631,57.81092071533203,0.497464120388031
5587,371,0.18115234375,0.16849394142627716,57.720638275146484,0.49608945846557617
5588,302,0.1474609375,0.17126385867595673,55.52949142456055,0.5266801714897156
5589,315,0.15380859375,0.16155777871608734,57.483489990234375,0.49797677993774414
5590,302,0.1474609375,0.1386926919221878,56.264320373535156,0.5153538584709167
5591,271,0.13232421875,0.13466022908687592,55.21625518798828,0.5304943323135376
5592,192,0.09375,0.1777578741312027,56.434844970703125,0.5074359774589539
5593,146,0.0712890625,0.2226381152868271,56.46903610229492,0.509697437286377
5594,134,0.0654296875,0.2313871532678604,54.863128662109375,0.5297658443450928
5595,116,0.056640625,0.2297261506319046,54.68942642211914,0.5362194776535034
5596,142,0.0693359375,0.23914781212806702,55.05605697631836,0.5246562957763672
5597,152,0.07421875,0.17212733626365662,56.2541389465332,0.5154697299003601
5598,129,0.06298828125,0.1658950299024582,56.338478088378906,0.5148733854293823
5599,104,0.05078125,0.16956827044487,57.779605865478516,0.4981713593006134
5600,119,0.05810546875,0.39016810059547424,57.59376525878906,0.49626031517982483
5601,140,0.068359375,0.39741086959838867,57.36814880371094,0.5007518529891968
5602,137,0.06689453125,0.4059235751628876,58.24068069458008,0.48927614092826843
5603,125,0.06103515625,0.382667601108551,57.369510650634766,0.5001105666160583
5604,105,0.05126953125,0.3594217598438263,59.82984161376953,0.46456781029701233
5605,106,0.0517578125,0.38658997416496277,59.702880859375,0.4698171019554138
5606,119,0.05810546875,0.4100627601146698,58.63608169555664,0.48367705941200256
5607,136,0.06640625,0.4060232937335968,58.2030143737793,0.48573291301727295
5608,113,0.05517578125,0.4192306399345398,58.01057815551758,0.48265281319618225
5609,105,0.05126953125,0.3985646963119507,55.74099349975586,0.5215831398963928
5610,116,0.056640625,0.36782270669937134,58.7036018371582,0.48023760318756104
5611,119,0.05810546875,0.3580108880996704,58.62007141113281,0.47959020733833313
5612,121,0.05908203125,0.37073957920074463,57.16399002075195,0.5049623250961304
5613,147,0.07177734375,0.3290199935436249,58.2504768371582,0.4809938669204712
5614,169,0.08251953125,0.33853909373283386,57.98136520385742,0.4850706160068512
5615,158,0.0771484375,0.3153226971626282,59.78353500366211,0.4719008803367615
5616,127,0.06201171875,0.32172122597694397,59.27524185180664,0.47877031564712524
5617,135,0.06591796875,0.2730773985385895,55.25060272216797,0.5285346508026123
5618,174,0.0849609375,0.25597885251045227,55.79241180419922,0.5212260484695435
5619,132,0.064453125,0.2651059925556183,56.875526428222656,0.5037873983383179
5620,142,0.0693359375,0.30880868434906006,60.22499465942383,0.46436625719070435
5621,169,0.08251953125,0.29118096828460693,57.8010368347168,0.4988611340522766
5622,143,0.06982421875,0.2893604636192322,57.64128112792969,0.49935758113861084
5623,143,0.06982421875,0.32703927159309387,57.99497985839844,0.4892803132534027
5624,140,0.068359375,0.30896708369255066,58.63606262207031,0.47950777411460876
5625,132,0.064453125,0.3164965510368347,57.402469635009766,0.4943036735057831
5626,132,0.064453125,0.2826761305332184,56.73714828491211,0.5064861178398132
5627,113,0.05517578125,0.2985023260116577,55.822059631347656,0.5189971327781677
5628,125,0.06103515625,0.3541644513607025,57.429256439208984,0.498524934053421
5629,128,0.0625,0.38373929262161255,58.88642883300781,0.4851921796798706
5630,119,0.05810546875,0.3669344186782837,56.925533294677734,0.5080320835113525
5631,132,0.064453125,0.34973451495170593,55.226837158203125,0.5303121209144592
5632,179,0.08740234375,0.3598853647708893,57.02477264404297,0.5025402307510376
5633,184,0.08984375,0.348667174577713,56.344661712646484,0.5143944621086121
5634,225,0.10986328125,0.33261939883232117,56.545650482177734,0.5107578039169312
5635,218,0.1064453125,0.3114759624004364,56.42549133300781,0.5161465406417847
5636,178,0.0869140625,0.342848539352417,56.38226318359375,0.5155187249183655
5637,151,0.07373046875,0.34477490186691284,58.368350982666016,0.4877479374408722
5638,183,0.08935546875,0.33745214343070984,56.130767822265625,0.5177584886550903
5639,189,0.09228515625,0.3215554356575012,57.66606140136719,0.49523571133613586
5640,4,0.001953125,0.48644572496414185,54.591033935546875,0.5292586088180542
5641,9,0.00439453125,0.49370720982551575,50.61070251464844,0.5461530685424805
5642,12,0.005859375,0.4377731680870056,55.77680587768555,0.516831636428833
5643,13,0.00634765625,0.4754554331302643,56.003700256347656,0.5173167586326599
5644,10,0.0048828125,0.43192431330680847,55.483177185058594,0.5199908018112183
5645,12,0.005859375,0.4257848858833313,54.01408767700195,0.5479915738105774
5646,14,0.0068359375,0.3872346878051758,61.74488067626953,0.42277780175209045
5647,20,0.009765625,0.42261216044425964,61.20502853393555,0.4387384355068207
5648,21,0.01025390625,0.46035706996917725,57.129241943359375,0.508513331413269
5649,16,0.0078125,0.4927504062652588,56.11174011230469,0.5158644914627075
5650,21,0.01025390625,0.5019829869270325,60.89608383178711,0.4607412815093994
5651,26,0.0126953125,0.43357640504837036,58.742515563964844,0.4840180575847626
5652,32,0.015625,0.4574405550956726,63.71855926513672,0.4207530915737152
5653,32,0.015625,0.4505251944065094,58.349632263183594,0.49033889174461365
5654,31,0.01513671875,0.4350374639034271,54.87792205810547,0.5269790291786194
5655,30,0.0146484375,0.4384506046772003,55.820472717285156,0.5149484872817993
5656,25,0.01220703125,0.4579921066761017,56.989009857177734,0.49796950817108154
5657,30,0.0146484375,0.44860050082206726,58.57609939575195,0.486778199672699
5658,25,0.01220703125,0.4563175141811371,66.57653045654297,0.3743138611316681
5659,33,0.01611328125,0.5042125582695007,57.38364791870117,0.49786821007728577
5660,35,0.01708984375,0.535361647605896,53.52155685424805,0.5436639785766602
5661,25,0.01220703125,0.5020305514335632,55.337398529052734,0.5172117352485657
5662,22,0.0107421875,0.4690188467502594,62.40738296508789,0.423709511756897
5663,19,0.00927734375,0.4765682518482208,57.845916748046875,0.5033058524131775
5664,16,0.0078125,0.47403138875961304,51.92135238647461,0.592086911201477
5665,17,0.00830078125,0.4943568706512451,61.325008392333984,0.44263291358947754
5666,20,0.009765625,0.4988899230957031,61.2481803894043,0.45815762877464294
5667,22,0.0107421875,0.5083195567131042,60.2767448425293,0.4695467948913574
5668,22,0.0107421875,0.5624136328697205,54.28904724121094,0.5455957651138306
5669,27,0.01318359375,0.567941427230835,58.91006851196289,0.4810987412929535
5670,28,0.013671875,0.49827006459236145,54.196685791015625,0.5440632104873657
5671,24,0.01171875,0.4944341480731964,51.7295036315918,0.5736436247825623
5672,22,0.0107421875,0.4705011546611786,55.34626388549805,0.531982958316803
5673,27,0.01318359375,0.5489195585250854,61.518367767333984,0.43658870458602905
5674,27,0.01318359375,0.5165054202079773,57.786685943603516,0.4887453019618988
5675,34,0.0166015625,0.4624849557876587,52.76637268066406,0.5573445558547974
5676,25,0.01220703125,0.45075681805610657,59.46728515625,0.4740714728832245
5677,23,0.01123046875,0.44319579005241394,59.38960647583008,0.47195571660995483
5678,28,0.013671875,0.43545001745224,56.61929702758789,0.5008214116096497
5679,25,0.01220703125,0.48206430673599243,52.53742599487305,0.5613207817077637
5680,136,0.06640625,0.39654451608657837,58.18539810180664,0.48423463106155396
5681,153,0.07470703125,0.41695770621299744,57.39651107788086,0.5012434720993042
5682,146,0.0712890625,0.3868941366672516,56.31925582885742,0.5134621858596802
5683,141,0.06884765625,0.3741828203201294,56.55024719238281,0.5127413272857666
5684,138,0.0673828125,0.3860408067703247,55.07455825805664,0.5313380360603333
5685,137,0.06689453125,0.3751833140850067,56.606815338134766,0.5107426047325134
5686,135,0.06591796875,0.3633238971233368,58.48760223388672,0.48315510153770447
5687,143,0.06982421875,0.35705387592315674,58.657752990722656,0.4848519563674927
5688,150,0.0732421875,0.3853395879268646,57.3438720703125,0.4973251223564148
5689,137,0.06689453125,0.3766515552997589,58.228755950927734,0.486269474029541
5690,141,0.06884765625,0.3724987804889679,56.784671783447266,0.512063205242157
5691,144,0.0703125,0.37823835015296936,59.02287292480469,0.48024553060531616
5692,136,0.06640625,0.38405096530914307,57.441505432128906,0.5041084289550781
5693,147,0.07177734375,0.3761238753795624,55.431175231933594,0.5228157043457031
5694,144,0.0703125,0.40474724769592285,54.53402328491211,0.5406313538551331
5695,161,0.07861328125,0.386053204536438,55.25960922241211,0.5251165628433228
5696,166,0.0810546875,0.3582901656627655,56.8022346496582,0.5096607208251953
5697,178,0.0869140625,0.37961545586586,55.00925064086914,0.5355989933013916
5698,150,0.0732421875,0.42478761076927185,52.633567810058594,0.5646873712539673
5699,175,0.08544921875,0.4294879734516144,59.54121780395508,0.46889954805374146
5700,177,0.08642578125,0.4406305253505707,57.41642379760742,0.49522238969802856
5701,168,0.08203125,0.44836854934692383,55.5836296081543,0.5243939161300659
5702,158,0.0771484375,0.445667028427124,58.07101821899414,0.4887591004371643
5703,173,0.08447265625,0.4362379014492035,57.01162338256836,0.505792498588562
5704,155,0.07568359375,0.44733598828315735,57.26081848144531,0.501936137676239
5705,152,0.07421875,0.4538429081439972,55.86022186279297,0.5202822685241699
5706,162,0.0791015625,0.438944011926651,58.138362884521484,0.4854876697063446
5707,119,0.05810546875,0.4887996017932892,55.95039367675781,0.5234729051589966
5708,113,0.05517578125,0.47969353199005127,58.176368713378906,0.48438960313796997
5709,115,0.05615234375,0.46703824400901794,59.12174606323242,0.4731757640838623
5710,121,0.05908203125,0.4802001714706421,59.407691955566406,0.47118818759918213
5711,135,0.06591796875,0.4817095398902893,55.862632751464844,0.5220403671264648
5712,145,0.07080078125,0.4504040777683258,55.95153045654297,0.518548846244812
5713,168,0.08203125,0.43705111742019653,56.55411911010742,0.5071950554847717
5714,139,0.06787109375,0.45253196358680725,59.38265609741211,0.4719647765159607
5715,147,0.07177734375,0.45843103528022766,58.6702995300293,0.48609405755996704
5716,160,0.078125,0.43933776021003723,57.38043975830078,0.49398669600486755
5717,173,0.08447265625,0.4381580352783203,58.11933135986328,0.4882262647151947
5718,165,0.08056640625,0.43953585624694824,57.391719818115234,0.49758031964302063
5719,165,0.08056640625,0.4325660765171051,57.9401969909668,0.48716869950294495
5720,41,0.02001953125,0.450928270816803,60.732295989990234,0.4563821852207184
5721,37,0.01806640625,0.44568929076194763,54.538482666015625,0.5460823178291321
5722,41,0.02001953125,0.4340589940547943,54.49845886230469,0.5305424332618713
5723,39,0.01904296875,0.4707903563976288,61.05706787109375,0.4520498514175415
5724,34,0.0166015625,0.46404731273651123,59.68804931640625,0.47341156005859375
5725,29,0.01416015625,0.44201764464378357,57.110958099365234,0.5154885649681091
5726,29,0.01416015625,0.46476873755455017,57.00950622558594,0.5085519552230835
5727,25,0.01220703125,0.46234455704689026,54.44883728027344,0.5482376217842102
5728,23,0.01123046875,0.46694570779800415,58.362911224365234,0.49623119831085205
5729,23,0.01123046875,0.4693707823753357,54.7844352722168,0.547325611114502
5730,28,0.013671875,0.4840540587902069,57.38910675048828,0.5090389847755432
5731,36,0.017578125,0.5063765048980713,52.916786193847656,0.5632018446922302
5732,32,0.015625,0.4805442988872528,56.31245040893555,0.529869556427002
5733,37,0.01806640625,0.4961893558502197,57.2952766418457,0.5167132616043091
5734,40,0.01953125,0.4590890109539032,59.667137145996094,0.4746006429195404
5735,44,0.021484375,0.44039174914360046,59.770748138427734,0.4699324369430542
5736,56,0.02734375,0.4001842737197876,61.23678207397461,0.44502806663513184
5737,51,0.02490234375,0.4361268877983093,59.60479736328125,0.4776082932949066
5738,57,0.02783203125,0.4295152723789215,56.5604133605957,0.5180286765098572
5739,57,0.02783203125,0.3962423503398895,56.380462646484375,0.520317554473877
5740,60,0.029296875,0.3866618275642395,52.39419174194336,0.5709670186042786
5741,60,0.029296875,0.38513055443763733,52.751712799072266,0.5666570663452148
5742,66,0.0322265625,0.3825623691082001,54.45024871826172,0.5426745414733887
5743,64,0.03125,0.39984020590782166,56.085052490234375,0.5207024812698364
5744,69,0.03369140625,0.37108170986175537,55.82997131347656,0.5196831822395325
5745,69,0.03369140625,0.36044076085090637,55.13731384277344,0.5310344696044922
5746,65,0.03173828125,0.4034748077392578,56.37355422973633,0.5119854211807251
5747,69,0.03369140625,0.3854959309101105,54.08448791503906,0.5343273282051086
5748,68,0.033203125,0.3840814232826233,55.286842346191406,0.5239315032958984
5749,68,0.033203125,0.384282648563385,56.423763275146484,0.5107588171958923
5750,69,0.03369140625,0.3713652193546295,57.11406707763672,0.5017409920692444
5751,74,0.0361328125,0.3919384479522705,55.467613220214844,0.5216469168663025
5752,79,0.03857421875,0.3707912564277649,55.28834533691406,0.5189043283462524
5753,72,0.03515625,0.36986100673675537,56.10594940185547,0.5188044309616089
5754,75,0.03662109375,0.36527881026268005,58.60017395019531,0.4889352023601532
5755,71,0.03466796875,0.37458860874176025,57.51066970825195,0.5021730065345764
5756,62,0.0302734375,0.38412046432495117,58.0010871887207,0.49899613857269287
5757,59,0.02880859375,0.40076008439064026,57.328277587890625,0.5049237608909607
5758,66,0.0322265625,0.383614718914032,56.50270462036133,0.5154884457588196
5759,70,0.0341796875,0.3819519281387329,58.417118072509766,0.4834440052509308
5760,50,0.0244140625,0.4972732663154602,58.969242095947266,0.47652557492256165
5761,56,0.02734375,0.4866446554660797,54.0939826965332,0.5464648008346558
5762,59,0.02880859375,0.47201189398765564,58.006629943847656,0.4775277078151703
5763,57,0.02783203125,0.4771091043949127,58.03830337524414,0.494259238243103
5764,54,0.0263671875,0.4690204858779907,51.86188507080078,0.5707600712776184
5765,46,0.0224609375,0.49512743949890137,54.019874572753906,0.5408130884170532
5766,57,0.02783203125,0.46829161047935486,56.6604118347168,0.5017989873886108
5767,55,0.02685546875,0.46107906103134155,57.26101303100586,0.5046817660331726
5768,56,0.02734375,0.47794005274772644,56.777286529541016,0.5005461573600769
5769,48,0.0234375,0.5225858092308044,50.459781646728516,0.5756911039352417
5770,48,0.0234375,0.49299973249435425,55.61698532104492,0.5293464064598083
5771,47,0.02294921875,0.46589556336402893,56.30977249145508,0.5093460083007812
5772,49,0.02392578125,0.48389744758605957,56.200469970703125,0.5161548852920532
5773,48,0.0234375,0.4693221151828766,56.67143630981445,0.5072616934776306
5774,50,0.0244140625,0.4884525537490845,57.364967346191406,0.5018395781517029
5775,55,0.02685546875,0.477120965719223,56.17083740234375,0.5155828595161438
5776,58,0.0283203125,0.4868951737880707,60.327049255371094,0.4523794651031494
5777,58,0.0283203125,0.47033175826072693,55.740211486816406,0.5247860550880432
5778,65,0.03173828125,0.4806235432624817,55.51449966430664,0.5261834263801575
5779,74,0.0361328125,0.5165970325469971,55.39406967163086,0.5304844975471497
5780,73,0.03564453125,0.5332111716270447,56.642215728759766,0.49625277519226074
5781,71,0.03466796875,0.5407533645629883,56.44608688354492,0.5010152459144592
5782,68,0.033203125,0.52512526512146,57.00801467895508,0.48419684171676636
5783,71,0.03466796875,0.5431391596794128,58.664371490478516,0.48658111691474915
5784,71,0.03466796875,0.5145843625068665,58.509613037109375,0.4830610156059265
5785,83,0.04052734375,0.505460262298584,57.271812438964844,0.4984928369522095
5786,82,0.0400390625,0.5237677097320557,58.56772994995117,0.4745655655860901
5787,72,0.03515625,0.535697877407074,55.46873092651367,0.5302385687828064
5788,73,0.03564453125,0.5530496835708618,58.18543243408203,0.4917154610157013
5789,61,0.02978515625,0.5631409287452698,55.74951934814453,0.517688512802124
5790,55,0.02685546875,0.5738203525543213,54.66599655151367,0.5340120196342468
5791,50,0.0244140625,0.5957631468772888,54.7649040222168,0.5285446047782898
5792,51,0.02490234375,0.6011406779289246,57.19986343383789,0.4959835112094879
5793,54,0.0263671875,0.5726980566978455,52.65913391113281,0.5630011558532715
5794,54,0.0263671875,0.5458656549453735,54.11167907714844,0.5402259230613708
5795,53,0.02587890625,0.5484223961830139,56.17698669433594,0.5258732438087463
5796,49,0.02392578125,0.48283249139785767,53.87770080566406,0.537755012512207
5797,51,0.02490234375,0.4785817563533783,54.578826904296875,0.5388369560241699
5798,56,0.02734375,0.45861685276031494,56.33463668823242,0.5145626664161682
5799,55,0.02685546875,0.4196949303150177,59.085750579833984,0.4781566560268402
5800,124,0.060546875,0.2497408241033554,57.881309509277344,0.48677414655685425
5801,114,0.0556640625,0.26946455240249634,57.943077087402344,0.4943799078464508
5802,116,0.056640625,0.28772369027137756,56.57724380493164,0.5138999819755554
5803,100,0.048828125,0.32153281569480896,57.77824401855469,0.49644652009010315
5804,99,0.04833984375,0.3180880546569824,57.375118255615234,0.4980059564113617
5805,91,0.04443359375,0.3750912547111511,55.72383117675781,0.5163555145263672
5806,82,0.0400390625,0.3720262050628662,57.37324905395508,0.497714638710022
5807,77,0.03759765625,0.3839230239391327,57.92129135131836,0.4927375614643097
5808,76,0.037109375,0.3669496774673462,58.25221633911133,0.4913312494754791
5809,74,0.0361328125,0.37972721457481384,56.2041015625,0.516670823097229
5810,79,0.03857421875,0.37769460678100586,55.70747756958008,0.5223267674446106
5811,78,0.0380859375,0.3642154037952423,57.475948333740234,0.49940720200538635
5812,83,0.04052734375,0.3662109673023224,57.15489196777344,0.5008488893508911
5813,87,0.04248046875,0.36231493949890137,55.90724182128906,0.5121214985847473
5814,99,0.04833984375,0.28801554441452026,57.07102584838867,0.5080733895301819
5815,101,0.04931640625,0.2678823173046112,57.40523147583008,0.49970102310180664
5816,100,0.048828125,0.2753180265426636,58.54541015625,0.4855770170688629
5817,94,0.0458984375,0.26729270815849304,58.863800048828125,0.4763704240322113
5818,85,0.04150390625,0.27391865849494934,59.2357292175293,0.4710169732570648
5819,84,0.041015625,0.31401512026786804,56.5526237487793,0.5107302665710449
5820,88,0.04296875,0.28544506430625916,54.856441497802734,0.5290629863739014
5821,87,0.04248046875,0.29152584075927734,55.7374382019043,0.5138877034187317
5822,88,0.04296875,0.2649472653865814,58.458641052246094,0.46718332171440125
5823,84,0.041015625,0.2747355103492737,56.916160583496094,0.5015150308609009
5824,85,0.04150390625,0.2448303997516632,57.37099075317383,0.48839935660362244
5825,82,0.0400390625,0.2717835605144501,53.939632415771484,0.5292588472366333
5826,86,0.0419921875,0.3042217791080475,55.0278434753418,0.5248234272003174
5827,76,0.037109375,0.33987826108932495,56.29323959350586,0.49724578857421875
5828,81,0.03955078125,0.3324388861656189,57.19575881958008,0.49540355801582336
5829,77,0.03759765625,0.3179481625556946,56.78806686401367,0.4821915030479431
5830,84,0.041015625,0.3215155601501465,56.3173713684082,0.4947257339954376
5831,85,0.04150390625,0.29807525873184204,51.7183952331543,0.5666883587837219
5832,80,0.0390625,0.29941076040267944,53.089439392089844,0.5500826835632324
5833,78,0.0380859375,0.29531189799308777,52.898963928222656,0.5517598390579224
5834,76,0.037109375,0.30747053027153015,55.078277587890625,0.5365215539932251
5835,84,0.041015625,0.25432804226875305,53.07413101196289,0.5542611479759216
5836,82,0.0400390625,0.28595176339149475,54.60950469970703,0.5423799157142639
5837,88,0.04296875,0.2917393743991852,55.07172775268555,0.5409023761749268
5838,91,0.04443359375,0.26011720299720764,54.156681060791016,0.5512382388114929
5839,95,0.04638671875,0.2688367962837219,52.691253662109375,0.5593279004096985
5840,457,0.22314453125,0.19081734120845795,58.453834533691406,0.48635023832321167
5841,524,0.255859375,0.18301424384117126,58.18707275390625,0.4889232814311981
5842,434,0.2119140625,0.18936477601528168,58.152652740478516,0.4870053231716156
5843,466,0.2275390625,0.17555570602416992,58.352294921875,0.4849145710468292
5844,1035,0.50537109375,0.12841950356960297,56.919403076171875,0.5042105317115784
5845,427,0.20849609375,0.17408818006515503,58.083824157714844,0.4910011291503906
5846,437,0.21337890625,0.170403853058815,56.80021286010742,0.5083286762237549
5847,652,0.318359375,0.15998141467571259,57.6982536315918,0.4939066469669342
5848,636,0.310546875,0.15026600658893585,57.22543716430664,0.5021701455116272
5849,792,0.38671875,0.16001270711421967,57.389347076416016,0.4986181855201721
5850,611,0.29833984375,0.16469739377498627,56.965213775634766,0.5028971433639526
5851,573,0.27978515625,0.1853872835636139,58.29846954345703,0.48684102296829224
5852,522,0.2548828125,0.16864295303821564,57.02690887451172,0.502819299697876
5853,579,0.28271484375,0.15990284085273743,57.30862045288086,0.5006896257400513
5854,638,0.3115234375,0.15395064651966095,55.797908782958984,0.5183711051940918
5855,773,0.37744140625,0.14781396090984344,56.445823669433594,0.5105570554733276
5856,694,0.3388671875,0.151921346783638,56.65694808959961,0.5062207579612732
5857,724,0.353515625,0.14496447145938873,56.69636535644531,0.507170557975769
5858,281,0.13720703125,0.22766238451004028,56.606834411621094,0.506228506565094
5859,255,0.12451171875,0.2366088330745697,57.111778259277344,0.49973973631858826
5860,1036,0.505859375,0.1449490487575531,56.43592834472656,0.5119096636772156
5861,229,0.11181640625,0.2522757351398468,56.42932891845703,0.5116456151008606
5862,240,0.1171875,0.2478443831205368,56.388694763183594,0.5104756951332092
5863,246,0.1201171875,0.2308087944984436,55.65666961669922,0.5200150609016418
5864,225,0.10986328125,0.2308918535709381,55.68727111816406,0.5179623365402222
5865,812,0.396484375,0.14210078120231628,56.19179153442383,0.51524418592453
5866,914,0.4462890625,0.13466718792915344,56.36068344116211,0.5131320953369141
5867,807,0.39404296875,0.14264848828315735,56.88866424560547,0.5051581859588623
5868,237,0.11572265625,0.280319482088089,55.032772064208984,0.5304663777351379
5869,231,0.11279296875,0.26084399223327637,54.3895378112793,0.5342153906822205
5870,1243,0.60693359375,0.14314866065979004,56.9007453918457,0.5037470459938049
5871,774,0.3779296875,0.16419391334056854,56.901214599609375,0.5055062770843506
5872,1083,0.52880859375,0.15064114332199097,56.74872589111328,0.507705569267273
5873,895,0.43701171875,0.1687534749507904,57.637203216552734,0.49691537022590637
5874,1081,0.52783203125,0.15331660211086273,56.329402923583984,0.51308274269104
5875,907,0.44287109375,0.16886314749717712,57.48683166503906,0.498841792345047
5876,702,0.3427734375,0.19582165777683258,57.848724365234375,0.4931359887123108
5877,698,0.3408203125,0.21095849573612213,58.191261291503906,0.4882547855377197
5878,735,0.35888671875,0.20271256566047668,58.297019958496094,0.4877611994743347
5879,704,0.34375,0.20884743332862854,57.598567962646484,0.4980219900608063
5880,96,0.046875,0.3436641991138458,57.57197952270508,0.4963896572589874
5881,100,0.048828125,0.3511410057544708,54.27153015136719,0.5383069515228271
5882,89,0.04345703125,0.3161124885082245,58.80802917480469,0.4806428849697113
5883,87,0.04248046875,0.3107134997844696,59.97919464111328,0.45999082922935486
5884,87,0.04248046875,0.340476393699646,54.71023178100586,0.5287337899208069
5885,80,0.0390625,0.35979270935058594,56.602256774902344,0.5090581774711609
5886,85,0.04150390625,0.3733006417751312,54.934146881103516,0.5371090769767761
5887,77,0.03759765625,0.3482864201068878,56.196617126464844,0.5082035064697266
5888,61,0.02978515625,0.3412514626979828,64.06120300292969,0.4102078974246979
5889,67,0.03271484375,0.37314367294311523,65.41722106933594,0.3908245861530304
5890,64,0.03125,0.3689448833465576,61.49641418457031,0.43928414583206177
5891,67,0.03271484375,0.3647509813308716,64.6179428100586,0.40748733282089233
5892,69,0.03369140625,0.34399843215942383,64.85697937011719,0.4052896499633789
5893,70,0.0341796875,0.3614323139190674,59.82805633544922,0.4678201973438263
5894,78,0.0380859375,0.34770601987838745,62.50331115722656,0.4320112466812134
5895,64,0.03125,0.32921019196510315,63.267269134521484,0.4134947657585144
5896,65,0.03173828125,0.34279194474220276,62.675865173339844,0.42763540148735046
5897,63,0.03076171875,0.375833660364151,61.03901672363281,0.44595417380332947
5898,69,0.03369140625,0.3861139416694641,65.01405334472656,0.392392635345459
5899,73,0.03564453125,0.354219913482666,61.08685302734375,0.44636270403862
5900,73,0.03564453125,0.3433801233768463,56.85406494140625,0.514186680316925
5901,77,0.03759765625,0.35267677903175354,57.2457275390625,0.5026223659515381
5902,84,0.041015625,0.3751491606235504,53.9169921875,0.5562750697135925
5903,84,0.041015625,0.3621135652065277,57.963932037353516,0.4928637444972992
5904,81,0.03955078125,0.38799142837524414,54.70901870727539,0.5306240916252136
5905,75,0.03662109375,0.38791191577911377,57.34130859375,0.5056384205818176
5906,65,0.03173828125,0.35319194197654724,57.87295913696289,0.4964159429073334
5907,72,0.03515625,0.3530852198600769,57.978515625,0.49326884746551514
5908,74,0.0361328125,0.33839988708496094,59.03857421875,0.4781613349914551
5909,63,0.03076171875,0.3715746998786926,58.48366165161133,0.4869672358036041
5910,72,0.03515625,0.39739516377449036,60.50717544555664,0.45717382431030273
5911,69,0.03369140625,0.41167986392974854,57.120582580566406,0.5131555199623108
5912,70,0.0341796875,0.39910855889320374,55.23228454589844,0.5246091485023499
5913,67,0.03271484375,0.41135430335998535,55.168331146240234,0.522929310798645
5914,68,0.033203125,0.4229956269264221,57.22377395629883,0.5007120370864868
5915,78,0.0380859375,0.37511467933654785,58.2536506652832,0.4868766665458679
5916,76,0.037109375,0.3913116753101349,57.31702423095703,0.5006229281425476
5917,102,0.0498046875,0.3481779992580414,60.10086441040039,0.46062391996383667
5918,101,0.04931640625,0.33433791995048523,57.72786331176758,0.49166548252105713
5919,95,0.04638671875,0.35876721143722534,57.93922805786133,0.4904211461544037
5920,197,0.09619140625,0.1251177042722702,57.158199310302734,0.49666857719421387
5921,158,0.0771484375,0.14668001234531403,58.79645919799805,0.47951382398605347
5922,195,0.09521484375,0.11148074269294739,54.807861328125,0.5292306542396545
5923,224,0.109375,0.11580915749073029,54.87092208862305,0.5337656736373901
5924,161,0.07861328125,0.14631760120391846,56.09002685546875,0.5177607536315918
5925,249,0.12158203125,0.12078901380300522,57.171199798583984,0.5046482682228088
5926,348,0.169921875,0.12518049776554108,57.05939483642578,0.506458044052124
5927,296,0.14453125,0.1319105476140976,57.584075927734375,0.49952074885368347
5928,244,0.119140625,0.13359934091567993,56.97574234008789,0.5079202651977539
5929,336,0.1640625,0.13378605246543884,57.635108947753906,0.49734005331993103
5930,262,0.1279296875,0.12333665043115616,59.51862716674805,0.474652498960495
5931,177,0.08642578125,0.14215578138828278,60.36488723754883,0.4605323374271393
5932,155,0.07568359375,0.13493439555168152,58.491512298583984,0.48595383763313293
5933,104,0.05078125,0.14759916067123413,59.01698684692383,0.48412778973579407
5934,153,0.07470703125,0.15951114892959595,61.01508712768555,0.45814383029937744
5935,145,0.07080078125,0.12969979643821716,62.40900421142578,0.4337139129638672
5936,160,0.078125,0.12920865416526794,59.597869873046875,0.4728543162345886
5937,322,0.1572265625,0.16111713647842407,59.93363571166992,0.4664681851863861
5938,252,0.123046875,0.12414295971393585,58.774234771728516,0.4819144606590271
5939,275,0.13427734375,0.13034315407276154,59.09500503540039,0.4762387275695801
5940,268,0.130859375,0.13349995017051697,59.31660461425781,0.4715169370174408
5941,425,0.20751953125,0.16537798941135406,58.108638763427734,0.4878627359867096
5942,419,0.20458984375,0.1596732884645462,58.07063293457031,0.489950567483902
5943,346,0.1689453125,0.1611596643924713,58.44026565551758,0.48439934849739075
5944,419,0.20458984375,0.17408613860607147,58.205745697021484,0.48483625054359436
5945,428,0.208984375,0.1670469045639038,57.317413330078125,0.4968201518058777
5946,344,0.16796875,0.16477863490581512,57.79457473754883,0.4895560145378113
5947,247,0.12060546875,0.16015727818012238,58.78636169433594,0.4749204218387604
5948,154,0.0751953125,0.15065567195415497,57.39959716796875,0.4946680963039398
5949,108,0.052734375,0.22084751725196838,54.59123611450195,0.5288224816322327
5950,82,0.0400390625,0.2736641764640808,59.30940246582031,0.4656519889831543
5951,84,0.041015625,0.2508676052093506,59.27109909057617,0.4779064953327179
5952,110,0.0537109375,0.19517788290977478,57.03955841064453,0.5035596489906311
5953,125,0.06103515625,0.1969868242740631,56.01774978637695,0.5161039233207703
5954,186,0.0908203125,0.13992556929588318,55.341041564941406,0.5223382711410522
5955,134,0.0654296875,0.17465059459209442,56.46880340576172,0.5083775520324707
5956,194,0.0947265625,0.13285574316978455,56.996551513671875,0.5017823576927185
5957,188,0.091796875,0.16077253222465515,56.59795379638672,0.5042737126350403
5958,153,0.07470703125,0.16604016721248627,52.235233306884766,0.5668750405311584
5959,132,0.064453125,0.1806344985961914,57.15042495727539,0.5076942443847656
5960,50,0.0244140625,0.5360398292541504,55.60895919799805,0.5241683125495911
5961,55,0.02685546875,0.4984346926212311,54.77650833129883,0.5322309136390686
5962,58,0.0283203125,0.4999653697013855,49.95478057861328,0.6026769876480103
5963,51,0.02490234375,0.4830096960067749,52.01842498779297,0.5687021017074585
5964,53,0.02587890625,0.4762542247772217,57.291534423828125,0.4946975111961365
5965,56,0.02734375,0.4857231676578522,55.08559036254883,0.5426881909370422
5966,57,0.02783203125,0.4878634512424469,53.179927825927734,0.549173891544342
5967,50,0.0244140625,0.5063788890838623,57.927772521972656,0.49129292368888855
5968,49,0.02392578125,0.5441758632659912,54.16642761230469,0.5403180122375488
5969,60,0.029296875,0.498032808303833,51.46129608154297,0.5865420699119568
5970,52,0.025390625,0.5256550908088684,50.528221130371094,0.5892977118492126
5971,55,0.02685546875,0.5358332395553589,51.92900466918945,0.5814311504364014
5972,48,0.0234375,0.5226209163665771,56.067474365234375,0.5271822214126587
5973,59,0.02880859375,0.5134867429733276,56.73127746582031,0.5125824809074402
5974,57,0.02783203125,0.48969632387161255,56.94875717163086,0.5139491558074951
5975,51,0.02490234375,0.4884192943572998,57.94364547729492,0.4931625723838806
5976,56,0.02734375,0.5186585783958435,55.330589294433594,0.5418192744255066
5977,52,0.025390625,0.5332514643669128,53.34256362915039,0.5505022406578064
5978,52,0.025390625,0.5114811062812805,60.078880310058594,0.46895572543144226
5979,55,0.02685546875,0.5336797833442688,55.819183349609375,0.5293965339660645
5980,60,0.029296875,0.5221711993217468,59.17646408081055,0.46918728947639465
5981,59,0.02880859375,0.5284621119499207,60.87668991088867,0.4582552909851074
5982,65,0.03173828125,0.4975931644439697,58.74620819091797,0.4857601523399353
5983,62,0.0302734375,0.4857519268989563,55.35009002685547,0.5189675092697144
5984,59,0.02880859375,0.532254695892334,59.0220832824707,0.4758767783641815
5985,61,0.02978515625,0.5278319716453552,58.58882141113281,0.4846467077732086
5986,59,0.02880859375,0.5534687638282776,54.696128845214844,0.5378295183181763
5987,67,0.03271484375,0.5556990504264832,54.9080810546875,0.5338704586029053
5988,67,0.03271484375,0.5549367070198059,60.47352981567383,0.4593988060951233
5989,75,0.03662109375,0.5381328463554382,55.7191276550293,0.5195463299751282
5990,72,0.03515625,0.5232671499252319,54.72352981567383,0.5399963855743408
5991,74,0.0361328125,0.5280107259750366,55.48386764526367,0.5314835906028748
5992,72,0.03515625,0.5498735904693604,55.0222282409668,0.5378774404525757
5993,73,0.03564453125,0.5707073211669922,56.53749084472656,0.5160637497901917
5994,68,0.033203125,0.5587241053581238,55.09110641479492,0.5328385829925537
5995,70,0.0341796875,0.5491788387298584,56.73085403442383,0.5147520303726196
5996,67,0.03271484375,0.5699832439422607,53.57767868041992,0.5541712045669556
5997,66,0.0322265625,0.5970295667648315,61.70720672607422,0.43861809372901917
5998,61,0.02978515625,0.5968332886695862,56.906795501708984,0.4987088739871979
5999,62,0.0302734375,0.6420028209686279,50.44197082519531,0.5952321290969849
6000,65,0.03173828125,0.39755019545555115,59.60087585449219,0.46723923087120056
6001,68,0.033203125,0.3941856920719147,58.445106506347656,0.482427716255188
6002,68,0.033203125,0.3819221556186676,58.58325958251953,0.48695704340934753
6003,62,0.0302734375,0.3762640655040741,56.98774719238281,0.4949095845222473
6004,68,0.033203125,0.3786372244358063,58.011817932128906,0.4909808337688446
6005,63,0.03076171875,0.3870399594306946,58.39368438720703,0.4849870204925537
6006,67,0.03271484375,0.39512524008750916,56.618473052978516,0.5052293539047241
6007,63,0.03076171875,0.38434743881225586,55.74769973754883,0.5257866978645325
6008,69,0.03369140625,0.3673137426376343,59.14513397216797,0.4768386483192444
6009,64,0.03125,0.352209210395813,56.92355728149414,0.5026921629905701
6010,75,0.03662109375,0.36337411403656006,55.574317932128906,0.5140937566757202
6011,72,0.03515625,0.38117796182632446,54.41114044189453,0.531104326248169
6012,71,0.03466796875,0.38756904006004333,58.01805877685547,0.49207064509391785
6013,73,0.03564453125,0.36624675989151,61.23063659667969,0.4387720227241516
6014,77,0.03759765625,0.3534446358680725,58.35097122192383,0.4847935140132904
6015,82,0.0400390625,0.39566609263420105,54.937320709228516,0.5195395946502686
6016,77,0.03759765625,0.3647822141647339,53.59092712402344,0.5416610836982727
6017,70,0.0341796875,0.33506089448928833,61.228702545166016,0.44979503750801086
6018,75,0.03662109375,0.34834736585617065,60.267799377441406,0.46095749735832214
6019,78,0.0380859375,0.3672071695327759,60.99265670776367,0.45118919014930725
6020,80,0.0390625,0.3257438540458679,57.809715270996094,0.49096909165382385
6021,84,0.041015625,0.3333640694618225,58.90177917480469,0.47694718837738037
6022,88,0.04296875,0.32085925340652466,59.09663009643555,0.4739018380641937
6023,100,0.048828125,0.31530502438545227,59.54460525512695,0.46837127208709717
6024,106,0.0517578125,0.2546495199203491,54.90458297729492,0.5245128273963928
6025,107,0.05224609375,0.23901279270648956,54.991729736328125,0.5278403162956238
6026,109,0.05322265625,0.24079042673110962,58.788204193115234,0.47270551323890686
6027,108,0.052734375,0.26276394724845886,60.92644119262695,0.451183944940567
6028,115,0.05615234375,0.24427513778209686,58.663822174072266,0.48222172260284424
6029,130,0.0634765625,0.2972918152809143,55.504398345947266,0.5263360738754272
6030,113,0.05517578125,0.36655136942863464,58.364654541015625,0.488761842250824
6031,104,0.05078125,0.2568608820438385,57.57102584838867,0.49810031056404114
6032,107,0.05224609375,0.2551848292350769,58.64175796508789,0.4837515354156494
6033,109,0.05322265625,0.25184428691864014,57.918724060058594,0.4868903160095215
6034,103,0.05029296875,0.27122336626052856,60.660728454589844,0.45753300189971924
6035,106,0.0517578125,0.30831092596054077,57.92805099487305,0.4898005425930023
6036,102,0.0498046875,0.2922496795654297,59.80925369262695,0.47193530201911926
6037,101,0.04931640625,0.2997738718986511,58.6688346862793,0.4883243143558502
6038,89,0.04345703125,0.35533368587493896,56.94371032714844,0.5070483684539795
6039,92,0.044921875,0.3188917338848114,56.96772003173828,0.5005092024803162
6040,118,0.0576171875,0.3301945626735687,59.40103530883789,0.4752234220504761
6041,116,0.056640625,0.3303208649158478,58.942787170410156,0.48352476954460144
6042,115,0.05615234375,0.3325704336166382,56.57786178588867,0.5119571685791016
6043,104,0.05078125,0.3167772889137268,60.627525329589844,0.45433032512664795
6044,103,0.05029296875,0.3113643527030945,59.694419860839844,0.46019434928894043
6045,95,0.04638671875,0.3039429485797882,54.31521224975586,0.5420102477073669
6046,111,0.05419921875,0.3191513419151306,57.4536247253418,0.49330413341522217
6047,111,0.05419921875,0.3140218257904053,57.91781997680664,0.47711217403411865
6048,113,0.05517578125,0.308745414018631,58.596282958984375,0.4794350266456604
6049,105,0.05126953125,0.3095240890979767,52.800193786621094,0.5478327870368958
6050,100,0.048828125,0.31406548619270325,55.00735855102539,0.5271056890487671
6051,99,0.04833984375,0.310438871383667,54.470603942871094,0.5331125259399414
6052,95,0.04638671875,0.3054499626159668,54.64849853515625,0.5315622687339783
6053,103,0.05029296875,0.2931247055530548,56.46333694458008,0.5046549439430237
6054,103,0.05029296875,0.29396337270736694,56.50381088256836,0.5074056386947632
6055,99,0.04833984375,0.3043850362300873,55.60475540161133,0.5233557820320129
6056,98,0.0478515625,0.31880033016204834,55.22776794433594,0.5321491956710815
6057,96,0.046875,0.32009416818618774,57.47185134887695,0.49701452255249023
6058,92,0.044921875,0.324322372674942,56.05316925048828,0.523456335067749
6059,87,0.04248046875,0.3247860074043274,57.653533935546875,0.49399521946907043
6060,100,0.048828125,0.33288538455963135,57.462425231933594,0.4982987642288208
6061,95,0.04638671875,0.32871565222740173,55.12209701538086,0.5265073776245117
6062,102,0.0498046875,0.33415487408638,58.175743103027344,0.49387845396995544
6063,98,0.0478515625,0.32420921325683594,59.7870979309082,0.4673434793949127
6064,91,0.04443359375,0.35312774777412415,60.88401412963867,0.4471482038497925
6065,93,0.04541015625,0.3756125271320343,60.756080627441406,0.4540921151638031
6066,90,0.0439453125,0.37687021493911743,56.39506149291992,0.5113086104393005
6067,93,0.04541015625,0.3858277499675751,54.33901596069336,0.5386964678764343
6068,86,0.0419921875,0.39111822843551636,58.064544677734375,0.49036934971809387
6069,82,0.0400390625,0.3793889880180359,54.27678298950195,0.5382043123245239
6070,88,0.04296875,0.3739626705646515,58.44356918334961,0.4832645654678345
6071,97,0.04736328125,0.3846202790737152,56.98777770996094,0.5041415691375732
6072,93,0.04541015625,0.37052232027053833,54.18623352050781,0.5368996262550354
6073,94,0.0458984375,0.3715847432613373,57.3869743347168,0.5020414590835571
6074,117,0.05712890625,0.36724862456321716,56.0745735168457,0.5182690024375916
6075,125,0.06103515625,0.3675117790699005,56.79246520996094,0.5126938819885254
6076,136,0.06640625,0.36908239126205444,54.910945892333984,0.5305448174476624
6077,134,0.0654296875,0.3393242359161377,57.900535583496094,0.492678165435791
6078,142,0.0693359375,0.3369129002094269,56.640384674072266,0.5124015212059021
6079,133,0.06494140625,0.33728545904159546,59.020751953125,0.48126792907714844
6080,911,0.44482421875,0.1737736314535141,55.41086196899414,0.5249603986740112
6081,390,0.1904296875,0.18544934689998627,56.138206481933594,0.5168758630752563
6082,402,0.1962890625,0.18979839980602264,56.440391540527344,0.5083478689193726
6083,425,0.20751953125,0.19958902895450592,57.62005615234375,0.49292874336242676
6084,377,0.18408203125,0.1925637274980545,55.81073760986328,0.5183100700378418
6085,660,0.322265625,0.16598734259605408,57.51443099975586,0.49604225158691406
6086,514,0.2509765625,0.15201996266841888,55.37528610229492,0.5233220458030701
6087,591,0.28857421875,0.1538623422384262,56.03078842163086,0.5185997486114502
6088,500,0.244140625,0.16568110883235931,58.140655517578125,0.4862040579319
6089,365,0.17822265625,0.19188173115253448,56.36833190917969,0.5134229063987732
6090,409,0.19970703125,0.18408390879631042,57.117088317871094,0.5018168687820435
6091,570,0.2783203125,0.1904211938381195,55.768672943115234,0.520797073841095
6092,582,0.2841796875,0.16910535097122192,54.79558181762695,0.5343823432922363
6093,765,0.37353515625,0.14853405952453613,57.10102081298828,0.5055331587791443
6094,543,0.26513671875,0.17911101877689362,57.77125549316406,0.49548912048339844
6095,480,0.234375,0.20232120156288147,57.171630859375,0.5020613074302673
6096,376,0.18359375,0.1823030263185501,57.78167724609375,0.495807409286499
6097,371,0.18115234375,0.18855592608451843,57.432579040527344,0.49686548113822937
6098,579,0.28271484375,0.1572875678539276,57.54427719116211,0.4954555034637451
6099,367,0.17919921875,0.16920170187950134,57.63422393798828,0.49352309107780457
6100,335,0.16357421875,0.19819830358028412,57.37873840332031,0.49502769112586975
6101,319,0.15576171875,0.17448745667934418,57.69501876831055,0.4912785589694977
6102,339,0.16552734375,0.17688524723052979,56.67167282104492,0.5045203566551208
6103,353,0.17236328125,0.18043774366378784,58.089019775390625,0.49098360538482666
6104,370,0.1806640625,0.18663673102855682,58.38043212890625,0.48663094639778137
6105,367,0.17919921875,0.18681983649730682,58.9891471862793,0.47545701265335083
6106,357,0.17431640625,0.18058104813098907,58.21067428588867,0.49336233735084534
6107,313,0.15283203125,0.1834661066532135,58.872989654541016,0.4847637712955475
6108,245,0.11962890625,0.2011348307132721,58.179771423339844,0.491434782743454
6109,247,0.12060546875,0.20566914975643158,58.36016082763672,0.48645150661468506
6110,218,0.1064453125,0.21653684973716736,57.787357330322266,0.4880407452583313
6111,226,0.1103515625,0.2113160490989685,59.76213836669922,0.4645705819129944
6112,241,0.11767578125,0.20008142292499542,57.913490295410156,0.4887552857398987
6113,213,0.10400390625,0.21171846985816956,59.169151306152344,0.4754239022731781
6114,198,0.0966796875,0.23038333654403687,58.7882194519043,0.4769326150417328
6115,201,0.09814453125,0.23020082712173462,55.31880569458008,0.5244482159614563
6116,179,0.08740234375,0.2554147243499756,58.487178802490234,0.4862636923789978
6117,165,0.08056640625,0.2807638347148895,56.8307991027832,0.5085224509239197
6118,169,0.08251953125,0.28258198499679565,59.11715316772461,0.4766043424606323
6119,166,0.0810546875,0.3065117597579956,57.26380157470703,0.5046259164810181
6120,292,0.142578125,0.17786821722984314,57.865482330322266,0.4968302547931671
6121,351,0.17138671875,0.18367743492126465,58.256587982177734,0.4895784556865692
6122,329,0.16064453125,0.19715312123298645,58.590518951416016,0.4845753610134125
6123,498,0.2431640625,0.14874497056007385,56.33873748779297,0.5138490796089172
6124,496,0.2421875,0.165383443236351,56.91450500488281,0.5061546564102173
6125,849,0.41455078125,0.17416499555110931,57.53522872924805,0.496425598859787
6126,521,0.25439453125,0.14734116196632385,56.82881546020508,0.507537305355072
6127,546,0.2666015625,0.14825451374053955,56.77007293701172,0.5058598518371582
6128,518,0.2529296875,0.15874147415161133,56.52690505981445,0.5096141695976257
6129,412,0.201171875,0.1891714334487915,55.83875274658203,0.5172827243804932
6130,415,0.20263671875,0.1817820519208908,56.13802719116211,0.5141586065292358
6131,331,0.16162109375,0.19411398470401764,57.89381790161133,0.48791444301605225
6132,316,0.154296875,0.1987980753183365,57.619937896728516,0.49281036853790283
6133,269,0.13134765625,0.22812840342521667,57.44341278076172,0.5003043413162231
6134,333,0.16259765625,0.20129434764385223,57.37236785888672,0.4967919886112213
6135,349,0.17041015625,0.1964757740497589,57.22659683227539,0.5008829236030579
6136,380,0.185546875,0.20232051610946655,56.84947967529297,0.5051771998405457
6137,382,0.1865234375,0.21029508113861084,55.96607971191406,0.5153411030769348
6138,412,0.201171875,0.2010900229215622,57.00199508666992,0.5062649846076965
6139,604,0.294921875,0.17587542533874512,57.20606231689453,0.4985652267932892
6140,594,0.2900390625,0.1872214674949646,57.75718307495117,0.49166736006736755
6141,495,0.24169921875,0.20005735754966736,57.65888977050781,0.496785044670105
6142,456,0.22265625,0.22043569386005402,56.962310791015625,0.5021241903305054
6143,444,0.216796875,0.23043809831142426,57.214027404785156,0.4992678761482239
6144,358,0.1748046875,0.2522517442703247,57.243961334228516,0.49998345971107483
6145,253,0.12353515625,0.25876161456108093,58.742183685302734,0.4790664613246918
6146,269,0.13134765625,0.2490626722574234,57.4170036315918,0.49694034457206726
6147,297,0.14501953125,0.23614183068275452,58.293914794921875,0.48550260066986084
6148,314,0.1533203125,0.2367015779018402,57.781673431396484,0.49310827255249023
6149,414,0.2021484375,0.21119645237922668,57.70124816894531,0.4954489469528198
6150,355,0.17333984375,0.21717320382595062,58.51487731933594,0.4841974377632141
6151,335,0.16357421875,0.21640345454216003,58.525997161865234,0.4861745238304138
6152,390,0.1904296875,0.183188334107399,59.7347297668457,0.46832433342933655
6153,371,0.18115234375,0.16712623834609985,58.25562286376953,0.48699450492858887
6154,333,0.16259765625,0.1765376329421997,58.37175750732422,0.48450228571891785
6155,274,0.1337890625,0.1848352700471878,57.84815979003906,0.4959768056869507
6156,266,0.1298828125,0.17784430086612701,56.48335266113281,0.5119206309318542
6157,249,0.12158203125,0.17591017484664917,56.903961181640625,0.5064224600791931
6158,247,0.12060546875,0.17491038143634796,56.51466751098633,0.5073872804641724
6159,245,0.11962890625,0.1760646104812622,56.9642219543457,0.5026659369468689
6160,73,0.03564453125,0.22735288739204407,53.60394287109375,0.5487377643585205
6161,74,0.0361328125,0.2271779328584671,55.104896545410156,0.5316771268844604
6162,74,0.0361328125,0.23884689807891846,54.136932373046875,0.5438681244850159
6163,77,0.03759765625,0.23171599209308624,54.77485656738281,0.5344271659851074
6164,78,0.0380859375,0.229603111743927,55.82940673828125,0.5205987095832825
6165,80,0.0390625,0.21276451647281647,52.6464729309082,0.5662873983383179
6166,73,0.03564453125,0.21746115386486053,54.69635009765625,0.5375359654426575
6167,68,0.033203125,0.2325334995985031,55.01341247558594,0.5368834733963013
6168,64,0.03125,0.2522302269935608,56.992469787597656,0.5116807818412781
6169,67,0.03271484375,0.24059650301933289,57.259037017822266,0.4989602863788605
6170,67,0.03271484375,0.239987313747406,56.83130645751953,0.5112151503562927
6171,71,0.03466796875,0.22814930975437164,57.00713348388672,0.5082089304924011
6172,84,0.041015625,0.21725338697433472,55.66218948364258,0.5239126086235046
6173,73,0.03564453125,0.22968272864818573,55.2674446105957,0.535018801689148
6174,75,0.03662109375,0.23309928178787231,56.24041748046875,0.5223662853240967
6175,71,0.03466796875,0.23868803679943085,56.67100524902344,0.5118768811225891
6176,77,0.03759765625,0.23953159153461456,56.09206771850586,0.5232756733894348
6177,89,0.04345703125,0.23050659894943237,55.72907638549805,0.5224316716194153
6178,86,0.0419921875,0.2141914665699005,55.08193588256836,0.5309008359909058
6179,85,0.04150390625,0.2016950249671936,53.95530700683594,0.5475205779075623
6180,86,0.0419921875,0.22376909852027893,55.204185485839844,0.5270295143127441
6181,84,0.041015625,0.20713938772678375,52.84805679321289,0.5677790641784668
6182,79,0.03857421875,0.2123512178659439,53.918434143066406,0.54701167345047
6183,78,0.0380859375,0.22540339827537537,55.36191177368164,0.5227170586585999
6184,85,0.04150390625,0.2158135175704956,55.32598114013672,0.525831401348114
6185,87,0.04248046875,0.20226365327835083,55.29182434082031,0.523885190486908
6186,94,0.0458984375,0.18908952176570892,53.10297393798828,0.5577032566070557
6187,89,0.04345703125,0.20571377873420715,54.508548736572266,0.5344487428665161
6188,85,0.04150390625,0.20410919189453125,55.404815673828125,0.5193837285041809
6189,84,0.041015625,0.210072860121727,59.01045227050781,0.47064927220344543
6190,85,0.04150390625,0.20850005745887756,57.32463836669922,0.49622786045074463
6191,86,0.0419921875,0.21476061642169952,58.69080352783203,0.47614479064941406
6192,83,0.04052734375,0.20659993588924408,56.929283142089844,0.5049341320991516
6193,82,0.0400390625,0.208156555891037,58.10281753540039,0.49016618728637695
6194,83,0.04052734375,0.20630896091461182,54.1617546081543,0.5461994409561157
6195,91,0.04443359375,0.21736058592796326,55.717811584472656,0.5255028605461121
6196,83,0.04052734375,0.23659613728523254,55.81644058227539,0.5243098139762878
6197,86,0.0419921875,0.22443167865276337,55.13473129272461,0.5341120958328247
6198,84,0.041015625,0.20497608184814453,55.4018669128418,0.5327572822570801
6199,87,0.04248046875,0.1943085640668869,56.31211853027344,0.5115435123443604
6200,53,0.02587890625,0.3915724456310272,55.281700134277344,0.5208614468574524
6201,51,0.02490234375,0.39562883973121643,55.234764099121094,0.529938280582428
6202,44,0.021484375,0.36299774050712585,55.664371490478516,0.5171366333961487
6203,51,0.02490234375,0.3832022547721863,53.65104293823242,0.5479709506034851
6204,50,0.0244140625,0.37468114495277405,53.66529846191406,0.548188328742981
6205,54,0.0263671875,0.35359883308410645,53.866180419921875,0.54989093542099
6206,57,0.02783203125,0.3108251988887787,64.4719009399414,0.40154653787612915
6207,57,0.02783203125,0.3256545662879944,61.03933334350586,0.4425837993621826
6208,59,0.02880859375,0.32163888216018677,59.447547912597656,0.4639439880847931
6209,56,0.02734375,0.3230160176753998,59.19454574584961,0.473556250333786
6210,52,0.025390625,0.349490761756897,54.932029724121094,0.533080518245697
6211,46,0.0224609375,0.37299463152885437,53.7121696472168,0.5474019646644592
6212,51,0.02490234375,0.3381153345108032,58.44374084472656,0.48070985078811646
6213,50,0.0244140625,0.3405841886997223,57.6782341003418,0.4908575117588043
6214,55,0.02685546875,0.35083597898483276,56.66153335571289,0.5085607767105103
6215,47,0.02294921875,0.33767426013946533,57.403133392333984,0.5033594965934753
6216,47,0.02294921875,0.356322318315506,56.92230987548828,0.5111727118492126
6217,45,0.02197265625,0.3399955630302429,56.33939743041992,0.5168548822402954
6218,52,0.025390625,0.3175567388534546,56.994834899902344,0.5057650208473206
6219,49,0.02392578125,0.321955144405365,57.84368896484375,0.49233385920524597
6220,52,0.025390625,0.28963175415992737,56.66445541381836,0.5096073746681213
6221,52,0.025390625,0.2789819836616516,58.607906341552734,0.4772670865058899
6222,56,0.02734375,0.299946665763855,57.22439193725586,0.4941108524799347
6223,67,0.03271484375,0.2901597321033478,56.16069793701172,0.5151084065437317
6224,61,0.02978515625,0.31665685772895813,57.36481857299805,0.4990384578704834
6225,62,0.0302734375,0.30132830142974854,57.29920959472656,0.4978068470954895
6226,58,0.0283203125,0.2923818826675415,56.968360900878906,0.503208339214325
6227,59,0.02880859375,0.3139539361000061,54.547428131103516,0.5270180702209473
6228,59,0.02880859375,0.27691850066185,55.66792297363281,0.5157680511474609
6229,52,0.025390625,0.2974514067173004,58.97008514404297,0.4677140414714813
6230,53,0.02587890625,0.29026731848716736,56.52522659301758,0.5069358944892883
6231,54,0.0263671875,0.28869765996932983,58.91581726074219,0.4788558781147003
6232,58,0.0283203125,0.2912922501564026,57.33330535888672,0.4865086078643799
6233,50,0.0244140625,0.2940487861633301,55.730648040771484,0.5228391289710999
6234,53,0.02587890625,0.2777461111545563,55.71610641479492,0.5171904563903809
6235,54,0.0263671875,0.2759750485420227,55.61595153808594,0.5107943415641785
6236,53,0.02587890625,0.2893337309360504,55.50901794433594,0.5175502300262451
6237,55,0.02685546875,0.2851943373680115,57.180992126464844,0.49184706807136536
6238,51,0.02490234375,0.2774863839149475,57.02366638183594,0.49715229868888855
6239,53,0.02587890625,0.29902899265289307,56.96063995361328,0.49545374512672424
6240,94,0.0458984375,0.3006453514099121,56.547115325927734,0.5121184587478638
6241,98,0.0478515625,0.28468024730682373,55.41964340209961,0.5312830209732056
6242,96,0.046875,0.27254602313041687,56.2559814453125,0.5140669345855713
6243,86,0.0419921875,0.2755442261695862,55.5893669128418,0.5202080607414246
6244,90,0.0439453125,0.2661210894584656,56.81209945678711,0.4930429756641388
6245,86,0.0419921875,0.2827000916004181,55.71268081665039,0.5197443962097168
6246,75,0.03662109375,0.27950939536094666,55.47938919067383,0.5193119049072266
6247,78,0.0380859375,0.26850587129592896,55.69012451171875,0.5206600427627563
6248,75,0.03662109375,0.2745855748653412,55.2308349609375,0.5250551104545593
6249,79,0.03857421875,0.2873484194278717,54.97677993774414,0.5293660759925842
6250,81,0.03955078125,0.25808796286582947,55.17849349975586,0.5289828181266785
6251,71,0.03466796875,0.2855830490589142,55.37799072265625,0.516613245010376
6252,80,0.0390625,0.2941811680793762,58.19232177734375,0.4783109724521637
6253,84,0.041015625,0.2817704379558563,57.87250518798828,0.4942273497581482
6254,84,0.041015625,0.2813626229763031,57.50257110595703,0.4972185790538788
6255,74,0.0361328125,0.2760128676891327,56.87961959838867,0.5059415102005005
6256,68,0.033203125,0.2870064377784729,54.625030517578125,0.5297661423683167
6257,76,0.037109375,0.26699158549308777,55.425724029541016,0.5233048796653748
6258,67,0.03271484375,0.2795301675796509,56.27760696411133,0.5148856043815613
6259,68,0.033203125,0.2760826349258423,56.4335823059082,0.5104737877845764
6260,69,0.03369140625,0.2707483172416687,55.328853607177734,0.5173292756080627
6261,69,0.03369140625,0.28321579098701477,56.426918029785156,0.5075809955596924
6262,72,0.03515625,0.27524346113204956,54.3760871887207,0.5375997424125671
6263,71,0.03466796875,0.27395331859588623,56.68926239013672,0.506572425365448
6264,67,0.03271484375,0.28197380900382996,56.496612548828125,0.5114521980285645
6265,64,0.03125,0.2914436459541321,56.47604751586914,0.5108281373977661
6266,66,0.0322265625,0.2728070914745331,57.52460861206055,0.49526792764663696
6267,68,0.033203125,0.2767944037914276,55.880008697509766,0.5172735452651978
6268,66,0.0322265625,0.29206687211990356,56.78389358520508,0.5158867239952087
6269,63,0.03076171875,0.3047634959220886,58.04380416870117,0.49968090653419495
6270,61,0.02978515625,0.30830976366996765,57.60753631591797,0.5054126977920532
6271,63,0.03076171875,0.30619341135025024,57.957557678222656,0.4995122253894806
6272,63,0.03076171875,0.3105441927909851,59.3748664855957,0.47765257954597473
6273,63,0.03076171875,0.30019286274909973,57.84989547729492,0.49909451603889465
6274,64,0.03125,0.29978707432746887,59.771854400634766,0.47686776518821716
6275,67,0.03271484375,0.2855273187160492,58.69002151489258,0.48893100023269653
6276,66,0.0322265625,0.27265283465385437,56.78510665893555,0.5153694748878479
6277,66,0.0322265625,0.2940365970134735,58.45933151245117,0.4919704794883728
6278,66,0.0322265625,0.2821952700614929,58.949371337890625,0.4832150936126709
6279,71,0.03466796875,0.28012004494667053,57.9704475402832,0.496671587228775
6280,22,0.0107421875,0.627617359161377,53.372615814208984,0.5560713410377502
6281,21,0.01025390625,0.5395887494087219,51.49290084838867,0.5835391283035278
6282,19,0.00927734375,0.5558840036392212,51.595245361328125,0.5788979530334473
6283,21,0.01025390625,0.6105220317840576,54.44007110595703,0.5375114679336548
6284,20,0.009765625,0.6265688538551331,59.3606071472168,0.4888489246368408
6285,18,0.0087890625,0.5979024767875671,57.52776336669922,0.4940025508403778
6286,22,0.0107421875,0.696828305721283,60.20079040527344,0.4633252024650574
6287,18,0.0087890625,0.5687823295593262,59.43250274658203,0.4801882207393646
6288,19,0.00927734375,0.5049047470092773,52.63109588623047,0.5563234090805054
6289,19,0.00927734375,0.49824631214141846,53.388275146484375,0.5433776378631592
6290,20,0.009765625,0.5116656422615051,60.17101287841797,0.4725734293460846
6291,18,0.0087890625,0.5136891603469849,57.50543975830078,0.5001568794250488
6292,18,0.0087890625,0.4967747926712036,62.59882354736328,0.4370185434818268
6293,18,0.0087890625,0.5085166692733765,63.26279830932617,0.4122856855392456
6294,16,0.0078125,0.5113232731819153,64.5281753540039,0.4114079773426056
6295,14,0.0068359375,0.5129942893981934,63.65810775756836,0.4226074814796448
6296,14,0.0068359375,0.5313733220100403,62.00559616088867,0.4477335810661316
6297,15,0.00732421875,0.5247000455856323,66.60444641113281,0.3799797296524048
6298,17,0.00830078125,0.5574052929878235,63.334808349609375,0.42757993936538696
6299,18,0.0087890625,0.5822746753692627,59.60604476928711,0.47651544213294983
6300,17,0.00830078125,0.6134602427482605,60.34221267700195,0.4749419689178467
6301,18,0.0087890625,0.6985113024711609,59.03791046142578,0.49601882696151733
6302,19,0.00927734375,0.6262494921684265,61.9166145324707,0.4494090974330902
6303,19,0.00927734375,0.6548212170600891,64.54922485351562,0.4103052616119385
6304,20,0.009765625,0.7326323986053467,58.39448928833008,0.47571882605552673
6305,21,0.01025390625,0.7218522429466248,56.59476852416992,0.5005366802215576
6306,17,0.00830078125,0.603473961353302,54.921363830566406,0.5274499654769897
6307,18,0.0087890625,0.626020073890686,57.02992248535156,0.5038299560546875
6308,20,0.009765625,0.5925014615058899,57.13199996948242,0.5121707320213318
6309,20,0.009765625,0.6183021664619446,61.11792755126953,0.4575461447238922
6310,18,0.0087890625,0.59791100025177,54.51387023925781,0.5428337454795837
6311,16,0.0078125,0.5244872570037842,53.42690658569336,0.5538355112075806
6312,19,0.00927734375,0.5657047033309937,59.66832733154297,0.4750385284423828
6313,18,0.0087890625,0.614210844039917,54.41242218017578,0.545401394367218
6314,19,0.00927734375,0.5720078349113464,57.427303314208984,0.4953603148460388
6315,21,0.01025390625,0.6458821296691895,56.93579864501953,0.5053111910820007
6316,18,0.0087890625,0.6097805500030518,62.53519058227539,0.43607017397880554
6317,21,0.01025390625,0.6420097351074219,58.217254638671875,0.4891590476036072
6318,19,0.00927734375,0.6179684996604919,57.47026062011719,0.49912238121032715
6319,21,0.01025390625,0.6263138651847839,57.876708984375,0.48792415857315063
6320,49,0.02392578125,0.3983992636203766,55.587493896484375,0.5318687558174133
6321,46,0.0224609375,0.4226064085960388,51.3291015625,0.5772905945777893
6322,54,0.0263671875,0.3782923221588135,56.326168060302734,0.5239975452423096
6323,58,0.0283203125,0.3301563858985901,55.736854553222656,0.5297989249229431
6324,55,0.02685546875,0.34145021438598633,56.328407287597656,0.5200424194335938
6325,52,0.025390625,0.3662644326686859,56.575927734375,0.517091691493988
6326,56,0.02734375,0.3457184433937073,54.93197250366211,0.5383940935134888
6327,50,0.0244140625,0.38208261132240295,54.240806579589844,0.5439267158508301
6328,53,0.02587890625,0.3556496202945709,55.73015213012695,0.5313542485237122
6329,55,0.02685546875,0.3302058279514313,56.551475524902344,0.5156086087226868
6330,57,0.02783203125,0.3378131687641144,58.244415283203125,0.4906865060329437
6331,57,0.02783203125,0.33058854937553406,57.19962692260742,0.5094590187072754
6332,58,0.0283203125,0.3354419767856598,57.484046936035156,0.5032031536102295
6333,53,0.02587890625,0.388666033744812,58.00758361816406,0.49544721841812134
6334,51,0.02490234375,0.40182945132255554,58.923851013183594,0.48309895396232605
6335,49,0.02392578125,0.4240313470363617,58.18606948852539,0.4980778992176056
6336,50,0.0244140625,0.3749615252017975,58.952110290527344,0.48298463225364685
6337,47,0.02294921875,0.39589831233024597,59.35249710083008,0.48624613881111145
6338,50,0.0244140625,0.41732195019721985,60.03086853027344,0.4745542109012604
6339,52,0.025390625,0.3910078704357147,60.85002899169922,0.4584794044494629
6340,49,0.02392578125,0.40153059363365173,58.167598724365234,0.49149513244628906
6341,43,0.02099609375,0.42249801754951477,56.713096618652344,0.5114883184432983
6342,42,0.0205078125,0.4334816634654999,57.35063934326172,0.5070592761039734
6343,44,0.021484375,0.4692285656929016,55.78721618652344,0.5152485370635986
6344,43,0.02099609375,0.4579145908355713,56.44395065307617,0.5096239447593689
6345,37,0.01806640625,0.4273811876773834,56.98102951049805,0.5118513107299805
6346,38,0.0185546875,0.46673113107681274,52.08771896362305,0.5740962624549866
6347,37,0.01806640625,0.4239654839038849,55.547786712646484,0.5160399079322815
6348,34,0.0166015625,0.4598926603794098,58.05923843383789,0.4867994785308838
6349,36,0.017578125,0.4710109531879425,51.006229400634766,0.573903501033783
6350,34,0.0166015625,0.44530394673347473,52.67429733276367,0.5681681036949158
6351,31,0.01513671875,0.451248437166214,54.092796325683594,0.5414353609085083
6352,34,0.0166015625,0.4957498610019684,53.71810531616211,0.5480018258094788
6353,31,0.01513671875,0.4933612048625946,55.85880661010742,0.52176833152771
6354,33,0.01611328125,0.4831296503543854,52.78261947631836,0.5645283460617065
6355,34,0.0166015625,0.48197856545448303,54.19754409790039,0.5405946969985962
6356,33,0.01611328125,0.517615556716919,55.39733123779297,0.5256068706512451
6357,30,0.0146484375,0.46993908286094666,54.10367965698242,0.5471234917640686
6358,30,0.0146484375,0.45203885436058044,54.68061065673828,0.5417172908782959
6359,29,0.01416015625,0.46353331208229065,56.0672607421875,0.5248355269432068
6360,47,0.02294921875,0.4267847537994385,58.22953796386719,0.4824637174606323
6361,43,0.02099609375,0.4513850510120392,58.00516128540039,0.4942145347595215
6362,41,0.02001953125,0.41887179017066956,62.55637741088867,0.4243810176849365
6363,45,0.02197265625,0.4353402256965637,59.50873565673828,0.4649450480937958
6364,46,0.0224609375,0.4402914047241211,58.00156021118164,0.49606767296791077
6365,49,0.02392578125,0.43810367584228516,58.81488800048828,0.4899614751338959
6366,44,0.021484375,0.4187171757221222,59.20682144165039,0.47174158692359924
6367,48,0.0234375,0.38482511043548584,57.566558837890625,0.5017586350440979
6368,49,0.02392578125,0.38993269205093384,52.458126068115234,0.5636720061302185
6369,44,0.021484375,0.38586121797561646,57.4461784362793,0.5009897351264954
6370,43,0.02099609375,0.3870968520641327,57.37995529174805,0.5047235488891602
6371,42,0.0205078125,0.4266193211078644,56.96113967895508,0.49953487515449524
6372,39,0.01904296875,0.417494535446167,64.56779479980469,0.4013250172138214
6373,41,0.02001953125,0.436788946390152,56.01758575439453,0.5236184000968933
6374,44,0.021484375,0.4198802411556244,58.9305305480957,0.47539618611335754
6375,46,0.0224609375,0.4276699721813202,59.585105895996094,0.46521344780921936
6376,42,0.0205078125,0.42583250999450684,62.28569793701172,0.4200158715248108
6377,42,0.0205078125,0.39392906427383423,54.876522064208984,0.5349792242050171
6378,44,0.021484375,0.42369526624679565,59.017330169677734,0.4830319285392761
6379,42,0.0205078125,0.4263877868652344,62.85205841064453,0.4234699010848999
6380,41,0.02001953125,0.45748937129974365,56.71333312988281,0.49852970242500305
6381,36,0.017578125,0.45281270146369934,64.25348663330078,0.40778782963752747
6382,35,0.01708984375,0.48246443271636963,56.273406982421875,0.5258382558822632
6383,33,0.01611328125,0.44801878929138184,66.43855285644531,0.38514211773872375
6384,32,0.015625,0.4307091534137726,65.72398376464844,0.389602929353714
6385,31,0.01513671875,0.45708733797073364,59.89063262939453,0.47938352823257446
6386,26,0.0126953125,0.45642325282096863,56.68643569946289,0.5163671970367432
6387,29,0.01416015625,0.47405198216438293,58.718017578125,0.48803389072418213
6388,31,0.01513671875,0.4783955216407776,59.4267692565918,0.4680587649345398
6389,31,0.01513671875,0.49439316987991333,53.56755828857422,0.5608899593353271
6390,32,0.015625,0.49321526288986206,54.52920913696289,0.5439790487289429
6391,32,0.015625,0.468860000371933,57.217655181884766,0.5068479180335999
6392,33,0.01611328125,0.4919997453689575,53.060874938964844,0.5610698461532593
6393,33,0.01611328125,0.4651987552642822,58.265785217285156,0.4811461269855499
6394,32,0.015625,0.45368021726608276,63.07685470581055,0.42609158158302307
6395,35,0.01708984375,0.4253711700439453,59.96647644042969,0.4470911920070648
6396,33,0.01611328125,0.41456952691078186,57.74757385253906,0.4856315851211548
6397,41,0.02001953125,0.4177452325820923,58.38424301147461,0.4815140664577484
6398,38,0.0185546875,0.40890786051750183,55.11573028564453,0.5223149061203003
6399,46,0.0224609375,0.3964199721813202,56.742713928222656,0.4972965717315674
6400,81,0.03955078125,0.3522818088531494,60.43638610839844,0.44538286328315735
6401,78,0.0380859375,0.32802361249923706,59.89884948730469,0.44925880432128906
6402,78,0.0380859375,0.3315941095352173,58.766944885253906,0.46438878774642944
6403,90,0.0439453125,0.32774049043655396,61.71794891357422,0.43066006898880005
6404,89,0.04345703125,0.33311909437179565,60.37510299682617,0.45492687821388245
6405,102,0.0498046875,0.2876353859901428,61.42511749267578,0.4450412094593048
6406,101,0.04931640625,0.32120630145072937,56.373538970947266,0.5106778144836426
6407,98,0.0478515625,0.32673290371894836,58.351932525634766,0.49035635590553284
6408,113,0.05517578125,0.30996519327163696,57.085750579833984,0.5077109932899475
6409,84,0.041015625,0.3423090875148773,57.73702621459961,0.4914202094078064
6410,97,0.04736328125,0.34923022985458374,59.72832107543945,0.46745041012763977
6411,107,0.05224609375,0.32224133610725403,58.981658935546875,0.477443665266037
6412,101,0.04931640625,0.33294814825057983,59.740074157714844,0.46285775303840637
6413,76,0.037109375,0.3774736523628235,63.101009368896484,0.41543954610824585
6414,75,0.03662109375,0.3472709655761719,61.05031967163086,0.4503495395183563
6415,69,0.03369140625,0.3755609691143036,63.556575775146484,0.4136104881763458
6416,67,0.03271484375,0.3915539085865021,64.53650665283203,0.4019530415534973
6417,62,0.0302734375,0.3290165066719055,57.18820571899414,0.5095827579498291
6418,73,0.03564453125,0.30388975143432617,56.84825897216797,0.5173633098602295
6419,67,0.03271484375,0.298177570104599,56.706844329833984,0.5096001625061035
6420,80,0.0390625,0.30603739619255066,60.20379638671875,0.4635719656944275
6421,68,0.033203125,0.30118289589881897,59.60310745239258,0.47367095947265625
6422,74,0.0361328125,0.292828768491745,57.47930145263672,0.4940424859523773
6423,75,0.03662109375,0.29797226190567017,58.967010498046875,0.48047128319740295
6424,67,0.03271484375,0.3211839497089386,58.29008102416992,0.4939790368080139
6425,67,0.03271484375,0.33218827843666077,58.18955993652344,0.4910275340080261
6426,66,0.0322265625,0.3108367323875427,59.75663757324219,0.46612808108329773
6427,61,0.02978515625,0.37198370695114136,59.87971878051758,0.4708688259124756
6428,65,0.03173828125,0.40828773379325867,55.376617431640625,0.5301806926727295
6429,62,0.0302734375,0.37952563166618347,58.465797424316406,0.48812368512153625
6430,62,0.0302734375,0.3618059456348419,58.66434860229492,0.48719921708106995
6431,67,0.03271484375,0.37186363339424133,56.35429763793945,0.5175154805183411
6432,62,0.0302734375,0.39512118697166443,58.99613952636719,0.478463739156723
6433,62,0.0302734375,0.3788341283798218,58.31904602050781,0.4908812344074249
6434,63,0.03076171875,0.4129924774169922,60.82355880737305,0.4578045904636383
6435,58,0.0283203125,0.4252416491508484,54.75172424316406,0.5295609831809998
6436,65,0.03173828125,0.40732091665267944,56.24164581298828,0.5181861519813538
6437,64,0.03125,0.38155320286750793,57.45508575439453,0.5058154463768005
6438,60,0.029296875,0.3976960778236389,59.83793640136719,0.4697478711605072
6439,60,0.029296875,0.41109180450439453,62.21776580810547,0.4390178620815277
6440,64,0.03125,0.414936900138855,59.27659225463867,0.48096027970314026
6441,59,0.02880859375,0.43079930543899536,57.999908447265625,0.4976595342159271
6442,53,0.02587890625,0.41143032908439636,56.320281982421875,0.5295265316963196
6443,49,0.02392578125,0.43747225403785706,54.749267578125,0.5481516718864441
6444,49,0.02392578125,0.4074364900588989,55.6428108215332,0.5342763066291809
6445,51,0.02490234375,0.43254825472831726,54.336647033691406,0.5464478135108948
6446,53,0.02587890625,0.4142080843448639,55.2723503112793,0.5445618629455566
6447,49,0.02392578125,0.4058871567249298,55.81035232543945,0.5342837572097778
6448,53,0.02587890625,0.43687301874160767,56.86312484741211,0.5211077928543091
6449,51,0.02490234375,0.4090114235877991,53.081336975097656,0.5676634907722473
6450,47,0.02294921875,0.4142293334007263,54.9964714050293,0.540776252746582
6451,49,0.02392578125,0.3832804560661316,54.42167663574219,0.5517688989639282
6452,45,0.02197265625,0.41056299209594727,51.84638214111328,0.5797165036201477
6453,47,0.02294921875,0.4046269357204437,52.796836853027344,0.5607005953788757
6454,47,0.02294921875,0.3891955614089966,54.749855041503906,0.5291734933853149
6455,49,0.02392578125,0.4133826792240143,53.099884033203125,0.5497874021530151
6456,49,0.02392578125,0.4118820130825043,52.14863204956055,0.5631327629089355
6457,46,0.0224609375,0.3906957805156708,53.030513763427734,0.5538491010665894
6458,44,0.021484375,0.4128330647945404,54.13321304321289,0.5400834679603577
6459,46,0.0224609375,0.41378477215766907,52.005775451660156,0.5770848989486694
6460,47,0.02294921875,0.40539079904556274,51.4179801940918,0.5829527378082275
6461,44,0.021484375,0.42540720105171204,51.28268814086914,0.5871244072914124
6462,46,0.0224609375,0.38639694452285767,52.81949996948242,0.565172016620636
6463,42,0.0205078125,0.3878650665283203,53.77729034423828,0.5501235127449036
6464,44,0.021484375,0.372982919216156,49.63810729980469,0.6050517559051514
6465,49,0.02392578125,0.3957194685935974,50.41230392456055,0.59912109375
6466,45,0.02197265625,0.3901021182537079,50.03937530517578,0.5981766581535339
6467,45,0.02197265625,0.40182557702064514,51.104976654052734,0.5872586965560913
6468,54,0.0263671875,0.40006354451179504,50.27505111694336,0.5914861559867859
6469,55,0.02685546875,0.3944181799888611,53.04096603393555,0.5598013401031494
6470,56,0.02734375,0.3596850335597992,52.647300720214844,0.5615989565849304
6471,52,0.025390625,0.36510586738586426,55.19399642944336,0.5257683992385864
6472,63,0.03076171875,0.37787947058677673,57.141807556152344,0.5038248896598816
6473,64,0.03125,0.3572219908237457,56.176841735839844,0.5187404751777649
6474,64,0.03125,0.3670230209827423,55.830448150634766,0.5226126909255981
6475,64,0.03125,0.3584688901901245,55.15815734863281,0.5309256315231323
6476,70,0.0341796875,0.36912596225738525,55.38621520996094,0.526948094367981
6477,71,0.03466796875,0.38011765480041504,59.3812255859375,0.4732016921043396
6478,69,0.03369140625,0.36587393283843994,58.37713623046875,0.4852859377861023
6479,59,0.02880859375,0.36832481622695923,53.578426361083984,0.5536103248596191
6480,113,0.05517578125,0.24239206314086914,54.098731994628906,0.5453904271125793
6481,109,0.05322265625,0.2563144266605377,57.83851623535156,0.4937516450881958
6482,100,0.048828125,0.28894564509391785,57.31265640258789,0.4952074885368347
6483,103,0.05029296875,0.2597309947013855,57.74442672729492,0.4950980842113495
6484,102,0.0498046875,0.28239235281944275,58.85101318359375,0.47767409682273865
6485,102,0.0498046875,0.2830495536327362,58.7061653137207,0.4794664978981018
6486,100,0.048828125,0.2860928773880005,59.166873931884766,0.47049975395202637
6487,107,0.05224609375,0.255809485912323,58.46437454223633,0.47690314054489136
6488,106,0.0517578125,0.25783416628837585,58.88304138183594,0.47255027294158936
6489,100,0.048828125,0.27770015597343445,59.59005355834961,0.4654061198234558
6490,105,0.05126953125,0.23554563522338867,56.75470733642578,0.5097578763961792
6491,115,0.05615234375,0.24258477985858917,57.676361083984375,0.49750927090644836
6492,111,0.05419921875,0.2672021687030792,55.82611846923828,0.5242640972137451
6493,107,0.05224609375,0.24979950487613678,59.673038482666016,0.46720319986343384
6494,111,0.05419921875,0.24118761718273163,58.461666107177734,0.48619386553764343
6495,110,0.0537109375,0.2409023940563202,58.43519973754883,0.48504748940467834
6496,110,0.0537109375,0.2543788552284241,56.984474182128906,0.505343496799469
6497,109,0.05322265625,0.23244719207286835,58.71993637084961,0.4816107451915741
6498,111,0.05419921875,0.22337836027145386,58.73445129394531,0.4836302697658539
6499,109,0.05322265625,0.22733254730701447,58.8909912109375,0.47768399119377136
6500,108,0.052734375,0.24259480834007263,57.56949996948242,0.49589917063713074
6501,111,0.05419921875,0.23455511033535004,58.39866638183594,0.48955297470092773
6502,112,0.0546875,0.22339250147342682,59.766700744628906,0.46903473138809204
6503,110,0.0537109375,0.23478202521800995,58.83574295043945,0.4799368679523468
6504,114,0.0556640625,0.22055429220199585,59.3161735534668,0.47798046469688416
6505,113,0.05517578125,0.23638059198856354,57.45761489868164,0.5000036954879761
6506,111,0.05419921875,0.2717474102973938,58.73710250854492,0.4848579168319702
6507,115,0.05615234375,0.24970793724060059,58.34151840209961,0.48584336042404175
6508,113,0.05517578125,0.2459709346294403,57.995967864990234,0.48927685618400574
6509,117,0.05712890625,0.25292325019836426,57.79771041870117,0.49446842074394226
6510,118,0.0576171875,0.25614693760871887,56.19584274291992,0.5145869851112366
6511,117,0.05712890625,0.26377978920936584,58.04423904418945,0.49221184849739075
6512,126,0.0615234375,0.26084092259407043,57.09870147705078,0.5024124979972839
6513,121,0.05908203125,0.2533099055290222,59.98523712158203,0.45894956588745117
6514,122,0.0595703125,0.25368770956993103,60.2150993347168,0.45524370670318604
6515,121,0.05908203125,0.25886270403862,59.98552322387695,0.46166545152664185
6516,123,0.06005859375,0.2790125906467438,59.41883087158203,0.46875134110450745
6517,122,0.0595703125,0.2737179398536682,60.4050178527832,0.4579160213470459
6518,111,0.05419921875,0.2967299222946167,59.513580322265625,0.4712320864200592
6519,112,0.0546875,0.28761526942253113,59.069969177246094,0.47854527831077576
6520,147,0.07177734375,0.4166232645511627,55.76897430419922,0.5184701681137085
6521,159,0.07763671875,0.40275686979293823,57.41584396362305,0.4987838566303253
6522,199,0.09716796875,0.3726525604724884,57.031227111816406,0.5055093169212341
6523,191,0.09326171875,0.372466117143631,57.01316452026367,0.5076125264167786
6524,177,0.08642578125,0.3853006958961487,57.60934066772461,0.49720361828804016
6525,167,0.08154296875,0.3836887776851654,57.67318344116211,0.4910673499107361
6526,194,0.0947265625,0.3685390055179596,56.52920150756836,0.5125560760498047
6527,170,0.0830078125,0.3726157248020172,56.44243621826172,0.5091172456741333
6528,173,0.08447265625,0.3720952570438385,57.68349075317383,0.49377816915512085
6529,166,0.0810546875,0.3805589973926544,54.8209342956543,0.526618242263794
6530,200,0.09765625,0.34191781282424927,57.066593170166016,0.49862879514694214
6531,190,0.0927734375,0.36388012766838074,57.355655670166016,0.4979725182056427
6532,190,0.0927734375,0.35386595129966736,58.741695404052734,0.48381006717681885
6533,213,0.10400390625,0.35518375039100647,57.523685455322266,0.4941997230052948
6534,199,0.09716796875,0.3623262345790863,58.29191970825195,0.4884670376777649
6535,183,0.08935546875,0.36038726568222046,58.16933059692383,0.4934234619140625
6536,203,0.09912109375,0.33890387415885925,58.427330017089844,0.48581844568252563
6537,243,0.11865234375,0.31470245122909546,54.43252182006836,0.5395619869232178
6538,221,0.10791015625,0.3323535919189453,55.959434509277344,0.5229988694190979
6539,257,0.12548828125,0.3019348382949829,55.560813903808594,0.5236691236495972
6540,275,0.13427734375,0.31092140078544617,55.50642395019531,0.5201757550239563
6541,317,0.15478515625,0.28626692295074463,56.145259857177734,0.5125945806503296
6542,395,0.19287109375,0.25087377429008484,57.55152130126953,0.4930543601512909
6543,722,0.3525390625,0.2022419571876526,57.28471755981445,0.5010378360748291
6544,714,0.3486328125,0.2084086388349533,56.8487434387207,0.5075536370277405
6545,723,0.35302734375,0.20937882363796234,56.7872428894043,0.5099720358848572
6546,649,0.31689453125,0.22094647586345673,57.71015930175781,0.49324631690979004
6547,815,0.39794921875,0.18438829481601715,57.343223571777344,0.498191773891449
6548,875,0.42724609375,0.17377974092960358,57.91782760620117,0.491176038980484
6549,797,0.38916015625,0.1805613934993744,58.46095275878906,0.48480334877967834
6550,894,0.4365234375,0.1769520342350006,58.28584671020508,0.4864806830883026
6551,776,0.37890625,0.19065450131893158,57.87688446044922,0.49340033531188965
6552,835,0.40771484375,0.18291501700878143,58.126033782958984,0.4916381537914276
6553,900,0.439453125,0.1735757738351822,58.32326126098633,0.48610734939575195
6554,273,0.13330078125,0.25370967388153076,56.45734405517578,0.5075533986091614
6555,254,0.1240234375,0.2554284632205963,56.369686126708984,0.5081740617752075
6556,314,0.1533203125,0.2305208444595337,57.0269660949707,0.4985155761241913
6557,529,0.25830078125,0.20294083654880524,58.66522979736328,0.48275530338287354
6558,473,0.23095703125,0.21131417155265808,59.20097732543945,0.4708561301231384
6559,598,0.2919921875,0.19403763115406036,58.01674270629883,0.49023330211639404
6560,563,0.27490234375,0.21329809725284576,56.512413024902344,0.5095247626304626
6561,565,0.27587890625,0.21342794597148895,55.84660720825195,0.5201935172080994
6562,591,0.28857421875,0.20548886060714722,56.568092346191406,0.508950412273407
6563,584,0.28515625,0.2095225304365158,55.9143180847168,0.518769383430481
6564,587,0.28662109375,0.20642220973968506,56.575016021728516,0.5088802576065063
6565,604,0.294921875,0.2111998200416565,56.42951202392578,0.5116726756095886
6566,628,0.306640625,0.19574961066246033,56.24351119995117,0.5137820839881897
6567,577,0.28173828125,0.2139807790517807,56.274696350097656,0.5119734406471252
6568,604,0.294921875,0.21464501321315765,56.01874923706055,0.5161117315292358
6569,569,0.27783203125,0.214360773563385,56.46356964111328,0.5102615356445312
6570,547,0.26708984375,0.2179258167743683,55.55642318725586,0.5243114233016968
6571,563,0.27490234375,0.21523620188236237,55.74987030029297,0.5228123068809509
6572,544,0.265625,0.2157977819442749,55.43062973022461,0.528060257434845
6573,565,0.27587890625,0.2161284238100052,55.84805679321289,0.5209773778915405
6574,564,0.275390625,0.2186214178800583,55.846431732177734,0.5228250026702881
6575,593,0.28955078125,0.2090146392583847,56.133766174316406,0.5174581408500671
6576,528,0.2578125,0.21695081889629364,55.52116394042969,0.5275893211364746
6577,529,0.25830078125,0.21814174950122833,55.23727798461914,0.5297969579696655
6578,542,0.2646484375,0.21331773698329926,55.18642807006836,0.5305960178375244
6579,526,0.2568359375,0.20985911786556244,55.50752639770508,0.5263519883155823
6580,572,0.279296875,0.21314223110675812,55.82267379760742,0.523825466632843
6581,664,0.32421875,0.20229923725128174,56.32528305053711,0.515629231929779
6582,674,0.3291015625,0.21014270186424255,57.152713775634766,0.5039469003677368
6583,677,0.33056640625,0.20375511050224304,56.468055725097656,0.5116019248962402
6584,673,0.32861328125,0.19914329051971436,56.74949645996094,0.5082337856292725
6585,747,0.36474609375,0.19913789629936218,57.201560974121094,0.5017074346542358
6586,752,0.3671875,0.20184685289859772,57.20536804199219,0.5022076368331909
6587,873,0.42626953125,0.2052222043275833,56.899234771728516,0.5058861970901489
6588,766,0.3740234375,0.21134474873542786,57.965179443359375,0.4904616177082062
6589,663,0.32373046875,0.21569935977458954,56.82835388183594,0.5080744624137878
6590,697,0.34033203125,0.22095468640327454,57.663177490234375,0.4969482123851776
6591,765,0.37353515625,0.216450497508049,58.00284957885742,0.49033650755882263
6592,1012,0.494140625,0.21844786405563354,56.3446044921875,0.5154866576194763
6593,877,0.42822265625,0.21555601060390472,57.01352310180664,0.5045576691627502
6594,818,0.3994140625,0.20956780016422272,58.14385223388672,0.48722177743911743
6595,739,0.36083984375,0.21955756843090057,58.049190521240234,0.48980262875556946
6596,819,0.39990234375,0.22197148203849792,57.66392517089844,0.49629899859428406
6597,954,0.4658203125,0.2488613873720169,56.56563186645508,0.5101194977760315
6598,1080,0.52734375,0.24986553192138672,56.28763961791992,0.5145271420478821
6599,352,0.171875,0.33263662457466125,57.56793212890625,0.4947684109210968
6600,58,0.0283203125,0.463858962059021,59.39503479003906,0.46542006731033325
6601,56,0.02734375,0.47481510043144226,59.15258026123047,0.46928319334983826
6602,55,0.02685546875,0.4705730974674225,55.79147720336914,0.5114392638206482
6603,56,0.02734375,0.47920554876327515,59.038108825683594,0.4671231806278229
6604,56,0.02734375,0.48018819093704224,57.942466735839844,0.4845857322216034
6605,55,0.02685546875,0.5007529258728027,57.929962158203125,0.48227474093437195
6606,58,0.0283203125,0.5371650457382202,58.41085433959961,0.47449368238449097
6607,54,0.0263671875,0.4967672526836395,55.84795379638672,0.511057436466217
6608,55,0.02685546875,0.4889485836029053,59.32564926147461,0.4614715576171875
6609,59,0.02880859375,0.5171128511428833,58.87324523925781,0.4672653079032898
6610,61,0.02978515625,0.49265366792678833,57.024139404296875,0.49298208951950073
6611,57,0.02783203125,0.49860185384750366,55.61650466918945,0.5165740847587585
6612,63,0.03076171875,0.5324597954750061,58.78645324707031,0.4723960757255554
6613,63,0.03076171875,0.44069308042526245,56.2917594909668,0.5136343836784363
6614,61,0.02978515625,0.4589166045188904,57.844425201416016,0.4850901961326599
6615,62,0.0302734375,0.4141051471233368,57.32044219970703,0.4932580888271332
6616,64,0.03125,0.41238677501678467,56.496150970458984,0.5105523467063904
6617,67,0.03271484375,0.42133697867393494,54.07835388183594,0.543046772480011
6618,56,0.02734375,0.36776429414749146,52.87515640258789,0.551897406578064
6619,62,0.0302734375,0.3846510946750641,53.37514877319336,0.5445545315742493
6620,63,0.03076171875,0.3735089600086212,52.68966293334961,0.5616393685340881
6621,61,0.02978515625,0.36686933040618896,55.6171875,0.5156692862510681
6622,63,0.03076171875,0.36358433961868286,52.31267166137695,0.5618513822555542
6623,54,0.0263671875,0.3528774678707123,52.76369857788086,0.5597133040428162
6624,62,0.0302734375,0.36399567127227783,52.69579315185547,0.5576052665710449
6625,64,0.03125,0.3520626127719879,51.441261291503906,0.5752754211425781
6626,66,0.0322265625,0.36379173398017883,54.32037353515625,0.5409650206565857
6627,64,0.03125,0.35784491896629333,53.50725555419922,0.5425967574119568
6628,67,0.03271484375,0.37230902910232544,55.20509719848633,0.5202527642250061
6629,66,0.0322265625,0.32969123125076294,53.875396728515625,0.5473500490188599
6630,60,0.029296875,0.31065070629119873,54.03221893310547,0.5500113368034363
6631,59,0.02880859375,0.2715664505958557,52.2151985168457,0.5758752226829529
6632,62,0.0302734375,0.2538255751132965,54.507598876953125,0.5460400581359863
6633,56,0.02734375,0.27452534437179565,54.2901725769043,0.5390328764915466
6634,53,0.02587890625,0.25210314989089966,55.69911575317383,0.5272508859634399
6635,51,0.02490234375,0.2593117356300354,55.72281265258789,0.5221330523490906
6636,53,0.02587890625,0.28348037600517273,53.47123718261719,0.5576342940330505
6637,53,0.02587890625,0.2738429605960846,51.417232513427734,0.5818949341773987
6638,50,0.0244140625,0.2908092141151428,53.55419921875,0.5520395040512085
6639,48,0.0234375,0.2666172683238983,53.4694709777832,0.5538814663887024
6640,75,0.03662109375,0.3264766037464142,57.47920608520508,0.5015276670455933
6641,76,0.037109375,0.32120752334594727,57.2834587097168,0.4999828338623047
6642,82,0.0400390625,0.30978766083717346,58.6027946472168,0.4794870615005493
6643,76,0.037109375,0.31263038516044617,57.93259811401367,0.48775914311408997
6644,81,0.03955078125,0.2999352812767029,58.02113342285156,0.4916357696056366
6645,81,0.03955078125,0.2866989076137543,60.55205154418945,0.45300018787384033
6646,80,0.0390625,0.2959267199039459,61.7489013671875,0.4419165551662445
6647,79,0.03857421875,0.28983601927757263,61.346702575683594,0.4398490786552429
6648,76,0.037109375,0.2855134904384613,61.88447570800781,0.44074153900146484
6649,76,0.037109375,0.2750418186187744,61.41782760620117,0.4441581070423126
6650,70,0.0341796875,0.2754741311073303,60.776485443115234,0.456845760345459
6651,71,0.03466796875,0.27587300539016724,61.32183074951172,0.44955238699913025
6652,77,0.03759765625,0.2703250050544739,61.00864791870117,0.4501306712627411
6653,77,0.03759765625,0.2719322741031647,62.71791458129883,0.42996740341186523
6654,72,0.03515625,0.2750729024410248,59.81105041503906,0.46517589688301086
6655,70,0.0341796875,0.27864712476730347,63.99644088745117,0.4132626950740814
6656,71,0.03466796875,0.28211259841918945,60.76945495605469,0.4611646234989166
6657,70,0.0341796875,0.2828740179538727,61.11546325683594,0.45080575346946716
6658,64,0.03125,0.28945448994636536,57.985477447509766,0.49540942907333374
6659,60,0.029296875,0.31164059042930603,57.86185836791992,0.48844194412231445
6660,59,0.02880859375,0.3188518285751343,58.28932571411133,0.48270073533058167
6661,57,0.02783203125,0.32065191864967346,58.81926345825195,0.4708470404148102
6662,58,0.0283203125,0.3079899251461029,59.00932312011719,0.46733757853507996
6663,61,0.02978515625,0.2895325720310211,59.28415298461914,0.48079782724380493
6664,60,0.029296875,0.29089948534965515,60.72562789916992,0.4619600474834442
6665,60,0.029296875,0.3097767233848572,56.93638610839844,0.49959996342658997
6666,60,0.029296875,0.3252266049385071,61.740238189697266,0.44380655884742737
6667,57,0.02783203125,0.3536008596420288,58.726654052734375,0.4931659996509552
6668,53,0.02587890625,0.3682265877723694,58.72300338745117,0.49371108412742615
6669,55,0.02685546875,0.3577215373516083,59.8191032409668,0.47736579179763794
6670,61,0.02978515625,0.33849459886550903,59.3883171081543,0.4721825420856476
6671,61,0.02978515625,0.32368773221969604,60.04533004760742,0.46353811025619507
6672,59,0.02880859375,0.3428325355052948,58.85725402832031,0.48407334089279175
6673,60,0.029296875,0.3653028607368469,60.148597717285156,0.46986550092697144
6674,61,0.02978515625,0.37514621019363403,59.133060455322266,0.48564451932907104
6675,59,0.02880859375,0.36291569471359253,60.06346130371094,0.45775267481803894
6676,56,0.02734375,0.36020657420158386,59.28841781616211,0.48205676674842834
6677,57,0.02783203125,0.3556075394153595,59.964317321777344,0.4732498228549957
6678,56,0.02734375,0.34765729308128357,60.607421875,0.45672303438186646
6679,56,0.02734375,0.34109005331993103,60.737552642822266,0.45355531573295593
6680,83,0.04052734375,0.2746815085411072,57.185699462890625,0.4945047199726105
6681,86,0.0419921875,0.26848453283309937,57.68867111206055,0.488042950630188
6682,86,0.0419921875,0.27171218395233154,57.24176788330078,0.4946861267089844
6683,82,0.0400390625,0.26174983382225037,56.74380874633789,0.5028432607650757
6684,80,0.0390625,0.25911465287208557,55.94538497924805,0.507408618927002
6685,81,0.03955078125,0.26742231845855713,56.88290786743164,0.5013424754142761
6686,82,0.0400390625,0.2689015865325928,57.154052734375,0.49699801206588745
6687,82,0.0400390625,0.2655135989189148,57.66165542602539,0.49045389890670776
6688,78,0.0380859375,0.2610657215118408,57.6538200378418,0.49403905868530273
6689,78,0.0380859375,0.2528005540370941,56.69344711303711,0.5073217749595642
6690,78,0.0380859375,0.23965805768966675,57.02888488769531,0.501705527305603
6691,79,0.03857421875,0.2554567754268646,57.80583190917969,0.4928262531757355
6692,77,0.03759765625,0.24836155772209167,57.436771392822266,0.4992856979370117
6693,75,0.03662109375,0.24227330088615417,55.993465423583984,0.5141488909721375
6694,74,0.0361328125,0.25513771176338196,55.257240295410156,0.5237881541252136
6695,71,0.03466796875,0.2464403212070465,56.267765045166016,0.5131269693374634
6696,72,0.03515625,0.2432277947664261,56.02400588989258,0.5183242559432983
6697,71,0.03466796875,0.24570448696613312,56.113590240478516,0.5159334540367126
6698,70,0.0341796875,0.24227268993854523,55.64917755126953,0.5215629935264587
6699,73,0.03564453125,0.24334000051021576,55.01698303222656,0.527736485004425
6700,73,0.03564453125,0.23643305897712708,55.128543853759766,0.52773118019104
6701,72,0.03515625,0.26185035705566406,55.69544982910156,0.5161548852920532
6702,73,0.03564453125,0.23554234206676483,54.772850036621094,0.5304857492446899
6703,74,0.0361328125,0.26560550928115845,54.85477066040039,0.5258294939994812
6704,72,0.03515625,0.23077481985092163,55.26971435546875,0.5178177952766418
6705,74,0.0361328125,0.2427567094564438,56.326053619384766,0.5065609216690063
6706,75,0.03662109375,0.2660842835903168,56.723541259765625,0.5041189789772034
6707,75,0.03662109375,0.2605885863304138,57.365962982177734,0.4966171383857727
6708,74,0.0361328125,0.2775338292121887,55.800453186035156,0.514960527420044
6709,76,0.037109375,0.26776784658432007,58.04921340942383,0.48790520429611206
6710,73,0.03564453125,0.23552171885967255,56.093421936035156,0.5143119096755981
6711,76,0.037109375,0.27304211258888245,58.189414978027344,0.4851764738559723
6712,77,0.03759765625,0.23927387595176697,58.61843490600586,0.47465553879737854
6713,80,0.0390625,0.25729846954345703,58.2200927734375,0.4857099652290344
6714,78,0.0380859375,0.2841981053352356,58.25455856323242,0.48387205600738525
6715,75,0.03662109375,0.25720494985580444,55.70029830932617,0.5199277997016907
6716,75,0.03662109375,0.2549602687358856,56.27180480957031,0.5133994221687317
6717,74,0.0361328125,0.26969996094703674,55.4321403503418,0.5220842957496643
6718,78,0.0380859375,0.2825263440608978,56.7646369934082,0.5054532289505005
6719,75,0.03662109375,0.2601596415042877,54.65706253051758,0.5307407379150391
6720,52,0.025390625,0.3446042835712433,56.78858184814453,0.5089220404624939
6721,49,0.02392578125,0.3360550105571747,54.064849853515625,0.5321747660636902
6722,50,0.0244140625,0.3427194058895111,54.157073974609375,0.5287907123565674
6723,49,0.02392578125,0.33365508913993835,50.597412109375,0.5809682607650757
6724,52,0.025390625,0.3255169987678528,55.487491607666016,0.5294774174690247
6725,49,0.02392578125,0.33514997363090515,54.748046875,0.534503698348999
6726,48,0.0234375,0.3283594250679016,54.971858978271484,0.5347167253494263
6727,48,0.0234375,0.3220270872116089,53.9090461730957,0.5489407181739807
6728,47,0.02294921875,0.33024829626083374,53.03205108642578,0.5558512806892395
6729,44,0.021484375,0.33410266041755676,50.5777587890625,0.5791361927986145
6730,46,0.0224609375,0.3203587234020233,51.50102615356445,0.5738483667373657
6731,44,0.021484375,0.31091180443763733,50.96586608886719,0.5815039873123169
6732,43,0.02099609375,0.2905677556991577,55.20243835449219,0.5114045143127441
6733,44,0.021484375,0.28957462310791016,58.155906677246094,0.48413917422294617
6734,41,0.02001953125,0.28852322697639465,56.91965866088867,0.4982941746711731
6735,46,0.0224609375,0.26528534293174744,54.24551010131836,0.5311717391014099
6736,49,0.02392578125,0.27228885889053345,53.27769088745117,0.5460385084152222
6737,51,0.02490234375,0.2780890464782715,53.782100677490234,0.5458257794380188
6738,48,0.0234375,0.29884466528892517,54.54278564453125,0.5286198854446411
6739,50,0.0244140625,0.29378241300582886,55.94527816772461,0.5152043104171753
6740,52,0.025390625,0.3001370131969452,56.50010681152344,0.5039957165718079
6741,56,0.02734375,0.336584210395813,55.43750762939453,0.536255955696106
6742,55,0.02685546875,0.3035508692264557,55.51275634765625,0.5219585299491882
6743,51,0.02490234375,0.30318906903266907,56.17694091796875,0.5081533789634705
6744,52,0.025390625,0.29570090770721436,54.51882553100586,0.5317237377166748
6745,50,0.0244140625,0.30356767773628235,55.649757385253906,0.5131226181983948
6746,49,0.02392578125,0.2943304479122162,53.40082931518555,0.5456795692443848
6747,49,0.02392578125,0.29720762372016907,55.995243072509766,0.5144606232643127
6748,51,0.02490234375,0.2872985303401947,56.07966232299805,0.5125323534011841
6749,50,0.0244140625,0.3070991337299347,53.9739990234375,0.5353527069091797
6750,49,0.02392578125,0.30487632751464844,56.42133331298828,0.5058313608169556
6751,51,0.02490234375,0.2920931279659271,52.816429138183594,0.5482495427131653
6752,49,0.02392578125,0.30027976632118225,55.36266326904297,0.5210084915161133
6753,49,0.02392578125,0.3046092987060547,55.672733306884766,0.5219057202339172
6754,47,0.02294921875,0.29462912678718567,53.18410110473633,0.5560902953147888
6755,47,0.02294921875,0.2912961542606354,54.068359375,0.5381181240081787
6756,51,0.02490234375,0.3035539388656616,58.230003356933594,0.4837370812892914
6757,51,0.02490234375,0.3214189410209656,54.92980194091797,0.5385990738868713
6758,50,0.0244140625,0.3060831129550934,55.828857421875,0.5217888355255127
6759,49,0.02392578125,0.28274163603782654,55.154571533203125,0.5265546441078186
6760,91,0.04443359375,0.23024886846542358,55.084014892578125,0.532661497592926
6761,89,0.04345703125,0.2333834320306778,57.99680709838867,0.48932239413261414
6762,94,0.0458984375,0.22152744233608246,57.100730895996094,0.5042753219604492
6763,107,0.05224609375,0.20589719712734222,54.073036193847656,0.5394507646560669
6764,135,0.06591796875,0.2376319020986557,56.165771484375,0.5124082565307617
6765,270,0.1318359375,0.4443419873714447,58.32709884643555,0.4888918697834015
6766,193,0.09423828125,0.3426128625869751,57.670448303222656,0.4937756657600403
6767,216,0.10546875,0.3761627674102783,58.46729278564453,0.48839831352233887
6768,126,0.0615234375,0.2461021989583969,55.35678482055664,0.5192968249320984
6769,124,0.060546875,0.24858401715755463,56.36266326904297,0.5049512386322021
6770,138,0.0673828125,0.23301100730895996,56.77120590209961,0.49865975975990295
6771,140,0.068359375,0.2486458569765091,55.044681549072266,0.5230777859687805
6772,122,0.0595703125,0.22224390506744385,54.87252426147461,0.5258929133415222
6773,183,0.08935546875,0.3164397180080414,60.391414642333984,0.4567546248435974
6774,188,0.091796875,0.335440456867218,58.70718002319336,0.48182249069213867
6775,201,0.09814453125,0.35423997044563293,57.75065231323242,0.4958837032318115
6776,217,0.10595703125,0.3806612193584442,59.94786834716797,0.4657352566719055
6777,196,0.095703125,0.34898465871810913,57.65465545654297,0.4927590489387512
6778,195,0.09521484375,0.346321702003479,59.015907287597656,0.4774586856365204
6779,237,0.11572265625,0.4185870587825775,60.06095504760742,0.46612870693206787
6780,109,0.05322265625,0.22131842374801636,57.205204010009766,0.4946648180484772
6781,121,0.05908203125,0.25535908341407776,56.565757751464844,0.4998592734336853
6782,128,0.0625,0.2673781216144562,56.85902404785156,0.4995270073413849
6783,135,0.06591796875,0.267567902803421,55.46113586425781,0.5175967216491699
6784,152,0.07421875,0.31186428666114807,58.52527618408203,0.47705182433128357
6785,143,0.06982421875,0.31720101833343506,57.23237228393555,0.495856910943985
6786,139,0.06787109375,0.3100977838039398,55.816280364990234,0.5098773241043091
6787,127,0.06201171875,0.2940821945667267,54.67170715332031,0.5270522832870483
6788,129,0.06298828125,0.2941967844963074,55.502376556396484,0.5191444754600525
6789,99,0.04833984375,0.2525840401649475,54.05167770385742,0.5437543988227844
6790,91,0.04443359375,0.24372924864292145,55.914791107177734,0.5188948512077332
6791,90,0.0439453125,0.2555130422115326,57.170963287353516,0.5005113482475281
6792,91,0.04443359375,0.25055834650993347,55.6881217956543,0.5193343162536621
6793,85,0.04150390625,0.2622203826904297,56.96266174316406,0.5049389004707336
6794,87,0.04248046875,0.284440279006958,58.53410720825195,0.4807899296283722
6795,84,0.041015625,0.2542141079902649,57.602508544921875,0.49693265557289124
6796,86,0.0419921875,0.2684316337108612,58.62619400024414,0.48146113753318787
6797,80,0.0390625,0.2733989357948303,60.73540115356445,0.4548659920692444
6798,83,0.04052734375,0.2765415608882904,60.01127243041992,0.4618798792362213
6799,80,0.0390625,0.3048305809497833,59.85541915893555,0.4657580256462097
6800,86,0.0419921875,0.34758424758911133,55.16193771362305,0.5361397862434387
6801,86,0.0419921875,0.33311349153518677,55.24266052246094,0.5354042649269104
6802,89,0.04345703125,0.3331313133239746,57.586151123046875,0.5022693872451782
6803,86,0.0419921875,0.33950600028038025,55.39467239379883,0.5339995622634888
6804,91,0.04443359375,0.32680410146713257,56.815162658691406,0.5121181607246399
6805,95,0.04638671875,0.33759045600891113,56.766029357910156,0.5145881772041321
6806,97,0.04736328125,0.3153412342071533,58.21375274658203,0.4917832314968109
6807,97,0.04736328125,0.3414119482040405,57.21296691894531,0.5055343508720398
6808,99,0.04833984375,0.33965638279914856,58.08730697631836,0.49184900522232056
6809,92,0.044921875,0.37769100069999695,57.591583251953125,0.4982190430164337
6810,97,0.04736328125,0.37261927127838135,58.99904251098633,0.4850953221321106
6811,97,0.04736328125,0.3607206344604492,58.64646530151367,0.4928291440010071
6812,92,0.044921875,0.3957892954349518,59.80891036987305,0.4755488634109497
6813,94,0.0458984375,0.36994555592536926,59.47796630859375,0.475636750459671
6814,92,0.044921875,0.393445760011673,60.896419525146484,0.45164382457733154
6815,86,0.0419921875,0.4002700746059418,57.0908203125,0.5039657950401306
6816,86,0.0419921875,0.41081422567367554,57.7802619934082,0.49547693133354187
6817,94,0.0458984375,0.3515661954879761,59.36383056640625,0.47966259717941284
6818,94,0.0458984375,0.3650311529636383,58.672908782958984,0.4925558269023895
6819,95,0.04638671875,0.3561423718929291,55.86154556274414,0.5262199640274048
6820,97,0.04736328125,0.3617163300514221,59.89417266845703,0.4713883101940155
6821,98,0.0478515625,0.37023916840553284,59.08292770385742,0.4806087911128998
6822,96,0.046875,0.401323139667511,60.143253326416016,0.46977710723876953
6823,90,0.0439453125,0.4327384829521179,61.093990325927734,0.4489627778530121
6824,87,0.04248046875,0.4303314685821533,59.759788513183594,0.4661780297756195
6825,95,0.04638671875,0.40345197916030884,59.6300163269043,0.47708016633987427
6826,95,0.04638671875,0.36334192752838135,59.607276916503906,0.4805383086204529
6827,94,0.0458984375,0.36623698472976685,58.66775131225586,0.4927297830581665
6828,99,0.04833984375,0.3541985750198364,59.570350646972656,0.4797806441783905
6829,101,0.04931640625,0.3203119933605194,58.623592376708984,0.4887702465057373
6830,108,0.052734375,0.3031764030456543,57.642581939697266,0.5021504163742065
6831,99,0.04833984375,0.29725438356399536,58.13159942626953,0.49509337544441223
6832,100,0.048828125,0.25926607847213745,55.776092529296875,0.5306227803230286
6833,97,0.04736328125,0.2785329222679138,57.16407775878906,0.510369598865509
6834,99,0.04833984375,0.30075228214263916,60.4023323059082,0.46561479568481445
6835,103,0.05029296875,0.29553747177124023,59.018924713134766,0.48819199204444885
6836,103,0.05029296875,0.3127009868621826,60.11531066894531,0.47515177726745605
6837,98,0.0478515625,0.31980958580970764,59.614707946777344,0.4780575633049011
6838,102,0.0498046875,0.3053078055381775,58.625484466552734,0.4922347068786621
6839,98,0.0478515625,0.350593239068985,56.0142707824707,0.526773989200592
6840,48,0.0234375,0.5407372713088989,61.7741584777832,0.43220794200897217
6841,51,0.02490234375,0.5043953657150269,61.4328727722168,0.4385037124156952
6842,55,0.02685546875,0.4654920995235443,58.888641357421875,0.47201284766197205
6843,55,0.02685546875,0.46296706795692444,61.620635986328125,0.4428301155567169
6844,58,0.0283203125,0.4539247453212738,59.448516845703125,0.4663428068161011
6845,61,0.02978515625,0.4256805181503296,61.6168098449707,0.442223459482193
6846,59,0.02880859375,0.4754253029823303,61.340248107910156,0.44553327560424805
6847,60,0.029296875,0.4463352859020233,59.73930358886719,0.4597364366054535
6848,64,0.03125,0.45229804515838623,61.142066955566406,0.44769540429115295
6849,62,0.0302734375,0.45319876074790955,60.04370880126953,0.4606969356536865
6850,60,0.029296875,0.4792995750904083,57.2379150390625,0.5136998295783997
6851,60,0.029296875,0.48963138461112976,55.06127166748047,0.5363090634346008
6852,56,0.02734375,0.4956497550010681,57.28046798706055,0.5078157186508179
6853,59,0.02880859375,0.4344596564769745,56.412410736083984,0.5150315761566162
6854,70,0.0341796875,0.37533676624298096,56.97153854370117,0.5056348443031311
6855,82,0.0400390625,0.35250264406204224,56.13096237182617,0.5126540064811707
6856,80,0.0390625,0.3966376483440399,55.20302200317383,0.5292062759399414
6857,77,0.03759765625,0.4011537730693817,58.3160400390625,0.48320162296295166
6858,79,0.03857421875,0.3797015845775604,55.49333190917969,0.5239090323448181
6859,81,0.03955078125,0.4197762608528137,55.90613555908203,0.520915687084198
6860,80,0.0390625,0.42581886053085327,57.79193115234375,0.49153217673301697
6861,70,0.0341796875,0.4190244674682617,57.921424865722656,0.4869282841682434
6862,68,0.033203125,0.42748987674713135,57.01070785522461,0.4990328550338745
6863,79,0.03857421875,0.43203073740005493,56.97522735595703,0.503548264503479
6864,77,0.03759765625,0.42543739080429077,59.65458297729492,0.4649297893047333
6865,79,0.03857421875,0.42858853936195374,60.65494155883789,0.4554419219493866
6866,72,0.03515625,0.4104647934436798,58.09428024291992,0.4871630072593689
6867,70,0.0341796875,0.40146878361701965,58.83058166503906,0.48257386684417725
6868,87,0.04248046875,0.4035574197769165,57.436546325683594,0.4999339282512665
6869,76,0.037109375,0.4116584062576294,58.87783432006836,0.48493459820747375
6870,79,0.03857421875,0.41848430037498474,56.03217697143555,0.514394223690033
6871,81,0.03955078125,0.4120916426181793,55.92351531982422,0.5176323056221008
6872,82,0.0400390625,0.4122506082057953,58.96860122680664,0.47694826126098633
6873,79,0.03857421875,0.40083926916122437,57.6812744140625,0.49511608481407166
6874,81,0.03955078125,0.4171698987483978,54.27818298339844,0.5377088785171509
6875,71,0.03466796875,0.42555928230285645,59.8740234375,0.47278067469596863
6876,65,0.03173828125,0.42402011156082153,57.37712478637695,0.5026516914367676
6877,67,0.03271484375,0.3894992470741272,55.7457275390625,0.5155971050262451
6878,67,0.03271484375,0.38458898663520813,55.23918533325195,0.522813081741333
6879,63,0.03076171875,0.39824172854423523,56.51833724975586,0.5059822797775269
6880,62,0.0302734375,0.3205471932888031,58.67829513549805,0.48408597707748413
6881,69,0.03369140625,0.30175837874412537,52.97902297973633,0.563212513923645
6882,72,0.03515625,0.2879045903682709,50.8399658203125,0.5869812369346619
6883,73,0.03564453125,0.2650125324726105,54.13934326171875,0.5460329055786133
6884,78,0.0380859375,0.22902058064937592,56.362911224365234,0.5206134915351868
6885,84,0.041015625,0.2138369232416153,55.670989990234375,0.5280123949050903
6886,94,0.0458984375,0.20587511360645294,53.85700607299805,0.5404412746429443
6887,103,0.05029296875,0.2378760427236557,56.20833969116211,0.509100615978241
6888,95,0.04638671875,0.23900598287582397,52.480735778808594,0.5646501779556274
6889,91,0.04443359375,0.24742621183395386,54.768768310546875,0.5346946120262146
6890,100,0.048828125,0.2512612044811249,52.349910736083984,0.5659831166267395
6891,88,0.04296875,0.21648159623146057,52.218101501464844,0.5635955333709717
6892,71,0.03466796875,0.23478229343891144,56.77161407470703,0.5054876208305359
6893,75,0.03662109375,0.22621160745620728,55.3651237487793,0.5217158198356628
6894,82,0.0400390625,0.23257669806480408,52.52225112915039,0.5540594458580017
6895,93,0.04541015625,0.2490197867155075,52.706031799316406,0.5517295598983765
6896,82,0.0400390625,0.23016700148582458,55.18302917480469,0.5319502949714661
6897,79,0.03857421875,0.2214471995830536,53.89552688598633,0.5399754047393799
6898,86,0.0419921875,0.2307453155517578,53.18510818481445,0.5496261715888977
6899,96,0.046875,0.22421546280384064,51.91923522949219,0.5593289732933044
6900,85,0.04150390625,0.22457650303840637,52.29714584350586,0.5556354522705078
6901,121,0.05908203125,0.22942690551280975,51.58613586425781,0.5612856149673462
6902,124,0.060546875,0.21883992850780487,53.34945297241211,0.5384684205055237
6903,113,0.05517578125,0.21502207219600677,55.40065002441406,0.5270689129829407
6904,97,0.04736328125,0.23719589412212372,52.87237548828125,0.5469347238540649
6905,99,0.04833984375,0.24234022200107574,52.617340087890625,0.5561607480049133
6906,108,0.052734375,0.21359878778457642,53.91245651245117,0.5402138829231262
6907,111,0.05419921875,0.220504030585289,54.46480941772461,0.5360820293426514
6908,99,0.04833984375,0.23639658093452454,54.76993942260742,0.5284897685050964
6909,125,0.06103515625,0.21299278736114502,54.38814163208008,0.5378546714782715
6910,176,0.0859375,0.15802516043186188,55.778221130371094,0.5262513756752014
6911,197,0.09619140625,0.15570688247680664,55.07981491088867,0.5304208993911743
6912,181,0.08837890625,0.1584962159395218,56.15340042114258,0.5133243203163147
6913,174,0.0849609375,0.16388511657714844,53.644325256347656,0.544540286064148
6914,171,0.08349609375,0.17674662172794342,55.41250991821289,0.5231813788414001
6915,161,0.07861328125,0.17043739557266235,54.069664001464844,0.5432062745094299
6916,112,0.0546875,0.26227399706840515,59.005733489990234,0.4743690490722656
6917,117,0.05712890625,0.26008346676826477,57.99370574951172,0.4890783727169037
6918,121,0.05908203125,0.28523942828178406,59.356990814208984,0.47638556361198425
6919,84,0.041015625,0.35435304045677185,58.98960494995117,0.4775937497615814
6920,30,0.0146484375,0.3887838125228882,56.52460479736328,0.514426052570343
6921,30,0.0146484375,0.3855840563774109,56.05824279785156,0.5288659930229187
6922,32,0.015625,0.3752870559692383,55.795989990234375,0.5234768390655518
6923,32,0.015625,0.364248663187027,53.55483627319336,0.5546223521232605
6924,33,0.01611328125,0.38898172974586487,51.28505325317383,0.580971360206604
6925,31,0.01513671875,0.36611926555633545,52.586910247802734,0.5775842070579529
6926,34,0.0166015625,0.3748840391635895,54.73597717285156,0.5399852991104126
6927,32,0.015625,0.3723076581954956,51.00556945800781,0.5860099792480469
6928,35,0.01708984375,0.39465442299842834,53.31651306152344,0.5548233389854431
6929,33,0.01611328125,0.3851620852947235,52.077392578125,0.5731853246688843
6930,34,0.0166015625,0.40179046988487244,52.321563720703125,0.5700056552886963
6931,31,0.01513671875,0.3978298306465149,52.80192947387695,0.5641261339187622
6932,34,0.0166015625,0.4061669707298279,52.40280532836914,0.5720525979995728
6933,35,0.01708984375,0.40297579765319824,50.7454719543457,0.5925996899604797
6934,36,0.017578125,0.41251906752586365,52.37646484375,0.5684735178947449
6935,36,0.017578125,0.41798150539398193,52.53236389160156,0.5634475946426392
6936,35,0.01708984375,0.4012356400489807,56.62566375732422,0.5180933475494385
6937,33,0.01611328125,0.42173081636428833,58.18256759643555,0.49305713176727295
6938,25,0.01220703125,0.4069644510746002,54.4971923828125,0.5501089692115784
6939,28,0.013671875,0.39012083411216736,52.31887435913086,0.5788983702659607
6940,28,0.013671875,0.39104560017585754,51.91636276245117,0.5848895311355591
6941,28,0.013671875,0.39893653988838196,51.908206939697266,0.5832724571228027
6942,28,0.013671875,0.39108678698539734,52.29121780395508,0.560785710811615
6943,33,0.01611328125,0.42177674174308777,52.79627990722656,0.5691144466400146
6944,34,0.0166015625,0.41669556498527527,50.58796310424805,0.5969018936157227
6945,32,0.015625,0.4064529836177826,50.26226043701172,0.6006194353103638
6946,31,0.01513671875,0.4034019112586975,53.537017822265625,0.5628464818000793
6947,32,0.015625,0.4162781536579132,54.896881103515625,0.5453987121582031
6948,28,0.013671875,0.38683587312698364,54.332244873046875,0.5499762892723083
6949,29,0.01416015625,0.399271160364151,55.311561584472656,0.539401650428772
6950,30,0.0146484375,0.4002321660518646,55.30726623535156,0.5404346585273743
6951,36,0.017578125,0.44602909684181213,53.98716354370117,0.5463119149208069
6952,35,0.01708984375,0.41502702236175537,55.13277816772461,0.5332853198051453
6953,33,0.01611328125,0.40997669100761414,52.77891159057617,0.5664344429969788
6954,30,0.0146484375,0.3954189121723175,50.8766975402832,0.5880087018013
6955,26,0.0126953125,0.4008370041847229,56.13105773925781,0.5341473817825317
6956,25,0.01220703125,0.41279274225234985,58.70878982543945,0.4831680357456207
6957,25,0.01220703125,0.4271305799484253,57.241111755371094,0.5131910443305969
6958,27,0.01318359375,0.3915986120700836,53.35079574584961,0.5629621744155884
6959,32,0.015625,0.4272380471229553,55.761322021484375,0.5237170457839966
6960,19,0.00927734375,0.48891961574554443,51.11493682861328,0.5916497111320496
6961,19,0.00927734375,0.5001345276832581,45.52075958251953,0.6387355923652649
6962,20,0.009765625,0.51682448387146,54.47440719604492,0.5359588861465454
6963,24,0.01171875,0.5324092507362366,53.868831634521484,0.5390036702156067
6964,22,0.0107421875,0.5574136972427368,50.2380485534668,0.5922051072120667
6965,22,0.0107421875,0.5032687187194824,49.445491790771484,0.6066620349884033
6966,20,0.009765625,0.5227991342544556,49.50988006591797,0.6104180216789246
6967,22,0.0107421875,0.5214089155197144,52.6668815612793,0.5601205229759216
6968,22,0.0107421875,0.5089032649993896,46.93511962890625,0.633739173412323
6969,21,0.01025390625,0.48205116391181946,42.19462585449219,0.6967219710350037
6970,21,0.01025390625,0.5039486289024353,46.20108413696289,0.6433566808700562
6971,22,0.0107421875,0.5228015780448914,57.79312515258789,0.4988801181316376
6972,18,0.0087890625,0.3866884112358093,50.81341552734375,0.5780441761016846
6973,20,0.009765625,0.527285099029541,53.26897048950195,0.5507540702819824
6974,19,0.00927734375,0.47124388813972473,59.44150924682617,0.47741082310676575
6975,19,0.00927734375,0.5035334825515747,53.48959732055664,0.5548755526542664
6976,23,0.01123046875,0.5532809495925903,54.5528564453125,0.5463773608207703
6977,19,0.00927734375,0.5265536308288574,49.64832305908203,0.6208896040916443
6978,20,0.009765625,0.4966434836387634,50.71657180786133,0.5901457071304321
6979,19,0.00927734375,0.4521893262863159,51.62138366699219,0.5790182948112488
6980,17,0.00830078125,0.44907793402671814,41.72902297973633,0.7175791263580322
6981,17,0.00830078125,0.432637482881546,44.191349029541016,0.6797090768814087
6982,19,0.00927734375,0.4015355706214905,41.7882194519043,0.7030619382858276
6983,18,0.0087890625,0.41717925667762756,45.861446380615234,0.6500005125999451
6984,20,0.009765625,0.3765476942062378,47.59020233154297,0.6076081991195679
6985,18,0.0087890625,0.4081103503704071,43.46318817138672,0.6927487850189209
6986,18,0.0087890625,0.3950837254524231,46.24582290649414,0.6532331109046936
6987,21,0.01025390625,0.3936080038547516,51.591827392578125,0.5570966005325317
6988,18,0.0087890625,0.39875537157058716,44.20973205566406,0.6878506541252136
6989,19,0.00927734375,0.4170221984386444,48.11595153808594,0.6312720775604248
6990,19,0.00927734375,0.4054047465324402,47.98772048950195,0.6341326832771301
6991,17,0.00830078125,0.41809776425361633,50.10668182373047,0.5931315422058105
6992,17,0.00830078125,0.35924986004829407,46.40595626831055,0.6473251581192017
6993,22,0.0107421875,0.35381171107292175,47.49969482421875,0.6385626196861267
6994,22,0.0107421875,0.3580593466758728,48.93998718261719,0.6246355772018433
6995,23,0.01123046875,0.3393542468547821,47.97458267211914,0.6161344051361084
6996,23,0.01123046875,0.33182600140571594,46.933406829833984,0.6400330662727356
6997,22,0.0107421875,0.31465330719947815,48.71234130859375,0.6151793003082275
6998,23,0.01123046875,0.3366515040397644,50.35941696166992,0.5989698171615601
6999,23,0.01123046875,0.31866663694381714,48.544857025146484,0.6166221499443054
7000,130,0.0634765625,0.1924397051334381,57.12490463256836,0.5047405362129211
7001,134,0.0654296875,0.19079110026359558,57.87653732299805,0.4979129135608673
7002,115,0.05615234375,0.23016437888145447,60.1107177734375,0.46434253454208374
7003,114,0.0556640625,0.21324241161346436,56.14307403564453,0.5140663385391235
7004,121,0.05908203125,0.1969330757856369,56.083255767822266,0.5126844644546509
7005,116,0.056640625,0.24341319501399994,59.56787109375,0.47245895862579346
7006,107,0.05224609375,0.2546914219856262,58.3430290222168,0.49296456575393677
7007,111,0.05419921875,0.25410667061805725,56.02306365966797,0.520935595035553
7008,113,0.05517578125,0.27285197377204895,55.46564865112305,0.5231848359107971
7009,98,0.0478515625,0.3216188848018646,55.014060974121094,0.5254613757133484
7010,91,0.04443359375,0.35545217990875244,56.34785461425781,0.5168529748916626
7011,85,0.04150390625,0.3472645878791809,56.10068893432617,0.5145938992500305
7012,75,0.03662109375,0.3581690788269043,54.6462516784668,0.5404576063156128
7013,79,0.03857421875,0.38806912302970886,57.81865692138672,0.5051100254058838
7014,80,0.0390625,0.36543482542037964,57.86665725708008,0.4943407475948334
7015,98,0.0478515625,0.28419628739356995,57.903175354003906,0.49011701345443726
7016,104,0.05078125,0.2656131684780121,53.862220764160156,0.537662923336029
7017,100,0.048828125,0.3057094216346741,55.591915130615234,0.5148367881774902
7018,100,0.048828125,0.33394262194633484,57.29514694213867,0.4950433075428009
7019,89,0.04345703125,0.3661441504955292,56.63193893432617,0.5042966604232788
7020,98,0.0478515625,0.3301081359386444,56.39211654663086,0.504535973072052
7021,90,0.0439453125,0.366481214761734,58.07347106933594,0.4830774664878845
7022,97,0.04736328125,0.3608317971229553,60.50388717651367,0.4516226351261139
7023,94,0.0458984375,0.3685247302055359,58.46261978149414,0.48032188415527344
7024,102,0.0498046875,0.3956514596939087,59.24350357055664,0.4648653268814087
7025,104,0.05078125,0.36477190256118774,59.584712982177734,0.4689367413520813
7026,119,0.05810546875,0.34061166644096375,56.78963851928711,0.5021888613700867
7027,131,0.06396484375,0.33823373913764954,58.87215805053711,0.47896915674209595
7028,129,0.06298828125,0.3015393316745758,60.09607696533203,0.4564688503742218
7029,115,0.05615234375,0.3605097532272339,58.89336395263672,0.4791887402534485
7030,123,0.06005859375,0.30247312784194946,60.49204635620117,0.4541795253753662
7031,179,0.08740234375,0.2260107696056366,57.85245132446289,0.4937365651130676
7032,203,0.09912109375,0.18599942326545715,56.96309280395508,0.502795934677124
7033,185,0.09033203125,0.18028944730758667,58.89799880981445,0.4789261817932129
7034,230,0.1123046875,0.1918095201253891,58.96466064453125,0.475643515586853
7035,226,0.1103515625,0.18326176702976227,60.69017791748047,0.4550667703151703
7036,225,0.10986328125,0.19137553870677948,59.07948684692383,0.4729768931865692
7037,191,0.09326171875,0.18176980316638947,60.021114349365234,0.46248865127563477
7038,173,0.08447265625,0.17440196871757507,60.09795379638672,0.46194392442703247
7039,192,0.09375,0.2157527357339859,56.84242630004883,0.5097720623016357
7040,27,0.01318359375,0.4640312194824219,63.20282745361328,0.42667850852012634
7041,29,0.01416015625,0.4716658890247345,61.41867446899414,0.44939008355140686
7042,35,0.01708984375,0.5618099570274353,62.15257263183594,0.43507274985313416
7043,34,0.0166015625,0.5562618970870972,62.74747085571289,0.4241178631782532
7044,36,0.017578125,0.5601024627685547,62.52571487426758,0.43047067523002625
7045,34,0.0166015625,0.5598533749580383,61.675025939941406,0.4416148066520691
7046,34,0.0166015625,0.5731198191642761,62.90088653564453,0.4246531128883362
7047,34,0.0166015625,0.550754189491272,63.65464782714844,0.41578754782676697
7048,33,0.01611328125,0.5654192566871643,61.72312545776367,0.4390816390514374
7049,31,0.01513671875,0.5461997985839844,61.95244216918945,0.4406678378582001
7050,29,0.01416015625,0.5131827592849731,61.926719665527344,0.44744226336479187
7051,29,0.01416015625,0.5083164572715759,62.572452545166016,0.4346073865890503
7052,26,0.0126953125,0.40175101161003113,62.144859313964844,0.44472604990005493
7053,26,0.0126953125,0.3928647041320801,62.437076568603516,0.43941518664360046
7054,27,0.01318359375,0.3994918465614319,62.21451950073242,0.4359743893146515
7055,27,0.01318359375,0.39741113781929016,64.07665252685547,0.4100630581378937
7056,29,0.01416015625,0.45812860131263733,64.4002914428711,0.4047231376171112
7057,33,0.01611328125,0.4726935625076294,63.45531463623047,0.42162564396858215
7058,33,0.01611328125,0.47745802998542786,62.40113067626953,0.4373827278614044
7059,32,0.015625,0.4588247239589691,62.447853088378906,0.4344809055328369
7060,41,0.02001953125,0.4806574285030365,62.95375061035156,0.4283258318901062
7061,35,0.01708984375,0.47991272807121277,61.16939926147461,0.4522912800312042
7062,35,0.01708984375,0.4923248589038849,61.93415069580078,0.43713533878326416
7063,37,0.01806640625,0.49617400765419006,63.416656494140625,0.4178408682346344
7064,36,0.017578125,0.48514389991760254,60.43672561645508,0.45516619086265564
7065,35,0.01708984375,0.47257885336875916,60.5350456237793,0.45280417799949646
7066,40,0.01953125,0.46658211946487427,63.20621871948242,0.41894084215164185
7067,39,0.01904296875,0.4617326557636261,60.90176010131836,0.44520309567451477
7068,38,0.0185546875,0.4780198633670807,62.21735763549805,0.4313804805278778
7069,43,0.02099609375,0.46202903985977173,53.240562438964844,0.5521128177642822
7070,41,0.02001953125,0.44260650873184204,57.30729675292969,0.49725908041000366
7071,41,0.02001953125,0.43558090925216675,60.19438171386719,0.4600946009159088
7072,41,0.02001953125,0.456869512796402,57.82719039916992,0.4938450753688812
7073,47,0.02294921875,0.4715237021446228,58.584232330322266,0.4778820276260376
7074,46,0.0224609375,0.463345468044281,55.95270538330078,0.5110890865325928
7075,43,0.02099609375,0.45690464973449707,57.75950622558594,0.4938947558403015
7076,38,0.0185546875,0.4827423691749573,58.922088623046875,0.46993738412857056
7077,35,0.01708984375,0.5386216640472412,55.677886962890625,0.5226024389266968
7078,30,0.0146484375,0.5092689394950867,57.045780181884766,0.5013265609741211
7079,34,0.0166015625,0.5086690783500671,53.73606491088867,0.5506945848464966
7080,52,0.025390625,0.5855531096458435,61.99433898925781,0.4351945221424103
7081,51,0.02490234375,0.5994779467582703,60.40626525878906,0.4614230990409851
7082,48,0.0234375,0.5927138924598694,61.16386795043945,0.4549355208873749
7083,51,0.02490234375,0.5890018939971924,63.50161361694336,0.41801902651786804
7084,51,0.02490234375,0.5910307168960571,63.64537811279297,0.40872806310653687
7085,50,0.0244140625,0.630249559879303,61.401634216308594,0.442775696516037
7086,45,0.02197265625,0.6169991493225098,63.220577239990234,0.41594457626342773
7087,47,0.02294921875,0.6218379139900208,63.28337478637695,0.41580983996391296
7088,48,0.0234375,0.5993167161941528,62.12347412109375,0.4374513328075409
7089,47,0.02294921875,0.6275615692138672,63.329586029052734,0.4155300259590149
7090,48,0.0234375,0.6324266791343689,62.68491744995117,0.42625656723976135
7091,49,0.02392578125,0.6340104341506958,64.34893798828125,0.39711490273475647
7092,49,0.02392578125,0.646539568901062,63.219810485839844,0.4169710576534271
7093,46,0.0224609375,0.6449819207191467,63.01142120361328,0.4245533347129822
7094,47,0.02294921875,0.64094078540802,62.33754348754883,0.43000224232673645
7095,45,0.02197265625,0.6383991241455078,61.27135467529297,0.44965362548828125
7096,41,0.02001953125,0.6500605940818787,59.295230865478516,0.4741212725639343
7097,41,0.02001953125,0.6527649164199829,59.62730407714844,0.46634840965270996
7098,44,0.021484375,0.6415025591850281,62.42106628417969,0.4366258680820465
7099,44,0.021484375,0.6254299879074097,62.483665466308594,0.43366292119026184
7100,46,0.0224609375,0.6341676712036133,62.333621978759766,0.4334379732608795
7101,40,0.01953125,0.650649905204773,59.60578155517578,0.4619669020175934
7102,41,0.02001953125,0.6517842411994934,58.670249938964844,0.4808391034603119
7103,42,0.0205078125,0.6641597151756287,59.57111358642578,0.46053755283355713
7104,41,0.02001953125,0.6491235494613647,60.43073654174805,0.4529303014278412
7105,41,0.02001953125,0.6425321102142334,60.56512451171875,0.45722341537475586
7106,42,0.0205078125,0.6438347697257996,59.10309600830078,0.47569596767425537
7107,42,0.0205078125,0.6491775512695312,59.25634002685547,0.4707950949668884
7108,42,0.0205078125,0.6530148983001709,59.59141159057617,0.4694010317325592
7109,42,0.0205078125,0.6529858112335205,60.76053237915039,0.4521915912628174
7110,41,0.02001953125,0.6478484272956848,60.99079895019531,0.4489400386810303
7111,39,0.01904296875,0.6006639003753662,63.998435974121094,0.4090115427970886
7112,37,0.01806640625,0.6059554815292358,64.13981628417969,0.4044022560119629
7113,38,0.0185546875,0.606073796749115,62.8143424987793,0.42592549324035645
7114,38,0.0185546875,0.5909581184387207,61.04579544067383,0.45526403188705444
7115,41,0.02001953125,0.6499001979827881,59.59375,0.46741750836372375
7116,39,0.01904296875,0.5831932425498962,59.90617370605469,0.46555718779563904
7117,39,0.01904296875,0.5844284892082214,60.38297653198242,0.4519193470478058
7118,38,0.0185546875,0.5903337597846985,63.239444732666016,0.4181272089481354
7119,40,0.01953125,0.5879327058792114,57.61071014404297,0.4816018044948578
7120,165,0.08056640625,0.4150030016899109,57.295310974121094,0.5033081769943237
7121,157,0.07666015625,0.37604478001594543,55.22798538208008,0.5323235392570496
7122,155,0.07568359375,0.3930119276046753,55.29869079589844,0.5294122695922852
7123,139,0.06787109375,0.4133206009864807,57.31273651123047,0.5006119608879089
7124,143,0.06982421875,0.4318716824054718,56.51118087768555,0.5113662481307983
7125,132,0.064453125,0.43548890948295593,56.115726470947266,0.5195168256759644
7126,139,0.06787109375,0.4163064658641815,57.266937255859375,0.5022844672203064
7127,140,0.068359375,0.4316893219947815,56.557456970214844,0.5152109265327454
7128,129,0.06298828125,0.44290417432785034,57.00404357910156,0.5054893493652344
7129,137,0.06689453125,0.4345882833003998,56.61174774169922,0.5137919783592224
7130,146,0.0712890625,0.4218566417694092,56.782901763916016,0.5039828419685364
7131,147,0.07177734375,0.4087013900279999,58.9084358215332,0.46923038363456726
7132,156,0.076171875,0.4069729447364807,60.62016677856445,0.45107126235961914
7133,156,0.076171875,0.40094104409217834,59.99709701538086,0.4583614468574524
7134,157,0.07666015625,0.39534419775009155,59.756134033203125,0.4582087993621826
7135,174,0.0849609375,0.3720492720603943,59.47603988647461,0.4644700884819031
7136,182,0.0888671875,0.39236441254615784,59.03171157836914,0.4759998619556427
7137,163,0.07958984375,0.4098820388317108,58.02175521850586,0.49346408247947693
7138,176,0.0859375,0.4008171558380127,59.26700210571289,0.4706598222255707
7139,174,0.0849609375,0.3993411064147949,59.85104751586914,0.4642981290817261
7140,180,0.087890625,0.41097334027290344,59.95823669433594,0.45977067947387695
7141,183,0.08935546875,0.4157307744026184,56.823482513427734,0.507060170173645
7142,181,0.08837890625,0.3953686058521271,60.2968864440918,0.4553343951702118
7143,172,0.083984375,0.4097060263156891,58.781124114990234,0.47708794474601746
7144,166,0.0810546875,0.4278603196144104,59.73051071166992,0.46013039350509644
7145,145,0.07080078125,0.4280318319797516,59.75449752807617,0.4653932750225067
7146,152,0.07421875,0.4269818365573883,56.70494842529297,0.5044842958450317
7147,141,0.06884765625,0.4480544328689575,58.084388732910156,0.485548198223114
7148,128,0.0625,0.47062891721725464,58.25403594970703,0.48679012060165405
7149,129,0.06298828125,0.43329402804374695,56.74641799926758,0.5021043419837952
7150,142,0.0693359375,0.4241594970226288,58.82500457763672,0.4791644513607025
7151,147,0.07177734375,0.43373408913612366,59.79478073120117,0.46700000762939453
7152,126,0.0615234375,0.4568465054035187,57.62061309814453,0.49640461802482605
7153,123,0.06005859375,0.4239789545536041,55.49911880493164,0.522636890411377
7154,134,0.0654296875,0.4178350865840912,55.66166305541992,0.5212586522102356
7155,135,0.06591796875,0.42793214321136475,57.081703186035156,0.49928855895996094
7156,136,0.06640625,0.45303764939308167,57.37004089355469,0.4955196976661682
7157,124,0.060546875,0.4306972920894623,56.85048294067383,0.5031301975250244
7158,104,0.05078125,0.45301124453544617,54.248531341552734,0.5463038086891174
7159,102,0.0498046875,0.44343969225883484,55.45216751098633,0.5289127230644226
7160,206,0.1005859375,0.5326090455055237,56.8446044921875,0.509639322757721
7161,202,0.0986328125,0.5399994254112244,55.5071907043457,0.5249885320663452
7162,191,0.09326171875,0.5502546429634094,57.81549072265625,0.49549832940101624
7163,208,0.1015625,0.5503359436988831,56.19966506958008,0.5133405923843384
7164,222,0.1083984375,0.5387934446334839,56.86627197265625,0.5082266926765442
7165,197,0.09619140625,0.5413908958435059,56.9871940612793,0.5029793977737427
7166,236,0.115234375,0.5086261034011841,58.708221435546875,0.4819706976413727
7167,205,0.10009765625,0.5061020255088806,60.51803970336914,0.4561847448348999
7168,191,0.09326171875,0.5141258239746094,61.24669647216797,0.4499104619026184
7169,176,0.0859375,0.5379863977432251,60.328697204589844,0.4632915258407593
7170,178,0.0869140625,0.5249306559562683,59.36380386352539,0.47788912057876587
7171,151,0.07373046875,0.4873720407485962,58.23623275756836,0.4890945553779602
7172,145,0.07080078125,0.4990958571434021,60.30003356933594,0.4583553969860077
7173,141,0.06884765625,0.4799426794052124,59.4720458984375,0.4725680649280548
7174,136,0.06640625,0.49447211623191833,59.12062454223633,0.4785338044166565
7175,130,0.0634765625,0.5045026540756226,60.52986526489258,0.45988571643829346
7176,130,0.0634765625,0.5131716728210449,57.69321060180664,0.497709721326828
7177,126,0.0615234375,0.5063883662223816,59.66012191772461,0.46925508975982666
7178,127,0.06201171875,0.5135891437530518,57.71217727661133,0.49894556403160095
7179,120,0.05859375,0.503162682056427,57.87995910644531,0.49680373072624207
7180,115,0.05615234375,0.49482131004333496,60.449363708496094,0.46311071515083313
7181,122,0.0595703125,0.5066863298416138,59.0734748840332,0.4889012277126312
7182,122,0.0595703125,0.5036921501159668,57.30593490600586,0.5068795680999756
7183,133,0.06494140625,0.5005875825881958,57.73805236816406,0.49685800075531006
7184,135,0.06591796875,0.4981498718261719,57.70053482055664,0.49661463499069214
7185,127,0.06201171875,0.5066337585449219,59.13450622558594,0.47799694538116455
7186,129,0.06298828125,0.4971839189529419,58.515846252441406,0.4798189401626587
7187,129,0.06298828125,0.5130749940872192,58.95011520385742,0.4800453186035156
7188,141,0.06884765625,0.5318052172660828,55.17850875854492,0.5317548513412476
7189,128,0.0625,0.5154361128807068,57.04595947265625,0.5097874999046326
7190,141,0.06884765625,0.5347384214401245,56.992958068847656,0.506890058517456
7191,133,0.06494140625,0.5115690231323242,56.94464111328125,0.5074288845062256
7192,135,0.06591796875,0.493164598941803,58.4589729309082,0.48650026321411133
7193,125,0.06103515625,0.4968903958797455,60.988677978515625,0.45263373851776123
7194,136,0.06640625,0.4631134569644928,60.28585433959961,0.4604424238204956
7195,126,0.0615234375,0.5037011504173279,59.199607849121094,0.47732821106910706
7196,129,0.06298828125,0.5085890889167786,58.75779342651367,0.48499783873558044
7197,136,0.06640625,0.5091543793678284,59.302127838134766,0.47487613558769226
7198,133,0.06494140625,0.4969708025455475,60.30885314941406,0.46367496252059937
7199,129,0.06298828125,0.5156161189079285,58.69770812988281,0.4827089309692383
7200,31,0.01513671875,0.4337136447429657,51.34689712524414,0.5855209827423096
7201,32,0.015625,0.46068698167800903,54.84855270385742,0.5447404384613037
7202,30,0.0146484375,0.4322352707386017,55.27615737915039,0.5260786414146423
7203,27,0.01318359375,0.3707337975502014,55.40593719482422,0.5222060680389404
7204,30,0.0146484375,0.44381144642829895,56.38762283325195,0.5146487951278687
7205,28,0.013671875,0.3887733221054077,57.15231704711914,0.4889945387840271
7206,31,0.01513671875,0.36770492792129517,57.811527252197266,0.4868893325328827
7207,27,0.01318359375,0.3723272681236267,57.395355224609375,0.4914780855178833
7208,30,0.0146484375,0.4074172079563141,51.05160903930664,0.5698719620704651
7209,33,0.01611328125,0.42626816034317017,55.171966552734375,0.5151490569114685
7210,34,0.0166015625,0.4268861413002014,54.438568115234375,0.5323740243911743
7211,32,0.015625,0.4101638197898865,55.050750732421875,0.5294986963272095
7212,35,0.01708984375,0.4348975121974945,52.98172378540039,0.5523194670677185
7213,34,0.0166015625,0.42819637060165405,53.63771057128906,0.5471106767654419
7214,34,0.0166015625,0.4240068197250366,48.554237365722656,0.6147705912590027
7215,36,0.017578125,0.42454472184181213,51.04939651489258,0.5778118371963501
7216,41,0.02001953125,0.47157636284828186,52.15799331665039,0.5715429186820984
7217,40,0.01953125,0.49010470509529114,48.718650817871094,0.6024139523506165
7218,38,0.0185546875,0.4563504159450531,52.557743072509766,0.5621924996376038
7219,37,0.01806640625,0.4501195549964905,56.92509460449219,0.4967365264892578
7220,35,0.01708984375,0.4055013954639435,52.66801452636719,0.5627776384353638
7221,40,0.01953125,0.4446270763874054,53.65697479248047,0.5500168800354004
7222,38,0.0185546875,0.40384387969970703,49.821197509765625,0.596591591835022
7223,37,0.01806640625,0.3997334837913513,52.649688720703125,0.5557836890220642
7224,35,0.01708984375,0.407281756401062,52.05259323120117,0.5726180672645569
7225,37,0.01806640625,0.4185042083263397,52.37709426879883,0.5706405639648438
7226,40,0.01953125,0.42821115255355835,50.9243278503418,0.587151825428009
7227,42,0.0205078125,0.41435506939888,52.63077163696289,0.5575816035270691
7228,38,0.0185546875,0.40727394819259644,51.53857421875,0.5705077648162842
7229,41,0.02001953125,0.42552417516708374,54.435386657714844,0.5422341227531433
7230,38,0.0185546875,0.4335792064666748,53.94921112060547,0.5495808720588684
7231,39,0.01904296875,0.396626353263855,54.2219123840332,0.5439004302024841
7232,36,0.017578125,0.41303789615631104,51.02748107910156,0.5795267224311829
7233,39,0.01904296875,0.3813236951828003,55.82347869873047,0.5223385095596313
7234,43,0.02099609375,0.3892548084259033,58.95050048828125,0.47988003492355347
7235,43,0.02099609375,0.4147639870643616,63.61225509643555,0.4208219647407532
7236,45,0.02197265625,0.44279125332832336,63.44721221923828,0.4199598431587219
7237,40,0.01953125,0.4142307937145233,59.024330139160156,0.4810161590576172
7238,45,0.02197265625,0.42962804436683655,60.836055755615234,0.4457207918167114
7239,44,0.021484375,0.47204911708831787,60.1053466796875,0.45912665128707886
7240,36,0.017578125,0.43209677934646606,54.0234260559082,0.5433976054191589
7241,38,0.0185546875,0.45179370045661926,53.615867614746094,0.5551363229751587
7242,39,0.01904296875,0.4655192494392395,54.999542236328125,0.539827287197113
7243,37,0.01806640625,0.46998944878578186,53.03567123413086,0.5592869520187378
7244,38,0.0185546875,0.4584752023220062,53.507408142089844,0.5515426993370056
7245,36,0.017578125,0.48362115025520325,56.77204132080078,0.5121078491210938
7246,34,0.0166015625,0.4942549467086792,56.80758285522461,0.5181429982185364
7247,35,0.01708984375,0.4734884798526764,51.381980895996094,0.5859507918357849
7248,36,0.017578125,0.4828163981437683,52.19564437866211,0.5788559317588806
7249,38,0.0185546875,0.4700814485549927,52.7797966003418,0.5623471140861511
7250,35,0.01708984375,0.4742772877216339,53.83500671386719,0.5483261942863464
7251,37,0.01806640625,0.4953155517578125,58.34454345703125,0.5010833144187927
7252,36,0.017578125,0.4821608364582062,54.776790618896484,0.5446241497993469
7253,34,0.0166015625,0.46813341975212097,56.65176010131836,0.518349826335907
7254,31,0.01513671875,0.5002202391624451,57.20890426635742,0.5210045576095581
7255,31,0.01513671875,0.5129991769790649,57.44685363769531,0.4931395649909973
7256,33,0.01611328125,0.5320103764533997,61.576725006103516,0.4443579316139221
7257,34,0.0166015625,0.49729233980178833,60.46129608154297,0.4560066759586334
7258,32,0.015625,0.5242007374763489,57.168277740478516,0.5087095499038696
7259,35,0.01708984375,0.5128868818283081,58.385963439941406,0.4904659688472748
7260,32,0.015625,0.4737755060195923,60.050907135009766,0.4581374228000641
7261,32,0.015625,0.49987781047821045,58.09808349609375,0.48752233386039734
7262,29,0.01416015625,0.5103234052658081,63.030582427978516,0.4252922534942627
7263,30,0.0146484375,0.48218950629234314,59.49803924560547,0.47059789299964905
7264,34,0.0166015625,0.4852975010871887,56.74660110473633,0.5138470530509949
7265,37,0.01806640625,0.4816574156284332,57.90277862548828,0.49951088428497314
7266,38,0.0185546875,0.44267791509628296,53.69874954223633,0.55943363904953
7267,41,0.02001953125,0.43154770135879517,51.48597717285156,0.5775021910667419
7268,36,0.017578125,0.4550980031490326,53.21360778808594,0.5489959716796875
7269,38,0.0185546875,0.44739899039268494,47.99140167236328,0.6240590810775757
7270,40,0.01953125,0.42133834958076477,50.84161376953125,0.5875757932662964
7271,45,0.02197265625,0.4089185893535614,54.085411071777344,0.5434623956680298
7272,48,0.0234375,0.401509553194046,58.53481674194336,0.48425939679145813
7273,47,0.02294921875,0.43824636936187744,62.03639602661133,0.4453144371509552
7274,50,0.0244140625,0.3999130427837372,57.200157165527344,0.5074344873428345
7275,52,0.025390625,0.43492525815963745,64.39643859863281,0.4084615111351013
7276,47,0.02294921875,0.4541171193122864,63.592891693115234,0.42427197098731995
7277,55,0.02685546875,0.4474174678325653,63.80854415893555,0.4202452003955841
7278,61,0.02978515625,0.393328458070755,62.91322708129883,0.42786455154418945
7279,59,0.02880859375,0.3972315788269043,59.18125915527344,0.4767892360687256
7280,224,0.109375,0.28553667664527893,58.28359603881836,0.48405343294143677
7281,221,0.10791015625,0.28973355889320374,57.77360534667969,0.4911901354789734
7282,222,0.1083984375,0.29397037625312805,56.340389251708984,0.5126060247421265
7283,206,0.1005859375,0.2920490503311157,57.03301239013672,0.5026223063468933
7284,206,0.1005859375,0.2772578001022339,57.031341552734375,0.5077258348464966
7285,223,0.10888671875,0.262667715549469,56.358787536621094,0.5184677243232727
7286,241,0.11767578125,0.264006108045578,56.7902946472168,0.507132887840271
7287,223,0.10888671875,0.25226572155952454,56.02695083618164,0.5194473266601562
7288,220,0.107421875,0.2719956934452057,57.621307373046875,0.49600449204444885
7289,224,0.109375,0.2702104151248932,56.02740478515625,0.5176171660423279
7290,229,0.11181640625,0.2694118618965149,56.747798919677734,0.5064080953598022
7291,214,0.1044921875,0.2828330993652344,56.344058990478516,0.5113391876220703
7292,203,0.09912109375,0.26942887902259827,56.18696212768555,0.5178151726722717
7293,190,0.0927734375,0.2791690528392792,55.50672149658203,0.5238111019134521
7294,185,0.09033203125,0.27593469619750977,54.50056838989258,0.5301561951637268
7295,191,0.09326171875,0.27667471766471863,56.34660339355469,0.5141953229904175
7296,180,0.087890625,0.29854902625083923,57.39431381225586,0.49551922082901
7297,173,0.08447265625,0.30889803171157837,56.67040252685547,0.5092434287071228
7298,173,0.08447265625,0.3216092586517334,59.15283966064453,0.4689183831214905
7299,174,0.0849609375,0.32056179642677307,59.90475082397461,0.46333909034729004
7300,177,0.08642578125,0.30647894740104675,55.478023529052734,0.5253210067749023
7301,171,0.08349609375,0.31752991676330566,59.24250793457031,0.46984583139419556
7302,164,0.080078125,0.3157583773136139,57.204071044921875,0.5000922679901123
7303,177,0.08642578125,0.30359169840812683,56.01982879638672,0.5184420347213745
7304,181,0.08837890625,0.30266502499580383,53.860740661621094,0.5437844395637512
7305,173,0.08447265625,0.3090001344680786,56.48442077636719,0.5099083185195923
7306,176,0.0859375,0.314537912607193,57.01251220703125,0.504596471786499
7307,178,0.0869140625,0.31206533312797546,54.02901077270508,0.5440130829811096
7308,184,0.08984375,0.3042019307613373,54.88395309448242,0.532488226890564
7309,178,0.0869140625,0.31830722093582153,55.02922439575195,0.5290487408638
7310,190,0.0927734375,0.3140832483768463,55.63500213623047,0.519985020160675
7311,188,0.091796875,0.3295634388923645,57.83674240112305,0.4930000305175781
7312,195,0.09521484375,0.3097643256187439,54.272552490234375,0.5419892072677612
7313,188,0.091796875,0.31481340527534485,54.4643669128418,0.534157395362854
7314,190,0.0927734375,0.31125369668006897,54.742820739746094,0.5277637839317322
7315,193,0.09423828125,0.320914089679718,57.064178466796875,0.5032033324241638
7316,194,0.0947265625,0.32055795192718506,56.824161529541016,0.5078904628753662
7317,206,0.1005859375,0.30424442887306213,54.613380432128906,0.536250114440918
7318,217,0.10595703125,0.2995293438434601,54.211368560791016,0.5370946526527405
7319,211,0.10302734375,0.302649587392807,55.29098892211914,0.5247023105621338
7320,23,0.01123046875,0.5845909714698792,51.71773147583008,0.5782384276390076
7321,23,0.01123046875,0.5321947336196899,58.887451171875,0.4799816608428955
7322,22,0.0107421875,0.6398863792419434,57.892513275146484,0.4940774142742157
7323,22,0.0107421875,0.5512192249298096,59.67179870605469,0.4645736515522003
7324,23,0.01123046875,0.5828832983970642,55.62287139892578,0.525797963142395
7325,19,0.00927734375,0.5554608106613159,57.962310791015625,0.49223363399505615
7326,23,0.01123046875,0.609022855758667,56.543190002441406,0.5074264407157898
7327,21,0.01025390625,0.5863791704177856,56.492431640625,0.5094495415687561
7328,22,0.0107421875,0.576521098613739,59.519142150878906,0.480794221162796
7329,23,0.01123046875,0.5534664988517761,58.95903396606445,0.4877128303050995
7330,29,0.01416015625,0.5680278539657593,57.91354751586914,0.5020348429679871
7331,24,0.01171875,0.5295002460479736,64.31145477294922,0.40309062600135803
7332,26,0.0126953125,0.5452904105186462,61.516441345214844,0.4549127221107483
7333,26,0.0126953125,0.5475847125053406,62.22687530517578,0.439074844121933
7334,25,0.01220703125,0.5437471866607666,59.05902862548828,0.4827350974082947
7335,23,0.01123046875,0.5539712905883789,59.114646911621094,0.4769238531589508
7336,22,0.0107421875,0.5702990293502808,61.571712493896484,0.44545841217041016
7337,23,0.01123046875,0.5966628789901733,58.475765228271484,0.4884367883205414
7338,21,0.01025390625,0.5591371059417725,58.48143768310547,0.49634847044944763
7339,20,0.009765625,0.485700786113739,60.717552185058594,0.4532294273376465
7340,19,0.00927734375,0.5233771204948425,55.34998321533203,0.5205366015434265
7341,21,0.01025390625,0.5728158950805664,52.98822784423828,0.566933810710907
7342,22,0.0107421875,0.5792126655578613,58.996681213378906,0.47234389185905457
7343,21,0.01025390625,0.5210533142089844,60.93437194824219,0.4478898346424103
7344,19,0.00927734375,0.5379825830459595,58.38502883911133,0.46987026929855347
7345,20,0.009765625,0.560385525226593,56.3861198425293,0.5141022801399231
7346,17,0.00830078125,0.4742034077644348,55.23377990722656,0.5056372880935669
7347,16,0.0078125,0.48225337266921997,55.57615661621094,0.523760199546814
7348,17,0.00830078125,0.49165934324264526,51.793121337890625,0.5575774312019348
7349,17,0.00830078125,0.5013248324394226,54.2663459777832,0.5384638905525208
7350,16,0.0078125,0.5147223472595215,51.65147018432617,0.5659321546554565
7351,14,0.0068359375,0.5147297978401184,54.460323333740234,0.5370093584060669
7352,16,0.0078125,0.5561538338661194,55.44066619873047,0.5195817351341248
7353,15,0.00732421875,0.4963831603527069,51.047119140625,0.5716125965118408
7354,15,0.00732421875,0.4851726293563843,51.61011505126953,0.5656376481056213
7355,14,0.0068359375,0.506557047367096,58.98378372192383,0.4770618975162506
7356,14,0.0068359375,0.4787294864654541,51.28998947143555,0.5825862288475037
7357,14,0.0068359375,0.4591311812400818,49.593807220458984,0.584720253944397
7358,14,0.0068359375,0.48056870698928833,51.066402435302734,0.5884266495704651
7359,14,0.0068359375,0.49112942814826965,52.2168083190918,0.5667359232902527
7360,118,0.0576171875,0.27379274368286133,58.320518493652344,0.48492538928985596
7361,116,0.056640625,0.2764836251735687,57.19441223144531,0.5025341510772705
7362,109,0.05322265625,0.28266140818595886,56.29996109008789,0.5133548974990845
7363,117,0.05712890625,0.279856413602829,56.45131301879883,0.5143753886222839
7364,113,0.05517578125,0.28202277421951294,56.65406799316406,0.5071256160736084
7365,110,0.0537109375,0.2836613655090332,56.81447219848633,0.5120273232460022
7366,103,0.05029296875,0.28963565826416016,57.533287048339844,0.504530131816864
7367,105,0.05126953125,0.289328396320343,57.53032302856445,0.49942946434020996
7368,115,0.05615234375,0.28611165285110474,56.32621383666992,0.5131065845489502
7369,122,0.0595703125,0.2855244278907776,57.34726333618164,0.5046650767326355
7370,109,0.05322265625,0.27705809473991394,56.65566635131836,0.5113128423690796
7371,103,0.05029296875,0.2932382822036743,56.33513259887695,0.5178390145301819
7372,104,0.05078125,0.2924070656299591,56.155311584472656,0.5232765674591064
7373,110,0.0537109375,0.2894490361213684,56.662715911865234,0.5102671980857849
7374,106,0.0517578125,0.295072078704834,55.10407257080078,0.5312073826789856
7375,102,0.0498046875,0.2917296886444092,55.6974983215332,0.5285447239875793
7376,105,0.05126953125,0.30185946822166443,56.567466735839844,0.5162148475646973
7377,105,0.05126953125,0.28018423914909363,55.20188903808594,0.5338556170463562
7378,118,0.0576171875,0.2730385661125183,58.11644744873047,0.49266698956489563
7379,126,0.0615234375,0.26339197158813477,57.17900848388672,0.503278911113739
7380,122,0.0595703125,0.26332715153694153,57.57821273803711,0.4934753477573395
7381,124,0.060546875,0.271199107170105,57.27879333496094,0.5009773373603821
7382,127,0.06201171875,0.2645547389984131,56.9708251953125,0.5025945901870728
7383,131,0.06396484375,0.25806012749671936,59.91682434082031,0.4646297097206116
7384,134,0.0654296875,0.2630472481250763,60.47534942626953,0.45866659283638
7385,136,0.06640625,0.25719964504241943,59.107322692871094,0.47140800952911377
7386,131,0.06396484375,0.26103225350379944,58.564918518066406,0.48119238018989563
7387,135,0.06591796875,0.2648136019706726,59.49750518798828,0.4686344265937805
7388,135,0.06591796875,0.2663642168045044,60.422950744628906,0.4603632390499115
7389,143,0.06982421875,0.27388715744018555,59.69133758544922,0.4720328152179718
7390,141,0.06884765625,0.2716022729873657,59.841949462890625,0.4706110954284668
7391,146,0.0712890625,0.26765263080596924,58.18170928955078,0.4904114603996277
7392,161,0.07861328125,0.28427138924598694,57.89208221435547,0.4986301064491272
7393,164,0.080078125,0.2951435148715973,58.94075012207031,0.4813811182975769
7394,149,0.07275390625,0.28170469403266907,59.33246994018555,0.4782942831516266
7395,146,0.0712890625,0.28716185688972473,59.46044921875,0.4749049246311188
7396,138,0.0673828125,0.28810906410217285,59.48892593383789,0.4704299569129944
7397,136,0.06640625,0.29777684807777405,62.00052261352539,0.4392929971218109
7398,136,0.06640625,0.3011051416397095,61.342803955078125,0.4489516019821167
7399,135,0.06591796875,0.28851214051246643,60.201778411865234,0.46322789788246155
7400,768,0.375,0.26028013229370117,56.3548583984375,0.5135005116462708
7401,311,0.15185546875,0.20201708376407623,57.880653381347656,0.49095791578292847
7402,221,0.10791015625,0.22955787181854248,56.42340087890625,0.512836217880249
7403,242,0.1181640625,0.1903202086687088,54.204261779785156,0.5371400713920593
7404,225,0.10986328125,0.21771036088466644,55.638771057128906,0.5195698142051697
7405,211,0.10302734375,0.21172942221164703,53.05990219116211,0.5513228178024292
7406,208,0.1015625,0.20081637799739838,55.48455810546875,0.5226068496704102
7407,162,0.0791015625,0.19519920647144318,54.495628356933594,0.5310553312301636
7408,164,0.080078125,0.21117188036441803,56.071067810058594,0.5071014165878296
7409,145,0.07080078125,0.21697823703289032,54.94276809692383,0.5247794389724731
7410,151,0.07373046875,0.21737739443778992,54.360137939453125,0.5395194292068481
7411,140,0.068359375,0.21824981272220612,55.7305908203125,0.5191437005996704
7412,147,0.07177734375,0.22363121807575226,55.89090347290039,0.5170327425003052
7413,148,0.072265625,0.22838492691516876,57.613487243652344,0.4945290684700012
7414,151,0.07373046875,0.22476519644260406,57.50839614868164,0.49657854437828064
7415,138,0.0673828125,0.21961666643619537,56.755828857421875,0.5026256442070007
7416,145,0.07080078125,0.2120942324399948,57.04484939575195,0.5034454464912415
7417,142,0.0693359375,0.2048206925392151,55.24751663208008,0.5257197618484497
7418,153,0.07470703125,0.21387964487075806,56.72385787963867,0.5112132430076599
7419,149,0.07275390625,0.22107923030853271,56.09845733642578,0.5136598348617554
7420,149,0.07275390625,0.20762066543102264,54.03951644897461,0.5421158075332642
7421,159,0.07763671875,0.1932206153869629,53.32896041870117,0.5416039824485779
7422,165,0.08056640625,0.17722924053668976,54.318153381347656,0.5350757837295532
7423,160,0.078125,0.17947040498256683,52.912208557128906,0.5521386861801147
7424,168,0.08203125,0.18803837895393372,52.555633544921875,0.5546573996543884
7425,149,0.07275390625,0.17587773501873016,53.98822784423828,0.5399982333183289
7426,153,0.07470703125,0.1954166442155838,53.829708099365234,0.5419520139694214
7427,219,0.10693359375,0.1736365258693695,55.43861770629883,0.521007239818573
7428,219,0.10693359375,0.16780811548233032,55.31310272216797,0.5248729586601257
7429,195,0.09521484375,0.17214931547641754,55.923526763916016,0.5134912133216858
7430,202,0.0986328125,0.17567068338394165,56.760921478271484,0.5037293434143066
7431,228,0.111328125,0.18895061314105988,55.300498962402344,0.5279388427734375
7432,245,0.11962890625,0.2009541094303131,56.45453643798828,0.5108511447906494
7433,268,0.130859375,0.21045547723770142,55.80964660644531,0.5155678391456604
7434,255,0.12451171875,0.2129165530204773,55.75074005126953,0.5195001363754272
7435,205,0.10009765625,0.20916011929512024,54.88410949707031,0.5276705026626587
7436,224,0.109375,0.21113871037960052,57.31257247924805,0.4991915822029114
7437,192,0.09375,0.19326849281787872,56.41432571411133,0.5085528492927551
7438,161,0.07861328125,0.17804144322872162,56.369049072265625,0.5059675574302673
7439,120,0.05859375,0.14829277992248535,57.471736907958984,0.4923798441886902
7440,92,0.044921875,0.34616947174072266,55.30258560180664,0.5312646627426147
7441,85,0.04150390625,0.3755868673324585,53.09263610839844,0.5555612444877625
7442,80,0.0390625,0.421378493309021,54.31720733642578,0.5443837642669678
7443,79,0.03857421875,0.4026123881340027,50.9052619934082,0.5800087451934814
7444,82,0.0400390625,0.3935741186141968,52.76491165161133,0.5591689348220825
7445,76,0.037109375,0.3903781771659851,51.20621109008789,0.5788092613220215
7446,81,0.03955078125,0.4290660321712494,51.811492919921875,0.5747969150543213
7447,79,0.03857421875,0.3897244930267334,50.981441497802734,0.5822898149490356
7448,78,0.0380859375,0.42995133996009827,56.93043899536133,0.503741443157196
7449,76,0.037109375,0.4231622517108917,54.831356048583984,0.5350863933563232
7450,74,0.0361328125,0.43508201837539673,53.87615966796875,0.5548111200332642
7451,79,0.03857421875,0.43255650997161865,57.57902908325195,0.5005765557289124
7452,89,0.04345703125,0.39793387055397034,57.55483627319336,0.4979589283466339
7453,83,0.04052734375,0.42482948303222656,57.38206100463867,0.4979080259799957
7454,87,0.04248046875,0.4091940224170685,56.0648307800293,0.5182175636291504
7455,91,0.04443359375,0.38475289940834045,57.981197357177734,0.4964914321899414
7456,83,0.04052734375,0.4059337377548218,58.155731201171875,0.4895791709423065
7457,94,0.0458984375,0.3571881055831909,55.074806213378906,0.5328797101974487
7458,94,0.0458984375,0.3729754686355591,55.769676208496094,0.5199676156044006
7459,90,0.0439453125,0.4020092785358429,55.9494514465332,0.5206104516983032
7460,88,0.04296875,0.4000556766986847,54.081302642822266,0.544651985168457
7461,79,0.03857421875,0.4249507188796997,51.036903381347656,0.5832177400588989
7462,76,0.037109375,0.4457468092441559,52.2905387878418,0.5671781301498413
7463,76,0.037109375,0.4511411488056183,51.76663589477539,0.5779358744621277
7464,75,0.03662109375,0.46595096588134766,52.557247161865234,0.5712983012199402
7465,81,0.03955078125,0.43175962567329407,52.58673858642578,0.5658603310585022
7466,81,0.03955078125,0.3977490961551666,52.17414093017578,0.5680747032165527
7467,76,0.037109375,0.4146427810192108,51.71001052856445,0.5808389186859131
7468,79,0.03857421875,0.40628528594970703,52.10231018066406,0.5712783336639404
7469,82,0.0400390625,0.39455968141555786,51.93397903442383,0.5787316560745239
7470,87,0.04248046875,0.399413526058197,51.761756896972656,0.577164888381958
7471,89,0.04345703125,0.3853243589401245,51.99147415161133,0.5723549723625183
7472,97,0.04736328125,0.3311041593551636,52.268211364746094,0.5717224478721619
7473,92,0.044921875,0.3651655912399292,57.143062591552734,0.5017869472503662
7474,99,0.04833984375,0.3564106225967407,56.241920471191406,0.5176916122436523
7475,93,0.04541015625,0.35231339931488037,53.979270935058594,0.5466243624687195
7476,99,0.04833984375,0.3162488341331482,54.044708251953125,0.5445312261581421
7477,99,0.04833984375,0.3315218687057495,56.11454391479492,0.5164244174957275
7478,109,0.05322265625,0.3236134648323059,55.15782165527344,0.5362444519996643
7479,107,0.05224609375,0.31089097261428833,54.96939468383789,0.5396877527236938
7480,560,0.2734375,0.17202240228652954,58.17383575439453,0.4877634346485138
7481,407,0.19873046875,0.19442202150821686,57.44268798828125,0.49805739521980286
7482,268,0.130859375,0.2526509761810303,56.06122589111328,0.5169395208358765
7483,253,0.12353515625,0.26133331656455994,56.180442810058594,0.5152987837791443
7484,207,0.10107421875,0.3172411322593689,57.47335433959961,0.4968644678592682
7485,195,0.09521484375,0.30735576152801514,57.465293884277344,0.496941477060318
7486,181,0.08837890625,0.36154642701148987,57.24156188964844,0.5030006170272827
7487,237,0.11572265625,0.2586432993412018,56.30980682373047,0.5120189785957336
7488,170,0.0830078125,0.3536120057106018,58.109798431396484,0.4892837405204773
7489,134,0.0654296875,0.4063274562358856,58.79283142089844,0.4826955795288086
7490,141,0.06884765625,0.42626601457595825,57.05832290649414,0.5033628344535828
7491,156,0.076171875,0.39042434096336365,55.658447265625,0.5209642648696899
7492,179,0.08740234375,0.35324451327323914,57.16558837890625,0.5022592544555664
7493,161,0.07861328125,0.36438313126564026,55.851078033447266,0.5195709466934204
7494,136,0.06640625,0.415725976228714,57.90127182006836,0.4953450560569763
7495,132,0.064453125,0.4011053740978241,57.0854606628418,0.504406213760376
7496,153,0.07470703125,0.36547067761421204,56.51913070678711,0.5110759139060974
7497,158,0.0771484375,0.3501676917076111,57.76664352416992,0.4974457323551178
7498,132,0.064453125,0.4379830062389374,57.11140441894531,0.5033659934997559
7499,142,0.0693359375,0.40677332878112793,56.383689880371094,0.5120069980621338
7500,160,0.078125,0.40525075793266296,55.377403259277344,0.5260613560676575
7501,137,0.06689453125,0.44733136892318726,54.218658447265625,0.5463336706161499
7502,132,0.064453125,0.436252236366272,55.53319549560547,0.5301750898361206
7503,139,0.06787109375,0.4228856861591339,54.2247200012207,0.543375551700592
7504,167,0.08154296875,0.35251477360725403,55.97761917114258,0.5201760530471802
7505,197,0.09619140625,0.3106514513492584,56.579925537109375,0.5141793489456177
7506,241,0.11767578125,0.2824099063873291,58.93222427368164,0.48118558526039124
7507,226,0.1103515625,0.28933507204055786,58.11037063598633,0.4937745928764343
7508,315,0.15380859375,0.22000332176685333,58.227928161621094,0.4941556751728058
7509,370,0.1806640625,0.1889965683221817,58.000423431396484,0.492267906665802
7510,360,0.17578125,0.20172515511512756,57.862064361572266,0.4932105243206024
7511,277,0.13525390625,0.24976548552513123,57.92585372924805,0.4971010386943817
7512,208,0.1015625,0.30661818385124207,57.52733612060547,0.4959704279899597
7513,166,0.0810546875,0.37642550468444824,56.39417266845703,0.5128422975540161
7514,195,0.09521484375,0.3295559883117676,57.710906982421875,0.4929920732975006
7515,230,0.1123046875,0.28400301933288574,58.54463195800781,0.48534902930259705
7516,233,0.11376953125,0.27603277564048767,57.81484603881836,0.4961816370487213
7517,205,0.10009765625,0.28573280572891235,58.845149993896484,0.4776850640773773
7518,264,0.12890625,0.25499576330184937,57.9127311706543,0.494029700756073
7519,254,0.1240234375,0.25442296266555786,57.2929573059082,0.5020084381103516
7520,81,0.03955078125,0.25861719250679016,60.08611297607422,0.46219512820243835
7521,84,0.041015625,0.24269060790538788,61.088680267333984,0.4518826901912689
7522,88,0.04296875,0.23760144412517548,61.0315055847168,0.4505661129951477
7523,93,0.04541015625,0.2657007575035095,58.37047576904297,0.486173152923584
7524,94,0.0458984375,0.2559199035167694,57.05877685546875,0.509812593460083
7525,89,0.04345703125,0.2473835051059723,61.1182975769043,0.4467920958995819
7526,86,0.0419921875,0.23706738650798798,60.36506271362305,0.46072912216186523
7527,89,0.04345703125,0.2510072588920593,62.40604019165039,0.4310940206050873
7528,88,0.04296875,0.24507100880146027,61.889461517333984,0.4383426606655121
7529,83,0.04052734375,0.25038835406303406,62.392879486083984,0.43716999888420105
7530,83,0.04052734375,0.26195698976516724,59.452919006347656,0.48126405477523804
7531,78,0.0380859375,0.2729112505912781,55.465457916259766,0.5256885886192322
7532,73,0.03564453125,0.28214308619499207,50.825714111328125,0.5737206935882568
7533,78,0.0380859375,0.29263073205947876,54.42441177368164,0.539535403251648
7534,78,0.0380859375,0.2910398542881012,55.37202072143555,0.5242680311203003
7535,90,0.0439453125,0.25830313563346863,55.63665008544922,0.5210642218589783
7536,87,0.04248046875,0.22284579277038574,54.91722869873047,0.5355777740478516
7537,94,0.0458984375,0.22123268246650696,54.33418655395508,0.5424308180809021
7538,98,0.0478515625,0.22918950021266937,57.80744934082031,0.49378085136413574
7539,92,0.044921875,0.2208646833896637,55.54551696777344,0.5261408090591431
7540,96,0.046875,0.22597947716712952,55.0713005065918,0.5355968475341797
7541,96,0.046875,0.24183398485183716,54.38535690307617,0.545455276966095
7542,86,0.0419921875,0.2276204526424408,57.11796951293945,0.5075922012329102
7543,85,0.04150390625,0.2381715625524521,56.852779388427734,0.5071998238563538
7544,87,0.04248046875,0.2587577998638153,56.15517807006836,0.5184522271156311
7545,82,0.0400390625,0.25899046659469604,56.78185272216797,0.5120291113853455
7546,80,0.0390625,0.28194576501846313,59.448280334472656,0.47700175642967224
7547,76,0.037109375,0.24025724828243256,58.0549201965332,0.4895540475845337
7548,67,0.03271484375,0.2606804668903351,55.318546295166016,0.5275179743766785
7549,63,0.03076171875,0.3065238296985626,59.28056716918945,0.4815898835659027
7550,67,0.03271484375,0.29405924677848816,59.090938568115234,0.4871028959751129
7551,61,0.02978515625,0.31920090317726135,58.24922180175781,0.4954484701156616
7552,60,0.029296875,0.2954927086830139,58.05570602416992,0.5016564726829529
7553,59,0.02880859375,0.32649075984954834,56.5888786315918,0.5152742266654968
7554,64,0.03125,0.30894652009010315,57.995445251464844,0.49500080943107605
7555,70,0.0341796875,0.29613322019577026,57.2279167175293,0.5036962628364563
7556,71,0.03466796875,0.277189701795578,57.631927490234375,0.4985783100128174
7557,78,0.0380859375,0.2881237268447876,58.55461120605469,0.47483381628990173
7558,73,0.03564453125,0.2730756402015686,58.447879791259766,0.48663413524627686
7559,68,0.033203125,0.2943383753299713,57.516536712646484,0.5006082057952881
7560,116,0.056640625,0.41283825039863586,58.409149169921875,0.4877687692642212
7561,134,0.0654296875,0.3993646204471588,56.557151794433594,0.5061478614807129
7562,132,0.064453125,0.41261398792266846,58.88323974609375,0.4735099673271179
7563,133,0.06494140625,0.4182700514793396,58.1368293762207,0.4845224916934967
7564,126,0.0615234375,0.40400439500808716,59.73173141479492,0.4683791399002075
7565,128,0.0625,0.4163375794887543,60.38898468017578,0.4585922658443451
7566,183,0.08935546875,0.3861483931541443,56.9895133972168,0.5067494511604309
7567,184,0.08984375,0.3702054023742676,57.8169059753418,0.4981984794139862
7568,183,0.08935546875,0.3743745982646942,58.31892013549805,0.4910717010498047
7569,169,0.08251953125,0.3870752155780792,57.61390686035156,0.5042855739593506
7570,155,0.07568359375,0.40705329179763794,57.802310943603516,0.49056780338287354
7571,208,0.1015625,0.3995285630226135,57.50566864013672,0.49390023946762085
7572,201,0.09814453125,0.39731720089912415,58.43281173706055,0.48179978132247925
7573,187,0.09130859375,0.4153386652469635,58.921478271484375,0.4698129892349243
7574,186,0.0908203125,0.39311113953590393,57.23163604736328,0.4990392029285431
7575,217,0.10595703125,0.3836384117603302,57.01409149169922,0.4953486919403076
7576,201,0.09814453125,0.33593252301216125,58.229740142822266,0.4884335994720459
7577,203,0.09912109375,0.3602452576160431,57.92155838012695,0.49643322825431824
7578,178,0.0869140625,0.3434341549873352,57.914913177490234,0.49961018562316895
7579,189,0.09228515625,0.36866694688796997,57.36753845214844,0.4941375255584717
7580,209,0.10205078125,0.3702370524406433,56.56188201904297,0.5112485289573669
7581,238,0.1162109375,0.3739490211009979,54.52593994140625,0.5383667945861816
7582,178,0.0869140625,0.4001351594924927,54.985660552978516,0.5351113677024841
7583,182,0.0888671875,0.3911101818084717,57.17504119873047,0.5013523101806641
7584,207,0.10107421875,0.37009456753730774,55.51010513305664,0.5238303542137146
7585,180,0.087890625,0.35380059480667114,56.99934768676758,0.5069021582603455
7586,141,0.06884765625,0.37877798080444336,56.13215255737305,0.5196499824523926
7587,141,0.06884765625,0.3655548095703125,56.466793060302734,0.5079635381698608
7588,144,0.0703125,0.3820759356021881,59.40984344482422,0.46919262409210205
7589,132,0.064453125,0.3722876012325287,58.3221549987793,0.4909428060054779
7590,122,0.0595703125,0.4037637412548065,57.83721923828125,0.4895749092102051
7591,113,0.05517578125,0.4355955421924591,58.39794921875,0.4856412410736084
7592,106,0.0517578125,0.39973193407058716,55.54071807861328,0.5207882523536682
7593,98,0.0478515625,0.42281946539878845,59.286861419677734,0.47631609439849854
7594,103,0.05029296875,0.40502962470054626,59.57472229003906,0.4672796130180359
7595,112,0.0546875,0.3953518569469452,59.29387283325195,0.4725482761859894
7596,87,0.04248046875,0.4554480314254761,56.000633239746094,0.5157222151756287
7597,90,0.0439453125,0.45720186829566956,53.547786712646484,0.5474865436553955
7598,100,0.048828125,0.4229607582092285,60.43109893798828,0.4573499262332916
7599,100,0.048828125,0.41285237669944763,56.74956130981445,0.51030033826828
7600,93,0.04541015625,0.3092913031578064,55.45316696166992,0.5188367962837219
7601,92,0.044921875,0.30869340896606445,56.800209045410156,0.5029364228248596
7602,90,0.0439453125,0.3090529143810272,56.449222564697266,0.5120837688446045
7603,78,0.0380859375,0.3248974680900574,57.28776550292969,0.5065487027168274
7604,85,0.04150390625,0.3204723298549652,56.7010383605957,0.5098664164543152
7605,91,0.04443359375,0.3154448866844177,55.58026123046875,0.5186756253242493
7606,92,0.044921875,0.3151896595954895,54.74570083618164,0.5323173403739929
7607,94,0.0458984375,0.32627856731414795,54.741493225097656,0.5263490676879883
7608,97,0.04736328125,0.2974242568016052,57.571868896484375,0.4915628433227539
7609,104,0.05078125,0.283730149269104,56.95913314819336,0.505796492099762
7610,95,0.04638671875,0.2873346507549286,55.32078552246094,0.5235975384712219
7611,98,0.0478515625,0.2915993332862854,58.34370040893555,0.4788801968097687
7612,100,0.048828125,0.31570717692375183,58.072425842285156,0.48221343755722046
7613,107,0.05224609375,0.320686936378479,56.037845611572266,0.5040451288223267
7614,102,0.0498046875,0.34573954343795776,58.56792068481445,0.47658857703208923
7615,105,0.05126953125,0.3331887423992157,61.211849212646484,0.4386712312698364
7616,115,0.05615234375,0.32311129570007324,60.33794403076172,0.4519678056240082
7617,117,0.05712890625,0.3058667778968811,60.774147033691406,0.44975319504737854
7618,132,0.064453125,0.34591928124427795,57.967716217041016,0.48857277631759644
7619,137,0.06689453125,0.31359586119651794,60.0239372253418,0.45955556631088257
7620,138,0.0673828125,0.29172399640083313,58.32224655151367,0.48088300228118896
7621,115,0.05615234375,0.3671441972255707,58.439205169677734,0.47902601957321167
7622,122,0.0595703125,0.36063432693481445,57.36327362060547,0.5006836652755737
7623,114,0.0556640625,0.35416683554649353,58.038490295410156,0.4902747869491577
7624,100,0.048828125,0.3811749219894409,58.53042984008789,0.47610896825790405
7625,95,0.04638671875,0.3934537172317505,54.32936477661133,0.5310462117195129
7626,90,0.0439453125,0.3896230161190033,55.955177307128906,0.5018287897109985
7627,100,0.048828125,0.35945412516593933,55.881797790527344,0.5115900039672852
7628,104,0.05078125,0.3316033184528351,58.58973693847656,0.4774586260318756
7629,96,0.046875,0.3223009705543518,56.23086929321289,0.5045611262321472
7630,92,0.044921875,0.3053545355796814,58.14626693725586,0.4806916117668152
7631,94,0.0458984375,0.3230479657649994,57.21089172363281,0.49004289507865906
7632,89,0.04345703125,0.31749147176742554,56.364742279052734,0.5011430978775024
7633,102,0.0498046875,0.30426934361457825,57.655391693115234,0.48761534690856934
7634,103,0.05029296875,0.29912564158439636,55.298919677734375,0.5188817381858826
7635,91,0.04443359375,0.29815801978111267,58.34316635131836,0.4806830883026123
7636,82,0.0400390625,0.29848384857177734,56.22573471069336,0.5128034949302673
7637,77,0.03759765625,0.3158625066280365,54.73300552368164,0.5362802147865295
7638,84,0.041015625,0.3121110796928406,56.610015869140625,0.5074234008789062
7639,84,0.041015625,0.3135997951030731,58.01485824584961,0.48510414361953735
7640,66,0.0322265625,0.5538807511329651,60.40753173828125,0.4608265459537506
7641,63,0.03076171875,0.5383743047714233,58.70816421508789,0.48718398809432983
7642,63,0.03076171875,0.5237664580345154,56.69493103027344,0.5100163221359253
7643,61,0.02978515625,0.5271144509315491,57.501033782958984,0.49906495213508606
7644,65,0.03173828125,0.5032152533531189,55.83613967895508,0.5087186098098755
7645,64,0.03125,0.490983247756958,57.305912017822266,0.4973195493221283
7646,59,0.02880859375,0.4867371916770935,59.07271957397461,0.47258976101875305
7647,60,0.029296875,0.489929735660553,57.372535705566406,0.49389153718948364
7648,53,0.02587890625,0.48371031880378723,56.24139404296875,0.5139267444610596
7649,60,0.029296875,0.5124509334564209,58.30106735229492,0.49050697684288025
7650,57,0.02783203125,0.5116133093833923,56.352256774902344,0.5194954872131348
7651,53,0.02587890625,0.5064892172813416,57.39478302001953,0.5032342076301575
7652,55,0.02685546875,0.5216884613037109,57.57698059082031,0.5030637979507446
7653,56,0.02734375,0.4950733780860901,56.84960174560547,0.5068885684013367
7654,56,0.02734375,0.462149977684021,57.543609619140625,0.49849677085876465
7655,55,0.02685546875,0.4581245481967926,57.7939453125,0.4882443845272064
7656,60,0.029296875,0.45376694202423096,58.443199157714844,0.48057442903518677
7657,58,0.0283203125,0.4795069396495819,56.72092056274414,0.49884337186813354
7658,59,0.02880859375,0.4763775169849396,56.648311614990234,0.5035312175750732
7659,58,0.0283203125,0.4821171164512634,56.988929748535156,0.5008479356765747
7660,64,0.03125,0.5025418996810913,57.08086013793945,0.4937209486961365
7661,63,0.03076171875,0.48595893383026123,55.3523063659668,0.5203702449798584
7662,66,0.0322265625,0.48808661103248596,56.19866180419922,0.5190302729606628
7663,59,0.02880859375,0.4531528949737549,55.81827163696289,0.514583170413971
7664,60,0.029296875,0.46452847123146057,56.299537658691406,0.509204626083374
7665,61,0.02978515625,0.46525701880455017,56.764244079589844,0.5005680322647095
7666,61,0.02978515625,0.45940274000167847,57.997657775878906,0.47939860820770264
7667,61,0.02978515625,0.47278648614883423,57.828006744384766,0.48035261034965515
7668,57,0.02783203125,0.4486992061138153,57.578739166259766,0.48690006136894226
7669,60,0.029296875,0.4715701639652252,57.024845123291016,0.4991571605205536
7670,57,0.02783203125,0.46872788667678833,57.741207122802734,0.4882485270500183
7671,61,0.02978515625,0.471041202545166,56.619293212890625,0.5003883838653564
7672,57,0.02783203125,0.4533121883869171,57.81293869018555,0.4845373034477234
7673,65,0.03173828125,0.4590831995010376,57.8704833984375,0.48272886872291565
7674,68,0.033203125,0.46742767095565796,57.13336181640625,0.49487006664276123
7675,69,0.03369140625,0.4845110774040222,56.9426383972168,0.4952651262283325
7676,61,0.02978515625,0.46671369671821594,57.01650619506836,0.4931125342845917
7677,61,0.02978515625,0.4795009195804596,56.61219024658203,0.5039361715316772
7678,61,0.02978515625,0.47977885603904724,56.791690826416016,0.4975089430809021
7679,62,0.0302734375,0.4850854277610779,57.35469055175781,0.4919106960296631
7680,154,0.0751953125,0.17297425866127014,56.08506393432617,0.5153723955154419
7681,145,0.07080078125,0.18213321268558502,56.69483947753906,0.5093736052513123
7682,139,0.06787109375,0.18475644290447235,55.30806350708008,0.5281849503517151
7683,126,0.0615234375,0.18765504658222198,55.74465560913086,0.5263664722442627
7684,114,0.0556640625,0.19768330454826355,56.374359130859375,0.5127007961273193
7685,113,0.05517578125,0.22026139497756958,56.4553108215332,0.5171453356742859
7686,119,0.05810546875,0.2202436774969101,54.963035583496094,0.5287266373634338
7687,122,0.0595703125,0.2160283774137497,56.343788146972656,0.5123868584632874
7688,134,0.0654296875,0.20477810502052307,57.43977355957031,0.4930320978164673
7689,148,0.072265625,0.23151075839996338,59.16288757324219,0.47775429487228394
7690,147,0.07177734375,0.2137036770582199,57.484493255615234,0.4961365759372711
7691,154,0.0751953125,0.22483570873737335,56.87080764770508,0.5104420781135559
7692,160,0.078125,0.23559264838695526,54.572723388671875,0.5369877219200134
7693,156,0.076171875,0.22812464833259583,55.73872756958008,0.5248211622238159
7694,163,0.07958984375,0.20486877858638763,55.5939826965332,0.5216309428215027
7695,159,0.07763671875,0.2310575246810913,56.862125396728516,0.5102530717849731
7696,168,0.08203125,0.20376388728618622,57.005428314208984,0.5044134855270386
7697,164,0.080078125,0.20940247178077698,55.47080612182617,0.5276736617088318
7698,126,0.0615234375,0.20030280947685242,57.33973693847656,0.5104483366012573
7699,124,0.060546875,0.20360608398914337,56.63806915283203,0.5178787708282471
7700,129,0.06298828125,0.22981810569763184,57.96089172363281,0.4982975721359253
7701,119,0.05810546875,0.2579272985458374,56.77706527709961,0.5158307552337646
7702,117,0.05712890625,0.2543533444404602,56.027462005615234,0.5237456560134888
7703,121,0.05908203125,0.24380770325660706,57.00830078125,0.5099350214004517
7704,114,0.0556640625,0.24779045581817627,55.58040237426758,0.527402937412262
7705,121,0.05908203125,0.23664331436157227,58.00996017456055,0.4975227117538452
7706,137,0.06689453125,0.23068489134311676,55.710575103759766,0.5208941102027893
7707,141,0.06884765625,0.2341642826795578,56.038970947265625,0.5141476392745972
7708,131,0.06396484375,0.2225782722234726,54.971153259277344,0.5360833406448364
7709,123,0.06005859375,0.2106190174818039,55.44983673095703,0.5343653559684753
7710,126,0.0615234375,0.21151576936244965,54.817569732666016,0.5347822308540344
7711,170,0.0830078125,0.17421723902225494,57.9264030456543,0.49695828557014465
7712,165,0.08056640625,0.17337942123413086,56.770809173583984,0.5061518549919128
7713,140,0.068359375,0.18732786178588867,57.4950065612793,0.49953657388687134
7714,124,0.060546875,0.1926945000886917,59.543270111083984,0.46886080503463745
7715,153,0.07470703125,0.18433503806591034,57.0235710144043,0.5099219083786011
7716,158,0.0771484375,0.18521763384342194,56.913272857666016,0.5064238905906677
7717,153,0.07470703125,0.1786336898803711,57.37588882446289,0.5004472732543945
7718,129,0.06298828125,0.20507469773292542,56.98357391357422,0.5085047483444214
7719,142,0.0693359375,0.20507651567459106,60.3576545715332,0.46094658970832825
7720,10,0.0048828125,0.32056188583374023,70.33109283447266,0.32890817523002625
7721,9,0.00439453125,0.35430994629859924,67.31693267822266,0.37404483556747437
7722,13,0.00634765625,0.4120004177093506,65.55912017822266,0.3755391240119934
7723,10,0.0048828125,0.34158170223236084,68.92194366455078,0.3472341001033783
7724,10,0.0048828125,0.3250046968460083,68.49807739257812,0.35571035742759705
7725,14,0.0068359375,0.42454293370246887,70.54464721679688,0.3098369240760803
7726,9,0.00439453125,0.44141265749931335,60.29766082763672,0.4595586955547333
7727,10,0.0048828125,0.2862257957458496,67.16901397705078,0.3483286201953888
7728,13,0.00634765625,0.2925621271133423,61.994144439697266,0.4176945388317108
7729,13,0.00634765625,0.401106595993042,62.815853118896484,0.40398281812667847
7730,17,0.00830078125,0.3306017220020294,49.621864318847656,0.6005911827087402
7731,17,0.00830078125,0.32658031582832336,50.059383392333984,0.5975636839866638
7732,16,0.0078125,0.3287948966026306,52.96684265136719,0.563967764377594
7733,19,0.00927734375,0.42997726798057556,57.639251708984375,0.5048721432685852
7734,18,0.0087890625,0.3268251121044159,54.436279296875,0.5505902171134949
7735,17,0.00830078125,0.3154945373535156,52.53831481933594,0.5696234107017517
7736,16,0.0078125,0.3210226595401764,51.492515563964844,0.5711967945098877
7737,14,0.0068359375,0.3134864568710327,55.392822265625,0.5365971326828003
7738,17,0.00830078125,0.31192803382873535,47.749534606933594,0.642998218536377
7739,14,0.0068359375,0.31939396262168884,55.32918167114258,0.539164662361145
7740,19,0.00927734375,0.4067075550556183,49.5887336730957,0.6126104593276978
7741,19,0.00927734375,0.32537657022476196,52.25666427612305,0.5673485398292542
7742,18,0.0087890625,0.31570056080818176,50.66684341430664,0.5938211679458618
7743,16,0.0078125,0.3403184115886688,53.606468200683594,0.5503840446472168
7744,19,0.00927734375,0.39674511551856995,53.85400390625,0.5573825240135193
7745,14,0.0068359375,0.4156236946582794,52.907737731933594,0.5697113871574402
7746,14,0.0068359375,0.3742925524711609,49.761817932128906,0.597644031047821
7747,15,0.00732421875,0.2878127694129944,52.51039123535156,0.5821900963783264
7748,11,0.00537109375,0.4053928852081299,56.196041107177734,0.5216104984283447
7749,9,0.00439453125,0.41302841901779175,61.687744140625,0.43852317333221436
7750,10,0.0048828125,0.41589951515197754,58.53662872314453,0.475136935710907
7751,20,0.009765625,0.37413930892944336,57.443580627441406,0.5018631219863892
7752,17,0.00830078125,0.3558529019355774,55.717872619628906,0.5048807263374329
7753,19,0.00927734375,0.36309701204299927,54.48471450805664,0.5205644965171814
7754,19,0.00927734375,0.37240010499954224,55.56005859375,0.5192465782165527
7755,19,0.00927734375,0.34308499097824097,59.414764404296875,0.4746505916118622
7756,22,0.0107421875,0.41556790471076965,62.55735778808594,0.4245860278606415
7757,17,0.00830078125,0.3781481683254242,56.5667839050293,0.5070794224739075
7758,11,0.00537109375,0.4254753291606903,49.16220474243164,0.6068189144134521
7759,9,0.00439453125,0.41484636068344116,60.65095901489258,0.44401922821998596
7760,44,0.021484375,0.3635925352573395,59.37443923950195,0.48098212480545044
7761,41,0.02001953125,0.3594406843185425,57.736881256103516,0.5039722919464111
7762,48,0.0234375,0.35621973872184753,57.63113784790039,0.5005555748939514
7763,49,0.02392578125,0.3554399311542511,59.80540084838867,0.47234803438186646
7764,52,0.025390625,0.34726235270500183,59.77921676635742,0.47117722034454346
7765,50,0.0244140625,0.341676265001297,59.48377990722656,0.4800983667373657
7766,41,0.02001953125,0.3788873851299286,60.56093978881836,0.4598308801651001
7767,40,0.01953125,0.38205409049987793,59.43004608154297,0.47400498390197754
7768,37,0.01806640625,0.38104331493377686,63.436885833740234,0.41882607340812683
7769,35,0.01708984375,0.3807670772075653,61.805606842041016,0.4371631443500519
7770,35,0.01708984375,0.38291412591934204,63.645751953125,0.41354092955589294
7771,32,0.015625,0.3711874186992645,62.292686462402344,0.4279681146144867
7772,33,0.01611328125,0.38560914993286133,62.4736328125,0.4301195442676544
7773,36,0.017578125,0.3917328417301178,64.68526458740234,0.40082070231437683
7774,34,0.0166015625,0.3971327841281891,64.02340698242188,0.40708279609680176
7775,41,0.02001953125,0.3929504454135895,60.23088073730469,0.45877912640571594
7776,40,0.01953125,0.35931023955345154,61.2929801940918,0.45255690813064575
7777,44,0.021484375,0.3123214542865753,60.57540512084961,0.45795050263404846
7778,46,0.0224609375,0.3158515989780426,58.9337043762207,0.4790858030319214
7779,46,0.0224609375,0.3096305727958679,60.869956970214844,0.4405696988105774
7780,46,0.0224609375,0.3196793794631958,59.80453872680664,0.4582115113735199
7781,45,0.02197265625,0.3099095821380615,59.76239013671875,0.46677178144454956
7782,46,0.0224609375,0.3114207983016968,59.67818069458008,0.4656675457954407
7783,48,0.0234375,0.28872382640838623,59.32575607299805,0.47558867931365967
7784,45,0.02197265625,0.30054807662963867,59.39539337158203,0.4709547758102417
7785,48,0.0234375,0.3165830671787262,59.403594970703125,0.4610634744167328
7786,50,0.0244140625,0.29626262187957764,61.79670333862305,0.440064013004303
7787,48,0.0234375,0.3070562779903412,59.141632080078125,0.474658727645874
7788,49,0.02392578125,0.31451869010925293,60.099613189697266,0.461709588766098
7789,51,0.02490234375,0.2953864336013794,57.73691177368164,0.4985507130622864
7790,52,0.025390625,0.2896117866039276,57.82861328125,0.5001329183578491
7791,47,0.02294921875,0.27835842967033386,58.15373229980469,0.4920092225074768
7792,51,0.02490234375,0.2895066738128662,58.88387680053711,0.48314231634140015
7793,48,0.0234375,0.3299189507961273,58.62458801269531,0.47469568252563477
7794,52,0.025390625,0.32179802656173706,57.809017181396484,0.49962446093559265
7795,52,0.025390625,0.30039650201797485,58.34825134277344,0.49338001012802124
7796,55,0.02685546875,0.31326794624328613,58.17462158203125,0.4937148988246918
7797,57,0.02783203125,0.3229244351387024,57.4852180480957,0.4979265332221985
7798,54,0.0263671875,0.3033042848110199,56.02655792236328,0.51023268699646
7799,55,0.02685546875,0.32513561844825745,57.45566940307617,0.4985007643699646
7800,139,0.06787109375,0.5598179697990417,55.913997650146484,0.5156273245811462
7801,189,0.09228515625,0.5198411345481873,54.144622802734375,0.5369246006011963
7802,215,0.10498046875,0.47150564193725586,56.67024612426758,0.5046061873435974
7803,171,0.08349609375,0.4631994068622589,57.37362289428711,0.49891412258148193
7804,162,0.0791015625,0.4570624530315399,56.88681411743164,0.5075734257698059
7805,178,0.0869140625,0.42709818482398987,54.57016372680664,0.5357662439346313
7806,173,0.08447265625,0.4383006989955902,55.41547393798828,0.5218212008476257
7807,122,0.0595703125,0.5059270858764648,56.89165496826172,0.5066159963607788
7808,131,0.06396484375,0.5064195394515991,57.43974685668945,0.5022808909416199
7809,141,0.06884765625,0.44968855381011963,59.57963562011719,0.46976974606513977
7810,146,0.0712890625,0.41761767864227295,57.549041748046875,0.4892460107803345
7811,155,0.07568359375,0.39634472131729126,57.4798698425293,0.4912819266319275
7812,149,0.07275390625,0.41973382234573364,57.52161407470703,0.4869118928909302
7813,134,0.0654296875,0.456084668636322,57.140350341796875,0.50129634141922
7814,135,0.06591796875,0.47778409719467163,56.26199722290039,0.508810818195343
7815,141,0.06884765625,0.4931145906448364,57.311988830566406,0.5025286674499512
7816,140,0.068359375,0.49320492148399353,54.8643684387207,0.529094934463501
7817,152,0.07421875,0.4615623354911804,56.24071502685547,0.5148403644561768
7818,176,0.0859375,0.39516502618789673,56.133296966552734,0.5205852389335632
7819,197,0.09619140625,0.3847396671772003,55.30022430419922,0.5227442383766174
7820,179,0.08740234375,0.4183611273765564,54.25511169433594,0.5344352722167969
7821,220,0.107421875,0.36403122544288635,55.469505310058594,0.5180938839912415
7822,254,0.1240234375,0.32263487577438354,55.855648040771484,0.5217828154563904
7823,218,0.1064453125,0.36033394932746887,53.561912536621094,0.5504685640335083
7824,234,0.1142578125,0.3506822884082794,56.690704345703125,0.5037594437599182
7825,239,0.11669921875,0.34661048650741577,56.05033493041992,0.5125482678413391
7826,344,0.16796875,0.27937236428260803,56.61394500732422,0.5118849277496338
7827,332,0.162109375,0.2820659577846527,55.739959716796875,0.521261990070343
7828,289,0.14111328125,0.2968338429927826,55.36311340332031,0.5270160436630249
7829,276,0.134765625,0.3263115882873535,55.39382553100586,0.5278122425079346
7830,274,0.1337890625,0.30719059705734253,56.03116989135742,0.5184154510498047
7831,247,0.12060546875,0.33166688680648804,55.89500427246094,0.5248923897743225
7832,271,0.13232421875,0.3124927282333374,55.54310607910156,0.5233063101768494
7833,390,0.1904296875,0.2238990068435669,56.281471252441406,0.5125338435173035
7834,403,0.19677734375,0.22576777637004852,55.51487731933594,0.5217558145523071
7835,374,0.1826171875,0.2472354620695114,55.2193603515625,0.5282465219497681
7836,346,0.1689453125,0.24370458722114563,56.14691925048828,0.5133253931999207
7837,286,0.1396484375,0.2643451988697052,53.952911376953125,0.5410791635513306
7838,330,0.1611328125,0.27892985939979553,54.7353401184082,0.5297222137451172
7839,290,0.1416015625,0.2822355329990387,55.02315139770508,0.5284436941146851
7840,170,0.0830078125,0.30825912952423096,56.12579345703125,0.5184836387634277
7841,148,0.072265625,0.32039886713027954,56.09758377075195,0.5150126814842224
7842,144,0.0703125,0.33115434646606445,56.391563415527344,0.5091972947120667
7843,128,0.0625,0.3190949559211731,56.108829498291016,0.5154619216918945
7844,149,0.07275390625,0.3191281259059906,55.96479034423828,0.5162195563316345
7845,146,0.0712890625,0.339719295501709,55.748470306396484,0.5209336876869202
7846,144,0.0703125,0.3449002802371979,54.98070526123047,0.5322303771972656
7847,152,0.07421875,0.32784220576286316,54.607383728027344,0.5360734462738037
7848,162,0.0791015625,0.316622257232666,56.98835372924805,0.5011594891548157
7849,167,0.08154296875,0.3134772479534149,55.51450729370117,0.5192768573760986
7850,156,0.076171875,0.2887679934501648,56.52938461303711,0.5127968788146973
7851,220,0.107421875,0.2522851228713989,56.11304473876953,0.5122324228286743
7852,282,0.1376953125,0.25362735986709595,58.22100830078125,0.49278512597084045
7853,256,0.125,0.24105137586593628,56.956459045410156,0.5052706003189087
7854,205,0.10009765625,0.24104951322078705,56.626991271972656,0.5072569847106934
7855,192,0.09375,0.25556573271751404,54.4527702331543,0.5348350405693054
7856,220,0.107421875,0.237784743309021,55.362632751464844,0.5267583131790161
7857,185,0.09033203125,0.25988906621932983,56.947628021240234,0.5084439516067505
7858,205,0.10009765625,0.254972368478775,54.78432083129883,0.5359764099121094
7859,195,0.09521484375,0.27647942304611206,56.23368453979492,0.5152272582054138
7860,175,0.08544921875,0.28874728083610535,56.065921783447266,0.5173957347869873
7861,188,0.091796875,0.2867777943611145,55.08599090576172,0.5289028882980347
7862,186,0.0908203125,0.29952967166900635,58.618831634521484,0.4836556315422058
7863,197,0.09619140625,0.2818608582019806,56.52680206298828,0.5083918571472168
7864,210,0.1025390625,0.2905366122722626,57.50132369995117,0.4960656762123108
7865,187,0.09130859375,0.3074395954608917,57.36721420288086,0.49445101618766785
7866,172,0.083984375,0.3035113215446472,58.314788818359375,0.4903300404548645
7867,200,0.09765625,0.29791519045829773,57.7854118347168,0.4878882169723511
7868,211,0.10302734375,0.28798240423202515,55.01782989501953,0.5333043932914734
7869,200,0.09765625,0.28526395559310913,56.047767639160156,0.5214345455169678
7870,192,0.09375,0.29531848430633545,56.979736328125,0.506754994392395
7871,226,0.1103515625,0.2853310704231262,58.7083625793457,0.48377934098243713
7872,239,0.11669921875,0.2909146845340729,58.71671676635742,0.484689325094223
7873,220,0.107421875,0.28956571221351624,58.30845260620117,0.488767147064209
7874,228,0.111328125,0.28668636083602905,58.42472457885742,0.48678886890411377
7875,293,0.14306640625,0.2772296667098999,56.68832015991211,0.5051332712173462
7876,233,0.11376953125,0.26895445585250854,56.43454360961914,0.5127092599868774
7877,300,0.146484375,0.28133901953697205,58.38555908203125,0.4834841787815094
7878,377,0.18408203125,0.28211769461631775,56.652835845947266,0.5060294270515442
7879,388,0.189453125,0.28213629126548767,54.031105041503906,0.5466597080230713
7880,81,0.03955078125,0.4893476068973541,57.38199234008789,0.5062813758850098
7881,77,0.03759765625,0.45215073227882385,56.88325500488281,0.5130933523178101
7882,78,0.0380859375,0.4667332172393799,56.38534927368164,0.518506646156311
7883,84,0.041015625,0.45335760712623596,57.07819366455078,0.5039239525794983
7884,82,0.0400390625,0.46895381808280945,58.29450607299805,0.4884253144264221
7885,82,0.0400390625,0.4608854055404663,57.98845291137695,0.49211665987968445
7886,84,0.041015625,0.46508511900901794,59.53262710571289,0.4711619019508362
7887,83,0.04052734375,0.4518689811229706,58.89063262939453,0.48845553398132324
7888,86,0.0419921875,0.4793584644794464,61.091224670410156,0.4541911780834198
7889,85,0.04150390625,0.4683496356010437,58.35070037841797,0.4899083375930786
7890,90,0.0439453125,0.48516300320625305,55.844970703125,0.526324987411499
7891,88,0.04296875,0.4702087342739105,56.27177810668945,0.5192506909370422
7892,88,0.04296875,0.4855941832065582,59.1493034362793,0.4794519543647766
7893,89,0.04345703125,0.4636935293674469,57.18592071533203,0.5013762712478638
7894,84,0.041015625,0.4692814350128174,56.16615676879883,0.5179304480552673
7895,82,0.0400390625,0.4685237407684326,55.94302749633789,0.5165772438049316
7896,82,0.0400390625,0.4363173246383667,57.77390670776367,0.49176687002182007
7897,81,0.03955078125,0.4456733167171478,56.404212951660156,0.5150787234306335
7898,82,0.0400390625,0.4438938796520233,58.28706359863281,0.48211029171943665
7899,82,0.0400390625,0.4451568126678467,57.58939743041992,0.499544233083725
7900,79,0.03857421875,0.42198672890663147,56.93732833862305,0.510258138179779
7901,79,0.03857421875,0.3834923207759857,57.211612701416016,0.50603187084198
7902,82,0.0400390625,0.4333588182926178,56.112125396728516,0.5118676424026489
7903,80,0.0390625,0.43227702379226685,59.685890197753906,0.4667331576347351
7904,83,0.04052734375,0.4366254508495331,59.07119369506836,0.4813568890094757
7905,89,0.04345703125,0.45752671360969543,55.403873443603516,0.52377849817276
7906,84,0.041015625,0.430691123008728,58.213680267333984,0.49407774209976196
7907,81,0.03955078125,0.4658339321613312,61.127994537353516,0.45464640855789185
7908,81,0.03955078125,0.4715983271598816,59.803627014160156,0.4705905616283417
7909,78,0.0380859375,0.4654310345649719,59.318748474121094,0.47521141171455383
7910,77,0.03759765625,0.4555189311504364,59.016273498535156,0.48072969913482666
7911,75,0.03662109375,0.4385809898376465,60.05931091308594,0.4639922082424164
7912,76,0.037109375,0.4608749449253082,58.50093078613281,0.48499855399131775
7913,80,0.0390625,0.46089088916778564,60.465248107910156,0.46196380257606506
7914,80,0.0390625,0.42261558771133423,59.597373962402344,0.4739561975002289
7915,80,0.0390625,0.4216800928115845,58.77985763549805,0.4825320243835449
7916,87,0.04248046875,0.4100058972835541,56.056007385253906,0.516510009765625
7917,91,0.04443359375,0.41957932710647583,56.58768081665039,0.5103262662887573
7918,91,0.04443359375,0.41905805468559265,58.7445068359375,0.48157039284706116
7919,95,0.04638671875,0.3959898054599762,59.48994827270508,0.4638216197490692
7920,60,0.029296875,0.44152629375457764,51.29478454589844,0.5807340741157532
7921,67,0.03271484375,0.4587256908416748,49.992042541503906,0.6007310152053833
7922,62,0.0302734375,0.47764039039611816,52.809566497802734,0.5596022605895996
7923,61,0.02978515625,0.4935922622680664,54.91026306152344,0.5248719453811646
7924,56,0.02734375,0.4854058027267456,54.88330078125,0.5372370481491089
7925,57,0.02783203125,0.5034796595573425,58.368770599365234,0.48257145285606384
7926,59,0.02880859375,0.5138366222381592,58.85543441772461,0.47155001759529114
7927,58,0.0283203125,0.49591177701950073,56.689414978027344,0.5069663524627686
7928,62,0.0302734375,0.4911545217037201,55.145877838134766,0.5234789252281189
7929,65,0.03173828125,0.4939970076084137,55.663482666015625,0.5237019658088684
7930,63,0.03076171875,0.5225995182991028,56.603538513183594,0.5062368512153625
7931,62,0.0302734375,0.4925324618816376,57.36570739746094,0.5031847953796387
7932,61,0.02978515625,0.5008249878883362,59.28954315185547,0.48333021998405457
7933,62,0.0302734375,0.4846534729003906,58.297035217285156,0.4867159426212311
7934,68,0.033203125,0.46696940064430237,55.6494255065918,0.5253498554229736
7935,64,0.03125,0.4513714611530304,56.18239212036133,0.509748637676239
7936,63,0.03076171875,0.4404609799385071,55.18169021606445,0.5253397226333618
7937,66,0.0322265625,0.4395844340324402,55.10029602050781,0.5386688709259033
7938,60,0.029296875,0.45265933871269226,56.49860763549805,0.5195669531822205
7939,63,0.03076171875,0.4780985414981842,56.23680877685547,0.5176897644996643
7940,59,0.02880859375,0.4815875291824341,59.87960433959961,0.4666330814361572
7941,63,0.03076171875,0.4838346540927887,57.51655197143555,0.4926351308822632
7942,61,0.02978515625,0.4990195035934448,55.962493896484375,0.5113363862037659
7943,60,0.029296875,0.5148306488990784,57.712223052978516,0.49447229504585266
7944,54,0.0263671875,0.49488207697868347,57.976707458496094,0.493124783039093
7945,54,0.0263671875,0.5148875117301941,57.58189010620117,0.4988672435283661
7946,57,0.02783203125,0.4891219437122345,57.188720703125,0.5054351687431335
7947,57,0.02783203125,0.4755949378013611,54.38685607910156,0.547141969203949
7948,54,0.0263671875,0.4787101149559021,56.32637023925781,0.5140336155891418
7949,55,0.02685546875,0.47622251510620117,54.162933349609375,0.5476202964782715
7950,50,0.0244140625,0.4805511236190796,57.387413024902344,0.5095680356025696
7951,51,0.02490234375,0.4762265086174011,56.36310958862305,0.5218216180801392
7952,56,0.02734375,0.4676986336708069,57.62583541870117,0.5011643767356873
7953,57,0.02783203125,0.4603745639324188,58.576942443847656,0.4839476943016052
7954,56,0.02734375,0.4507252871990204,56.80609130859375,0.5017261505126953
7955,57,0.02783203125,0.4496021270751953,58.118404388427734,0.49170905351638794
7956,55,0.02685546875,0.4487859606742859,56.76797866821289,0.5080626010894775
7957,61,0.02978515625,0.4530523121356964,54.49113845825195,0.5349124073982239
7958,64,0.03125,0.4219505488872528,55.09436798095703,0.5288746953010559
7959,61,0.02978515625,0.42401450872421265,54.96580505371094,0.5314921140670776
7960,288,0.140625,0.21662381291389465,54.56956481933594,0.5391714572906494
7961,284,0.138671875,0.21217310428619385,56.5641975402832,0.514099657535553
7962,272,0.1328125,0.208526611328125,56.889991760253906,0.508907675743103
7963,272,0.1328125,0.20472854375839233,57.64818572998047,0.4955316483974457
7964,279,0.13623046875,0.1896403431892395,58.17638397216797,0.48814287781715393
7965,252,0.123046875,0.18795673549175262,57.2582893371582,0.4994190037250519
7966,233,0.11376953125,0.18881118297576904,58.24394226074219,0.48496052622795105
7967,192,0.09375,0.2481660395860672,58.9320182800293,0.474649578332901
7968,194,0.0947265625,0.27009886503219604,57.886966705322266,0.4875525236129761
7969,169,0.08251953125,0.30009761452674866,56.379520416259766,0.5120015144348145
7970,160,0.078125,0.29571014642715454,56.347190856933594,0.5129313468933105
7971,151,0.07373046875,0.3337796926498413,55.19658660888672,0.5320335626602173
7972,151,0.07373046875,0.32664456963539124,55.86936569213867,0.5242628455162048
7973,159,0.07763671875,0.3153814375400543,56.45801544189453,0.5131310224533081
7974,184,0.08984375,0.3029881715774536,54.46271896362305,0.5314066410064697
7975,192,0.09375,0.3410520851612091,54.87269592285156,0.529536783695221
7976,191,0.09326171875,0.37410542368888855,54.79280471801758,0.5335832834243774
7977,201,0.09814453125,0.3752022683620453,55.27324676513672,0.5249283313751221
7978,187,0.09130859375,0.3854704797267914,54.53675079345703,0.5336931943893433
7979,200,0.09765625,0.3728589117527008,55.774139404296875,0.5174397230148315
7980,171,0.08349609375,0.37701812386512756,56.68372344970703,0.5102099180221558
7981,180,0.087890625,0.3700565993785858,55.81852722167969,0.516417384147644
7982,164,0.080078125,0.4087691605091095,54.92028045654297,0.5306829214096069
7983,170,0.0830078125,0.39992085099220276,54.71455001831055,0.5323053002357483
7984,175,0.08544921875,0.409344345331192,53.86540222167969,0.5408117771148682
7985,174,0.0849609375,0.40624430775642395,54.40365219116211,0.5343247056007385
7986,171,0.08349609375,0.40912485122680664,55.45279312133789,0.5264624953269958
7987,179,0.08740234375,0.37815001606941223,54.98351287841797,0.5289050936698914
7988,192,0.09375,0.34009549021720886,55.30766296386719,0.5266754031181335
7989,203,0.09912109375,0.3077106177806854,55.995540618896484,0.5183634757995605
7990,196,0.095703125,0.32954713702201843,56.714927673339844,0.5079773664474487
7991,195,0.09521484375,0.3253767490386963,57.035091400146484,0.4969675838947296
7992,197,0.09619140625,0.3599778115749359,55.596946716308594,0.5283204317092896
7993,197,0.09619140625,0.35138392448425293,56.24995422363281,0.5190979242324829
7994,195,0.09521484375,0.3832128047943115,56.01578903198242,0.5169116854667664
7995,201,0.09814453125,0.3830191493034363,58.42844009399414,0.48614585399627686
7996,192,0.09375,0.36369553208351135,57.375240325927734,0.5012543797492981
7997,205,0.10009765625,0.35941171646118164,57.428958892822266,0.49857014417648315
7998,209,0.10205078125,0.344069242477417,56.676090240478516,0.5090615749359131
7999,211,0.10302734375,0.31319659948349,56.70698165893555,0.5091297626495361
8000,18,0.0087890625,0.6301621198654175,58.55379867553711,0.48022380471229553
8001,22,0.0107421875,0.5820169448852539,61.259132385253906,0.45117196440696716
8002,16,0.0078125,0.6022979617118835,54.64368438720703,0.5348273515701294
8003,15,0.00732421875,0.6236326098442078,55.74775314331055,0.5387023687362671
8004,18,0.0087890625,0.5518196225166321,59.49602508544922,0.47857728600502014
8005,25,0.01220703125,0.4811212122440338,66.72024536132812,0.3771006762981415
8006,21,0.01025390625,0.5212549567222595,59.453670501708984,0.4749591052532196
8007,23,0.01123046875,0.5022755265235901,52.4399528503418,0.5626260042190552
8008,25,0.01220703125,0.4768552780151367,56.32099533081055,0.5196222066879272
8009,26,0.0126953125,0.4870389699935913,55.40828323364258,0.5317174196243286
8010,22,0.0107421875,0.49082082509994507,53.3050537109375,0.5592691898345947
8011,24,0.01171875,0.4644465446472168,56.28224182128906,0.5100410580635071
8012,23,0.01123046875,0.48072177171707153,56.25334548950195,0.5063980221748352
8013,20,0.009765625,0.47918108105659485,53.754241943359375,0.5396800637245178
8014,21,0.01025390625,0.46282970905303955,51.826194763183594,0.560200572013855
8015,23,0.01123046875,0.46245643496513367,49.33580017089844,0.6012091636657715
8016,20,0.009765625,0.465839684009552,52.1806640625,0.5827621817588806
8017,20,0.009765625,0.4483981132507324,50.863365173339844,0.5786546468734741
8018,26,0.0126953125,0.4328716993331909,54.398765563964844,0.5300297141075134
8019,20,0.009765625,0.4373912215232849,55.054664611816406,0.5388754606246948
8020,20,0.009765625,0.43514135479927063,45.646400451660156,0.6555258631706238
8021,21,0.01025390625,0.42536410689353943,50.63167953491211,0.5926331877708435
8022,23,0.01123046875,0.38590630888938904,56.0632209777832,0.5310690999031067
8023,22,0.0107421875,0.3819343149662018,55.00162124633789,0.5442149639129639
8024,24,0.01171875,0.3789830803871155,57.8115234375,0.4977854788303375
8025,26,0.0126953125,0.37417933344841003,51.21427917480469,0.5763640999794006
8026,26,0.0126953125,0.3762431740760803,55.09444808959961,0.5285412669181824
8027,23,0.01123046875,0.37110212445259094,51.300025939941406,0.5755459070205688
8028,23,0.01123046875,0.381672203540802,49.01652908325195,0.6082364916801453
8029,23,0.01123046875,0.3879849910736084,52.364219665527344,0.5786561369895935
8030,21,0.01025390625,0.3806721866130829,51.37458038330078,0.5980239510536194
8031,22,0.0107421875,0.3667500913143158,48.5443115234375,0.6197941303253174
8032,21,0.01025390625,0.3463638126850128,49.37589645385742,0.617002010345459
8033,22,0.0107421875,0.3582710325717926,52.308067321777344,0.5731585621833801
8034,20,0.009765625,0.3703833818435669,49.77049255371094,0.6126447319984436
8035,21,0.01025390625,0.37974241375923157,52.25153350830078,0.5775490403175354
8036,19,0.00927734375,0.444864958524704,44.6071662902832,0.654346764087677
8037,20,0.009765625,0.43205031752586365,42.24542999267578,0.6851187944412231
8038,19,0.00927734375,0.45263510942459106,48.76900863647461,0.6142491698265076
8039,23,0.01123046875,0.41530582308769226,52.34709548950195,0.555263102054596
8040,108,0.052734375,0.5568227171897888,58.089725494384766,0.49063611030578613
8041,118,0.0576171875,0.5025349259376526,59.03709411621094,0.4745670557022095
8042,120,0.05859375,0.48699456453323364,58.01299285888672,0.48311087489128113
8043,120,0.05859375,0.5013938546180725,59.42523193359375,0.47015199065208435
8044,115,0.05615234375,0.4532814919948578,61.21059036254883,0.459134966135025
8045,118,0.0576171875,0.4307291805744171,58.93706512451172,0.4867805242538452
8046,122,0.0595703125,0.4253195524215698,57.014102935791016,0.5081200003623962
8047,112,0.0546875,0.43117663264274597,56.585079193115234,0.5129867792129517
8048,115,0.05615234375,0.44290581345558167,55.79743957519531,0.5210947394371033
8049,123,0.06005859375,0.47075048089027405,59.90053176879883,0.45720174908638
8050,120,0.05859375,0.449457049369812,59.589725494384766,0.4654550552368164
8051,123,0.06005859375,0.4497104287147522,59.40472412109375,0.4665588140487671
8052,127,0.06201171875,0.4588424563407898,57.70473098754883,0.49158748984336853
8053,129,0.06298828125,0.4460352957248688,59.086578369140625,0.4755546450614929
8054,125,0.06103515625,0.4653588533401489,59.93428421020508,0.46227961778640747
8055,137,0.06689453125,0.43404874205589294,59.23429870605469,0.4756406843662262
8056,138,0.0673828125,0.4089324176311493,59.600799560546875,0.46315598487854004
8057,130,0.0634765625,0.4230072498321533,60.19718933105469,0.46539124846458435
8058,131,0.06396484375,0.4300827085971832,57.41913604736328,0.4997415244579315
8059,132,0.064453125,0.38786810636520386,57.489498138427734,0.49690037965774536
8060,135,0.06591796875,0.4039861857891083,58.885597229003906,0.4724205434322357
8061,125,0.06103515625,0.4241562783718109,56.544288635253906,0.5113447904586792
8062,119,0.05810546875,0.40653833746910095,57.985233306884766,0.49687856435775757
8063,133,0.06494140625,0.39997541904449463,54.63175964355469,0.5395658612251282
8064,126,0.0615234375,0.4226604700088501,56.42626190185547,0.5128327012062073
8065,132,0.064453125,0.41292375326156616,57.17943572998047,0.5015977621078491
8066,128,0.0625,0.41319188475608826,56.19115447998047,0.5129165649414062
8067,139,0.06787109375,0.4060940742492676,57.228248596191406,0.49730709195137024
8068,138,0.0673828125,0.41182804107666016,56.0882453918457,0.5131028294563293
8069,150,0.0732421875,0.3940231204032898,58.23188018798828,0.4876512587070465
8070,166,0.0810546875,0.37804970145225525,57.432071685791016,0.5016728639602661
8071,165,0.08056640625,0.3611873388290405,58.2551155090332,0.4895862936973572
8072,171,0.08349609375,0.37031492590904236,57.43030548095703,0.49871769547462463
8073,161,0.07861328125,0.37115442752838135,60.08293533325195,0.4600781202316284
8074,155,0.07568359375,0.4181874394416809,58.082244873046875,0.49204111099243164
8075,157,0.07666015625,0.4371706247329712,57.45634078979492,0.4991343319416046
8076,158,0.0771484375,0.4424266815185547,56.114280700683594,0.5166378617286682
8077,159,0.07763671875,0.4380199611186981,58.4861946105957,0.47783157229423523
8078,159,0.07763671875,0.43384501338005066,57.127655029296875,0.49875980615615845
8079,148,0.072265625,0.4585672616958618,59.07321548461914,0.47561490535736084
8080,66,0.0322265625,0.429800808429718,58.07261276245117,0.4949750602245331
8081,68,0.033203125,0.4170589745044708,53.74571990966797,0.5523408055305481
8082,62,0.0302734375,0.456693559885025,55.44294738769531,0.5363453030586243
8083,53,0.02587890625,0.4561338722705841,58.24184799194336,0.500207245349884
8084,58,0.0283203125,0.460875540971756,57.32413101196289,0.510147213935852
8085,62,0.0302734375,0.45767781138420105,54.247066497802734,0.5451346039772034
8086,57,0.02783203125,0.48331305384635925,51.280792236328125,0.5825843811035156
8087,54,0.0263671875,0.4817129969596863,56.92430877685547,0.5111962556838989
8088,51,0.02490234375,0.4681643843650818,57.50905227661133,0.5112695097923279
8089,48,0.0234375,0.48159268498420715,59.2067985534668,0.48678824305534363
8090,52,0.025390625,0.48316535353660583,58.03556442260742,0.4976547658443451
8091,49,0.02392578125,0.4762725234031677,58.06435775756836,0.49666306376457214
8092,50,0.0244140625,0.477390319108963,57.5756950378418,0.5052605271339417
8093,48,0.0234375,0.47814086079597473,58.445068359375,0.49364516139030457
8094,46,0.0224609375,0.47641199827194214,55.60930633544922,0.5292956233024597
8095,45,0.02197265625,0.4652319848537445,57.92824935913086,0.4976455271244049
8096,45,0.02197265625,0.46833986043930054,59.241249084472656,0.4796719551086426
8097,42,0.0205078125,0.5007729530334473,59.034889221191406,0.4836580157279968
8098,45,0.02197265625,0.49405941367149353,57.238426208496094,0.5071493983268738
8099,43,0.02099609375,0.49901947379112244,58.76995086669922,0.48902755975723267
8100,44,0.021484375,0.5151516199111938,57.230979919433594,0.5046882033348083
8101,46,0.0224609375,0.5234717130661011,56.59217834472656,0.5040282011032104
8102,44,0.021484375,0.4976781904697418,56.85489273071289,0.5014135837554932
8103,43,0.02099609375,0.49565979838371277,58.00154495239258,0.49769794940948486
8104,48,0.0234375,0.4857417941093445,54.90285110473633,0.5351287722587585
8105,50,0.0244140625,0.4892529249191284,55.47795867919922,0.5269829630851746
8106,46,0.0224609375,0.4998546838760376,56.18095779418945,0.5198773145675659
8107,43,0.02099609375,0.48835518956184387,53.284481048583984,0.5547271370887756
8108,45,0.02197265625,0.48338258266448975,55.200462341308594,0.5330888628959656
8109,49,0.02392578125,0.4616853892803192,54.6806526184082,0.5398873090744019
8110,50,0.0244140625,0.4734906554222107,53.29740905761719,0.5551856160163879
8111,52,0.025390625,0.4737454652786255,55.59482192993164,0.5239177942276001
8112,50,0.0244140625,0.43754127621650696,54.054534912109375,0.5435698628425598
8113,53,0.02587890625,0.41684257984161377,54.84189987182617,0.5281073451042175
8114,56,0.02734375,0.42236703634262085,53.179901123046875,0.545234739780426
8115,56,0.02734375,0.4118555188179016,52.79749298095703,0.5511661767959595
8116,64,0.03125,0.40199580788612366,51.47639846801758,0.571165919303894
8117,61,0.02978515625,0.405697762966156,51.387046813964844,0.5701819062232971
8118,60,0.029296875,0.3940899670124054,51.83553695678711,0.5630619525909424
8119,63,0.03076171875,0.4250527620315552,50.52418899536133,0.5799950361251831
8120,415,0.20263671875,0.2202165722846985,55.518402099609375,0.5271104574203491
8121,492,0.240234375,0.22491200268268585,57.726348876953125,0.4953916072845459
8122,636,0.310546875,0.23569437861442566,56.608306884765625,0.5090509653091431
8123,743,0.36279296875,0.2263716608285904,57.42148208618164,0.4960746169090271
8124,680,0.33203125,0.20903964340686798,56.443016052246094,0.5119691491127014
8125,652,0.318359375,0.20945172011852264,57.452430725097656,0.4967028796672821
8126,559,0.27294921875,0.1908421367406845,57.980072021484375,0.492152601480484
8127,578,0.2822265625,0.1901683509349823,57.47842025756836,0.500661313533783
8128,605,0.29541015625,0.16079744696617126,57.62803649902344,0.4978351593017578
8129,577,0.28173828125,0.16483846306800842,57.470394134521484,0.49764952063560486
8130,544,0.265625,0.19483651220798492,57.636085510253906,0.49787789583206177
8131,487,0.23779296875,0.20964136719703674,57.697593688964844,0.49573320150375366
8132,539,0.26318359375,0.1936352699995041,56.80810546875,0.507500946521759
8133,596,0.291015625,0.16874004900455475,56.570030212402344,0.507263720035553
8134,534,0.2607421875,0.19257161021232605,57.24835205078125,0.5017253160476685
8135,490,0.2392578125,0.20484083890914917,57.51448440551758,0.49749189615249634
8136,412,0.201171875,0.20616623759269714,56.91533279418945,0.5047415494918823
8137,468,0.228515625,0.20522965490818024,57.86551284790039,0.4911730885505676
8138,461,0.22509765625,0.1926892250776291,55.34601974487305,0.5255635380744934
8139,524,0.255859375,0.1865745186805725,56.129764556884766,0.5145886540412903
8140,516,0.251953125,0.19764035940170288,57.07862091064453,0.5022940635681152
8141,579,0.28271484375,0.18418067693710327,56.58332061767578,0.5087222456932068
8142,628,0.306640625,0.18371641635894775,57.064483642578125,0.5036802291870117
8143,585,0.28564453125,0.19991318881511688,55.946956634521484,0.5147965550422668
8144,646,0.3154296875,0.2082294523715973,56.92763900756836,0.5010496377944946
8145,605,0.29541015625,0.21817849576473236,56.2044563293457,0.5132963061332703
8146,681,0.33251953125,0.21506460011005402,55.64153289794922,0.5207202434539795
8147,648,0.31640625,0.22845974564552307,55.58750534057617,0.5189911127090454
8148,588,0.287109375,0.2553115487098694,56.434722900390625,0.5153965950012207
8149,580,0.283203125,0.22657419741153717,56.252994537353516,0.5131810307502747
8150,536,0.26171875,0.2261601984500885,55.78081130981445,0.5186259150505066
8151,598,0.2919921875,0.21567513048648834,55.494041442871094,0.519407331943512
8152,552,0.26953125,0.24151916801929474,56.886131286621094,0.5087202787399292
8153,466,0.2275390625,0.24546600878238678,57.80752182006836,0.4933720827102661
8154,466,0.2275390625,0.23661565780639648,56.95962905883789,0.5001957416534424
8155,510,0.2490234375,0.23764747381210327,55.55236053466797,0.5193765163421631
8156,487,0.23779296875,0.23302648961544037,55.978641510009766,0.5174527168273926
8157,454,0.2216796875,0.24544386565685272,55.510128021240234,0.5244742035865784
8158,424,0.20703125,0.2542988657951355,55.87973403930664,0.5194434523582458
8159,484,0.236328125,0.22925831377506256,55.615352630615234,0.5213859677314758
8160,367,0.17919921875,0.23774193227291107,58.0622444152832,0.49407604336738586
8161,401,0.19580078125,0.23725296556949615,58.140220642089844,0.4887380301952362
8162,374,0.1826171875,0.23227201402187347,57.34974670410156,0.5019891262054443
8163,401,0.19580078125,0.2585034966468811,57.3762092590332,0.49794280529022217
8164,438,0.2138671875,0.2757301330566406,57.199275970458984,0.504183292388916
8165,418,0.2041015625,0.2633848786354065,56.76923370361328,0.51058030128479
8166,433,0.21142578125,0.2636120319366455,56.844993591308594,0.510450541973114
8167,435,0.21240234375,0.2513918876647949,57.55916213989258,0.4971729516983032
8168,473,0.23095703125,0.23583948612213135,58.05204391479492,0.48890185356140137
8169,360,0.17578125,0.1976279616355896,57.10801696777344,0.506255030632019
8170,370,0.1806640625,0.18332085013389587,57.218074798583984,0.4992661476135254
8171,431,0.21044921875,0.20522746443748474,58.09907531738281,0.4915267825126648
8172,378,0.1845703125,0.19485868513584137,57.07258605957031,0.5036935210227966
8173,474,0.2314453125,0.18316435813903809,57.51531982421875,0.49666672945022583
8174,506,0.2470703125,0.1778544932603836,57.6529426574707,0.4961540102958679
8175,561,0.27392578125,0.19922685623168945,59.12334442138672,0.4773314297199249
8176,409,0.19970703125,0.17584607005119324,56.59492111206055,0.5067406892776489
8177,421,0.20556640625,0.17751970887184143,57.5869026184082,0.4944581687450409
8178,727,0.35498046875,0.18524087965488434,57.27349090576172,0.4987802505493164
8179,485,0.23681640625,0.17570453882217407,57.1137809753418,0.49936702847480774
8180,485,0.23681640625,0.16883932054042816,57.22600555419922,0.503408670425415
8181,383,0.18701171875,0.16886939108371735,56.7918586730957,0.5035619139671326
8182,407,0.19873046875,0.17271825671195984,57.26912307739258,0.49962204694747925
8183,368,0.1796875,0.19509373605251312,56.852500915527344,0.5074553489685059
8184,312,0.15234375,0.237365260720253,57.07246780395508,0.5026499629020691
8185,299,0.14599609375,0.26418885588645935,56.70914840698242,0.5052577257156372
8186,408,0.19921875,0.1990998089313507,57.080665588378906,0.5057313442230225
8187,427,0.20849609375,0.20003212988376617,57.26942443847656,0.5001261234283447
8188,338,0.1650390625,0.2366497665643692,57.13675308227539,0.5015620589256287
8189,284,0.138671875,0.2614896893501282,56.85923767089844,0.5052998661994934
8190,277,0.13525390625,0.2790852189064026,55.92674255371094,0.51775062084198
8191,308,0.150390625,0.24806858599185944,56.74951934814453,0.5078340172767639
8192,291,0.14208984375,0.25657206773757935,56.41519546508789,0.5116966962814331
8193,268,0.130859375,0.29213663935661316,55.6265869140625,0.5222345590591431
8194,284,0.138671875,0.2776864469051361,55.941070556640625,0.5164841413497925
8195,377,0.18408203125,0.2271033227443695,56.93861770629883,0.5092617869377136
8196,461,0.22509765625,0.2030772566795349,57.39200210571289,0.5015298128128052
8197,424,0.20703125,0.20509885251522064,57.052852630615234,0.5020027160644531
8198,423,0.20654296875,0.19312109053134918,57.353214263916016,0.49976465106010437
8199,332,0.162109375,0.24028794467449188,55.948543548583984,0.5202980637550354
8200,15,0.00732421875,0.6542792916297913,64.64290618896484,0.3998916745185852
8201,18,0.0087890625,0.6209180355072021,59.47681427001953,0.4546380639076233
8202,17,0.00830078125,0.6194380521774292,61.106056213378906,0.44906288385391235
8203,16,0.0078125,0.6083948016166687,62.85886001586914,0.41662925481796265
8204,18,0.0087890625,0.5999648571014404,57.13119888305664,0.5078585147857666
8205,16,0.0078125,0.6348614692687988,60.12051773071289,0.4782302975654602
8206,18,0.0087890625,0.5528052449226379,55.815834045410156,0.5306885242462158
8207,16,0.0078125,0.6043540835380554,68.87445068359375,0.34319671988487244
8208,17,0.00830078125,0.6022787690162659,65.24557495117188,0.4024510383605957
8209,16,0.0078125,0.5602462887763977,59.41510772705078,0.481790155172348
8210,17,0.00830078125,0.5639393925666809,68.63363647460938,0.3513299822807312
8211,18,0.0087890625,0.5838729739189148,67.71945190429688,0.35779184103012085
8212,19,0.00927734375,0.5973058938980103,59.23192596435547,0.4691774845123291
8213,19,0.00927734375,0.5602948665618896,59.88239669799805,0.4717531204223633
8214,21,0.01025390625,0.5832931399345398,58.37203598022461,0.4817864000797272
8215,23,0.01123046875,0.5372199416160583,54.98052215576172,0.535744845867157
8216,24,0.01171875,0.5396117568016052,56.49904251098633,0.5238093137741089
8217,23,0.01123046875,0.5460036396980286,63.00640106201172,0.42582815885543823
8218,21,0.01025390625,0.5754579305648804,55.352970123291016,0.5259861946105957
8219,16,0.0078125,0.5676764845848083,58.753273010253906,0.4796313941478729
8220,18,0.0087890625,0.5355278253555298,55.31896209716797,0.5340721607208252
8221,20,0.009765625,0.5518046617507935,65.04400634765625,0.4035049378871918
8222,23,0.01123046875,0.5596034526824951,63.751041412353516,0.4134219288825989
8223,28,0.013671875,0.5094204545021057,62.41672134399414,0.43655839562416077
8224,26,0.0126953125,0.4976631999015808,65.14674377441406,0.39872410893440247
8225,28,0.013671875,0.5499922633171082,58.55184555053711,0.49113398790359497
8226,33,0.01611328125,0.4671635627746582,57.73331832885742,0.5124501585960388
8227,26,0.0126953125,0.5175638794898987,61.98960876464844,0.4465191066265106
8228,29,0.01416015625,0.5013648271560669,58.108028411865234,0.5096697211265564
8229,25,0.01220703125,0.4472717046737671,60.808738708496094,0.4705767035484314
8230,25,0.01220703125,0.44306135177612305,62.74091339111328,0.44314345717430115
8231,26,0.0126953125,0.4766075015068054,65.17203521728516,0.3970200717449188
8232,26,0.0126953125,0.4908617436885834,58.90970993041992,0.4868135452270508
8233,27,0.01318359375,0.4793524742126465,61.84833908081055,0.452388197183609
8234,26,0.0126953125,0.4903774857521057,59.09880828857422,0.4961228370666504
8235,22,0.0107421875,0.5022806525230408,64.47074890136719,0.40991145372390747
8236,22,0.0107421875,0.5271655917167664,65.7409896850586,0.39135321974754333
8237,22,0.0107421875,0.505609929561615,66.77046203613281,0.3827683627605438
8238,19,0.00927734375,0.5350719094276428,63.84929275512695,0.42379996180534363
8239,20,0.009765625,0.544615626335144,59.310813903808594,0.4904404282569885
8240,54,0.0263671875,0.4881165027618408,58.33060836791992,0.49276795983314514
8241,47,0.02294921875,0.45953449606895447,61.14625549316406,0.45312294363975525
8242,48,0.0234375,0.5007787346839905,60.709476470947266,0.4529694616794586
8243,48,0.0234375,0.4552273452281952,62.84774398803711,0.43087688088417053
8244,47,0.02294921875,0.44713476300239563,59.9562873840332,0.4599328935146332
8245,55,0.02685546875,0.5169206857681274,57.68157958984375,0.5005892515182495
8246,54,0.0263671875,0.485561728477478,60.371246337890625,0.46067583560943604
8247,53,0.02587890625,0.49603337049484253,58.47929000854492,0.48590394854545593
8248,53,0.02587890625,0.5258918404579163,58.274539947509766,0.4860094487667084
8249,51,0.02490234375,0.5726125836372375,58.94294357299805,0.47001975774765015
8250,50,0.0244140625,0.5054479241371155,60.393436431884766,0.44867199659347534
8251,51,0.02490234375,0.5399583578109741,59.15382766723633,0.4646138548851013
8252,55,0.02685546875,0.5423794984817505,55.720340728759766,0.5226197242736816
8253,58,0.0283203125,0.5211724042892456,55.994564056396484,0.5210098624229431
8254,56,0.02734375,0.5187889337539673,53.950889587402344,0.5495315194129944
8255,55,0.02685546875,0.5105956196784973,57.556114196777344,0.499043345451355
8256,57,0.02783203125,0.5247746109962463,57.26909255981445,0.4997536242008209
8257,52,0.025390625,0.5266639590263367,56.69313049316406,0.5050199627876282
8258,52,0.025390625,0.5554159879684448,56.31288528442383,0.5075051784515381
8259,52,0.025390625,0.5541344881057739,57.93149185180664,0.4939998984336853
8260,54,0.0263671875,0.5583562254905701,57.22111511230469,0.5033142566680908
8261,54,0.0263671875,0.5278868079185486,57.43065643310547,0.5023918747901917
8262,58,0.0283203125,0.535148024559021,57.817386627197266,0.49776431918144226
8263,58,0.0283203125,0.5234442353248596,56.574859619140625,0.5167704224586487
8264,54,0.0263671875,0.61045902967453,58.83513259887695,0.4769414961338043
8265,47,0.02294921875,0.5709545016288757,57.20210266113281,0.5029798746109009
8266,46,0.0224609375,0.578334391117096,55.216392517089844,0.5357693433761597
8267,52,0.025390625,0.5821855664253235,55.452125549316406,0.5322077870368958
8268,47,0.02294921875,0.569180965423584,56.0048713684082,0.5196133255958557
8269,49,0.02392578125,0.5928869843482971,57.979164123535156,0.4927491247653961
8270,45,0.02197265625,0.6279187202453613,56.21297073364258,0.5098854303359985
8271,45,0.02197265625,0.5999364852905273,54.290836334228516,0.5419505834579468
8272,49,0.02392578125,0.5451791882514954,58.11995315551758,0.4895594120025635
8273,57,0.02783203125,0.5418190360069275,56.66461181640625,0.5185533761978149
8274,56,0.02734375,0.5290440320968628,53.38882064819336,0.5586643815040588
8275,55,0.02685546875,0.5491070747375488,54.7743034362793,0.5415257215499878
8276,52,0.025390625,0.5718228220939636,53.41292953491211,0.553394615650177
8277,49,0.02392578125,0.5650825500488281,59.525638580322266,0.4701813757419586
8278,52,0.025390625,0.549628734588623,57.680076599121094,0.48813849687576294
8279,54,0.0263671875,0.5438854098320007,56.58711242675781,0.5129940509796143
8280,435,0.21240234375,0.32018616795539856,57.552791595458984,0.4921525716781616
8281,445,0.21728515625,0.301938533782959,57.11876678466797,0.4985969364643097
8282,439,0.21435546875,0.2859632670879364,57.872222900390625,0.4907566010951996
8283,484,0.236328125,0.25672492384910583,57.89362716674805,0.4913322329521179
8284,520,0.25390625,0.2441740334033966,56.55538558959961,0.5094963908195496
8285,521,0.25439453125,0.22235660254955292,56.41275405883789,0.5110030770301819
8286,515,0.25146484375,0.22533272206783295,56.79191970825195,0.5050198435783386
8287,521,0.25439453125,0.22173188626766205,56.82329559326172,0.5055253505706787
8288,508,0.248046875,0.22055861353874207,56.836483001708984,0.5047610998153687
8289,511,0.24951171875,0.219771146774292,57.011436462402344,0.505453884601593
8290,511,0.24951171875,0.22081215679645538,56.91964340209961,0.507319986820221
8291,511,0.24951171875,0.2216109186410904,56.110286712646484,0.5171844363212585
8292,511,0.24951171875,0.222676619887352,56.17144012451172,0.5156583786010742
8293,509,0.24853515625,0.2209022045135498,56.03534698486328,0.5176571011543274
8294,512,0.25,0.22482091188430786,56.22196578979492,0.5160254836082458
8295,512,0.25,0.22678174078464508,56.332069396972656,0.5145426392555237
8296,512,0.25,0.2262527495622635,56.176021575927734,0.5168758034706116
8297,523,0.25537109375,0.22742396593093872,56.637054443359375,0.5102661848068237
8298,536,0.26171875,0.23062822222709656,56.5359992980957,0.5128909349441528
8299,498,0.2431640625,0.25337567925453186,56.68693923950195,0.5097168684005737
8300,493,0.24072265625,0.2540140450000763,56.70700454711914,0.5087864398956299
8301,526,0.2568359375,0.24476835131645203,56.902339935302734,0.5058614015579224
8302,515,0.25146484375,0.27200207114219666,56.79957580566406,0.5048874020576477
8303,539,0.26318359375,0.2611454725265503,56.61848449707031,0.5064588189125061
8304,543,0.26513671875,0.28270524740219116,56.43834686279297,0.5107536315917969
8305,570,0.2783203125,0.28105664253234863,56.045188903808594,0.5143638849258423
8306,562,0.2744140625,0.3307058811187744,56.57357406616211,0.5082764029502869
8307,545,0.26611328125,0.33461472392082214,56.58124542236328,0.5080957412719727
8308,566,0.2763671875,0.33891043066978455,57.129638671875,0.4998854100704193
8309,618,0.3017578125,0.38392528891563416,57.508262634277344,0.49647897481918335
8310,635,0.31005859375,0.3507494628429413,57.692874908447266,0.4934445917606354
8311,599,0.29248046875,0.2914666533470154,56.6998176574707,0.5076220035552979
8312,611,0.29833984375,0.260453462600708,57.33341979980469,0.49783918261528015
8313,604,0.294921875,0.25687479972839355,56.88407897949219,0.5059927701950073
8314,593,0.28955078125,0.25129541754722595,56.98688507080078,0.5038840174674988
8315,587,0.28662109375,0.2496008574962616,56.6392822265625,0.5077062249183655
8316,617,0.30126953125,0.2719549238681793,56.91331481933594,0.5029712319374084
8317,674,0.3291015625,0.2942093312740326,57.208595275878906,0.5004124045372009
8318,638,0.3115234375,0.3206575810909271,56.11476135253906,0.5157840251922607
8319,662,0.3232421875,0.3329946994781494,56.379695892333984,0.5113473534584045
8320,205,0.10009765625,0.2039927840232849,58.377418518066406,0.4868583083152771
8321,197,0.09619140625,0.19936297833919525,56.94276809692383,0.50288325548172
8322,197,0.09619140625,0.20222188532352448,56.537567138671875,0.5065960884094238
8323,201,0.09814453125,0.20925705134868622,56.45354461669922,0.512162446975708
8324,274,0.1337890625,0.14553005993366241,56.522438049316406,0.5100013613700867
8325,294,0.1435546875,0.1366119682788849,56.38248825073242,0.5141578912734985
8326,278,0.1357421875,0.14122559130191803,56.505184173583984,0.5128117799758911
8327,342,0.1669921875,0.13251790404319763,55.66963577270508,0.5218676924705505
8328,379,0.18505859375,0.13738684356212616,55.29734802246094,0.5264479517936707
8329,320,0.15625,0.12465919554233551,56.1382942199707,0.5187175869941711
8330,514,0.2509765625,0.12452512979507446,57.0018196105957,0.5041821599006653
8331,622,0.3037109375,0.14004206657409668,56.52687454223633,0.5072091817855835
8332,479,0.23388671875,0.12896628677845,57.77817916870117,0.4941020607948303
8333,519,0.25341796875,0.12645313143730164,57.454429626464844,0.4961487948894501
8334,684,0.333984375,0.14852379262447357,56.95221710205078,0.5025686025619507
8335,549,0.26806640625,0.12904036045074463,57.227195739746094,0.49631789326667786
8336,613,0.29931640625,0.14484111964702606,56.647979736328125,0.5054104924201965
8337,688,0.3359375,0.14671196043491364,56.4162712097168,0.509742259979248
8338,918,0.4482421875,0.18041624128818512,56.19830322265625,0.5139654278755188
8339,647,0.31591796875,0.14097903668880463,56.83222961425781,0.5040647387504578
8340,686,0.3349609375,0.14222797751426697,56.74113464355469,0.505276620388031
8341,634,0.3095703125,0.14133624732494354,57.14757537841797,0.4991292357444763
8342,639,0.31201171875,0.14649659395217896,57.16796112060547,0.5006598234176636
8343,501,0.24462890625,0.13675664365291595,56.38474655151367,0.5123295783996582
8344,441,0.21533203125,0.1255907118320465,57.33261489868164,0.4971470832824707
8345,438,0.2138671875,0.13670341670513153,57.50871658325195,0.49453359842300415
8346,344,0.16796875,0.14600971341133118,56.91960525512695,0.505353569984436
8347,352,0.171875,0.16123080253601074,56.369564056396484,0.509259819984436
8348,337,0.16455078125,0.1441182941198349,56.947200775146484,0.5071651339530945
8349,252,0.123046875,0.2036554217338562,57.71809387207031,0.4919865131378174
8350,282,0.1376953125,0.17287999391555786,57.91779708862305,0.48996278643608093
8351,367,0.17919921875,0.15237024426460266,55.11507034301758,0.5278433561325073
8352,378,0.1845703125,0.1462586224079132,55.099021911621094,0.5294086933135986
8353,473,0.23095703125,0.14300833642482758,56.93247985839844,0.5006930232048035
8354,664,0.32421875,0.19093520939350128,57.92393493652344,0.49239084124565125
8355,601,0.29345703125,0.17612645030021667,57.736122131347656,0.4938621520996094
8356,543,0.26513671875,0.15682005882263184,56.66014099121094,0.5080760717391968
8357,429,0.20947265625,0.128911092877388,56.80298614501953,0.5032160878181458
8358,599,0.29248046875,0.17446564137935638,57.57752990722656,0.49737074971199036
8359,545,0.26611328125,0.1537000983953476,57.66350555419922,0.49353423714637756
8360,96,0.046875,0.1986657679080963,60.47105407714844,0.45559754967689514
8361,101,0.04931640625,0.19666993618011475,58.279991149902344,0.489696204662323
8362,106,0.0517578125,0.18839648365974426,57.089778900146484,0.5006577372550964
8363,106,0.0517578125,0.17571532726287842,57.38037109375,0.4981507956981659
8364,104,0.05078125,0.15764980018138885,58.52455520629883,0.4847068190574646
8365,99,0.04833984375,0.14480940997600555,57.9534797668457,0.4954882562160492
8366,96,0.046875,0.1447049081325531,56.99149703979492,0.5079476833343506
8367,102,0.0498046875,0.167522132396698,57.02547073364258,0.5053304433822632
8368,105,0.05126953125,0.19253826141357422,58.22004699707031,0.4843476116657257
8369,98,0.0478515625,0.18101273477077484,57.95480728149414,0.49538904428482056
8370,95,0.04638671875,0.19042198359966278,58.43954086303711,0.48673608899116516
8371,93,0.04541015625,0.18778866529464722,58.66096115112305,0.48030534386634827
8372,87,0.04248046875,0.22683405876159668,57.4232292175293,0.4946037828922272
8373,85,0.04150390625,0.22424766421318054,58.50725555419922,0.47696125507354736
8374,80,0.0390625,0.22026921808719635,57.937232971191406,0.4836897850036621
8375,82,0.0400390625,0.20667171478271484,58.42261505126953,0.48037290573120117
8376,87,0.04248046875,0.19445393979549408,59.34001922607422,0.4678768217563629
8377,87,0.04248046875,0.21481603384017944,58.40982437133789,0.47923314571380615
8378,88,0.04296875,0.22677084803581238,60.039390563964844,0.4609210193157196
8379,85,0.04150390625,0.20524798333644867,58.48752212524414,0.48374098539352417
8380,90,0.0439453125,0.15826816856861115,59.34116744995117,0.47079604864120483
8381,89,0.04345703125,0.15236546099185944,57.83742904663086,0.4924367070198059
8382,90,0.0439453125,0.15869754552841187,58.291194915771484,0.4852747917175293
8383,89,0.04345703125,0.15220385789871216,59.548187255859375,0.4709659814834595
8384,92,0.044921875,0.14885786175727844,59.47233963012695,0.473387748003006
8385,96,0.046875,0.14333872497081757,57.907470703125,0.4920869767665863
8386,102,0.0498046875,0.13219615817070007,60.1849479675293,0.46626579761505127
8387,102,0.0498046875,0.13130837678909302,60.101715087890625,0.46651095151901245
8388,100,0.048828125,0.12299788743257523,56.454010009765625,0.5180851817131042
8389,115,0.05615234375,0.14709855616092682,58.27397155761719,0.4857461750507355
8390,129,0.06298828125,0.19832831621170044,56.27719497680664,0.5213678479194641
8391,138,0.0673828125,0.23870933055877686,55.45428466796875,0.5172074437141418
8392,144,0.0703125,0.2596161365509033,56.28525924682617,0.5097652077674866
8393,146,0.0712890625,0.20580242574214935,56.02105712890625,0.514717161655426
8394,129,0.06298828125,0.2045685350894928,55.665626525878906,0.5272648334503174
8395,120,0.05859375,0.1770525574684143,57.733642578125,0.49760702252388
8396,114,0.0556640625,0.15703554451465607,59.341312408447266,0.46574831008911133
8397,108,0.052734375,0.15891142189502716,59.303688049316406,0.46095511317253113
8398,108,0.052734375,0.1321939378976822,57.78126525878906,0.4937809705734253
8399,103,0.05029296875,0.1302405744791031,55.87354278564453,0.5228639841079712
8400,24,0.01171875,0.4414985477924347,59.04145812988281,0.48275279998779297
8401,32,0.015625,0.4560146629810333,57.72209930419922,0.49777400493621826
8402,28,0.013671875,0.42095687985420227,57.961727142333984,0.49379268288612366
8403,25,0.01220703125,0.4802590310573578,57.04802703857422,0.4975006580352783
8404,22,0.0107421875,0.5348018407821655,64.4861831665039,0.4004412591457367
8405,18,0.0087890625,0.6248704195022583,61.78057861328125,0.4450191259384155
8406,18,0.0087890625,0.679315447807312,61.06870651245117,0.45651066303253174
8407,22,0.0107421875,0.6321703791618347,58.98872375488281,0.48401597142219543
8408,19,0.00927734375,0.6221070885658264,54.58134460449219,0.528785765171051
8409,19,0.00927734375,0.6476244926452637,58.714149475097656,0.4806077480316162
8410,18,0.0087890625,0.6592862606048584,64.22638702392578,0.40507030487060547
8411,15,0.00732421875,0.6604360342025757,67.07267761230469,0.35889095067977905
8412,19,0.00927734375,0.6466229557991028,60.77173614501953,0.45856380462646484
8413,21,0.01025390625,0.6698797941207886,62.38673782348633,0.42479652166366577
8414,17,0.00830078125,0.6384699940681458,61.92369842529297,0.4367280602455139
8415,22,0.0107421875,0.6210243701934814,62.083316802978516,0.4267316162586212
8416,21,0.01025390625,0.6323880553245544,62.78645324707031,0.41995081305503845
8417,20,0.009765625,0.6375306248664856,60.05985641479492,0.4509804844856262
8418,18,0.0087890625,0.6563042402267456,61.17588424682617,0.44207438826560974
8419,24,0.01171875,0.5940533876419067,60.53312301635742,0.4604252874851227
8420,20,0.009765625,0.6713041067123413,61.481605529785156,0.4370616376399994
8421,16,0.0078125,0.6499000787734985,58.70654296875,0.4805198609828949
8422,17,0.00830078125,0.6324305534362793,65.9009017944336,0.3780343532562256
8423,17,0.00830078125,0.6674714088439941,59.09912872314453,0.4687766134738922
8424,21,0.01025390625,0.6486063003540039,60.91106414794922,0.44993945956230164
8425,19,0.00927734375,0.6230459213256836,54.76218795776367,0.5356662273406982
8426,22,0.0107421875,0.6197894215583801,64.18885803222656,0.3989992141723633
8427,21,0.01025390625,0.6309502720832825,62.27415084838867,0.42727476358413696
8428,23,0.01123046875,0.5826172232627869,64.45756530761719,0.4021450877189636
8429,23,0.01123046875,0.5623204708099365,57.91853713989258,0.49941685795783997
8430,18,0.0087890625,0.6107085943222046,59.85480499267578,0.47636303305625916
8431,23,0.01123046875,0.59697026014328,59.465946197509766,0.46377936005592346
8432,25,0.01220703125,0.5497562289237976,63.46904373168945,0.41731807589530945
8433,33,0.01611328125,0.5150796175003052,60.164825439453125,0.45337146520614624
8434,33,0.01611328125,0.4975888431072235,60.586158752441406,0.4548921585083008
8435,31,0.01513671875,0.5102715492248535,61.46476745605469,0.4325485825538635
8436,37,0.01806640625,0.4675217568874359,57.47688674926758,0.49733254313468933
8437,38,0.0185546875,0.413281112909317,58.6027717590332,0.487836629152298
8438,34,0.0166015625,0.42510443925857544,61.140968322753906,0.4500683844089508
8439,32,0.015625,0.3911208510398865,59.58316421508789,0.479436993598938
8440,684,0.333984375,0.22157970070838928,57.98313522338867,0.49325820803642273
8441,671,0.32763671875,0.21726363897323608,58.038997650146484,0.4923868775367737
8442,685,0.33447265625,0.22334927320480347,57.56708908081055,0.4989815652370453
8443,693,0.33837890625,0.2188841998577118,57.56516647338867,0.4995100498199463
8444,666,0.3251953125,0.21761909127235413,57.65856170654297,0.49700090289115906
8445,665,0.32470703125,0.2158171683549881,57.60231399536133,0.4978167414665222
8446,684,0.333984375,0.22689956426620483,57.455562591552734,0.500920832157135
8447,657,0.32080078125,0.22219878435134888,57.91890335083008,0.49317875504493713
8448,612,0.298828125,0.21867267787456512,57.8321647644043,0.49529600143432617
8449,639,0.31201171875,0.21702983975410461,57.759849548339844,0.49591201543807983
8450,603,0.29443359375,0.21641933917999268,57.931156158447266,0.49417948722839355
8451,598,0.2919921875,0.21365056931972504,58.31695556640625,0.48959314823150635
8452,596,0.291015625,0.21604511141777039,58.259674072265625,0.48989617824554443
8453,593,0.28955078125,0.21550814807415009,58.14784622192383,0.4913027882575989
8454,593,0.28955078125,0.20920038223266602,58.101234436035156,0.49160099029541016
8455,598,0.2919921875,0.2138577699661255,58.20225524902344,0.49110785126686096
8456,614,0.2998046875,0.20922070741653442,58.23140335083008,0.4903208613395691
8457,598,0.2919921875,0.20398375391960144,58.175167083740234,0.4910242557525635
8458,593,0.28955078125,0.2022642195224762,57.85158920288086,0.4952270984649658
8459,617,0.30126953125,0.2054172158241272,57.987022399902344,0.4927482008934021
8460,664,0.32421875,0.20685158669948578,57.51249694824219,0.5002490878105164
8461,617,0.30126953125,0.21166913211345673,57.85772705078125,0.49389538168907166
8462,607,0.29638671875,0.21773761510849,57.85385513305664,0.4939459562301636
8463,629,0.30712890625,0.21729373931884766,57.810787200927734,0.4934313893318176
8464,641,0.31298828125,0.22494646906852722,57.717288970947266,0.4960222840309143
8465,632,0.30859375,0.2134905755519867,58.114200592041016,0.49019932746887207
8466,656,0.3203125,0.2214852124452591,57.747886657714844,0.4966169595718384
8467,620,0.302734375,0.22545796632766724,57.95092010498047,0.4928619861602783
8468,603,0.29443359375,0.22265562415122986,57.80957794189453,0.4952426552772522
8469,604,0.294921875,0.22081050276756287,57.694278717041016,0.49637943506240845
8470,621,0.30322265625,0.21839599311351776,57.945091247558594,0.49171721935272217
8471,603,0.29443359375,0.21144026517868042,57.9732780456543,0.4929681420326233
8472,609,0.29736328125,0.20211628079414368,58.07269287109375,0.4909747242927551
8473,607,0.29638671875,0.20932847261428833,58.182403564453125,0.4894370436668396
8474,599,0.29248046875,0.20785105228424072,58.14945602416992,0.4902885854244232
8475,603,0.29443359375,0.20299820601940155,58.285823822021484,0.4888160824775696
8476,626,0.3056640625,0.20758970081806183,58.10654830932617,0.4898892641067505
8477,648,0.31640625,0.20726318657398224,57.871925354003906,0.49279922246932983
8478,646,0.3154296875,0.20402629673480988,57.873802185058594,0.49293777346611023
8479,644,0.314453125,0.2036101222038269,57.77188491821289,0.49438610672950745
8480,66,0.0322265625,0.4580713212490082,57.77081298828125,0.48642921447753906
8481,66,0.0322265625,0.4482308626174927,57.74159622192383,0.48440882563591003
8482,67,0.03271484375,0.47719714045524597,57.82318878173828,0.4831751883029938
8483,65,0.03173828125,0.4745936393737793,58.02539825439453,0.477545827627182
8484,59,0.02880859375,0.4804592728614807,55.79738998413086,0.5097859501838684
8485,60,0.029296875,0.49863147735595703,58.804786682128906,0.48260176181793213
8486,52,0.025390625,0.49584177136421204,59.77392578125,0.47197163105010986
8487,58,0.0283203125,0.5093716382980347,59.09772872924805,0.47630077600479126
8488,57,0.02783203125,0.5031968355178833,60.10725021362305,0.47303593158721924
8489,55,0.02685546875,0.49361392855644226,56.66110610961914,0.5122113227844238
8490,54,0.0263671875,0.48820045590400696,58.878387451171875,0.4905981123447418
8491,57,0.02783203125,0.45865398645401,59.01033020019531,0.4858091175556183
8492,56,0.02734375,0.436145544052124,54.67795181274414,0.5388580560684204
8493,57,0.02783203125,0.44764548540115356,55.58354187011719,0.5245929956436157
8494,54,0.0263671875,0.480293333530426,57.564598083496094,0.5064230561256409
8495,54,0.0263671875,0.450248122215271,53.77663803100586,0.5526678562164307
8496,49,0.02392578125,0.42914822697639465,52.585079193115234,0.5528993606567383
8497,49,0.02392578125,0.4385274648666382,53.62372589111328,0.552190363407135
8498,48,0.0234375,0.43340957164764404,53.01187515258789,0.548512876033783
8499,50,0.0244140625,0.43732762336730957,50.9680061340332,0.5758339166641235
8500,51,0.02490234375,0.44554367661476135,52.605247497558594,0.5593385100364685
8501,50,0.0244140625,0.42421460151672363,52.36052322387695,0.5645362138748169
8502,53,0.02587890625,0.4243238568305969,51.693477630615234,0.5790024399757385
8503,58,0.0283203125,0.4165444076061249,53.22342300415039,0.5606251955032349
8504,54,0.0263671875,0.40820398926734924,54.50678634643555,0.546716570854187
8505,56,0.02734375,0.4110831916332245,51.760719299316406,0.5834738612174988
8506,56,0.02734375,0.42431896924972534,52.88119888305664,0.5661734342575073
8507,57,0.02783203125,0.41680049896240234,53.09602737426758,0.5672827363014221
8508,56,0.02734375,0.42543599009513855,53.70961380004883,0.5568260550498962
8509,56,0.02734375,0.3841319978237152,56.187801361083984,0.5189255475997925
8510,58,0.0283203125,0.38017380237579346,54.960514068603516,0.5327942967414856
8511,57,0.02783203125,0.3754235506057739,51.31271743774414,0.5858879089355469
8512,61,0.02978515625,0.3729432225227356,55.58572006225586,0.5273340344429016
8513,61,0.02978515625,0.3587294816970825,55.28269958496094,0.5331417918205261
8514,64,0.03125,0.3502570390701294,55.31837463378906,0.530738353729248
8515,64,0.03125,0.338532954454422,55.55641555786133,0.5228621959686279
8516,62,0.0302734375,0.37086179852485657,55.963287353515625,0.5239219665527344
8517,65,0.03173828125,0.3785395324230194,55.085205078125,0.5273212790489197
8518,59,0.02880859375,0.3674583435058594,54.15407943725586,0.54464191198349
8519,60,0.029296875,0.37739649415016174,52.87293243408203,0.5659223198890686
8520,62,0.0302734375,0.432852566242218,57.29187774658203,0.5018676519393921
8521,64,0.03125,0.4178939163684845,57.938453674316406,0.4885527789592743
8522,62,0.0302734375,0.41613951325416565,58.993492126464844,0.47479447722435
8523,55,0.02685546875,0.42050108313560486,54.66850280761719,0.5370665192604065
8524,53,0.02587890625,0.43227866291999817,54.815162658691406,0.528932511806488
8525,53,0.02587890625,0.4402535855770111,57.132991790771484,0.4998193681240082
8526,50,0.0244140625,0.4674966633319855,55.68288040161133,0.528961181640625
8527,53,0.02587890625,0.45264744758605957,57.507843017578125,0.5025783777236938
8528,49,0.02392578125,0.4837231934070587,52.91850662231445,0.5527679324150085
8529,48,0.0234375,0.48368197679519653,56.06150436401367,0.5176471471786499
8530,47,0.02294921875,0.5550963282585144,53.18621063232422,0.5582536458969116
8531,45,0.02197265625,0.5655217170715332,53.026973724365234,0.552645206451416
8532,44,0.021484375,0.5845844149589539,49.49397277832031,0.600162148475647
8533,45,0.02197265625,0.5831218361854553,50.17352294921875,0.5865156650543213
8534,45,0.02197265625,0.5861324071884155,59.31425857543945,0.4817192852497101
8535,46,0.0224609375,0.5552016496658325,55.70559310913086,0.5266621112823486
8536,49,0.02392578125,0.5605912804603577,57.14877700805664,0.49576738476753235
8537,47,0.02294921875,0.5418000817298889,55.64828872680664,0.5234988331794739
8538,46,0.0224609375,0.5685067772865295,57.72215270996094,0.4988812208175659
8539,44,0.021484375,0.5784573554992676,57.236576080322266,0.49791109561920166
8540,49,0.02392578125,0.5554111003875732,55.236366271972656,0.5248274803161621
8541,45,0.02197265625,0.5857641696929932,56.790809631347656,0.5055140852928162
8542,40,0.01953125,0.5635994672775269,57.150474548339844,0.4984513223171234
8543,46,0.0224609375,0.5478975176811218,53.54752731323242,0.552065908908844
8544,47,0.02294921875,0.5270644426345825,52.47108840942383,0.5590094327926636
8545,44,0.021484375,0.5419498682022095,54.419681549072266,0.5377172231674194
8546,48,0.0234375,0.48109760880470276,52.617977142333984,0.566216766834259
8547,47,0.02294921875,0.4400976002216339,54.781375885009766,0.5389757752418518
8548,47,0.02294921875,0.4750780165195465,53.77825164794922,0.5537401437759399
8549,50,0.0244140625,0.4433635473251343,53.75835037231445,0.5556758642196655
8550,54,0.0263671875,0.39026978611946106,54.173484802246094,0.5346079468727112
8551,51,0.02490234375,0.41434770822525024,53.473201751708984,0.5458241105079651
8552,56,0.02734375,0.38451531529426575,56.262657165527344,0.5062767267227173
8553,53,0.02587890625,0.4319216012954712,53.611907958984375,0.5419507026672363
8554,53,0.02587890625,0.476753830909729,57.16954040527344,0.4952695369720459
8555,50,0.0244140625,0.5196579098701477,58.77744674682617,0.48968082666397095
8556,53,0.02587890625,0.5221716165542603,52.503509521484375,0.5587504506111145
8557,54,0.0263671875,0.512408435344696,56.35130310058594,0.5016523003578186
8558,54,0.0263671875,0.5245276689529419,55.76362228393555,0.5240153670310974
8559,55,0.02685546875,0.5430306196212769,55.5250129699707,0.5288929343223572
8560,110,0.0537109375,0.2315250188112259,57.247318267822266,0.5027598738670349
8561,120,0.05859375,0.2413654774427414,57.209327697753906,0.5013424158096313
8562,104,0.05078125,0.21777649223804474,55.95089340209961,0.5227753520011902
8563,115,0.05615234375,0.24092958867549896,56.69845199584961,0.5120481848716736
8564,116,0.056640625,0.24585716426372528,57.98597717285156,0.489601194858551
8565,110,0.0537109375,0.25953298807144165,56.69979476928711,0.5101085901260376
8566,114,0.0556640625,0.25009745359420776,57.003082275390625,0.50505131483078
8567,101,0.04931640625,0.29626351594924927,54.864479064941406,0.5399541258811951
8568,109,0.05322265625,0.25984087586402893,55.95094680786133,0.5172025561332703
8569,122,0.0595703125,0.2417590171098709,59.01298522949219,0.4753018915653229
8570,122,0.0595703125,0.2501410245895386,58.61699676513672,0.48150041699409485
8571,122,0.0595703125,0.24456772208213806,59.39592742919922,0.47237130999565125
8572,132,0.064453125,0.2489331066608429,58.473079681396484,0.48361101746559143
8573,141,0.06884765625,0.24965649843215942,58.50328826904297,0.4776754081249237
8574,140,0.068359375,0.24037106335163116,56.44013595581055,0.5109828114509583
8575,118,0.0576171875,0.23202967643737793,56.7357063293457,0.5099655389785767
8576,110,0.0537109375,0.2356502115726471,56.77953338623047,0.5114835500717163
8577,116,0.056640625,0.22813302278518677,56.26594924926758,0.5152893662452698
8578,101,0.04931640625,0.22346700727939606,57.246639251708984,0.5033653378486633
8579,93,0.04541015625,0.2521958351135254,56.13688659667969,0.5162328481674194
8580,85,0.04150390625,0.27947866916656494,57.661346435546875,0.49878108501434326
8581,77,0.03759765625,0.29621461033821106,59.51439666748047,0.4653531312942505
8582,65,0.03173828125,0.282711386680603,58.626033782958984,0.4750118851661682
8583,68,0.033203125,0.2747703194618225,59.41330337524414,0.47095921635627747
8584,66,0.0322265625,0.29641297459602356,57.322547912597656,0.49437233805656433
8585,71,0.03466796875,0.2937452495098114,57.18717575073242,0.4973219335079193
8586,67,0.03271484375,0.29201915860176086,59.82930374145508,0.4670258164405823
8587,67,0.03271484375,0.312224805355072,57.31353759765625,0.49790868163108826
8588,66,0.0322265625,0.3365243673324585,57.33527374267578,0.49810028076171875
8589,63,0.03076171875,0.3143104612827301,57.38720703125,0.4995015561580658
8590,68,0.033203125,0.3747254014015198,56.21749496459961,0.5181442499160767
8591,68,0.033203125,0.3913320302963257,57.0090217590332,0.5032877922058105
8592,72,0.03515625,0.37794753909111023,58.31172180175781,0.48645448684692383
8593,72,0.03515625,0.3954946994781494,60.51411819458008,0.4584566652774811
8594,68,0.033203125,0.3910089135169983,63.188751220703125,0.42302921414375305
8595,67,0.03271484375,0.38471686840057373,58.863059997558594,0.484405517578125
8596,65,0.03173828125,0.3868432343006134,60.727317810058594,0.45158809423446655
8597,59,0.02880859375,0.3745371103286743,60.355194091796875,0.4601241946220398
8598,61,0.02978515625,0.3678452968597412,61.470741271972656,0.4436151385307312
8599,64,0.03125,0.3759286105632782,64.3427505493164,0.4077642858028412
8600,569,0.27783203125,0.25695890188217163,56.828521728515625,0.5040863752365112
8601,548,0.267578125,0.27687838673591614,56.577239990234375,0.5079537630081177
8602,560,0.2734375,0.2702118754386902,56.863529205322266,0.5023032426834106
8603,562,0.2744140625,0.27823683619499207,56.280818939208984,0.5116593241691589
8604,531,0.25927734375,0.283978670835495,56.17694091796875,0.5119067430496216
8605,518,0.2529296875,0.28275325894355774,57.88641357421875,0.490450918674469
8606,534,0.2607421875,0.2809698283672333,57.38359069824219,0.5014037489891052
8607,543,0.26513671875,0.2852044701576233,58.296600341796875,0.48810866475105286
8608,547,0.26708984375,0.2830483019351959,57.45317840576172,0.5003112554550171
8609,435,0.21240234375,0.3032795488834381,56.68479537963867,0.5101546049118042
8610,434,0.2119140625,0.3118436336517334,56.60243606567383,0.5095573663711548
8611,516,0.251953125,0.2909926474094391,57.24729919433594,0.5014083981513977
8612,531,0.25927734375,0.2778055667877197,57.48759841918945,0.4970712959766388
8613,456,0.22265625,0.3144542872905731,57.50345993041992,0.4988594651222229
8614,457,0.22314453125,0.3308793902397156,57.33725357055664,0.5000203847885132
8615,404,0.197265625,0.33973366022109985,56.111473083496094,0.5180633068084717
8616,363,0.17724609375,0.3411324620246887,56.55299758911133,0.5097722411155701
8617,329,0.16064453125,0.34467169642448425,56.643070220947266,0.5060401558876038
8618,392,0.19140625,0.3336506485939026,56.77732849121094,0.5074496865272522
8619,632,0.30859375,0.2617662250995636,57.78483963012695,0.4884462356567383
8620,754,0.3681640625,0.24293425679206848,58.56583786010742,0.4818271994590759
8621,691,0.33740234375,0.2513520121574402,58.62886047363281,0.48024120926856995
8622,600,0.29296875,0.26231545209884644,56.997013092041016,0.5030591487884521
8623,574,0.2802734375,0.2710166573524475,57.81812286376953,0.4908943772315979
8624,610,0.2978515625,0.25561222434043884,56.900901794433594,0.502758264541626
8625,593,0.28955078125,0.26252084970474243,57.78266143798828,0.4912136197090149
8626,672,0.328125,0.2423507571220398,56.1081428527832,0.5150774121284485
8627,599,0.29248046875,0.2509947121143341,56.6275634765625,0.5072066187858582
8628,598,0.2919921875,0.2494688779115677,56.8129768371582,0.5053345561027527
8629,692,0.337890625,0.2378198653459549,56.43535614013672,0.5106713771820068
8630,564,0.275390625,0.2625542879104614,57.16352081298828,0.5016595125198364
8631,548,0.267578125,0.26979339122772217,57.35531234741211,0.49764367938041687
8632,596,0.291015625,0.2754991352558136,57.7596549987793,0.49181899428367615
8633,599,0.29248046875,0.2698928117752075,56.75325393676758,0.5073015689849854
8634,563,0.27490234375,0.2717536687850952,57.45780944824219,0.49755290150642395
8635,560,0.2734375,0.2691526710987091,57.80225372314453,0.4907224476337433
8636,571,0.27880859375,0.2632977366447449,57.42106628417969,0.4958764314651489
8637,565,0.27587890625,0.26058170199394226,57.21060562133789,0.5031085014343262
8638,524,0.255859375,0.27798303961753845,57.5007209777832,0.4966876804828644
8639,507,0.24755859375,0.2844960391521454,58.11304473876953,0.4907253086566925
8640,165,0.08056640625,0.47331294417381287,54.89402389526367,0.5329866409301758
8641,159,0.07763671875,0.4652819335460663,53.573333740234375,0.5528202652931213
8642,162,0.0791015625,0.4601137042045593,54.32674026489258,0.5425358414649963
8643,163,0.07958984375,0.4723782241344452,54.533042907714844,0.5363766551017761
8644,164,0.080078125,0.46898964047431946,54.34367752075195,0.5428564548492432
8645,163,0.07958984375,0.46670249104499817,54.57754898071289,0.5370944142341614
8646,157,0.07666015625,0.47584420442581177,54.670955657958984,0.534853458404541
8647,161,0.07861328125,0.46242403984069824,54.22874450683594,0.5408992767333984
8648,168,0.08203125,0.4754526913166046,55.108089447021484,0.530983567237854
8649,186,0.0908203125,0.437650203704834,54.27528381347656,0.5393691062927246
8650,186,0.0908203125,0.42265385389328003,53.867103576660156,0.5520122647285461
8651,198,0.0966796875,0.4089104235172272,53.515647888183594,0.5572522878646851
8652,199,0.09716796875,0.411664754152298,53.29473876953125,0.5615617632865906
8653,201,0.09814453125,0.4139835238456726,52.335533142089844,0.5718803405761719
8654,226,0.1103515625,0.4091639220714569,54.26454162597656,0.5411063432693481
8655,231,0.11279296875,0.4347565770149231,55.615478515625,0.5274724960327148
8656,245,0.11962890625,0.4418735206127167,56.70058822631836,0.510693371295929
8657,231,0.11279296875,0.4465641677379608,57.672115325927734,0.4963468611240387
8658,220,0.107421875,0.4334615468978882,58.52703857421875,0.48519134521484375
8659,207,0.10107421875,0.4653654098510742,56.47285842895508,0.513739287853241
8660,198,0.0966796875,0.44320759177207947,58.89261245727539,0.48299846053123474
8661,201,0.09814453125,0.46952831745147705,55.80064392089844,0.5227024555206299
8662,196,0.095703125,0.4683915972709656,55.158695220947266,0.5294438600540161
8663,197,0.09619140625,0.44393619894981384,56.71186065673828,0.5123499631881714
8664,190,0.0927734375,0.46234437823295593,54.39771270751953,0.534063994884491
8665,170,0.0830078125,0.4684833586215973,55.388545989990234,0.5247490406036377
8666,170,0.0830078125,0.44498690962791443,55.404991149902344,0.5228579640388489
8667,170,0.0830078125,0.465874046087265,54.34299087524414,0.5356574058532715
8668,169,0.08251953125,0.4614986479282379,55.22739028930664,0.5241474509239197
8669,165,0.08056640625,0.45130085945129395,54.7556266784668,0.5320754051208496
8670,159,0.07763671875,0.4364977180957794,55.40753936767578,0.5224789381027222
8671,148,0.072265625,0.4214121997356415,58.02106857299805,0.4855287969112396
8672,159,0.07763671875,0.4330328106880188,54.90951919555664,0.5281235575675964
8673,160,0.078125,0.4440704584121704,54.707252502441406,0.5332119464874268
8674,182,0.0888671875,0.40798282623291016,56.524375915527344,0.5118300318717957
8675,175,0.08544921875,0.397925466299057,55.38013458251953,0.5260278582572937
8676,176,0.0859375,0.3869207501411438,55.626197814941406,0.5150797367095947
8677,176,0.0859375,0.39863845705986023,53.11370849609375,0.5577512979507446
8678,186,0.0908203125,0.4126788079738617,55.2704963684082,0.5279322862625122
8679,204,0.099609375,0.4437640905380249,53.412933349609375,0.5483559370040894
8680,104,0.05078125,0.4602653384208679,55.44214630126953,0.5243837833404541
8681,101,0.04931640625,0.4489175081253052,56.16074752807617,0.5124269723892212
8682,96,0.046875,0.4459199607372284,58.65604782104492,0.47828909754753113
8683,77,0.03759765625,0.4374344050884247,54.639305114746094,0.5386384725570679
8684,83,0.04052734375,0.393757700920105,58.052162170410156,0.48907315731048584
8685,76,0.037109375,0.4049820005893707,55.58918380737305,0.528078556060791
8686,73,0.03564453125,0.37162670493125916,56.65131378173828,0.516059935092926
8687,66,0.0322265625,0.39358294010162354,54.95884704589844,0.5309874415397644
8688,67,0.03271484375,0.41183722019195557,54.38404846191406,0.5358021259307861
8689,67,0.03271484375,0.41814911365509033,57.03927230834961,0.5065461993217468
8690,73,0.03564453125,0.41793563961982727,58.211151123046875,0.4771169424057007
8691,86,0.0419921875,0.41610389947891235,56.85581970214844,0.5047726035118103
8692,82,0.0400390625,0.4458063244819641,57.61416244506836,0.48932772874832153
8693,75,0.03662109375,0.4279208183288574,56.32917785644531,0.5157346725463867
8694,76,0.037109375,0.4419161081314087,57.031925201416016,0.5106070041656494
8695,80,0.0390625,0.43853476643562317,56.028663635253906,0.5156218409538269
8696,81,0.03955078125,0.43454769253730774,57.447818756103516,0.4916054606437683
8697,86,0.0419921875,0.435968816280365,55.331790924072266,0.5198290348052979
8698,88,0.04296875,0.41851019859313965,57.07687759399414,0.5030145645141602
8699,83,0.04052734375,0.42053845524787903,54.78980255126953,0.5315594673156738
8700,88,0.04296875,0.42363590002059937,55.825862884521484,0.5201667547225952
8701,95,0.04638671875,0.3863641619682312,57.69170379638672,0.49663206934928894
8702,97,0.04736328125,0.4247369170188904,55.57891845703125,0.5193183422088623
8703,102,0.0498046875,0.41113781929016113,55.84769821166992,0.5150725245475769
8704,102,0.0498046875,0.38635072112083435,56.397315979003906,0.5084631443023682
8705,120,0.05859375,0.4002813696861267,56.15052032470703,0.5135325789451599
8706,121,0.05908203125,0.3858848810195923,55.55701446533203,0.5148630738258362
8707,114,0.0556640625,0.38175907731056213,55.50410461425781,0.5184294581413269
8708,109,0.05322265625,0.3751783072948456,55.64666748046875,0.5228750705718994
8709,131,0.06396484375,0.3962668478488922,56.49749755859375,0.5073215365409851
8710,120,0.05859375,0.4155019223690033,53.896854400634766,0.5495259761810303
8711,116,0.056640625,0.39571306109428406,55.00905990600586,0.5292636156082153
8712,133,0.06494140625,0.3861357569694519,57.55705642700195,0.4920639395713806
8713,138,0.0673828125,0.40125772356987,57.49730682373047,0.49331599473953247
8714,128,0.0625,0.40304598212242126,56.53470230102539,0.5053737163543701
8715,140,0.068359375,0.42050716280937195,56.322574615478516,0.5123882293701172
8716,131,0.06396484375,0.4172506034374237,58.268798828125,0.4829750061035156
8717,116,0.056640625,0.43822604417800903,56.25973892211914,0.5132571458816528
8718,126,0.0615234375,0.42176446318626404,57.38016128540039,0.5027427673339844
8719,134,0.0654296875,0.4130822420120239,56.07059860229492,0.5193076729774475
8720,54,0.0263671875,0.4760616719722748,60.96171951293945,0.4383237361907959
8721,51,0.02490234375,0.5026071667671204,63.678466796875,0.4125109314918518
8722,52,0.025390625,0.4935067296028137,61.01513671875,0.45036396384239197
8723,55,0.02685546875,0.4667597711086273,61.26662826538086,0.440635621547699
8724,62,0.0302734375,0.4546899199485779,62.254005432128906,0.43394625186920166
8725,60,0.029296875,0.46695441007614136,60.61246109008789,0.4556412696838379
8726,53,0.02587890625,0.47566184401512146,60.58656692504883,0.4525317847728729
8727,49,0.02392578125,0.5081852674484253,63.272884368896484,0.4212281405925751
8728,49,0.02392578125,0.4945271611213684,60.36851119995117,0.44494980573654175
8729,49,0.02392578125,0.5027519464492798,60.80104064941406,0.44189682602882385
8730,45,0.02197265625,0.49264803528785706,59.17656707763672,0.4793816804885864
8731,47,0.02294921875,0.4903000593185425,60.20412063598633,0.4585488438606262
8732,50,0.0244140625,0.4536750316619873,59.04427719116211,0.47008517384529114
8733,52,0.025390625,0.4405554533004761,61.692787170410156,0.44528669118881226
8734,46,0.0224609375,0.4506911039352417,62.235931396484375,0.4384320378303528
8735,49,0.02392578125,0.45963504910469055,57.896156311035156,0.49831581115722656
8736,50,0.0244140625,0.4270169734954834,61.355533599853516,0.4557831287384033
8737,52,0.025390625,0.436644971370697,62.78544235229492,0.4363052248954773
8738,48,0.0234375,0.46195870637893677,58.45147705078125,0.49482080340385437
8739,47,0.02294921875,0.46746471524238586,57.711143493652344,0.4909830689430237
8740,45,0.02197265625,0.4451136291027069,59.599815368652344,0.47055506706237793
8741,44,0.021484375,0.4196963310241699,61.01582336425781,0.45063525438308716
8742,43,0.02099609375,0.46601593494415283,61.20919418334961,0.4489137530326843
8743,47,0.02294921875,0.45550084114074707,64.92027282714844,0.4032782316207886
8744,42,0.0205078125,0.46178650856018066,60.15712356567383,0.4596991240978241
8745,41,0.02001953125,0.4621511399745941,59.18162155151367,0.4832347631454468
8746,46,0.0224609375,0.47848740220069885,63.57858657836914,0.42365762591362
8747,47,0.02294921875,0.49223271012306213,62.11678695678711,0.43393245339393616
8748,45,0.02197265625,0.4979967772960663,61.4033317565918,0.4459456503391266
8749,42,0.0205078125,0.5186944007873535,62.18427276611328,0.4428480565547943
8750,40,0.01953125,0.4985024333000183,60.77412796020508,0.45801177620887756
8751,41,0.02001953125,0.5095242261886597,61.7592658996582,0.4311758875846863
8752,37,0.01806640625,0.47080281376838684,65.92066955566406,0.3823724687099457
8753,34,0.0166015625,0.44432491064071655,63.047794342041016,0.42606914043426514
8754,35,0.01708984375,0.4188478887081146,68.1635513305664,0.3610926866531372
8755,31,0.01513671875,0.4071945250034332,66.24703216552734,0.37497684359550476
8756,33,0.01611328125,0.40273919701576233,70.34294891357422,0.3224714696407318
8757,34,0.0166015625,0.4028635323047638,64.61238098144531,0.4119488596916199
8758,36,0.017578125,0.4242442548274994,69.25241088867188,0.34138086438179016
8759,36,0.017578125,0.39582589268684387,67.78386688232422,0.36325356364250183
8760,318,0.1552734375,0.2916128933429718,57.52564239501953,0.5000559091567993
8761,349,0.17041015625,0.29497191309928894,56.653587341308594,0.5093518495559692
8762,365,0.17822265625,0.2883836030960083,56.03238296508789,0.5161809325218201
8763,390,0.1904296875,0.27731242775917053,56.88911437988281,0.5027777552604675
8764,417,0.20361328125,0.29936981201171875,56.70584487915039,0.5067501068115234
8765,341,0.16650390625,0.33605191111564636,57.43090057373047,0.4960421025753021
8766,335,0.16357421875,0.3197243809700012,57.781944274902344,0.4940052926540375
8767,432,0.2109375,0.32481908798217773,56.62953567504883,0.505707323551178
8768,518,0.2529296875,0.29994848370552063,57.549224853515625,0.4966427683830261
8769,466,0.2275390625,0.30260881781578064,57.54221725463867,0.49570199847221375
8770,712,0.34765625,0.21336336433887482,57.4915771484375,0.4954790771007538
8771,820,0.400390625,0.17442843317985535,57.34495544433594,0.4975126087665558
8772,835,0.40771484375,0.15836775302886963,57.726375579833984,0.4951908588409424
8773,427,0.20849609375,0.18066444993019104,58.34449005126953,0.4865420460700989
8774,342,0.1669921875,0.21437416970729828,58.42681884765625,0.4802173674106598
8775,366,0.1787109375,0.19395530223846436,56.95497512817383,0.504396915435791
8776,311,0.15185546875,0.20506881177425385,57.223411560058594,0.5033982992172241
8777,431,0.21044921875,0.1752113699913025,57.60917663574219,0.49661535024642944
8778,675,0.32958984375,0.17452779412269592,57.64101791381836,0.4970935583114624
8779,596,0.291015625,0.18616802990436554,57.69576644897461,0.4978059232234955
8780,484,0.236328125,0.21152395009994507,57.873653411865234,0.49190381169319153
8781,529,0.25830078125,0.2022375762462616,58.58672332763672,0.48325416445732117
8782,547,0.26708984375,0.2136862426996231,58.81201171875,0.480048269033432
8783,534,0.2607421875,0.21509557962417603,58.57817840576172,0.4825552701950073
8784,594,0.2900390625,0.19540059566497803,58.173439025878906,0.48709291219711304
8785,693,0.33837890625,0.15853336453437805,57.91297912597656,0.49361157417297363
8786,925,0.45166015625,0.1408044397830963,58.017112731933594,0.4920942783355713
8787,874,0.4267578125,0.13941910862922668,57.518184661865234,0.49821823835372925
8788,784,0.3828125,0.1420069932937622,57.516685485839844,0.4994766116142273
8789,638,0.3115234375,0.14361555874347687,57.497154235839844,0.49976441264152527
8790,851,0.41552734375,0.1541176438331604,57.7273063659668,0.49817442893981934
8791,512,0.25,0.15618272125720978,58.05569076538086,0.49224406480789185
8792,847,0.41357421875,0.15931802988052368,58.41304397583008,0.48512959480285645
8793,975,0.47607421875,0.18317227065563202,57.9212646484375,0.4924670159816742
8794,354,0.1728515625,0.21250326931476593,56.97759246826172,0.5062525868415833
8795,343,0.16748046875,0.23192964494228363,57.46169662475586,0.497550368309021
8796,934,0.4560546875,0.22645089030265808,57.4308967590332,0.4980391561985016
8797,808,0.39453125,0.2374522089958191,57.235565185546875,0.49869051575660706
8798,898,0.4384765625,0.22636528313159943,57.788875579833984,0.4903412163257599
8799,423,0.20654296875,0.214299276471138,57.6678581237793,0.4929001033306122
